517.841,150.786
510.819,149.342
508.544,149.36
506.255,149.383
367.216,151.716
364.741,151.741
362.247,151.741
359.75,151.734
357.244,151.732
356.003,151.761
353.499,151.759
350.989,151.753
339.247,141.993
336.608,141.825
335.29,141.809
332.819,142.03
322.34,141.866
320.944,141.638
318.289,141.657
315.69,141.614
313.014,141.602
310.368,141.606
307.874,141.815
305.204,141.868
303.89,141.832
301.219,141.814
298.597,141.951
299.916,150.035
298.137,151.758
294.618,150.025
291.499,151.74
288.832,151.746
286.163,151.746
282.862,150.57
280.157,150.555
278.081,151.715
276.12,150.587
274.012,151.701
270.673,150.537
267.928,150.533
265.811,151.638
262.337,150.317
259.574,150.296
258.209,150.323
255.436,150.306
252.615,150.242
249.783,150.141
246.981,150.131
244.222,150.214
241.408,150.209
240.797,151.539
237.966,151.52
235.142,151.506
232.292,151.488
229.449,151.473
226.583,151.466
223.713,151.449
222.279,151.439
219.391,151.424
216.491,151.406
213.593,151.395
210.671,151.381
207.756,151.356
206.284,151.353
203.346,151.336
200.398,151.315
197.435,151.298
193.281,149.5
190.272,149.469
187.269,149.454
185.765,149.432
183.961,151.218
180.95,151.193
177.916,151.175
174.869,151.159
171.811,151.137
170.278,151.126
167.207,151.107
164.122,151.076
161.015,151.054
157.909,151.034
154.78,151.008
151.64,150.986
150.07,150.98
146.73,150.695
140.59,146.723
134.199,146.652
130.963,146.647
127.73,146.631
129.14,150.558
125.898,150.522
122.389,150.175
119.365,150.472
115.673,149.934
112.375,149.888
109.036,149.855
107.371,149.837
104.049,149.807
100.688,149.769
97.3242,149.75
93.9344,149.717
90.5357,149.681
87.1027,149.627
85.4112,149.623
81.962,149.592
78.5135,149.56
75.0475,149.533
71.5635,149.485
68.0568,149.456
66.3023,149.433
62.7789,149.397
59.2131,149.363
55.6603,149.334
52.087,149.297
48.4785,149.253
46.688,149.233
43.0521,149.189
39.413,149.157
35.751,149.122
32.0657,149.073
28.3806,149.032
24.6594,148.999
22.7916,148.974
19.0415,148.933
15.2749,148.896
11.5003,148.85
7.70207,148.81
3.86076,148.759
0.0305558,148.718
-1.90058,148.685
-5.77553,148.655
-9.66608,148.634
-13.5613,148.588
-21.4765,148.497
-25.4485,148.44
-27.4479,148.426
-31.4671,148.369
-35.5066,148.321
-39.5734,148.268
-43.6769,148.207
-47.7877,148.151
-60.5754,139.89
-62.6134,139.874
-66.8747,139.843
-71.1618,139.76
-75.475,139.677
-79.6318,139.708
-83.9875,139.657
-77.2534,147.758
-81.5589,147.709
-85.8932,147.645
-90.2693,147.584
-94.6566,147.523
-99.0592,147.471
-103.504,147.413
-109.706,143.9
-114.217,143.829
-118.694,143.852
-123.233,143.771
-127.838,143.708
-132.351,143.767
-137.056,143.645
-139.399,143.593
-144.115,143.518
-144.816,146.832
-149.538,146.767
-154.322,146.697
-159.125,146.618
-161.549,146.593
-166.394,146.527
-171.29,146.45
-176.192,146.381
-181.163,146.292
-186.145,146.229
-191.169,146.141
-193.679,146.121
-198.742,146.064
-203.527,146.234
-208.736,146.099
-213.997,145.974
-218.718,146.272
-223.941,146.225
-266.893,141.978
-272.534,141.887
-278.348,141.704
-284.117,141.554
-289.872,141.467
-295.589,141.407
-301.27,141.437
-304.349,141.279
-310.287,141.157
-315.777,141.402
-321.884,141.241
-327.797,141.228
-333.984,141.085
-340.213,140.939
-343.421,140.774
-349.494,140.815
-355.861,140.648
-362.225,140.499
-368.586,140.431
-374.578,140.613
-378.173,140.339
-384.779,140.161
-391.434,140.02
-404.898,139.728
-411.495,139.718
-419.098,139.127
-422.095,139.327
-428.246,139.678
-435.17,139.602
-442.199,139.505
-449.337,139.348
-456.549,139.198
-463.793,139.054
-467.99,138.687
-475.392,138.524
-484.112,137.605
-491.644,137.459
-517.711,133.106
-525.571,132.922
-533.546,132.737
-541.634,132.546
-549.791,132.345
-558.012,132.129
-566.305,131.907
-570.426,131.851
-578.876,131.648
-585.959,132.235
-595.861,131.301
-604.81,130.955
-629.055,127.106
-633.481,126.983
-642.518,126.799
-651.9,126.469
-661.598,126.122
-670.995,125.881
-680.439,125.618
-690.181,125.32
-694.955,125.283
-704.816,124.983
-691.284,136.317
-710.697,131.359
-720.489,131.239
-730.166,131.21
-740.362,130.993
-743.082,132.025
-755.16,130.97
-762.035,132.455
-767.061,134.825
-786.623,130.455
-815.112,126.884
-820.53,126.881
-825.453,129.533
-837.523,128.985
-849.446,128.465
-862.084,127.828
-873.814,127.593
-883.68,128.218
-892.811,126.764
-903.55,127.14
-916.237,126.742
-928.543,126.563
-941.764,126.062
-951.553,127.022
-964.087,124.401
-990.808,123.72
-1004.19,123.467
-1018.14,123.052
-1032.14,122.724
-1041.06,124.504
-1048.07,124.416
-1061.51,124.484
-1096.16,121.763
-1112.14,121.094
-1126.93,120.975
-1143.21,120.354
-1150.98,120.164
-1201.75,112.546
-1219.21,111.849
-1236.06,111.504
-1254.76,110.548
-1272.49,110.029
-1281.2,109.885
-1299.42,109.299
-1317.85,108.88
-1336.64,108.266
-1355.86,107.682
-1375.51,107.064
-1395.24,106.526
-1405.06,106.361
-1402.93,113.248
-1445.49,105.341
-1466.83,104.661
-1488.46,104.037
-1510.63,103.336
-1520.93,103.214
-1543.48,102.539
-1566.51,101.809
-1589.85,101.217
-1612.47,100.936
-1637.04,100.118
-1607.15,115.941
-1669.43,100.536
-1694.48,99.905
-1721.04,99.0574
-1747.92,98.1297
-1775.72,97.1743
-1803.19,96.3664
-1830.97,95.681
-1845.14,95.314
-1874.4,94.4872
-1903.92,93.6697
-1932.91,93.2296
-1996.59,91.1757
-1999.64,98.1533
-2015.93,97.6638
-2037.21,99.8002
-2071.11,98.8647
-2098.09,99.9107
-2159.35,92.4682
-2195.55,91.5341
-2229.38,91.4117
-2251.95,90.0206
-2291.12,88.9158
-2351.55,82.9544
-2404.82,87.7011
-2399.2,97.7281
-2523.98,78.0491
-2581.65,78.7598
-2631.28,77.0445
-2681.7,75.4636
-2745.73,71.2487
-2790.28,71.3784
-2826.27,68.7577
-2881.64,67.0936
-2938.55,65.4601
-2988.62,65.5384
-3033.17,66.9244
-3100.44,64.1111
-3192.54,56.8884
-3260.11,54.8772
-3234.71,65.1749
-3342.87,55.847
-3440.09,49.426
-3517.16,46.9451
-3592.29,45.2965
-3657.12,45.7569
-3694.64,45.2163
-3780.68,42.8194
7903.19,-191.738
7285.07,-163.666
7098.99,-155.006
5691.69,-91.0811
5582.45,-86.0414
5477.42,-81.2165
5373.38,-75.9351
5324.5,-73.6875
5225.56,-68.4959
5129.95,-63.5539
5037.98,-58.6592
4950.57,-54.2366
4843.67,-45.8267
4762.62,-41.6235
4723.5,-39.6529
4613.17,-39.4458
4529.16,-33.4739
4425.54,-23.244
4270.47,-16.2475
4209.18,-13.0479
4090.29,-15.4275
3983.02,-1.50875
3854.36,5.24263
3756.75,10.5371
3710.85,12.8786
3625.46,5.10241
3581.48,7.65006
3481.91,24.0233
3443.38,25.9984
3424.27,26.9736
3386.98,28.8813
3354.38,29.8134
3318.99,31.5709
3281.44,34.1009
3247.73,35.7972
3221.15,35.7848
3205.47,36.4506
3173.33,38.0787
3142.06,39.6775
3111.46,41.2611
3080.39,29.9155
3066.31,30.5866
2973.75,50.1567
2882.88,51.3246
2788.39,58.3719
2736.56,62.4745
2716.19,62.9688
2705.22,63.4834
2682.86,64.7995
2641.24,66.6994
2624.57,66.486
2604.18,67.4827
2582.49,69.1045
2572.63,69.5908
2553.4,70.5079
2534.48,71.449
2516.09,72.293
2498.01,73.092
2480.21,73.9006
2462.77,74.6601
2454.24,74.9899
2437.11,75.782
2420.35,76.5122
2403.66,77.3026
2387.05,78.1365
2370.76,78.9535
2359.1,80.6762
2327.25,82.3837
2309.46,84.0419
2294.35,84.7742
2279.46,85.4884
2264.8,86.2122
2196.78,86.4071
2183.24,87.126
2170.02,90.0973
2157.09,90.6727
2144.22,91.2753
2131.5,91.8739
2102.03,94.9892
2095.91,95.2972
2083.85,95.8603
2036,98.5256
2024.75,99.0349
2019.16,99.2867
2003.91,97.2895
1993.16,97.7382
1989.71,90.4908
1950.2,102.173
1939.93,102.682
1929.77,103.163
1823.37,105.052
1752.17,107.961
1661.1,111.789
1592.13,118.727
1585.62,118.977
1579.15,119.245
1572.73,119.502
1566.39,119.752
1568.3,112.875
1550.76,120.356
1544.57,120.619
1538.45,120.857
1532.4,121.1
1526.37,121.345
1520.4,121.585
1517.44,121.686
1511.55,121.925
1505.69,122.166
1500.65,118.191
1488.45,122.815
1485.63,122.92
1479.97,123.155
1474.35,123.364
1468.8,123.59
1463.27,123.808
1452.53,124.111
1449.68,124.327
1444.3,124.538
1439,124.724
1433.7,124.921
1428.42,125.133
1423.19,125.342
1418.01,125.549
1415.44,125.636
1410.3,125.837
1405.22,126.036
1400.16,126.225
1395.1,126.446
1390.08,126.659
1385.11,126.869
1382.62,126.984
1377.69,127.207
1372.79,127.414
1367.92,127.624
1363.09,127.821
1358.29,128.025
1355.9,128.136
1352.01,127.653
1347.49,127.675
1342.89,127.791
1338.21,124.375
1328.96,128.409
1326.66,128.51
1322.17,128.654
1316.51,129.812
1312.01,129.996
1307.55,130.182
1304.11,129.506
1298.68,130.557
1293.22,129.874
1288.87,130.042
1284.56,130.205
1280.34,130.335
1275.96,130.599
1273.99,130.558
1269.76,130.728
1265.56,130.899
1261.35,131.082
1257.66,130.832
1253.54,130.976
1249.42,131.158
1247.34,131.27
1243.27,131.416
1239.31,131.518
1235.3,131.651
1235.2,128.066
1227.33,131.937
1223.4,132.08
1217.49,132.318
1213.42,132.619
1209.55,132.757
1205.81,132.776
1202,132.89
1200.07,132.991
1196.3,133.088
1155.78,134.475
1152.21,134.589
1148.66,134.687
1145.12,134.806
1141.58,134.945
1142.59,126.149
1140.87,126.165
1137.32,126.283
1133.83,126.415
1130.22,126.657
1135.61,116.468
1132,116.691
1128.37,116.903
1126.54,117.155
1122.91,117.412
1119.33,117.732
1115.74,117.922
1112.12,118.259
1108.64,118.505
1104.78,119.245
1088.5,137.271
1085.21,137.407
1079.39,136.742
1075.61,137.543
1072.36,137.716
1070.77,137.759
1063.77,138.75
1057.5,138.884
1054.36,138.983
1051.24,139.076
1049.69,139.125
1046.58,139.226
1043.47,139.322
1041.4,138.044
1038.31,138.145
1035.25,138.246
1032.19,138.33
1029.69,139.741
1027.51,138.615
1024.49,138.718
1020.64,140.012
1018.59,138.735
1015.6,138.828
1014.11,138.855
1011.13,138.948
1008.08,139.154
1005.14,139.226
1002.22,139.286
999.275,139.379
996.353,139.447
994.919,139.469
992.021,139.542
989.078,139.682
986.157,139.82
983.306,139.843
980.459,139.904
977.643,139.926
976.21,139.965
973.346,140.064
970.507,140.163
967.656,140.268
964.825,140.365
962.006,140.472
960.595,140.499
957.808,140.574
955.023,140.629
952.244,140.727
949.441,140.861
946.603,141.05
943.859,141.13
942.469,141.184
939.73,141.262
936.989,141.346
934.25,141.437
931.539,141.509
928.811,141.611
926,141.872
924.669,141.893
922.013,141.91
919.272,142.108
913.235,143.58
910.577,143.666
907.747,144.096
906.425,144.132
903.781,144.208
902.122,142.352
898.548,144.317
895.964,139.006
894.652,139.118
884.975,143.16
877.258,143.332
875.967,143.388
867.022,134.979
865.734,134.989
863.247,134.945
860.595,135.169
854.164,144.446
851.606,144.628
849.143,144.586
846.758,144.385
843.012,144.469
838.511,143.391
836.03,143.465
833.539,143.567
831.074,143.62
829.267,145.122
826.846,145.093
824.394,145.122
821.943,145.214
819.395,145.55
817.07,145.301
814.502,145.713
813.293,145.752
810.995,145.447
808.568,145.489
806.05,145.833
803.641,145.872
801.227,145.926
798.865,145.857
797.665,145.891
795.223,146.087
792.831,146.137
790.399,146.316
788.017,146.339
784.432,146.451
782.063,146.479
775.244,145.652
772.883,145.704
770.512,145.766
769.337,145.783
764.169,147.538
759.501,147.594
757.161,147.655
749.003,147.818
746.679,147.86
744.358,147.908
742.041,147.949
712.259,147.948
711.117,147.965
696.23,148.751
517.681,155.327
511.498,153.883
509.229,153.902
365.857,156.498
363.366,156.505
360.863,156.493
358.365,156.497
324.194,146.854
321.549,146.795
318.938,146.774
317.636,146.815
315.081,146.945
312.414,146.821
307.109,146.876
304.537,147.001
303.1,146.864
303.412,154.949
300.768,154.957
295.48,154.96
290.049,156.679
287.372,156.678
283.849,155.522
282,156.678
279.305,156.678
275.778,155.559
271.659,155.526
266.192,155.511
263.301,155.314
260.535,155.322
257.755,155.299
256.382,155.287
253.603,155.284
251.886,156.646
249.103,156.644
246.297,156.638
243.508,156.645
242.094,156.64
239.284,156.634
236.451,156.627
233.617,156.622
230.763,156.62
227.906,156.619
225.038,156.605
223.592,156.595
220.722,156.587
217.826,156.591
214.942,156.583
212.025,156.578
209.113,156.575
207.643,156.574
204.701,156.565
201.761,156.549
198.806,156.546
194.241,154.731
191.242,154.721
188.241,154.707
186.751,154.706
185.363,156.509
182.351,156.488
179.314,156.478
176.282,156.478
173.228,156.467
170.155,156.451
168.583,156.394
165.532,156.425
162.446,156.414
156.238,156.404
153.105,156.387
149.959,156.38
148.383,156.368
141.134,152.157
137.935,152.135
134.679,152.069
131.544,155.394
128.319,155.39
126.688,155.378
123.432,155.352
121.082,156.236
116.976,155.42
113.667,155.39
110.351,155.361
108.69,155.344
105.349,155.34
101.997,155.315
98.6499,155.303
95.2762,155.275
91.8636,155.25
90.1545,155.23
86.7523,155.226
83.3235,155.215
79.874,155.189
76.4136,155.171
72.9339,155.139
69.4357,155.122
67.6814,155.117
64.1519,155.082
60.6234,155.066
57.0725,155.044
53.4947,155.023
49.9023,154.995
46.2942,154.977
44.4818,154.965
40.8457,154.932
37.1968,154.911
33.531,154.892
29.8439,154.865
26.1257,154.834
22.3934,154.8
20.5322,154.797
16.7658,154.773
12.9883,154.731
9.19864,154.703
5.37515,154.68
1.54844,154.656
-2.31356,154.625
-4.23976,154.615
-8.10841,154.607
-19.9006,154.524
-29.8798,154.445
-42.0294,154.344
-56.5701,146.345
-60.7637,146.273
-71.5424,146.067
-75.5995,146.127
-80.0849,145.972
-73.4219,154.045
-77.69,154.01
-79.8624,153.992
-84.1737,153.953
-88.5353,153.907
-92.9049,153.88
-97.3145,153.837
-101.731,153.797
-108.635,150.478
-113.29,150.316
-117.746,150.333
-122.296,150.282
-126.783,150.303
-131.413,150.239
-136.078,150.195
-133.553,153.492
-138.223,153.45
-142.934,153.408
-147.654,153.364
-152.424,153.315
-157.191,153.273
-162.032,153.224
-164.457,153.191
-169.325,153.147
-174.232,153.096
-179.164,153.055
-184.145,153.003
-189.145,152.941
-194.189,152.906
-196.677,152.904
-206.406,149.916
-206.915,152.797
-212.083,152.752
-217.303,152.689
-222.539,152.636
-267.765,149.441
-270.618,149.413
-276.466,149.232
-282.089,149.193
-287.716,149.19
-294.353,148.632
-300.182,148.565
-303.159,148.493
-308.325,148.862
-325.976,148.815
-332.108,148.734
-338.239,148.646
-340.888,148.846
-347.798,148.407
-353.553,148.616
-359.746,148.602
-366.629,148.232
-372.522,148.471
-379.623,148.038
-382.951,148.002
-389.515,147.904
-396.259,147.758
-402.33,147.993
-408.738,148.098
-415.956,147.79
-420.794,147.029
-427.762,146.902
-433.856,147.29
-440.076,147.584
-447.251,147.469
-454.519,147.315
-462.061,147.044
-465.779,146.959
-473.095,146.888
-480.772,146.642
-487.57,146.894
-497.345,145.692
-503.452,146.34
-510.808,146.399
-527.34,143.967
-540.817,141.218
-548.943,141.125
-551.461,143.588
-559.18,143.697
-573.817,140.639
-578.111,140.565
-586.483,140.429
-595.148,140.242
-603.805,140.123
-620.638,136.402
-629.61,136.161
-638.696,136.021
-643.339,135.866
-642.804,139.927
-651.866,139.76
-644.994,146.55
-654.497,146.266
-663.908,146.101
-673.289,145.961
-684.511,143.218
-694.192,143.08
-709.149,140.783
-719.139,140.573
-729.211,140.385
-739.443,140.201
-743.265,142.651
-748.377,142.548
-763.3,140.622
-773.947,140.408
-773.66,144.541
-791.072,141.766
-805.632,140.202
-812.113,139.732
-825.61,138.676
-836.874,138.486
-850.146,137.659
-860.978,137.758
-873.57,137.264
-885.908,136.923
-892.12,136.794
-904.302,136.563
-917.213,136.194
-929.915,135.943
-942.766,135.661
-955.81,135.36
-969.051,135.075
-975.785,134.923
-983.778,136.56
-1001.78,134.75
-1015.73,134.46
-1029.72,134.165
-1043.58,134.009
-1051.07,136.028
-1065.15,133.639
-1080.1,133.272
-1112.34,127.327
-1128.1,126.908
-1143.58,126.573
-1159.61,126.24
-1176.19,125.813
-1184.49,125.533
-1202.8,124.702
-1219.9,124.192
-1237.17,123.793
-1254.61,123.346
-1245.09,131.244
-1281.67,122.693
-1299.92,122.261
-1318.29,121.858
-1337.15,121.49
-1375.47,120.678
-1395.19,120.255
-1405.38,119.969
-1400.47,126.582
-1418.85,126.709
-1467.33,118.625
-1488.98,118.101
-1510.46,117.684
-1532.72,117.107
-1544.22,116.842
-1566.68,116.41
-1590.11,115.874
-1614.33,115.21
-1638.42,114.711
-1663.73,114.067
-1681.15,115.466
-1693.97,115.178
-1720.82,114.32
-1747.57,113.657
-1774,113.236
-1800.57,112.816
-1829.37,112.07
-1858.58,111.343
-1872.68,111.097
-1902.69,110.385
-1932.98,109.715
-1964.13,109.07
-1996.53,108.128
-2028.52,107.54
-2042.63,114.33
-2076.1,113.764
-2105.98,113.967
-2141.59,113.207
-2184.87,110.981
-2222.58,110.098
-2238.78,110.226
-2276.48,109.638
-2324.9,107.074
-2366.52,105.969
-2393.25,108.042
-2461.88,102.201
-2490.14,104.322
-2566.63,97.4405
-2547.51,104.981
-2619.22,99.4038
-2692.09,93.9992
-2743.75,92.6982
-2795.22,91.6813
-2819.71,95.6923
-2869.66,91.2401
-2963.08,92.2543
-3044.86,87.1441
-3103.86,86.3358
-3174.57,83.8863
-3207.03,87.7899
-3266.59,83.0125
-3311.89,85.2215
-3512.06,73.7042
-3586.43,72.4426
-4020.35,68.8078
-4120.25,66.4654
-4224.19,63.9977
7172.46,-116.765
5961.75,-68.9593
5840.07,-64.0288
5723.2,-59.3686
5612.15,-54.8873
5504.76,-50.6306
5402.71,-46.5996
5353.32,-44.5721
5252.71,-39.953
5155.9,-35.4863
5063.15,-31.2895
4974.39,-27.2073
4870.46,-19.7985
4788.83,-16.0632
4748.66,-14.2378
4671.48,-10.6845
4631.6,-14.4569
4548.82,-9.08289
4475.95,-5.29924
4355.3,3.5605
4291.31,6.50458
4229.63,9.255
4169.79,11.961
4100.36,6.84401
3870.63,25.6734
3818.15,28.6987
3772.38,30.3822
3725.9,32.4957
3629.21,24.7106
3586.79,26.7879
3494.72,42.3189
3455.76,44.0726
3417.67,45.7744
3399.06,46.6355
3365.68,47.3817
3329.85,48.9909
3292.49,51.2233
3230.74,52.5921
3214.83,53.219
3182.62,54.6844
3151.03,56.0965
3120.28,57.5014
3080.3,46.4132
2983.01,65.4999
2889.42,66.2724
2839.93,71.9086
2795.67,72.7243
2723.61,76.8329
2701.63,77.7685
2690.19,78.4673
2651.59,78.9383
2630.94,79.7821
2610.55,80.7308
2590.42,81.6391
2578.94,82.6462
2559.66,83.4794
2540.5,84.352
2522,85.0106
2503.84,85.7153
2485.91,86.4047
2468.26,87.1099
2459.62,87.3917
2442.47,88.0708
2425.59,88.7209
2408.71,89.4182
2392.09,90.1451
2375.75,90.8944
2356.56,92.8565
2348.67,93.2049
2332.99,93.8614
2317.5,94.5616
2302.21,95.22
2285.01,96.8389
2270.23,97.4945
2249.22,98.1153
2230.66,100.664
2200.18,97.4574
2186.8,97.9906
2174.64,100.856
2161.64,101.353
2148.71,101.871
2135.93,102.437
2107.07,105.316
2100.9,105.605
2088.79,106.082
2075.66,107.15
2063.89,107.642
2040.89,108.478
2029.59,108.932
2023.95,109.168
2007.48,107.114
1996.6,107.535
2001.06,99.9365
1990.13,100.424
1964.56,108.891
1959.3,109.118
1825.96,113.96
1754.44,116.477
1720.25,116.877
1662.99,119.825
1642.8,124.504
1595.04,126.356
1588.51,126.573
1582.01,126.812
1575.58,127.042
1569.18,127.264
1568.95,120.508
1553.48,127.791
1547.3,128.011
1541.12,128.234
1535.03,128.445
1528.99,128.652
1522.99,128.861
1520.04,128.95
1514.1,129.155
1508.21,129.366
1501.88,125.429
1490.89,129.95
1485.2,130.147
1482.37,130.228
1476.75,130.418
1465.62,130.814
1449.25,131.359
1446.74,131.287
1441.29,131.567
1435.97,131.746
1430.63,131.985
1425.38,132.164
1420.17,132.334
1417.58,132.425
1412.45,132.587
1407.33,132.766
1402.25,132.935
1411.92,119.366
1406.84,119.545
1401.77,119.714
1399.14,119.868
1394.03,120.157
1374.84,133.995
1369.95,134.184
1365.11,134.371
1360.31,134.543
1355.53,134.727
1353.15,134.822
1349.25,134.165
1344.55,134.332
1338.96,130.896
1330.43,135.058
1328.16,135.145
1323.83,135.051
1318.43,136.139
1313.92,136.302
1309.46,136.465
1306.24,135.312
1300.59,136.804
1299.1,136.107
1294,137.06
1290.39,136.402
1286.23,136.392
1281.99,136.469
1277.72,136.631
1273.36,136.904
1271.26,136.96
1267.42,136.694
1263.27,136.807
1259.1,136.936
1254.91,137.151
1250.69,137.418
1248.37,137.819
1244.75,137.397
1240.72,137.536
1236.7,137.64
1235.71,134.128
1234.35,131.038
1224.73,138.072
1222.74,138.141
1218.82,138.274
1214.92,138.398
1211.04,138.52
1207.24,138.565
1203.4,138.672
1201.49,138.751
1197.51,139.077
1193.72,139.208
1155.24,140.18
1153.45,140.212
1149.88,140.335
1141.74,131.917
1138.22,132.026
1136.48,132.1
1132.87,132.261
1136.03,122.254
1132.43,122.548
1128.71,122.918
1125.17,123.176
1123.3,123.388
1119.75,123.597
1116.16,123.88
1112.61,124.195
1108.91,124.769
1105.69,124.552
1091.37,142.624
1080.4,142.165
1073.05,143.895
1069.85,143.972
1068.26,144.012
1065.08,144.089
1058.78,144.207
1055.63,144.29
1052.5,144.382
1050.94,144.42
1047.83,144.503
1044.73,144.594
1041.63,144.676
1038.56,144.767
1035.5,144.847
1032.44,144.934
1030.93,144.964
1027.88,145.044
1024.86,145.127
1021.85,145.209
1018.85,145.297
1015.84,145.368
1013.44,144.283
1011.95,144.343
1008.98,144.414
1005.99,144.51
1003.08,144.496
1000.2,144.495
997.226,144.663
995.791,144.662
992.869,144.714
989.933,144.877
987.076,144.859
984.21,144.9
981.344,144.98
978.445,145.084
977.038,145.093
974.197,145.169
971.343,145.23
968.503,145.318
965.685,145.388
962.866,145.475
960.057,145.558
958.656,145.599
955.869,145.68
953.063,145.793
950.267,145.879
947.512,145.95
944.757,146.01
941.954,146.207
940.587,146.248
937.825,146.352
935.096,146.417
932.37,146.536
929.659,146.592
926.947,146.682
925.58,146.728
922.842,146.962
920.16,147.001
917.465,147.094
914.885,146.908
911.709,148.557
908.94,148.974
908.23,147.075
905.579,147.159
902.352,149.139
896.115,143.924
894.769,144.039
890.6,149.438
885.854,148.001
878.13,148.156
868.784,139.832
866.184,139.905
863.616,139.981
862.357,140.031
857.638,149.103
855.114,149.168
852.604,149.239
850.091,149.303
847.638,149.133
845.094,149.408
843.899,149.187
841.332,149.609
839.16,148.186
836.381,149.684
833.899,149.762
831.443,149.794
828.981,149.866
827.762,149.81
825.307,149.826
822.858,149.914
820.414,149.921
817.918,150.298
815.504,150.261
814.257,150.443
811.826,150.519
809.422,150.41
807.007,150.446
804.591,150.518
802.176,150.622
799.76,150.658
798.564,150.71
796.183,150.591
793.774,150.777
791.36,150.968
788.967,150.991
786.59,151.038
785.4,151.063
783.017,151.146
778.215,151.725
775.846,151.765
773.491,151.814
771.128,151.855
769.95,151.89
767.602,151.954
765.255,151.977
763.023,150.541
760.562,152.072
758.213,152.227
750.051,152.411
747.728,152.435
745.403,152.503
713.177,152.492
712.043,152.517
697.237,153.285
518.304,158.695
510.142,157.277
364.011,160.028
361.513,160.023
359.02,160.033
324.198,150.476
321.572,150.439
318.946,150.407
317.631,150.43
315.101,150.599
304.427,158.598
301.792,158.583
296.495,158.611
291.461,159.178
288.786,159.197
288.041,160.339
285.364,160.339
282.069,159.205
279.383,159.226
277.281,160.354
273.973,159.245
272.59,159.229
269.864,159.23
264.393,159.262
256.765,160.386
254.578,159.02
251.795,159.02
249.011,159.017
247.011,160.382
243.39,159.009
241.401,160.396
231.485,160.402
225.766,160.403
222.89,160.394
221.451,160.392
218.567,160.392
215.671,160.395
212.769,160.404
209.855,160.396
206.918,160.397
203.98,160.401
202.51,160.391
199.563,160.395
195.385,158.603
192.383,158.586
189.395,158.58
186.389,158.578
184.624,160.384
183.113,160.384
180.087,160.382
177.053,160.376
174.008,160.374
170.941,160.373
167.862,160.353
163.232,160.346
160.132,160.342
157.022,160.354
153.904,160.354
150.764,160.35
147.615,160.346
146.022,160.335
139.654,156.148
136.454,156.153
133.248,156.134
130.039,156.137
129.335,159.418
127.726,159.416
124.469,159.396
121.256,159.461
118.199,159.742
114.695,159.466
111.399,159.444
108.057,159.426
106.388,159.429
103.051,159.411
99.6965,159.397
96.3282,159.391
92.9388,159.38
89.527,159.374
86.1067,159.368
84.3857,159.363
80.9533,159.34
77.4918,159.33
74.007,159.321
70.5181,159.314
67.0098,159.304
63.4956,159.29
61.7216,159.279
58.1797,159.266
54.6119,159.256
51.0264,159.248
47.4229,159.224
43.7992,159.207
40.1523,159.202
38.3263,159.198
34.662,159.176
30.9749,159.166
27.2839,159.143
23.5629,159.132
19.8043,159.119
17.9447,159.115
14.1639,159.089
10.3684,159.081
6.55407,159.066
2.72805,159.048
-1.11679,159.02
-4.99127,159.01
-6.91538,159.019
-10.7994,159.015
-18.68,158.973
-22.6459,158.962
-30.6568,158.927
-36.2289,159.347
-40.7788,158.867
-44.8793,158.84
-61.6429,150.904
-63.8262,150.829
-68.119,150.74
-72.4165,150.701
-76.6152,150.772
-80.9701,150.72
-76.3919,158.656
-80.6901,158.628
-82.8508,158.61
-87.1824,158.601
-91.5633,158.567
-95.9666,158.545
-100.397,158.514
-104.834,158.488
-113.187,155.159
-115.509,155.073
-120.04,155.07
-124.575,155.077
-129.168,155.072
-132.914,155.784
-137.609,155.715
-142.343,155.663
-144.739,155.613
-149.492,155.575
-154.316,155.5
-159.152,155.421
-164.036,155.362
-168.937,155.32
-173.911,155.233
-176.406,155.192
-181.39,155.144
-186.421,155.074
-191.481,155.003
-196.584,154.928
-201.748,154.853
-206.901,154.774
-209.491,154.746
-214.758,154.689
-220.014,154.62
-225.237,154.601
-230.557,154.58
-235.871,154.554
-238.508,154.541
-243.894,154.51
-249.313,154.494
-254.781,154.467
-260.281,154.44
-265.828,154.429
-271.444,154.381
-274.223,154.381
-279.89,154.368
-285.565,154.32
-291.313,154.305
-297.103,154.278
-302.938,154.23
-308.812,154.202
-311.757,154.219
-317.712,154.196
-324.196,157.797
-335.637,154.222
-341.754,154.194
-344.935,154.135
-351.18,154.088
-357.495,154.038
-363.767,154.01
-370.041,154.056
-377.293,153.516
-383.893,153.431
-387.138,153.399
-393.823,153.331
-400.093,153.518
-407.307,153.168
-413.051,153.757
-419.903,153.686
-426.893,153.561
-431.694,152.744
-438.029,153.079
-445.099,153.006
-451.609,153.325
-459.478,152.866
-466.853,152.735
-474.161,152.709
-477.02,153.142
-484.652,152.995
-492.628,152.676
-500.339,152.517
-507.498,152.734
-519.569,150.284
-527.184,150.337
-531.462,150.104
-539.447,150.017
-547.552,149.895
-555.004,150.192
-564.029,149.697
-575.724,147.802
-584.303,147.624
-588.619,147.56
-597.301,147.374
-606.113,147.233
-615.017,147.067
-631.84,142.853
-632.991,146.763
-650.161,142.531
-646.575,146.586
-649.841,149.457
-657.377,150.214
-666.57,150.195
-676.018,150.084
-685.661,149.949
-690.452,149.911
-699.679,150.042
-713.244,148.123
-723.388,147.92
-733.311,147.87
-743.543,147.738
-744.183,152.122
-749.356,152.076
-759.778,151.982
-778.808,148.017
-790.286,147.568
-803.76,146.264
-814.823,146.142
-826.012,146.019
-831.729,145.908
-842.378,146.088
-855.23,145.413
-861.481,147.666
-878.723,145.161
-877.274,150.731
-901.84,145.357
-908.085,145.243
-920.749,145.018
-931.514,145.574
-946.574,144.494
-956.421,145.575
-969.585,145.393
-982.284,145.482
-995.327,142.904
-1008.72,142.778
-1018.22,144.303
-1036.74,142.395
-1044.07,144.861
-1065.49,141.941
-1072.79,141.884
-1087.71,141.658
-1117.27,136.007
-1132.98,135.636
-1148.56,135.436
-1164.7,135.086
-1181.26,134.738
-1191.33,133.952
-1207.76,133.751
-1224.93,133.287
-1242.45,132.903
-1259.95,132.614
-1277.68,132.321
-1295.88,131.966
-1305.13,131.795
-1323.59,131.482
-1342.92,131.046
-1362.36,130.613
-1381.62,130.381
-1401.96,129.871
-1422.39,129.477
-1432.5,129.326
-1453.45,128.798
-1446.21,137.455
-1495.32,128.357
-1517.12,128.043
-1539.92,127.559
-1562.53,127.224
-1574.24,126.93
-1595.4,127.149
-1620.7,126.335
-1646.46,125.516
-1664.04,127.256
-1716.51,125.94
-1756.93,125.048
-1784.2,124.541
-1812.24,123.965
-1840.44,123.482
-1868.89,123.13
-1883.51,122.898
-1913.85,122.375
-1903.85,132.347
-1934.23,131.916
-1964.66,131.597
-1972.7,137.122
-2004.67,136.718
-2062.34,130.28
-2093.58,126.55
-2128.69,125.961
-2164.18,125.391
-2202.86,124.305
-2240.92,123.643
-2290.42,120.473
-2310.53,120.048
-2351.82,119.246
-2393.74,118.395
-2414.75,122.466
-2539.27,113.219
-2605.07,112.927
-2654.8,111.811
-2711.35,109.594
-2757.74,109.718
-2814.86,107.982
-2870.49,106.82
-2928.6,105.62
-2924.29,111.357
-2970.47,112.676
-3075.19,103.455
-3138.45,102.281
-3191.64,103.188
-3354.53,96.2929
-3392.71,95.1422
-3465.48,93.9863
7035.31,-80.4786
5877.68,-40.2943
5760.69,-36.1805
5648.27,-32.2003
5541.08,-28.4133
5437.5,-24.6903
5338.74,-21.2556
5289.28,-19.2764
5190.89,-15.2898
5097.15,-11.3199
5006.41,-7.58948
4919.57,-4.02487
4815.38,2.86922
4735.57,6.16202
4696.7,7.75695
4662.58,3.55451
4575.93,8.77634
4504.94,11.7407
4433.98,14.9836
4365.99,18.0196
4280.59,24.5867
4249.82,25.8316
4189.21,28.3302
4127.37,22.4983
4018.67,35.1923
3837.77,42.6861
3789.65,44.6133
3742.65,46.5192
3697.18,48.3367
3652.98,50.1103
3609.43,40.4483
3507.57,55.8782
3468.34,57.403
3430.1,58.9768
3392.71,60.4648
3378.11,60.3553
3339.29,62.4149
3302.37,64.2632
3271.94,64.6745
3242.32,65.0263
3210.11,66.2194
3178.34,67.4502
3162.3,68.1213
3131.31,69.3943
3100.9,70.5674
3100.6,57.494
3070.06,59.0443
2977.92,77.3927
2874.4,78.0944
2823.38,83.5806
2803.74,83.2683
2776.12,85.3665
2753.24,86.2434
2675.52,89.4044
2654.93,90.0851
2634.42,90.8017
2617.36,90.5448
2597.19,91.3457
2546.88,93.7891
2528.12,94.5068
2509.88,95.1268
2491.89,95.7219
2474.16,96.3513
2456.74,96.9477
2448.4,97.2034
2431.37,97.7849
2414.61,98.3394
2397.98,98.9779
2381.47,99.6565
2376.03,96.4939
2359.86,97.1578
2337.89,102.491
2322.28,103.106
2307.04,103.708
2289.21,105.288
2274.46,105.851
2253.42,106.404
2239.09,106.964
2192.15,105.935
2165.59,109.324
2152.73,109.754
2139.86,110.233
2097.9,113.488
2085.8,113.959
2043.53,115.949
2032.22,116.34
2020.98,116.762
2011.18,114.422
1996.96,107.544
1986.1,107.961
1957.61,116.416
1888.76,118.582
1879.23,118.926
1820.5,120.79
1804.32,124.807
1778.76,125.718
1766.5,126.066
1758.32,126.334
1749.48,123.06
1741.83,123.149
1733.91,123.412
1729.9,123.581
1723.67,123.006
1715.91,123.302
1666.04,125.709
1658.83,125.955
1607.14,131.354
1600.46,131.581
1593.83,131.812
1590.51,131.938
1577.02,132.669
1570.63,132.871
1569.45,126.139
1563.12,126.362
1553.88,130.294
1547.68,130.491
1524.4,134.3
1518.44,134.476
1512.53,134.673
1509.61,134.744
1503.78,134.934
1498.85,130.898
1486.58,135.446
1480.91,135.618
1473.11,135.473
1426.7,137.247
1422.63,136.571
1404.67,137.124
1411.88,124.534
1406.83,124.59
1401.71,124.798
1399.17,124.924
1394.06,125.108
1388.97,125.342
1367.64,138.233
1362.84,138.362
1358.08,138.511
1353.33,138.658
1351.02,138.7
1346.33,138.842
1341.43,135.587
1336.76,135.747
1327.87,139.391
1321.11,139.559
1316.6,139.706
1311.33,136.92
1306.89,137.067
1302.47,137.19
1300.3,137.237
1295.94,137.355
1291.59,137.498
1287.26,137.606
1282.97,137.742
1278.72,137.87
1274.45,138.004
1272.39,138.045
1268.14,138.186
1255.62,138.599
1251.48,138.741
1249.39,138.848
1245.27,138.992
1237.94,138.567
1237.39,135.421
1233.4,135.548
1229.41,135.627
1227.33,135.756
1216.44,142.558
1212.56,142.664
1208.67,142.78
1204.85,142.876
1201.05,142.955
1197.24,143.062
1195.36,143.116
1191.58,143.228
1187.84,143.322
1184.11,143.428
1180.39,143.524
1176.69,143.626
1173.01,143.713
1171.18,143.756
1167.54,143.86
1163.9,143.972
1160.29,144.053
1156.69,144.161
1153.1,144.265
1151.31,144.331
1147.78,144.398
1141.48,136.168
1137.94,136.262
1136.21,136.338
1132.64,136.478
1134.52,126.626
1130.8,126.844
1127.16,127.199
1123.52,127.387
1121.63,127.718
1118.08,127.867
1114.51,128.126
1110.94,128.41
1107.17,128.978
1089.82,145.916
1088.19,145.949
1084.92,146.034
1078.41,146.214
1075.19,146.297
1071.99,146.357
1068.79,146.441
1067.21,146.472
1064.02,146.559
1060.85,146.634
1057.68,146.736
1054.55,146.797
1051.43,146.873
1048.3,146.953
1046.75,147.003
1043.66,147.057
1040.56,147.15
1037.48,147.225
1034.41,147.306
1031.37,147.393
1029.84,147.427
1025.72,149.005
1022.71,149.079
1020.78,147.642
1017.75,147.733
1014.77,147.792
1011.79,147.868
1010.09,148.22
1007.15,148.267
1004.19,148.346
1001.24,148.429
998.324,148.47
995.444,148.497
992.527,148.559
991.048,148.627
988.15,148.7
985.256,148.797
982.448,148.742
979.576,148.819
976.727,148.876
973.875,148.966
972.449,148.997
969.607,149.084
966.771,149.152
963.967,149.222
961.15,149.28
958.349,149.336
956.955,149.387
954.137,149.477
951.35,149.571
948.53,149.733
945.78,149.776
943.012,149.872
940.247,149.957
938.866,150.025
936.132,150.107
933.375,150.21
930.657,150.28
927.948,150.344
925.237,150.427
923.972,150.331
921.137,150.632
918.437,150.761
915.913,150.545
913.242,150.604
910.579,150.671
907.914,150.737
906.598,150.768
903.939,150.858
900.355,152.801
895.117,152.947
895.189,147.604
892.548,147.677
884.181,151.651
879.041,151.737
867.331,152.411
868.803,143.424
866.243,143.513
863.681,143.567
861.082,143.631
855.935,152.703
853.408,152.756
850.914,152.813
848.493,152.667
845.894,152.927
843.402,153.003
842.255,152.78
840.219,151.704
837.735,151.752
834.693,153.233
832.225,153.303
829.754,153.355
827.283,153.432
826.094,153.36
823.679,153.313
821.235,153.346
818.667,153.74
816.26,153.712
813.823,153.778
812.61,153.798
810.185,153.858
807.755,153.917
805.313,154.033
802.925,154.015
800.494,154.133
798.086,154.188
796.881,154.216
794.49,154.27
792.105,154.292
789.664,154.468
776.457,155.191
774.1,155.236
771.735,155.286
769.379,155.322
767.036,155.368
765.858,155.386
763.51,155.434
761.559,154.006
758.827,155.521
713.861,155.87
711.567,155.911
696.685,156.661
518.731,164.106
510.286,162.726
380.683,165.771
378.203,165.739
375.71,165.701
373.216,165.68
370.727,165.645
369.467,165.614
366.956,165.586
364.452,165.567
361.932,165.54
359.417,165.523
356.894,165.494
354.361,165.475
353.08,165.437
350.534,165.409
347.984,165.398
345.442,165.378
342.882,165.356
340.316,165.333
337.75,165.314
336.459,165.292
325.408,156.334
322.792,156.333
320.14,156.316
317.497,156.331
315.019,156.499
319.556,165.126
316.947,165.114
314.316,165.084
311.679,165.075
309.033,165.043
306.389,165.031
304.645,164.448
302.003,164.439
299.717,164.961
296.724,164.493
294.371,164.921
291.674,164.908
288.974,164.872
287.616,164.855
284.908,164.834
282.192,164.815
279.456,164.796
276.724,164.773
273.979,164.754
272.591,164.715
269.846,164.69
267.082,164.683
264.309,164.663
261.528,164.632
258.746,164.617
255.946,164.595
254.526,164.569
251.718,164.54
248.9,164.519
246.078,164.489
243.22,164.477
240.375,164.445
237.518,164.427
236.079,164.4
233.199,164.385
230.329,164.363
227.438,164.329
224.526,164.3
221.626,164.279
218.696,164.255
217.219,164.218
214.275,164.197
211.322,164.165
208.384,164.163
205.445,164.169
202.49,164.185
201.666,166.577
195.622,164.823
192.633,164.818
189.637,164.827
186.641,164.846
185.265,166.628
183.758,166.631
180.733,166.639
177.703,166.653
174.656,166.659
171.594,166.669
168.484,166.629
166.939,166.632
163.892,166.675
160.796,166.692
157.687,166.713
154.565,166.72
151.432,166.732
148.276,166.739
146.702,166.741
143.524,166.744
136.179,162.622
136.261,165.876
133.052,165.883
129.829,165.891
126.58,165.901
124.959,165.909
122.596,166.777
118.782,166.252
115.211,166.005
111.904,165.991
108.567,165.997
105.256,165.997
103.576,166.001
100.218,166.007
96.8367,166.008
93.4518,166.02
90.0464,166.017
86.6422,166.03
83.211,166.035
81.4817,166.038
78.0313,166.04
74.5591,166.039
71.0668,166.056
67.5533,166.058
64.044,166.051
62.2713,166.053
58.7258,166.058
55.162,166.065
51.5758,166.07
47.9757,166.079
44.3684,166.069
40.7239,166.07
38.901,166.083
35.2287,166.089
31.5443,166.091
27.8467,166.082
24.1397,166.091
20.3957,166.093
16.6393,166.101
14.7546,166.09
10.9757,166.096
7.15024,166.101
3.33524,166.096
-0.521613,166.109
-4.3827,166.105
-6.29705,166.125
-8.89859,167.152
-18.0532,166.133
-22.0245,166.138
-25.0807,166.851
-30.0065,166.138
-40.1432,166.141
-54.6469,158.349
-58.8369,158.35
-69.6138,158.15
-77.7997,158.403
-71.4427,166.113
-75.7182,166.111
-80.0167,166.103
-84.3482,166.108
-86.5059,166.103
-90.8712,166.111
-95.2569,166.1
-99.6824,166.107
-104.13,166.097
-113.35,162.822
-117.915,162.813
-120.182,162.79
-124.757,162.802
-128.198,163.585
-132.891,163.563
-137.58,163.519
-142.317,163.489
-147.073,163.465
-149.479,163.422
-154.296,163.388
-159.169,163.368
-164.044,163.32
-168.945,163.29
-173.892,163.238
-176.403,163.216
-181.405,163.176
-186.45,163.143
-191.534,163.096
-196.623,163.061
-201.75,163.032
-206.972,162.976
-209.574,162.954
-214.795,162.898
-220.047,162.912
-225.29,162.922
-230.534,162.926
-235.87,162.918
-241.208,162.917
-243.891,162.939
-249.311,162.945
-254.766,162.959
-260.258,162.968
-265.804,162.979
-271.395,162.963
-274.176,162.982
-279.801,162.998
-285.5,163.008
-291.205,162.997
-296.999,163.012
-302.817,163.025
-308.696,163.03
-311.627,163.032
-317.6,163.02
-342.003,162.944
-348.28,162.914
-351.408,162.902
-357.808,162.843
-364.166,162.829
-370.595,162.781
-377.042,162.788
-382.641,163.253
-390.267,162.686
-399.818,162.887
-406.535,162.857
-413.277,162.873
-420.624,162.621
-434.494,162.574
-438.048,162.543
-445.799,162.205
-452.208,162.527
-459.485,162.486
-469.462,161.141
-476.929,161.093
-485.416,160.574
-489.133,160.55
-496.959,160.42
-504.565,160.403
-512.477,160.309
-520.284,160.242
-523.482,162.331
-536.018,160.224
-548.526,159.957
-556.534,160.001
-564.82,159.911
-573.092,159.939
-585.538,158.123
-589.886,158.037
-598.682,157.933
-607.444,157.851
-616.229,157.762
-625.184,157.721
-634.197,157.635
-643.166,157.622
-640.509,160.598
-649.665,160.547
-658.746,160.576
-669.795,159.837
-679.461,159.733
-689.155,159.609
-698.855,159.569
-702.584,159.999
-712.592,159.912
-721.904,160.129
-731.969,160.065
-744.211,159.222
-754.666,159.147
-765.04,159.109
-769.923,159.252
-780.874,159.034
-792.434,158.702
-803.589,158.538
-815.571,158.155
-826.715,158.123
-838.302,157.987
-843.992,157.972
-855.361,157.983
-865.24,158.569
-877.252,158.451
-889.861,158.169
-902.547,157.939
-909.533,157.618
-922.068,157.493
-934.889,157.368
-947.819,157.238
-958.933,157.761
-972.204,157.66
-985.774,157.493
-996.072,156.283
-1009.56,156.23
-1014.76,158.95
-1028.88,158.844
-1042.95,158.747
-1057.5,158.643
-1105.7,150.279
-1121.16,150.049
-1136.29,150.096
-1152.81,149.688
-1168.91,149.437
-1185.77,149.166
-1203.06,148.736
-1211.88,148.556
-1228.29,148.557
-1245.56,148.322
-1263.3,148.128
-1281.61,147.823
-1299.2,147.799
-1284.37,156.963
-1328.85,146.947
-1348.56,146.605
-1367.86,146.359
-1387.36,146.203
-1376.82,154.23
-1396.77,154.085
-1419.51,153.186
-1430.03,153.081
-1447.08,153.824
-1467.47,153.874
-1489.11,153.674
-1539.41,146.242
-1562.96,145.884
-1575.01,145.639
-1596.55,145.763
-1621.66,145.281
-1644.75,145.338
-1669.62,145.09
-1695.01,144.823
-1721.77,144.405
-1748.33,144.123
-1761.36,144.027
-1788.95,143.742
-1816.64,143.453
-1844.1,143.346
-1873.53,142.99
-1856.7,152.925
-1871.72,152.721
-1902.58,152.261
-1932.9,152.063
-1964,151.822
-1996.5,151.489
-2029.09,151.204
-2062.67,150.892
-2048.9,157.017
-2172.59,145.713
-2202.34,146.78
-2242.04,146.002
-2281,145.629
-2329.99,143.538
-2351.01,143.256
-2391.88,142.923
-2434.3,142.61
-2476.59,142.376
-2517.55,142.708
-2577.68,139.808
-2613.76,141.369
-2667.49,136.042
-2718.09,135.505
-2732.23,141.204
-2871.27,135
-2927.11,134.509
-2972.75,135.999
-3036.62,130.28
-3099.55,129.451
-3165.07,128.592
-3226.91,128.484
-3248.28,134.552
-3367.84,126.73
-3405.25,126.063
-3481.61,125.129
9152.78,-98.0971
7468.01,-46.1166
5946,-1.61837
5886.89,-0.197195
5768.89,3.07652
5655.57,6.23198
5546.9,9.21895
5443.05,12.1041
5342.94,14.9283
5243.06,18.2736
5194.35,19.8411
5100.56,23.028
5010.21,26.0126
4922.82,29.0939
4831.41,33.2892
4662.41,34.7784
4577.64,39.3984
4505.86,41.8614
4435.31,44.5088
4368.87,46.7744
4304.32,48.9858
4262.2,52.2593
4201.63,54.2724
4124.84,49.6634
4030.06,60.038
3901.99,63.6858
3848.68,66.0583
3800.31,67.6969
3753.27,69.2508
3707.41,70.7412
3662.85,72.2357
3619.56,73.6716
3603.56,64.0474
3515.93,77.1731
3476.33,78.4668
3437.85,79.7795
3400.21,81.0011
3363.54,82.2491
3345.66,82.8453
3310.35,84.0037
3275.89,85.156
3244.12,85.7239
3211.79,86.6683
3179.65,87.694
3163.84,88.2087
3132.69,89.262
3101.85,90.452
3093.01,77.5837
3063.31,78.6928
2984.86,94.7686
2972.84,94.7575
2946,95.6185
2917.9,97.0092
2874.36,96.2882
2841.9,99.4867
2817.53,100.322
2805.48,100.708
2781.99,101.466
2758.71,102.27
2735.96,103.011
2713.68,103.728
2691.77,104.476
2681.02,104.803
2659.74,105.523
2638.81,106.2
2618.74,106.724
2598.12,107.527
2578.48,108.111
2558.84,108.807
2549.17,109.16
2530.25,109.771
2511.64,110.362
2493.4,110.965
2475.52,111.505
2458.07,111.947
2449.58,112.16
2432.48,112.629
2415.68,113.095
2398.96,113.613
2391.75,110.515
2375.39,111.034
2359.27,111.559
2351.42,111.802
2335.36,112.451
2308.52,117.694
2295.95,117.134
2281.28,117.528
2248.01,120.237
2244.69,118.799
2208.89,123.084
2192.36,119.257
2160.49,122.503
2154.1,122.633
2141.26,123.058
2128.53,123.444
2116.01,123.842
2045.65,128.081
2034.32,128.389
2023.03,128.719
2012.09,126.38
2001.15,126.676
1994.63,119.606
1968.99,127.654
1958.5,128.012
1884.6,129.823
1879.84,130.001
1846,134.176
1836.96,134.429
1829.8,131.216
1820.93,131.48
1794.5,132.504
1786.01,132.728
1777.65,132.974
1773.49,133.08
1758.23,132.858
1750.21,133.013
1742.17,133.253
1734.16,133.533
1730.19,133.648
1723.64,133.076
1715.76,133.368
1708.08,133.585
1693.82,138.116
1686.34,138.327
1678.93,138.531
1675.28,138.631
1666.22,135.379
1658.92,135.641
1568.54,135.343
1562.25,135.52
1547.92,139.463
1541.82,139.61
1532.25,142.427
1526.17,142.606
1520.14,142.8
1514.19,142.964
1504.36,139.514
1498.59,139.648
1487.98,143.745
1482.25,143.913
1474.02,143.97
1468.75,143.867
1462.79,144.363
1457.15,144.644
1451.79,144.718
1446.2,145.015
1444.02,144.646
1438.89,144.601
1432.94,145.294
1427.72,145.398
1423.34,144.783
1417.92,145.115
1412.78,145.25
1410.43,145.103
1405.35,145.226
1400.29,145.361
1404.03,132.941
1398.95,133.012
1393.89,133.275
1391.38,133.301
1373.08,146.015
1368.24,146.13
1363.44,146.237
1358.69,146.345
1353.94,146.471
1351.57,146.531
1346.89,146.635
1341.01,143.455
1336,143.954
1259.54,145.747
1255.41,145.856
1246.86,146.445
1237.49,145.829
1232.22,142.77
1228.21,142.89
1224.21,143.014
1222.07,143.26
1212.95,149.733
1209.08,149.825
1205.24,149.911
1201.39,150.004
1197.59,150.1
1195.7,150.128
1191.91,150.233
1188.16,150.305
1184.42,150.383
1180.71,150.466
1177.01,150.553
1173.32,150.632
1171.5,150.663
1167.82,150.769
1164.19,150.839
1160.57,150.932
1156.97,150.997
1153.4,151.077
1149.8,151.181
1144.52,151.268
1143.34,142.949
1139.78,143.043
1136.28,143.142
1134.5,143.218
1137.74,133.338
1134.08,133.47
1130.43,133.868
1126.85,134.042
1123.19,134.27
1119.66,134.511
1117.87,134.713
1114.25,135.005
1110.79,135.192
1107.27,135.387
1093.32,152.413
1089.86,152.753
1086.59,152.82
1085.14,152.54
1081.7,152.927
1078.63,152.722
1075.41,152.774
1072.2,152.816
1068.99,152.888
1067.4,152.926
1064.21,152.978
1061.04,153.056
1057.87,153.141
1054.73,153.199
1051.61,153.247
1048.48,153.317
1046.93,153.35
1043.83,153.41
1040.75,153.473
1037.66,153.538
1034.61,153.596
1031.54,153.673
1028.48,153.76
1026.98,153.759
1023.96,153.824
1020.95,153.894
1017.94,153.95
1014.93,154.023
1011.96,154.071
1009,154.133
1007.5,154.174
1004.54,154.246
1001.46,154.616
998.668,154.352
995.731,154.446
992.82,154.504
991.375,154.505
988.485,154.564
985.593,154.623
982.693,154.687
979.832,154.744
976.975,154.818
974.105,154.88
972.617,155.082
969.79,155.144
967.016,155.032
964.204,155.088
961.394,155.145
958.491,155.424
957.094,155.462
954.4,155.301
951.521,155.608
948.75,155.677
946.071,155.484
943.317,155.543
940.571,155.61
939.202,155.632
936.47,155.697
933.731,155.761
931.006,155.819
928.303,155.874
925.609,155.93
923.624,153.909
922.3,153.927
919.591,154.003
914.587,152.997
911.921,153.066
908.196,156.333
905.553,156.378
904.229,156.407
901.596,156.46
898.97,156.519
896.331,156.602
894.665,153.497
891.099,156.714
888.493,156.768
887.21,156.813
884.611,156.858
882.024,156.916
879.423,156.991
876.867,157.05
874.298,157.114
873.006,157.14
870.444,157.192
869.952,149.259
867.365,149.302
864.804,149.38
862.21,149.455
857.734,157.478
856.467,157.521
853.943,157.575
851.429,157.63
848.924,157.705
846.42,157.766
843.928,157.819
842.664,157.864
840.294,157.401
837.678,158.002
835.199,158.07
832.723,158.108
830.258,158.172
827.798,158.23
826.562,158.271
824.099,158.345
821.644,158.412
819.199,158.467
816.759,158.531
814.305,158.609
811.88,158.675
810.655,158.721
808.227,158.789
805.8,158.875
803.384,158.945
800.958,159.048
798.549,159.118
796.142,159.2
794.936,159.273
792.529,159.368
790.132,159.449
787.739,159.53
785.351,159.611
782.964,159.71
781.777,159.759
779.398,159.849
777.018,159.927
774.643,160.014
772.283,160.092
769.922,160.179
767.613,159.759
766.385,160.333
764.033,160.402
761.757,159.524
759.332,160.56
754.654,160.612
753.491,160.633
751.156,160.676
748.819,160.96
746.495,161.028
744.163,161.104
741.851,161.193
739.534,161.28
738.372,161.335
736.061,161.409
733.746,161.484
731.446,161.567
729.141,161.642
726.835,161.727
724.54,161.799
714.23,161.31
697.158,162.085
696.018,162.098
518.606,167.771
510.433,166.404
324.55,160.335
321.892,160.335
319.277,160.322
317.955,160.345
315.443,160.556
316.914,169.037
314.289,169.01
311.668,168.999
309.04,168.981
306.398,168.98
305.069,168.949
302.407,168.936
299.752,168.923
296.841,168.454
294.403,168.891
291.724,168.882
289.025,168.86
287.668,168.841
284.972,168.827
282.256,168.81
279.542,168.79
276.812,168.787
274.084,168.772
272.699,168.737
269.955,168.735
267.19,168.71
264.42,168.699
261.662,168.689
258.881,168.655
256.08,168.651
254.673,168.633
251.875,168.619
249.05,168.591
246.239,168.582
243.4,168.569
240.579,168.557
237.719,168.541
236.275,168.51
233.417,168.485
230.54,168.475
227.661,168.468
224.762,168.435
221.848,168.422
220.388,168.402
217.474,168.394
214.538,168.36
211.604,168.352
208.663,168.33
205.722,168.367
202.773,168.378
202.896,170.74
199.938,170.758
195.779,169.02
192.781,169.042
189.795,169.058
186.778,169.081
185.015,170.857
183.511,170.865
180.481,170.88
177.458,170.893
174.408,170.912
171.342,170.928
168.277,170.941
165.146,170.91
163.638,170.96
160.536,170.97
157.431,171.003
154.312,171.025
151.172,171.035
148.028,171.056
146.448,171.059
143.277,171.09
140.089,171.102
133.002,170.267
129.771,170.276
126.53,170.292
124.91,170.303
122.337,171.172
118.636,170.663
115.131,170.414
111.815,170.419
108.493,170.437
106.828,170.444
103.491,170.46
100.145,170.476
96.7661,170.491
93.3741,170.506
89.9674,170.51
86.5552,170.533
84.8377,170.544
81.4007,170.56
77.9427,170.575
74.468,170.592
70.9784,170.595
67.4805,170.608
63.9556,170.624
62.1811,170.629
58.629,170.65
55.068,170.666
51.4938,170.678
47.8923,170.699
44.2582,170.714
40.6333,170.718
38.8031,170.727
35.1427,170.744
31.4523,170.758
27.7549,170.775
24.0466,170.792
20.3108,170.798
16.5384,170.816
14.6419,170.823
10.8734,170.837
7.05597,170.854
3.22922,170.873
-0.616701,170.89
-4.48266,170.901
-6.41452,170.936
-10.2976,170.944
-14.219,170.959
-18.172,170.98
-28.1266,171.024
-35.716,171.478
-40.2649,171.06
-44.3559,171.059
-48.494,171.053
-63.2642,163.338
-67.5359,163.313
-71.8143,163.315
-76.0416,163.379
-80.3836,163.37
-75.8362,171.141
-80.1369,171.165
-82.2834,171.179
-86.6353,171.179
-90.9962,171.196
-95.3969,171.214
-99.8228,171.236
-112.611,168.038
-114.904,168.02
-119.431,168.029
-124.027,168.023
-127.666,168.845
-132.309,168.838
-137.014,168.811
-141.728,168.795
-144.119,168.777
-148.913,168.754
-153.714,168.73
-158.542,168.717
-163.425,168.696
-168.325,168.679
-170.804,168.659
-175.753,168.632
-180.755,168.62
-185.793,168.6
-190.821,168.588
-195.944,168.564
-201.064,168.552
-203.684,168.519
-208.848,168.504
-214.119,168.488
-219.331,168.5
-224.566,168.515
-229.86,168.546
-235.163,168.585
-237.818,168.602
-243.197,168.642
-248.642,168.641
-254.054,168.696
-259.577,168.695
-265.105,168.736
-267.901,168.774
-273.489,168.793
-279.13,168.832
-284.854,168.841
-290.573,168.883
-296.377,168.903
-302.192,168.945
-305.084,168.963
-310.97,168.978
-316.925,169.008
-341.186,169.149
-344.369,169.096
-350.665,169.071
-362.719,169.47
-369.14,169.461
-375.69,169.436
-382.546,169.221
-385.787,169.26
-392.421,169.237
-392.946,172.953
-405.792,169.291
-412.576,169.291
-413.142,173.022
-426.53,169.197
-430.04,169.178
-437.088,169.164
-444.391,169.061
-452.204,168.675
-459.437,168.676
-466.17,168.977
-473.559,168.966
-477.136,169.047
-484.742,168.996
-492.135,169.055
-502.661,167.436
-510.477,167.411
-518.25,167.416
-522.127,167.392
-529.501,167.699
-537.655,167.576
-545.932,167.506
-553.982,167.525
-553.675,171.958
-561.931,171.973
-572.96,168.436
-587.625,165.215
-596.394,165.159
-605.084,165.083
-613.922,165.022
-622.884,165.026
-631.851,164.996
-636.313,165.009
-640.764,167.265
-649.939,167.26
-659.151,167.239
-668.527,167.269
-677.929,167.255
-682.728,167.267
-692.361,167.223
-701.749,167.403
-711.414,167.481
-721.466,167.462
-733.046,166.772
-743.136,166.793
-748.482,166.699
-759.041,166.62
-769.557,166.586
-780.209,166.622
-790.427,166.857
-801.412,166.812
-808.132,168.688
-816.05,167.645
-827.646,167.491
-839.955,167.073
-851.636,167.034
-863.476,166.936
-876.23,166.534
-888.477,166.475
-894.587,166.458
-904.791,167.251
-906.279,171.648
-927.186,168.278
-944.055,166.618
-957.029,166.585
-966.829,167.851
-973.602,167.802
-987.089,167.709
-1004.01,166.428
-1017.87,166.37
-1031.75,166.389
-1046.03,166.345
-1046.6,171.375
-1068.2,166.122
-1068.31,171.391
-1095.54,166.914
-1110.91,166.785
-1126.81,166.621
-1180.53,158.841
-1188.49,158.872
-1183.09,166.298
-1222.11,158.674
-1239.27,158.556
-1274.9,158.197
-1283.86,158.179
-1279.13,165.602
-1296.82,165.664
-1341.34,157.206
-1360.67,157.06
-1353.49,165.383
-1372.65,165.385
-1376.33,167.3
-1423,165.177
-1445.42,164.611
-1466.21,164.623
-1532.3,157.84
-1543.33,157.843
-1566.57,157.545
-1590.2,157.418
-1614.33,157.215
-1638.02,157.193
-1662.71,157.056
-1688.19,156.934
-1700.86,156.889
-1727.22,156.673
-1753,156.706
-1780.17,156.593
-1807.69,156.45
-1836.44,156.112
-1865.72,155.952
-1879.07,156.139
-1909.34,155.913
-1898.51,165.955
-1930.7,165.418
-1962.28,165.264
-1993.23,165.386
-2009.68,165.251
-2042.77,165.184
-2094.91,160.797
-2129.81,160.673
-2165.48,160.633
-2196.56,161.686
-2238.62,160.501
-2262.11,159.528
-2293.2,161.119
-2332.39,161.124
-2424.52,158.962
-2468.85,158.613
-2513.98,158.348
-2556.62,154.269
-2603.46,154.045
-2631.4,157.838
-2680.47,157.574
-2741.36,155.457
-2802.57,153.681
-2863.72,152.159
-2888.74,152.6
-2920.73,156.655
-3011.54,150.816
-3081.3,148.92
-3092.72,157.381
-3202.2,149.437
-3269.89,149.019
-3295.52,150.239
-3381.57,147.385
-3454.27,147.254
-4645.85,149.786
9459.45,-62.0849
5947.77,19.1791
5770.06,29.6066
5656.97,32.2374
5547.89,34.8965
5444.87,37.1477
5346.08,39.4046
5245.39,42.2929
5196.94,43.6722
5102.38,46.3898
5056.78,42.3063
4968,44.9466
4881.23,47.5414
4799.99,49.9755
4724.31,51.7232
4686.05,52.8419
3801.59,84.2991
3754.28,85.6347
3708.71,86.9558
3663.9,88.2415
3620.63,89.4147
3612.04,79.7542
3517.06,92.3562
3477.62,93.4506
3438.96,94.5714
3401.43,95.6228
3382.92,96.1701
3346.66,97.1585
3311.47,98.1379
3276.85,99.1255
3244.65,99.7517
3212.5,100.525
3180.39,101.367
3164.47,101.875
3133.24,102.738
3102.04,103.79
3072.75,104.585
3102.39,90.6193
3071.56,91.9098
2999.77,106.956
2973.28,107.434
2946.39,108.203
2918.75,109.246
2901.74,107.647
2876.25,108.358
2851.46,109.02
2839.02,109.38
2814.33,110.194
2790.5,110.858
2767.24,111.534
2736.85,114.306
2714.4,114.991
2692.46,115.597
2681.72,115.929
2660.38,116.513
2639.43,117.084
2618.85,117.685
2598.73,118.219
2578.88,118.8
2559.42,119.362
2549.73,119.616
2530.73,120.148
2512.16,120.677
2493.77,121.188
2475.72,121.711
2458.11,122.147
2449.62,122.307
2432.67,122.69
2415.94,123.092
2399.08,123.551
2377.18,120.795
2361.17,121.269
2353.08,121.509
2323.73,126.663
2308.48,127.066
2280.12,127.309
2265.4,127.745
2251.85,127.814
2245.04,127.9
2193.06,128.146
2160.1,131.282
2153.73,131.413
2140.84,131.744
2128.15,132.095
2115.65,132.44
2055.93,136.057
2044.41,136.341
2012.05,134.473
2001.13,134.711
1997.52,127.61
1968.94,135.574
1958.47,135.865
1933.72,136.129
1923.62,136.426
1902.9,137.354
1894.37,137.089
1889.59,137.232
1880.12,137.448
1830.1,138.503
1821.26,138.702
1782.14,139.85
1773.72,140.108
1767.04,139.501
1758.88,139.696
1750.75,139.895
1742.72,140.115
1734.62,140.391
1732.25,139.681
1724.38,139.86
1716.67,140.062
1708.73,140.381
1693.21,144.747
1685.76,144.923
1678.42,145.076
1666.63,141.968
1597.83,143.436
1590.4,144.1
1583.82,144.286
1569.91,141.495
1563.65,141.6
1542.02,145.685
1535.88,145.872
1525.77,148.555
1519.74,148.706
1513.79,148.852
1505.14,145.354
1462.36,150.084
1456.85,150.223
1432.65,150.802
1423.11,150.364
1410.26,150.621
1412.6,138.169
1407.47,138.308
1402.3,138.529
1399.73,138.592
1394.64,138.726
1389.53,138.923
1384.13,139.416
1379.41,139.342
1358.55,151.674
1353.81,151.767
1351.45,151.82
1350.69,148.885
1341.78,148.733
1260.33,150.697
1256.16,150.783
1252.04,150.879
1247.5,151.366
1237.91,147.508
1233.86,147.61
1229.81,147.74
1225.82,147.854
1223.81,147.922
1219.73,148.181
1209.11,154.608
1205.26,154.689
1201.44,154.768
1197.65,154.846
1195.76,154.873
1191.98,154.949
1188.21,155.017
1184.47,155.093
1180.75,155.168
1177.08,155.227
1173.39,155.305
1171.56,155.324
1167.91,155.403
1164.26,155.487
1160.65,155.554
1157.07,155.61
1153.47,155.702
1149.89,155.77
1148.13,155.781
1144.58,155.858
1145.39,147.603
1141.84,147.661
1138.32,147.763
1136.51,147.816
1132.99,147.894
1138.38,138.18
1134.81,138.169
1131.14,138.491
1127.38,138.847
1123.78,139.006
1122,139.232
1118.47,139.32
1114.73,139.651
1111.25,139.798
1107.47,140.388
1090.16,156.883
1088.54,156.884
1085.26,156.956
1081.99,157.051
1078.76,157.096
1075.54,157.158
1072.31,157.213
1069.11,157.281
1067.52,157.306
1064.35,157.337
1061.19,157.402
1058.01,157.477
1054.85,157.553
1051.75,157.584
1048.61,157.662
1046.82,158.004
1043.72,158.048
1040.89,157.784
1037.8,157.856
1034.74,157.886
1031.7,157.942
1028.67,157.998
1027.15,158.004
1024.13,158.062
1021.12,158.131
1018.1,158.177
1015.12,158.221
1012.13,158.285
1010.64,158.327
1007.69,158.363
1004.73,158.419
1001.77,158.474
998.857,158.538
995.893,158.609
992.989,158.68
991.436,158.853
988.517,158.92
985.766,158.776
982.877,158.827
980.01,158.882
977.153,158.932
974.296,158.993
972.767,159.187
969.935,159.234
967.201,159.123
964.274,159.355
961.577,159.235
958.758,159.308
957.357,159.341
954.577,159.391
951.66,159.646
949.021,159.489
946.159,159.698
943.51,159.577
940.75,159.636
939.381,159.67
936.65,159.713
933.912,159.773
931.197,159.835
928.495,159.881
925.781,159.934
924.235,157.924
922.9,157.893
920.212,157.927
917.525,157.986
915.404,157.01
912.755,157.048
910.027,157.184
908.734,157.127
904.403,160.366
901.76,160.425
899.142,160.477
896.511,160.533
895.43,157.497
891.271,160.656
889.964,160.675
887.358,160.724
884.78,160.78
882.178,160.84
879.595,160.886
877.028,160.948
874.454,161.006
873.155,161.031
870.605,161.092
869.139,153.238
866.532,153.268
863.994,153.347
861.397,153.454
856.614,161.4
854.094,161.448
851.576,161.495
849.055,161.55
846.554,161.613
844.052,161.671
842.804,161.708
840.523,161.243
837.811,161.815
835.321,161.874
832.856,161.932
830.38,162.001
827.9,162.057
826.67,162.094
824.201,162.164
821.738,162.226
819.292,162.276
816.84,162.333
814.406,162.4
813.178,162.442
810.74,162.51
808.308,162.576
805.866,162.668
803.438,162.74
801.008,162.818
798.593,162.905
797.377,162.98
794.958,163.056
792.54,163.138
790.148,163.216
787.748,163.308
785.35,163.373
782.948,163.474
781.742,163.522
779.363,163.598
776.979,163.687
774.608,163.77
772.223,163.841
769.987,163.485
767.627,163.522
766.452,163.53
764.202,163.222
761.846,163.259
759.513,163.297
757.158,163.337
754.827,163.367
752.229,164.372
751.012,164.607
748.681,164.67
746.346,164.749
744.006,164.835
741.688,164.907
739.356,164.987
738.198,165.042
735.877,165.113
733.555,165.195
728.93,165.355
726.625,165.426
724.321,165.494
716.432,164.969
714.141,165.001
696.96,165.748
598.846,171.394
596.608,171.423
594.495,172.03
589.858,171.276
587.613,171.288
573.007,171.21
570.77,171.246
569.642,171.238
555.01,171.201
552.765,171.235
550.505,171.266
534.056,172.894
531.26,171.191
528.991,171.202
523.795,172.689
521.527,172.709
519.262,172.74
515.358,171.322
513.09,171.331
510.806,171.364
508.529,171.388
470.863,172.342
422.375,162.618
419.958,162.636
417.521,162.647
415.114,162.652
412.82,162.962
410.282,162.795
381.264,174.727
378.772,174.703
376.287,174.68
373.795,174.66
371.303,174.638
370.038,174.616
367.535,174.609
365.026,174.583
362.51,174.573
359.992,174.571
357.466,174.556
354.947,174.543
353.657,174.517
351.124,174.501
348.587,174.498
346.035,174.484
343.476,174.471
340.911,174.462
338.346,174.453
336.632,173.806
325.934,165.607
323.299,165.586
320.679,165.591
318.07,165.611
315.586,165.834
320.171,174.345
317.549,174.351
314.926,174.332
312.296,174.333
309.657,174.321
306.998,174.32
305.662,174.291
303.002,174.29
299.992,173.817
297.334,173.839
294.973,174.269
292.301,174.259
289.602,174.249
288.237,174.244
285.529,174.232
282.819,174.221
280.081,174.211
277.35,174.202
274.617,174.194
271.867,174.2
270.475,174.18
267.714,174.172
264.953,174.163
262.164,174.156
259.382,174.15
256.58,174.144
255.176,174.122
252.359,174.115
249.548,174.11
246.715,174.102
243.879,174.094
241.032,174.087
238.184,174.088
236.735,174.052
233.871,174.044
230.987,174.044
228.102,174.041
225.206,174.037
222.284,174.036
219.352,174.026
217.891,173.989
214.942,173.984
211.997,173.978
209.057,173.99
206.132,174.024
203.198,174.058
202.355,176.412
200.882,176.426
196.313,174.719
193.334,174.739
190.332,174.754
187.348,174.798
185.961,176.56
184.467,176.572
181.441,176.6
178.404,176.637
175.358,176.658
172.271,176.646
169.215,176.683
166.119,176.709
164.583,176.721
161.493,176.752
158.383,176.778
155.259,176.804
152.167,176.877
149.016,176.907
147.438,176.921
144.271,176.948
136.934,172.898
137.011,176.141
133.893,176.243
131.015,176.618
127.775,176.645
125.789,176.299
122.461,176.287
119.203,176.314
115.915,176.332
112.609,176.37
109.293,176.397
105.961,176.424
104.285,176.438
100.924,176.465
97.5616,176.494
94.1892,176.522
90.7846,176.551
87.4521,176.646
84.0198,176.661
78.7291,173.539
78.8503,176.705
75.3667,176.735
71.8799,176.764
68.3845,176.794
64.864,176.822
61.3252,176.852
59.5482,176.866
55.9859,176.898
52.413,176.929
48.8257,176.96
45.2123,176.991
41.5844,177.019
39.7562,177.036
36.0989,177.069
32.4188,177.099
28.7162,177.129
25.0037,177.162
21.2695,177.193
19.4107,177.21
15.6305,177.243
11.8485,177.274
8.04384,177.307
4.22467,177.34
0.388736,177.369
-3.47739,177.406
-5.40407,177.44
-9.29528,177.471
-13.198,177.488
-17.1505,177.523
-21.1059,177.553
-25.0941,177.587
-29.1067,177.621
-31.1035,177.638
-35.1578,177.671
-39.2161,177.703
-43.2919,177.732
-47.4225,177.762
-51.5508,177.784
-55.7058,177.815
-57.7844,177.836
-76.8655,170.323
-70.4555,177.945
-74.7137,177.98
-79.0107,178.016
-83.3335,178.053
-85.494,178.074
-89.8448,178.109
-94.2545,178.13
-98.6542,178.169
-107.806,175.024
-112.352,175.022
-114.622,175.029
-119.166,175.062
-127.138,175.936
-131.827,175.931
-136.518,175.927
-141.26,175.952
-143.655,175.932
-148.421,175.934
-153.24,175.962
-158.087,175.953
-162.952,175.952
-167.844,175.979
-172.819,175.975
-175.301,175.962
-180.28,175.986
-185.306,175.981
-190.387,175.987
-195.499,175.986
-200.622,176.009
-203.216,175.986
-208.443,175.993
-213.646,176.025
-218.848,176.053
-224.088,176.119
-229.383,176.155
-234.663,176.223
-237.282,176.278
-242.689,176.312
-248.095,176.379
-253.545,176.427
-259.006,176.492
-264.526,176.536
-270.127,176.612
-272.862,176.634
-278.52,176.704
-284.188,176.776
-289.938,176.82
-295.666,176.893
-301.507,176.936
-307.364,177.013
-310.194,177.087
-316.261,177.096
-322.077,177.222
-328.163,177.277
-334.257,177.321
-340.454,177.346
-374.982,177.732
-381.48,177.785
-388.121,177.803
-384.18,181.41
-417.733,181.684
-466.035,177.557
-473.435,177.593
-477.106,177.632
-484.585,177.638
-491.692,177.903
-499.243,177.958
-506.844,178.035
-514.6,178.062
-522.516,178.089
-525.551,178.525
-527.992,180.96
-543.083,177.921
-551.225,177.95
-552.428,180.998
-573.186,177.525
-588.2,174.816
-596.916,174.783
-605.652,174.798
-614.478,174.816
-623.349,174.862
-632.318,174.882
-629.205,177.992
-638.274,178.043
-647.441,178.072
-656.613,178.145
-667.178,177.696
-675.298,178.287
-684.804,178.31
-691.389,177.714
-701.073,177.746
-708.962,178.557
-719.05,178.527
-729.476,178.449
-739.637,178.522
-749.936,178.563
-755.293,178.541
-767.293,178.07
-776.457,178.617
-789.036,178.021
-797.797,178.849
-809.339,178.683
-820.55,178.737
-826.322,178.721
-839.449,178.198
-851.553,178.022
-862.859,178.27
-874.94,178.207
-882.378,179.809
-905.232,178.35
-917.717,178.396
-930.369,178.426
-938.975,179.839
-955.505,178.733
-964.987,179.946
-981.715,178.876
-988.512,178.931
-998.953,179.964
-1010.8,180.632
-1024.84,180.659
-1045.74,178.641
-1060.04,178.699
-1049.54,184.163
-1064.17,184.205
-1097.23,178.797
-1094.08,184.281
-1109.36,184.34
-1140.76,179.774
-1156.82,179.823
-1162.24,180.598
-1181.99,179.635
-1195.87,180.462
-1216.15,179.523
-1233.19,179.597
-1250.68,179.619
-1267.89,179.801
-1277.38,179.695
-1274.87,185.311
-1313.82,179.876
-1330.77,185.43
-1372.29,179.759
-1366.8,186.26
-1404.04,179.377
-1424.38,179.429
-1445.43,179.403
-1491.13,173.43
-1535.62,173.377
-1558.55,173.32
-1570.35,173.32
-1592.78,173.509
-1617.09,173.469
-1641.68,173.42
-1666.1,173.556
-1690.92,173.653
-1703.49,173.733
-1729.78,173.718
-1756.41,173.762
-1784.07,173.641
-1812.06,173.661
-1839.05,173.974
-1867.18,174.253
-1835.94,183.846
-1909.68,174.653
-1869.88,189.098
-1899.79,189.188
-1989.33,184.095
-2039.31,184.017
-2094.94,180.041
-2131.04,179.9
-2166.96,179.956
-2200.05,180.741
-2243.04,179.845
-2281.72,179.884
-2292.2,181.6
-2336.29,181.006
-2378.7,180.861
-2420.13,181.086
-2486.73,177.355
-2531.56,177.511
-2559.55,180.609
-2608.47,176.57
-2659.3,176.237
-2708.93,176.348
-2763.35,175.935
-2815.82,176.164
-2872.6,175.874
-2954.13,176.646
-3015.93,176.4
-3144.32,175.966
-3209.22,176.022
-3113.02,198.115
-3376.26,177.056
-3451.77,176.995
-4024.39,186.199
-4132.81,185.465
-4225.5,186.911
-7756.38,216.5
8684.29,7.88236
8138.11,19.2917
6028.17,54.8197
5900.92,57.4733
5809.98,62.7007
5597.61,64.6198
5361.88,72.3589
5260.63,74.5816
5253.83,69.0191
5156.07,71.431
5063.97,73.4216
4979.6,74.726
4903.96,74.9336
4811.56,78.5067
4731.52,80.3627
4605.65,85.1527
3859.82,105.564
3810.97,106.599
3763.57,107.63
3717.99,108.563
3672.77,109.591
3655.29,99.9552
3611.23,101.201
3568.66,102.453
3485.63,113.622
3446.92,114.456
3409.13,115.27
3390.48,115.677
3354.13,116.462
3318.61,117.243
3283.89,117.957
3250.29,118.654
3217.91,119.167
3185.54,119.867
3169.71,120.216
3138.46,120.901
3107.18,121.794
3098.03,108.955
3069.33,109.57
2985.43,122.403
2957.99,123.036
2931.34,123.607
2904.99,124.306
2879.76,124.784
2829.98,125.896
2817.82,126.152
2794,126.643
2770.17,127.322
2741.43,129.678
2719.02,130.224
2696.97,130.704
2686.14,130.915
2664.76,131.376
2643.71,131.842
2623.03,132.297
2602.85,132.734
2582.97,133.17
2563.46,133.601
2553.74,133.776
2534.74,134.19
2516.04,134.608
2497.58,135.007
2479.55,135.405
2461.76,135.765
2444.29,136.151
2435.8,136.239
2418.95,136.552
2402.06,136.925
2394.99,133.706
2378.54,134.063
2362.31,134.456
2346.49,134.809
2327.03,139.553
2314.33,138.82
2281.75,140.457
2269.05,139.932
2254.99,140.098
2247.5,140.36
2233.29,140.661
2219.62,140.82
2208.69,139.925
2195.06,140.203
2176.07,142.884
2163.01,143.115
2156.59,143.22
2143.69,143.496
2130.95,143.739
2118.39,144.005
2103.27,145.525
2041.83,145.114
2030.01,145.561
2014.22,145.401
2003.34,145.577
1996.78,138.533
1971.02,146.252
1960.51,146.47
1950.59,146.447
1935.53,146.625
1925.49,146.821
1896.09,147.321
1891.32,147.42
1880.73,148.136
1871.96,147.992
1854.09,147.97
1831.51,148.362
1822.79,148.449
1813.47,148.903
1788.62,148.876
1780.2,149.015
1776.05,149.101
1766.95,149.727
1751.73,149.361
1743.73,149.465
1735.76,149.638
1725.2,149.113
1717.36,149.297
1709.56,149.52
1700.75,150.393
1693.2,150.539
1685.88,150.572
1682.24,150.625
1667.65,150.845
1660.49,150.954
1635.86,151.32
1628.88,151.447
1622.08,151.559
1615.29,151.655
1608.61,151.748
1601.94,151.85
1595.3,151.976
1591.32,152.52
1584.74,152.668
1578.25,152.819
1569.84,149.855
1560.06,152.506
1538.5,152.777
1532.4,152.871
1526.35,152.975
1520.37,153.078
1512.87,156.627
1505.61,153.383
1499.86,153.41
1489.64,157.024
1483.95,157.108
1478.28,157.228
1475.48,157.272
1469.91,157.359
1464.34,157.463
1458.85,157.563
1453.38,157.649
1447.96,157.746
1445.27,157.788
1439.97,157.843
1434.6,157.983
1429.65,157.788
1424.52,157.788
1426.24,145.249
1420.98,145.339
1415.69,145.501
1410.47,145.723
1405.32,145.806
1400.19,145.945
1395.1,146.064
1392.6,146.085
1387.61,146.219
1382.46,146.479
1377.16,146.927
1362.87,155.843
1358.1,155.897
1353.37,155.995
1351.04,155.999
1346.75,155.693
1342.04,155.785
1337.05,156.212
1332.46,156.304
1327.86,156.375
1325.62,156.368
1321.08,156.466
1316.58,156.529
1312.12,156.585
1307.68,156.647
1303.25,156.738
1298.85,156.798
1296.66,156.812
1292.33,156.908
1287.98,156.961
1283.71,157.025
1279.41,157.084
1275.17,157.172
1270.93,157.238
1268.84,157.256
1264.69,157.31
1260.49,157.419
1256.34,157.496
1252.74,156.99
1248.61,157.088
1249.36,153.903
1245.27,153.989
1238.38,157.306
1234.37,157.402
1232.92,154.488
1229.08,154.346
1225.1,154.41
1223.13,154.46
1219.16,154.583
1215.16,154.71
1206.06,161.143
1202.23,161.22
1198.43,161.262
1194.62,161.318
1192.75,161.355
1188.98,161.411
1185.24,161.452
1181.5,161.508
1177.8,161.56
1174.11,161.628
1174.58,158.615
1167.03,159.033
1156.09,159.3
1152.5,159.38
1144.21,153.758
1140.65,153.83
1137.11,153.906
1135.29,153.992
1138.72,144.06
1135.08,144.225
1131.41,144.479
1127.8,144.704
1124.16,144.926
1120.58,145.169
1118.78,145.365
1115.18,145.496
1111.32,146.261
1108.25,145.7
1094.05,162.822
1090.74,162.888
1087.49,162.903
1085.86,162.921
1082.58,162.977
1079.23,163.248
1075.97,163.299
1072.9,163.114
1069.7,163.146
1066.5,163.205
1064.92,163.213
1061.75,163.252
1058.57,163.317
1055.42,163.388
1052.3,163.408
1049.13,163.508
1044.52,163.513
1041.42,163.555
1038.35,163.594
1035.27,163.653
1032.22,163.697
1029.19,163.726
1027.66,163.756
1024.62,163.805
1021.6,163.846
1018.6,163.882
1015.6,163.938
1012.61,163.981
1009.65,164.034
1008.16,164.062
1005.2,164.092
1002.26,164.124
999.327,164.177
996.389,164.22
993.47,164.28
992.01,164.296
989.099,164.358
986.225,164.375
983.338,164.425
980.476,164.463
977.591,164.555
973.319,164.578
970.477,164.637
967.654,164.677
964.822,164.732
962.018,164.778
959.203,164.817
956.407,164.876
955.019,164.866
952.223,164.953
949.461,164.995
943.933,165.074
941.185,165.112
939.803,165.163
937.063,165.197
934.353,165.231
931.63,165.266
928.906,165.327
926.211,165.368
924.276,163.277
922.907,163.303
920.57,162.315
917.911,162.327
915.213,162.375
912.55,162.404
909.866,162.47
907.2,162.547
905.864,162.558
903.204,162.606
900.578,162.663
897.91,162.742
895.292,162.774
891.698,165.982
889.08,166.03
887.797,166.057
885.191,166.098
882.601,166.136
880.02,166.184
877.451,166.239
874.871,166.292
873.596,166.315
870.58,158.495
867.978,158.519
865.416,158.56
862.866,158.559
858.308,166.604
857.04,166.636
854.525,166.689
852.012,166.732
849.494,166.786
846.987,166.844
844.487,166.893
843.243,166.918
840.865,166.44
838.252,167.027
835.771,167.073
833.297,167.15
830.824,167.184
828.354,167.271
827.124,167.278
824.662,167.333
822.212,167.384
819.749,167.444
817.303,167.497
814.86,167.571
812.43,167.621
811.209,167.654
808.78,167.727
806.355,167.799
803.926,167.878
801.518,167.949
799.097,168.044
796.691,168.118
795.476,168.166
793.084,168.25
790.68,168.322
788.29,168.397
785.892,168.491
783.504,168.564
781.122,168.644
779.94,168.698
777.567,168.77
772.933,167.879
770.56,167.918
768.207,167.96
767.03,167.986
764.673,168.022
762.293,168.31
759.957,168.344
757.61,168.376
755.263,168.403
752.865,169.421
751.686,169.639
749.353,169.7
747.02,169.783
744.702,169.859
742.378,169.933
740.068,170.001
738.907,170.065
736.593,170.141
734.283,170.21
731.973,170.274
729.668,170.353
727.372,170.426
725.075,170.5
717.051,169.952
714.763,169.988
697.678,170.721
695.411,170.756
622.025,162.189
619.764,162.189
617.496,162.186
615.236,162.269
597.525,174.78
596.405,174.781
594.168,174.825
591.953,175.419
589.7,174.637
587.459,174.662
585.229,174.697
570.667,174.61
569.553,174.622
567.308,174.663
552.708,174.607
550.456,174.632
548.204,174.667
531.264,174.585
528.995,174.606
527.856,174.619
521.26,176.094
519.002,176.12
514.243,174.735
513.106,174.741
510.836,174.77
508.555,174.797
506.273,174.827
504.005,174.879
486.915,175.533
419.567,166.394
417.162,166.416
414.717,166.426
412.265,166.45
409.845,166.53
408.97,167.518
375.942,178.231
370.97,178.198
368.483,178.187
367.227,178.169
364.729,178.154
362.213,178.14
359.71,178.138
357.189,178.132
354.674,178.116
352.144,178.113
350.868,178.093
348.322,178.074
345.786,178.085
338.93,168.505
336.349,168.48
333.722,168.464
332.431,168.485
329.844,168.55
331.405,177.458
325.035,169.422
322.394,169.415
319.77,169.436
317.138,169.451
315.896,169.625
317.39,177.992
314.759,177.985
312.146,177.996
309.508,177.991
306.861,177.985
304.216,177.98
297.32,177.526
294.664,177.555
292.2,177.96
289.515,177.952
288.154,177.946
285.447,177.939
282.739,177.948
280.027,177.941
277.299,177.932
274.573,177.939
271.82,177.932
270.437,177.924
267.688,177.915
264.919,177.923
262.164,177.914
259.379,177.921
249.637,171.005
248.192,170.993
245.38,171.014
242.564,171.117
243.916,177.902
241.076,177.891
238.235,177.901
235.368,177.89
233.923,177.886
231.052,177.872
228.164,177.879
225.287,177.89
222.385,177.878
219.459,177.886
217.988,177.858
215.06,177.863
212.115,177.869
209.18,177.858
206.238,177.891
203.314,177.929
200.351,177.966
198.855,177.983
195.873,177.992
192.849,178.001
190.316,178.678
187.32,178.712
183.782,178.005
182.228,177.975
179.171,177.987
176.089,177.995
173.011,177.983
169.931,177.986
166.83,177.999
163.695,177.984
162.12,177.977
158.981,177.985
155.823,177.967
152.663,177.979
149.472,177.987
146.275,177.995
143.074,177.978
141.471,177.971
138.242,177.981
134.243,176.991
131.745,177.969
128.462,177.976
125.193,177.959
121.902,177.966
122.731,180.962
119.218,180.702
115.719,180.494
112.397,180.525
109.082,180.557
103.351,177.793
99.9958,177.81
98.2731,177.8
94.8564,177.808
91.4171,177.788
87.9838,177.796
84.4949,177.809
81.0411,177.82
79.2715,177.814
75.7471,177.768
72.2226,177.792
68.7042,177.802
65.127,177.81
61.5791,177.833
59.8215,177.853
56.1612,177.811
52.5991,177.845
48.8803,177.793
45.3195,177.865
41.6297,177.86
37.9011,177.81
36.0347,177.807
32.2846,177.788
28.5751,177.83
24.7873,177.781
21.0084,177.796
17.2375,177.808
17.2096,181.583
11.7104,178.028
7.6363,177.822
-0.121532,177.807
-3.98223,177.864
-7.96128,177.842
-11.894,177.856
-9.62314,181.913
-17.8568,177.91
-21.8615,177.9
-25.9862,177.806
-34.2291,177.724
-38.288,177.768
-40.3198,177.799
-39.5517,182.248
-43.6474,182.292
-47.7565,182.332
-57.0891,177.777
-56.0655,182.419
-58.16,182.442
-75.2415,175.005
-79.4058,175.144
-75.082,182.632
-79.3917,182.681
-91.6783,177.845
-96.1225,177.884
-100.572,177.895
-99.054,182.902
-103.494,182.951
-111.806,179.85
-116.35,179.88
-118.646,179.899
-123.227,179.947
-126.824,180.795
-131.508,180.826
-136.193,180.826
-140.894,180.854
-143.305,180.861
-148.07,180.889
-152.868,180.917
-157.705,180.944
-162.574,180.944
-167.465,180.973
-172.405,181.002
-174.871,181.007
-179.872,181.037
-184.925,181.064
-189.928,181.068
-195.049,181.097
-200.176,181.128
-205.365,181.15
-207.945,181.163
-213.188,181.192
-218.428,181.234
-223.657,181.299
-228.932,181.366
-234.252,181.434
-239.594,181.532
-242.257,181.576
-247.664,181.645
-253.148,181.715
-258.619,181.786
-264.159,181.884
-269.738,181.957
-275.354,182.027
-278.184,182.074
-283.831,182.176
-289.59,182.248
-295.331,182.323
-301.187,182.396
-307.038,182.468
-312.952,182.576
-315.956,182.6
-405.178,187.414
-476.611,183.769
-484.051,183.832
-491.569,183.958
-506.531,184.276
-514.276,184.347
-521.894,184.527
-525.226,184.862
-533.965,184.535
-533.965,188.743
-550.685,184.391
-558.922,184.457
-560.531,187.9
-568.883,187.974
-586.287,181.481
-594.893,181.492
-603.731,181.53
-612.466,181.582
-621.348,181.643
-630.241,181.716
-639.438,181.772
-637.332,184.943
-648.972,183.849
-667.367,184.083
-667.595,188.439
-696.091,184.381
-701.082,184.384
-711.136,184.357
-721.192,184.406
-731.073,184.609
-741.372,184.619
-751.757,184.693
-762.134,184.865
-767.215,184.953
-777.984,185.03
-788.585,185.17
-799.179,185.406
-809.961,185.651
-822.134,185.333
-833.492,185.422
-839.11,185.511
-850.525,185.637
-861.825,185.919
-874.193,185.807
-886.308,185.859
-898.551,185.949
-904.621,186.006
-917.276,186.048
-927.921,186.879
-941.628,186.665
-953.344,187.233
-953.971,192.027
-975.589,189.002
-982.377,189.05
-986.986,192.394
-1011.86,188.449
-1040.23,188.573
-1052.45,189.428
-1067.2,189.522
-1078.12,188.352
-1089.24,189.749
-1095.27,193.043
-1123.77,188.622
-1139.64,188.704
-1155.55,188.792
-1157.93,193.501
-1180.39,188.814
-1194.05,189.917
-1214.37,188.908
-1231.43,189.042
-1248.51,189.237
-1266.2,189.363
-1284.18,189.508
-1349.76,189.926
-1371.79,189.286
-1390.18,189.817
-1400.14,189.886
-1420.11,190.19
-1441.92,189.939
-1506.47,184.001
-1528.99,184.095
-1551.74,184.148
-1537.91,191.215
-1563.48,190.677
-1586.55,190.902
-1608.21,191.638
-1632.76,191.775
-1657.78,191.804
-1722.37,185.346
-1749.08,185.467
-1738.62,194.922
-1765.63,195.158
-1792.33,195.579
-1888.17,186.746
-1863.96,196.11
-1893.79,196.348
-1902.65,201.534
-1933.26,201.843
-1987.97,196.832
-2020.62,197.094
-2090.1,193.277
-2124.59,193.55
-2160.55,193.749
-2197.62,193.98
-2234.4,194.402
-2272.96,194.703
-2306.66,196.162
-2326.82,196.191
-2370.75,195.913
-2412,196.331
-2455.62,196.589
-2501.18,196.728
-2552.43,196.061
-2625.49,196.116
-2676.33,196.266
-2693.1,202.561
-2766.32,199.159
-2819.49,199.557
-2912.83,193.472
-2971.19,193.766
-2969.31,199.202
-3063.5,194.058
-3109.89,197.072
-3187.21,195.413
-3251.55,196.239
-3324.42,196.064
-3358.89,196.4
-3434.08,196.614
-3508.11,197.203
-3535.17,204.966
-3619.92,204.871
-4138.17,206.15
-4243.17,206.722
-4746.11,213.184
-6345.02,242.388
-7197.76,250.442
-7479.63,253.109
5462.38,93.419
5287.73,92.9055
5159.18,93.1551
4982.58,95.8114
4753.39,97.5947
4712.05,98.5631
3795.13,116.734
3750.1,117.226
3671.67,124.373
3628.1,125.114
3617.76,115.73
3575.77,116.55
3532.7,117.788
3456.71,118.728
3371.06,129.503
3352.91,129.815
3317.48,130.42
3282.75,131.01
3248.94,131.597
3215.92,132.144
3183.97,132.62
3152.48,133.157
3136.89,133.425
3106.39,133.952
3076.05,134.595
3075.27,121.95
2998.81,134.012
2984.63,134.399
2957.7,134.747
2931.03,135.216
2904.84,135.675
2879.24,136.163
2854.13,136.591
2829.4,137.126
2817.3,137.326
2793.4,137.772
2747.69,138.405
2724.53,138.989
2696.38,141.009
2674.76,141.373
2664.18,141.556
2643.21,141.912
2622.58,142.307
2602.32,142.653
2582.47,142.988
2562.91,143.322
2543.67,143.65
2534.17,143.816
2515.53,144.132
2497.06,144.449
2479.01,144.754
2461.18,145.059
2443.75,145.355
2435.09,145.508
2417.99,145.84
2401.16,146.124
2384.64,146.403
2379.13,143.216
2363.07,143.451
2346.71,143.896
2339.03,143.99
2282.03,148.538
2267.32,148.821
2252.78,149.084
2239.12,149.101
2232.38,149.145
2204.53,149.631
2194.79,148.459
2093.37,152.066
2081.38,152.26
2075.33,152.365
2063.52,152.56
2002.5,153.054
1991.7,153.198
1987.93,146.223
1959.81,153.727
1944.77,153.767
1934.73,153.895
1924.83,153.976
1881.25,154.559
1871.7,154.744
1862.04,155.055
1835.73,154.999
1822.4,155.194
1813.7,155.27
1779.99,155.561
1759.59,155.759
1751.38,155.91
1743.57,155.912
1735.78,155.957
1727.58,156.228
1708.39,156.469
1700.68,156.62
1678.2,156.985
1660.43,157.046
1632.38,157.386
1629,157.383
1622.11,157.486
1615.38,157.563
1608.69,157.646
1595.44,157.786
1592.16,157.826
1585.52,157.961
1579.05,158.07
1564.53,155.63
1552.7,159.009
1549.52,159.12
1526.6,158.56
1520.61,158.64
1517.69,158.664
1505.93,158.803
1500.11,158.88
1494.37,158.952
1488.65,159.048
1482.95,159.131
1475.57,162.091
1469.98,162.165
1464.48,162.239
1459,162.291
1453.54,162.364
1448.14,162.438
1447.23,159.513
1440.09,162.526
1434.78,162.603
1429.49,162.686
1431.67,150.557
1426.42,150.638
1423.63,150.79
1412.65,151.427
1407.45,151.531
1402.84,151.273
1397.84,151.33
1395.29,151.368
1390.28,151.463
1385.31,151.554
1380.31,151.668
1375.3,151.833
1369.95,152.236
1353.73,160.934
1351.4,160.923
1346.69,160.985
1337.85,160.783
1332.82,161.168
1328.26,161.23
1323.72,161.288
1321.46,161.278
1316.97,161.338
1312.5,161.399
1308.07,161.456
1303.64,161.513
1299.25,161.573
1297.08,161.567
1292.74,161.623
1288.41,161.683
1284.13,161.739
1279.83,161.795
1275.6,161.854
1271.37,161.912
1269.27,161.933
1265.1,161.961
1260.94,162.021
1252.65,162.163
1249.19,161.673
1248.61,158.62
1243.04,161.797
1238.95,161.876
1234.91,161.953
1234.09,159.156
1226.92,162.11
1224.42,159.046
1220.46,159.121
1216.53,159.206
1212.44,159.41
1202,165.618
1198.21,165.669
1194.42,165.717
1192.54,165.737
1188.78,165.783
1185.02,165.845
1180.71,162.892
1176.96,162.966
1145.12,166.296
1142.35,158.234
1138.79,158.285
1135.27,158.373
1133.46,158.417
1125.59,163.275
1135.34,148.874
1131.59,149.3
1127.81,149.573
1124.33,149.629
1120.83,149.745
1118.92,149.886
1115.39,150.101
1111.97,150.163
1108.15,150.629
1090.67,166.957
1087.38,167.006
1085.76,166.994
1082.49,167.045
1079.26,167.084
1076.01,167.143
1072.81,167.18
1069.61,167.206
1066.42,167.262
1064.83,167.277
1061.67,167.285
1058.51,167.324
1055.37,167.371
1052.24,167.405
1049.09,167.481
1045.85,167.692
1044.29,167.717
1041.38,167.525
1038.3,167.562
1035.22,167.606
1032.17,167.643
1029.13,167.681
1027.62,167.698
1024.6,167.74
1021.57,167.762
1018.57,167.799
1015.58,167.839
1012.59,167.886
1009.6,167.929
1008.14,167.941
1005.18,167.989
1002.24,168.021
999.296,168.057
996.368,168.1
993.455,168.139
990.527,168.198
989.111,168.177
986.202,168.216
983.325,168.256
980.466,168.293
977.585,168.345
974.746,168.378
973.31,168.409
970.477,168.446
967.637,168.482
964.83,168.513
962.02,168.551
959.224,168.586
956.409,168.637
955,168.676
952.214,168.712
949.332,168.933
946.552,169.002
943.8,169.042
941.065,169.059
938.45,168.903
937.072,168.93
934.338,168.97
931.627,169.012
928.774,169.277
926.207,169.082
924.71,167.017
922,167.056
921.192,166.097
917.94,167.139
915.85,166.109
913.17,166.151
910.512,166.186
907.833,166.24
904.836,169.405
902.193,169.444
899.549,169.488
896.925,169.526
895.891,166.486
893.274,166.528
889.09,169.654
887.793,169.675
885.186,169.735
882.594,169.782
880.021,169.815
877.426,169.87
874.874,169.902
873.574,169.924
871.013,169.967
868.46,170.01
869.528,162.319
866.961,162.345
864.345,162.39
861.839,162.407
857.019,170.224
854.511,170.263
851.98,170.303
849.469,170.346
846.968,170.394
844.451,170.455
841.951,170.508
840.915,170.024
838.434,170.06
835.74,170.611
833.251,170.674
830.772,170.722
828.308,170.763
825.842,170.811
824.614,170.859
822.157,170.905
819.699,170.955
817.259,171.013
814.808,171.069
812.361,171.115
809.93,171.183
808.705,171.22
806.27,171.287
803.843,171.339
801.425,171.424
798.991,171.505
796.57,171.578
795.371,171.638
792.955,171.719
790.543,171.79
788.148,171.849
785.748,171.924
783.355,172.018
780.954,172.093
780.084,171.13
777.372,172.222
775.005,172.295
772.93,171.356
770.568,171.39
768.2,171.426
767.014,171.447
764.663,171.48
762.245,171.78
759.893,171.812
757.549,171.843
755.231,171.776
752.874,171.906
751.457,172.868
749.074,173.113
746.741,173.18
744.401,173.257
742.077,173.323
739.758,173.396
737.427,173.473
736.266,173.522
733.946,173.594
731.638,173.666
716.81,173.361
714.53,173.39
699.617,174.095
697.347,174.102
695.081,174.13
621.283,165.816
618.984,165.817
616.746,165.829
614.475,166.027
598.092,179.268
596.972,179.284
594.751,179.325
590.226,179.141
587.983,179.161
585.75,179.208
571.139,179.111
570.023,179.126
567.783,179.172
553.129,179.125
550.887,179.141
548.64,179.194
531.626,179.108
529.371,179.138
527.107,179.169
526.449,180.616
524.097,180.365
521.824,180.35
519.568,180.416
513.475,179.299
511.197,179.316
508.928,179.344
506.644,179.36
505.052,181.275
502.774,181.297
500.496,181.31
485.055,180.059
483.901,180.066
481.585,180.083
479.287,180.115
476.985,180.145
474.663,180.176
472.365,180.205
470.044,180.249
468.893,180.261
466.568,180.304
420.482,171.072
418.067,171.095
415.604,171.106
413.171,171.142
410.746,171.175
408.278,171.182
407.165,171.404
381.685,182.969
379.2,182.948
376.723,182.949
374.229,182.94
371.731,182.926
369.236,182.921
367.967,182.892
365.46,182.896
362.952,182.897
360.439,182.886
357.914,182.887
355.385,182.889
352.845,182.875
351.565,182.867
337.47,173.164
334.95,173.285
332.341,173.309
329.745,173.339
328.483,173.425
325.911,173.466
323.845,174.271
321.213,174.293
318.551,174.312
316.01,174.452
314.644,174.365
317.998,182.84
315.38,182.844
312.744,182.845
310.11,182.861
307.456,182.86
304.806,182.859
303.46,182.856
297.789,182.4
295.455,182.859
292.764,182.872
290.075,182.879
287.361,182.874
286.001,182.876
283.279,182.883
280.558,182.889
277.829,182.893
275.094,182.898
272.352,182.902
269.591,182.905
268.196,182.904
265.433,182.905
262.646,182.907
259.865,182.924
248.57,176.054
247.158,176.066
244.374,176.163
241.546,176.204
244.272,182.824
241.466,182.862
238.643,182.917
235.808,182.954
234.366,182.944
231.482,182.973
228.607,182.983
225.709,182.976
222.798,182.987
219.878,182.996
218.398,182.986
215.468,182.994
212.533,183.004
209.576,183.03
206.644,183.069
203.704,183.107
200.768,183.18
199.264,183.185
196.264,183.194
193.253,183.202
190.222,183.21
187.19,183.217
184.133,183.244
181.09,183.25
179.532,183.236
176.453,183.241
173.369,183.266
170.252,183.272
167.14,183.276
164.025,183.301
160.881,183.305
159.276,183.287
156.128,183.312
152.97,183.314
149.784,183.338
146.591,183.34
143.38,183.364
140.16,183.364
137.505,182.393
135.268,183.367
132.006,183.39
128.72,183.39
125.443,183.389
122.141,183.433
123.375,186.096
119.836,185.905
113.622,183.269
110.29,183.288
106.9,183.283
103.505,183.302
101.804,183.299
98.409,183.317
94.9717,183.336
91.5315,183.355
88.0907,183.373
84.626,183.391
81.1594,183.435
79.3761,183.405
75.8654,183.423
72.3251,183.44
68.8364,183.485
65.2039,183.448
61.6473,183.492
58.091,183.538
56.2794,183.533
52.6453,183.549
48.9943,183.566
45.2655,183.525
41.5043,183.481
37.8622,183.527
34.0859,183.512
32.2768,183.566
28.5817,183.612
24.802,183.658
21.0164,183.643
17.1958,183.658
13.3817,183.673
9.54143,183.718
7.57794,183.71
3.69732,183.725
-0.188106,183.74
-4.10316,183.787
-8.10919,183.734
-12.0167,183.815
-13.9992,183.806
-18.0046,183.821
-22.0469,183.834
-26.088,183.88
-30.1813,183.858
-34.2406,183.907
-38.3525,183.922
-40.433,183.945
-44.5832,183.957
-48.7136,183.973
-52.8997,184.021
-57.1937,183.995
-61.4501,184.01
-65.7006,184.06
-67.8524,184.083
-76.355,181.164
-80.5577,181.322
-80.8776,184.118
-85.3633,184.088
-89.686,184.18
-91.8997,184.205
-96.4022,184.217
-100.837,184.267
-105.386,184.281
-109.909,184.332
-114.521,184.303
-119.098,184.352
-121.45,184.336
-126.083,184.388
-130.751,184.443
-135.478,184.412
-140.238,184.462
-144.949,184.519
-149.597,184.659
-152.02,184.649
-152.395,187.483
-161.984,184.574
-166.933,184.626
-171.859,184.68
-176.878,184.648
-181.938,184.698
-184.435,184.728
-189.519,184.739
-194.642,184.791
-199.82,184.801
-205.007,184.856
-210.16,184.917
-215.473,184.927
-218.033,185.005
-223.278,185.061
-228.889,184.969
-234.184,185.081
-239.477,185.189
-245.155,185.099
-250.687,185.159
-247.145,188.693
-252.612,188.792
-258.082,188.891
-263.622,188.992
-269.141,189.091
-274.777,189.222
-277.561,189.285
-283.256,189.388
-288.952,189.489
-294.726,189.593
-300.526,189.696
-306.369,189.83
-312.291,189.934
-315.289,189.977
-407.784,186.308
-490.945,192.179
-498.582,192.251
-513.563,192.69
-529.346,192.911
-524.331,196.754
-542.084,196.266
-558.156,193.101
-567.39,192.811
-566.705,196.655
-590.962,190.306
-595.423,190.305
-604.174,190.406
-612.932,190.509
-621.774,190.614
-630.828,190.715
-623.564,197.244
-639.353,194.727
-643.89,194.823
-653.605,194.753
-663.097,194.825
-672.59,194.924
-681.907,195.179
-695.323,193.885
-705.236,193.974
-706.159,195.514
-716.33,195.598
-725.695,196.005
-736.911,195.756
-738.853,198.885
-760.511,195.027
-765.727,195.096
-776.481,195.24
-785.845,195.867
-797.931,195.605
-810.076,195.388
-820.228,195.902
-831.555,196.053
-838.319,195.758
-848.207,196.478
-859.869,196.675
-884.562,196.715
-896.045,197.121
-909.464,196.915
-915.727,196.999
-928.36,197.165
-935.686,199.067
-948.491,199.249
-950.633,202.841
-964.615,202.768
-976.858,203.271
-983.516,203.396
-997.045,203.636
-1038.97,199.831
-1039.93,203.987
-1054.46,204.183
-1069.11,204.383
-1076.61,204.467
-1091.7,204.644
-1138.35,200.654
-1154.12,200.913
-1170.56,201.046
-1178.91,201.065
-1195.5,201.291
-1195.34,206.047
-1229.44,201.7
-1247.41,201.796
-1265.3,201.987
-1283.32,202.176
-1292.13,202.345
-1290.86,207.592
-1329.23,202.895
-1327.8,208.22
-1368.01,203.255
-1387.6,203.571
-1408.61,203.633
-1421.26,203.163
-1441.49,203.547
-1459.29,204.588
-1484.6,203.987
-1506.23,204.332
-1528.5,204.622
-1548.62,205.497
-1560.49,205.596
-1555.66,212.096
-1578.72,212.48
-1598.92,213.596
-1623.11,213.977
-1650.71,213.762
-1675.62,214.151
-1709.24,210.085
-1735.63,210.405
-1761.32,211.011
-1788.27,211.49
-1816.47,211.902
-1845.34,212.269
-1850.39,217.346
-1865.24,217.546
-1895.25,217.962
-1925.58,218.45
-1956.33,218.971
-1984.05,220.228
-2016.59,220.754
-2033.06,221.028
-2069.96,220.955
-2104.37,221.513
-2226.73,214.048
-2265.38,214.558
-2304.54,215.073
-2371.81,214.916
-2412.5,215.62
-2464.44,214.928
-2509.26,215.486
-2555.54,215.961
-2515.78,229.516
-2539.03,229.851
-2668.45,218.62
-2638.59,230.768
-2684.24,232.149
-2844.28,217.964
-2900.05,218.635
-2958.46,219.206
-2957.79,223.667
-3028.56,223.002
-3090.74,223.681
-3155.56,224.503
-3222.56,225.234
-3290.64,226.097
-3241.23,241.241
-3515.5,223.569
-3594.16,224.474
-3677.42,225.24
-3929.01,235.284
-6300.31,285.935
-6409.1,287.664
-6880.83,294.99
4955.62,116.374
4875.7,116.818
4758,123.825
4717.14,124.586
3847.17,136.624
3749.2,138.336
3725.29,134.223
3683.44,134.102
3639.59,134.706
3618,135.008
3572.81,136.4
3532.09,136.846
3456.18,137.238
3418.99,137.536
3361.52,147.077
3325.99,147.466
3291.24,147.849
3257.19,148.164
3223.99,148.53
3191.69,148.886
3211.13,136.052
3194.44,136.434
3130.9,137.555
3101.51,137.733
3071.43,138.33
2973.99,150.307
2960.55,150.409
2882.29,151.254
2832.52,151.867
2772.37,152.716
2749.8,152.889
2724.9,153.877
2702.8,154.119
2681.17,154.357
2670.44,154.475
2649.45,154.705
2628.62,154.934
2608.32,155.156
2588.43,155.421
2568.81,155.592
2549.6,155.803
2540.1,155.91
2521.27,156.12
2502.88,156.325
2484.65,156.525
2466.85,156.723
2449.34,156.917
2432.07,157.065
2423.63,157.2
2406.71,157.346
2364.11,155.506
2347.77,155.841
2334.23,158.151
2318.72,158.323
2303.5,158.492
2288.46,158.659
2273.73,158.823
2259.26,158.983
2244.83,159.141
2237.75,159.223
2223.74,159.377
2210.09,159.433
2196.7,159.494
2182.89,159.798
2169.66,159.946
2163.13,160.014
2150.14,160.195
2137.27,160.332
2124.64,160.47
2112.17,160.643
2099.81,160.779
2087.71,160.911
2081.71,160.976
2069.79,161.141
2058,161.269
2046.43,161.394
2034.95,161.553
2023.67,161.676
2012.49,161.797
1998.26,155.886
1987.49,155.91
1963.94,162.391
1953.52,162.504
1943.19,162.614
1938.07,162.7
1927.92,162.839
1917.95,162.943
1908.03,163.051
1898.2,163.186
1888.55,163.318
1883.74,163.394
1874.21,163.522
1864.79,163.65
1855.49,163.776
1846.26,163.901
1837.19,163.996
1828.18,164.121
1823.86,164.099
1815.12,164.172
1806.16,164.38
1797.46,164.495
1789.48,164.3
1772.86,164.345
1767.79,164.927
1752.4,164.551
1744.75,164.377
1736.73,164.469
1730,163.862
1718.32,163.971
1710.58,164.063
1686.56,165.089
1679.14,165.176
1673.99,166.134
1661.35,165.116
1652.34,166.355
1633.16,165.293
1622.96,165.338
1616.14,165.394
1609.49,165.37
1602.05,165.943
1595.37,166.067
1592.81,165.568
1585.5,166.157
1570.71,163.164
1564.39,163.206
1554.51,165.843
1543.81,166.928
1537.66,167.021
1533.11,165.913
1521.11,166.004
1515.19,166.049
1512.27,166.058
1500.58,166.145
1483.39,166.303
1477.64,166.427
1472.63,168.201
1467.05,168.243
1461.53,168.306
1456.04,168.387
1450.55,168.446
1447.58,166.52
1450.92,157.193
1445.73,157.075
1439.55,157.815
1423.45,158.13
1420.65,158.388
1403.27,168.986
1400.76,158.035
1395.67,158.127
1390.62,158.217
1388.17,158.163
1383.19,158.248
1378.12,158.425
1373.2,158.532
1367.97,158.894
1353.99,167.494
1351.65,167.496
1342.69,167.197
1337.97,167.289
1333.05,167.647
1328.45,167.676
1323.92,167.705
1321.69,167.705
1317.15,167.734
1312.68,167.791
1308.27,167.819
1303.83,167.846
1299.45,167.873
1295.07,167.929
1292.88,167.928
1288.88,167.614
1284.23,168.039
1279.92,168.095
1275.65,168.15
1271.44,168.175
1269.41,168.113
1265.22,168.137
1261.06,168.191
1256.9,168.215
1249.15,167.776
1245.05,167.832
1243,167.891
1238.94,167.945
1234.9,168
1230.86,168.054
1226.9,168.138
1225.64,165.007
1223.63,165.033
1219.69,165.091
1215.76,165.15
1211.85,165.203
1207.93,165.266
1204.1,165.272
1197.61,168.561
1195.72,168.584
1191.93,168.603
1188.35,168.419
1184.48,168.604
1180.68,168.719
1176.97,168.738
1173.29,168.785
1171.47,168.778
1167.78,168.826
1164.16,168.843
1160.53,168.89
1156.92,168.907
1153.32,168.954
1149.76,168.97
1147.97,168.992
1144.62,163.89
1141.07,163.944
1137.54,163.997
1140.54,154.694
1138.82,154.734
1135.19,154.841
1131.6,154.949
1128.08,155.038
1124.44,155.259
1120.95,155.396
1117.43,155.502
1115.65,155.58
1112.11,155.773
1108.37,156.258
1096.22,169.778
1092.88,169.854
1087.96,172.431
1084.7,172.454
1083.06,172.477
1079.81,172.5
1076.59,172.522
1073.35,172.546
1070.16,172.586
1066.97,172.609
1065.38,172.612
1062.21,172.653
1059.05,172.676
1055.9,172.696
1052.75,172.736
1049.62,172.757
1046.51,172.779
1044.96,172.8
1041.86,172.821
1038.8,172.86
1035.72,172.882
1032.65,172.902
1029.62,172.94
1026.58,172.963
1025.07,172.965
1022.05,173.002
1019.05,173.023
1016.05,173.06
1013.06,173.079
1010.09,173.1
1008.6,173.119
1005.65,173.156
1002.7,173.16
999.761,173.212
996.827,173.247
993.907,173.267
991.006,173.303
989.538,173.304
986.652,173.34
983.768,173.375
980.881,173.409
978.026,173.428
975.171,173.464
972.326,173.481
970.914,173.501
968.082,173.534
965.253,173.569
962.435,173.602
959.625,173.62
956.832,173.671
954.049,173.705
952.655,173.706
949.871,173.737
947.102,173.772
944.353,173.806
941.595,173.84
938.87,173.873
937.494,173.888
934.765,173.923
932.046,173.956
930.075,171.921
927.374,171.955
923.92,174.052
922.296,171.091
920.604,172.072
918.299,170.996
915.623,171.03
912.946,171.066
910.266,171.104
907.609,171.144
905.228,174.291
902.587,174.338
899.948,174.37
895.685,171.308
893.054,171.417
889.482,174.524
888.178,174.539
885.589,174.586
882.998,174.618
880.427,174.662
877.837,174.693
875.262,174.723
872.709,174.753
871.424,174.783
870.965,167.015
868.377,167.048
865.788,167.096
863.208,167.14
858.698,174.99
856.171,175.019
854.923,175.048
852.393,175.076
849.877,175.12
847.375,175.163
844.875,175.204
842.373,175.249
839.99,174.796
838.636,175.316
836.165,175.361
833.687,175.4
831.212,175.443
828.741,175.484
826.286,175.539
825.041,175.579
822.595,175.617
820.136,175.67
817.683,175.722
815.253,175.776
812.81,175.826
810.375,175.876
809.168,175.925
806.732,175.995
804.308,176.043
801.896,176.112
799.481,176.181
797.07,176.249
795.865,176.31
793.46,176.376
791.057,176.442
788.665,176.516
786.272,176.588
783.883,176.66
780.441,175.785
777.934,176.842
775.568,176.909
773.3,175.986
770.942,176.031
768.576,176.059
766.219,176.087
765.049,176.104
757.984,176.331
755.653,176.374
753.302,176.514
750.907,177.365
749.749,177.392
747.424,177.42
745.094,177.469
742.769,177.506
740.458,177.549
738.145,177.583
736.989,177.595
734.678,177.627
732.365,177.662
730.053,177.699
727.763,177.663
725.453,177.709
723.156,177.751
722.005,177.78
719.717,177.818
717.428,177.875
715.131,177.905
712.849,177.948
710.568,178.013
709.423,178.064
707.137,178.127
704.86,178.171
702.581,178.221
700.315,178.297
698.042,178.366
695.772,178.446
694.641,178.499
692.376,178.524
679.934,178.721
677.681,178.741
675.417,178.756
663.047,178.934
622.465,170.491
620.156,170.349
617.897,170.356
615.642,170.397
613.369,170.596
611.094,170.462
598.706,183.573
596.478,183.632
595.351,183.646
593.122,183.677
590.884,183.501
588.644,183.534
586.408,183.564
571.855,183.483
569.612,183.527
567.373,183.535
552.766,183.528
551.652,183.525
549.394,183.552
547.15,183.587
530.198,183.535
527.929,183.566
525.668,183.619
524.64,184.364
522.335,184.081
520.065,184.093
517.824,184.301
515.558,184.356
513.287,184.388
510.909,183.751
509.879,184.442
507.575,184.298
505.292,184.33
503.004,184.265
498.434,184.338
485.812,184.467
482.365,184.499
480.064,184.533
477.762,184.563
475.448,184.599
473.137,184.626
470.821,184.68
468.501,184.704
467.342,184.718
465.028,184.767
443.196,186.389
440.846,186.399
416.061,175.966
413.621,175.866
411.097,175.814
408.669,175.775
406.189,175.738
404.994,175.817
402.577,175.985
404.006,187.04
383.292,180.767
380.837,180.833
378.324,180.835
377.072,180.818
374.612,180.916
372.145,180.946
372.28,187.496
369.804,187.519
367.304,187.523
364.814,187.521
363.543,187.498
361.04,187.5
358.512,187.463
355.994,187.489
353.48,187.512
350.947,187.519
349.674,187.497
337.695,178.076
335.132,178.106
332.53,178.138
329.862,178.112
328.578,178.121
325.967,178.153
323.356,178.187
320.729,178.22
318.082,178.244
315.447,178.276
312.786,178.308
311.463,178.272
308.822,178.361
306.248,178.565
308.272,187.595
305.626,187.61
302.972,187.62
300.309,187.634
298.735,187.17
296.295,187.62
293.624,187.636
290.932,187.662
288.236,187.669
285.538,187.689
284.176,187.672
281.469,187.678
278.756,187.706
276.017,187.706
273.274,187.722
270.543,187.733
267.782,187.762
266.397,187.738
263.632,187.757
260.847,187.783
248.257,181.044
246.944,181.193
244.066,181.141
245.344,187.738
242.513,187.765
239.702,187.823
236.873,187.861
234.032,187.908
232.586,187.917
229.703,187.917
226.82,187.945
223.916,187.963
221.012,187.971
218.079,187.984
215.161,188.013
213.673,187.998
210.749,188.009
207.814,188.058
204.866,188.119
201.916,188.178
198.968,188.233
195.957,188.261
194.464,188.246
191.427,188.286
188.418,188.293
185.382,188.317
172.612,183.61
171.165,183.732
171.55,188.392
168.471,188.423
165.35,188.447
162.215,188.468
159.091,188.482
150.104,183.119
146.836,183.081
147.989,188.552
144.77,188.568
139.155,187.617
135.914,187.636
133.45,188.647
130.196,188.663
126.925,188.679
123.642,188.696
122.366,191.141
120.748,191.166
117.45,191.224
111.892,188.639
105.128,188.664
96.6376,182.913
93.1837,182.908
91.5197,182.93
88.1004,183.021
89.7969,188.791
86.3058,188.802
82.8672,188.865
79.3539,188.857
75.8645,188.904
74.0897,188.902
70.5745,188.946
67.0105,188.978
63.4623,188.996
59.8858,189.063
56.3067,189.082
52.6684,189.078
50.8583,189.109
47.195,189.135
43.5167,189.171
39.7868,189.161
36.1802,189.257
32.3574,189.193
30.4987,189.207
26.7758,189.274
23.0136,189.294
19.2179,189.343
15.3936,189.369
11.5456,189.389
7.7043,189.394
5.76135,189.426
1.91621,189.499
-1.99189,189.519
-5.92967,189.568
-9.85274,189.606
-13.8006,189.678
-17.8251,189.68
-19.8462,189.699
-23.87,189.697
-27.9096,189.743
-31.9676,189.795
-36.0605,189.831
-40.1716,189.862
-42.2249,189.868
-46.439,189.9
-50.5957,189.946
-54.7999,189.992
-59.0158,190.038
-63.2375,190.111
-67.5123,190.137
-77.3515,187.377
-78.3899,190.168
-82.7502,190.245
-87.1476,190.263
-91.5656,190.34
-95.9958,190.414
-98.2861,190.398
-102.741,190.446
-107.247,190.496
-111.794,190.573
-116.352,190.617
-120.955,190.663
-125.565,190.765
-127.901,190.752
-132.664,190.757
-137.286,190.851
-142.094,190.883
-146.964,190.851
-151.796,190.933
-156.546,191.035
-158.978,191.075
-163.974,191.043
-168.831,191.12
-173.872,191.152
-178.799,191.258
-183.899,191.258
-188.987,191.309
-191.547,191.316
-196.676,191.368
-201.843,191.394
-207.036,191.511
-212.245,191.594
-217.536,191.615
-220.268,191.598
-225.617,191.616
-230.992,191.703
-236.284,191.816
-241.798,191.842
-247.257,191.963
-252.918,191.926
-255.645,192.002
-260.991,192.246
-266.549,192.363
-272.499,192.234
-278.103,192.419
-284.216,192.293
-290.094,192.312
-292.982,192.359
-298.814,192.448
-304.787,192.508
-310.831,192.574
-316.781,192.657
-322.947,192.685
-326.103,192.741
-332.25,192.8
-338.522,192.823
-344.805,192.883
-351.189,192.943
-357.525,193.046
-363.982,193.108
-367.327,193.125
-373.896,193.189
-380.39,193.244
-387.092,193.354
-393.78,193.414
-400.567,193.477
-407.369,193.58
-410.78,193.64
-417.684,193.701
-424.758,193.725
-431.795,193.836
-438.927,193.904
-446.09,194.061
-453.399,194.085
-457.039,194.096
-464.402,194.21
-471.86,194.277
-479.261,194.392
-486.687,194.595
-494.372,194.626
-502.158,194.699
-506.035,194.757
-513.826,194.877
-521.875,194.861
-529.854,195.03
-538.013,195.058
-546.086,195.178
-554.405,195.212
-558.594,195.33
-567.099,195.364
-575.544,195.436
-584.116,195.568
-592.606,195.692
-601.322,195.879
-610.06,196.002
-607.924,199.137
-623.739,196.06
-625.672,199.467
-634.37,199.815
-651.274,196.369
-665.391,196.586
-659.177,203.757
-684.08,197.016
-693.978,197.059
-704.267,197.052
-714.319,197.151
-724.404,197.239
-729.733,197.271
-739.924,197.416
-750.058,197.685
-771.514,197.827
-756.59,208.628
-777.318,204.652
-809.451,198.501
-820.773,198.672
-832.239,198.785
-843.551,199.07
-855.797,199.016
-866.955,199.42
-873.405,199.268
-867.025,206.589
-878.786,206.905
-890.585,207.249
-899.487,208.755
-936.477,199.81
-955.535,200.287
-947.707,208.147
-969.585,210.214
-986.907,209.094
-997.693,210.349
-1004.43,210.47
-1046.3,200.979
-1032.71,210.932
-1036.08,214.904
-1061.55,211.451
-1065.14,215.465
-1079.96,215.77
-1087.5,215.884
-1115.66,211.925
-1118.1,216.456
-1176.19,203.079
-1163.59,212.653
-1179.95,212.932
-1196.31,213.337
-1204.78,213.436
-1221.79,213.735
-1239.4,213.933
-1256.92,214.281
-1325.37,205.334
-1321.04,215.405
-1339.96,215.732
-1358.95,216.149
-1378.5,216.528
-1398.42,216.918
-1418.87,217.251
-1420.18,222.96
-1450.92,217.616
-1473.22,217.717
-1493.73,218.424
-1493.75,224.675
-1541.18,218.512
-1562.21,219.474
-1587.36,219.42
-1572.45,226.441
-1595.78,227.011
-1619.77,227.565
-1644.08,228.092
-1668.98,228.7
-1725.25,225.271
-1751.91,225.788
-1759.98,230.765
-1787.31,231.398
-1815.18,232.033
-1843.67,232.694
-1872.76,233.356
-1902.49,234.045
-1917.6,234.417
-1948.34,235.13
-1979.72,235.829
-2011.86,236.599
-2044.84,237.359
-2078.49,238.127
-2095.53,238.566
-2130.49,239.326
-2209.21,231.81
-2252.32,231.554
-2286.46,233.169
-2333.5,232.614
-2376.24,233.085
-2399.04,233.177
-2441.56,234.007
-2480.51,235.734
-2465.46,247.137
-2509.96,248.135
-2555.78,249.197
-2668.83,239.379
-2626.76,250.893
-2675.91,252.052
-2726.38,253.243
-2778.6,254.42
-2832.33,255.704
-2887.73,256.957
-2944.52,258.305
-2973.78,259.03
-3033.72,260.37
-3189.65,248.54
-3159.12,263.351
-3225.2,264.868
-3293.33,266.476
-3364.07,268.099
-3511.03,254.781
-3590.03,256.272
-3671.68,257.811
-3757.82,259.328
-3715.48,276.384
-4062.25,267.923
-4345.01,291.119
-4458.01,293.766
-4516.09,295.162
-6033.74,322.804
-6237.96,327.268
-6455.15,331.918
-6807.77,339.678
-7063.21,345.17
-7629.35,357.601
4661.58,142.412
3903.51,142.779
3773.27,157.278
3702.91,154.198
3661.91,153.852
3618.88,154.119
3597.61,154.292
3610.67,144.21
3556.68,147.031
3438.37,155.337
3401.39,155.514
3329.82,162.784
3312.48,162.905
3278.09,163.102
3244.23,163.299
3211.59,163.426
3179.43,163.607
3147.96,163.791
3117.22,163.96
3090.18,153.865
3059.96,154.396
2987.31,164.637
3005.26,154.297
2991.64,154.441
2920.37,165.051
2894.43,165.171
2869.11,165.323
2844.2,165.461
2819.9,165.604
2796.11,165.754
2784.4,165.834
2761.18,165.958
2738.4,166.047
2716.07,166.225
2694.17,166.35
2672.62,166.474
2651.63,166.593
2641.19,166.649
2620.62,166.778
2600.37,166.878
2580.52,167.04
2561.05,167.156
2541.9,167.253
2532.45,167.311
2513.69,167.457
2495.33,167.553
2477.38,167.654
2459.6,167.76
2442.19,167.897
2425.06,168.001
2416.49,168.051
2399.77,168.147
2370.89,167.152
2354.68,167.284
2338.5,167.551
2327.62,168.557
2312.21,168.65
2297.15,168.779
2282.2,168.825
2267.56,168.953
2253.05,169.041
2238.89,169.099
2231.79,169.132
2271.64,151.01
2257.04,151.228
2242.8,151.442
2177.15,169.497
2163.99,169.536
2151.08,169.616
2144.57,169.653
2131.84,169.734
2119.33,169.81
2106.9,169.886
2094.64,169.962
2082.66,170.034
2070.73,170.11
2064.87,170.146
2053.17,170.22
2041.64,170.315
2030.25,170.352
2019.02,170.455
2007.93,170.506
2002.49,170.521
1993.36,165.666
1982.79,165.689
1959.77,170.785
1949.36,170.839
1939.13,170.904
1934.04,170.937
1924,170.98
1914.12,171.054
1904.27,171.092
1894.55,171.161
1884.95,171.221
1875.48,171.256
1870.79,171.267
1861.49,171.327
1852.26,171.393
1843.16,171.433
1834.17,171.466
1825.24,171.533
1816.4,171.597
1812.03,171.595
1803.35,171.661
1794.75,171.72
1786.28,171.744
1777.82,171.799
1769.5,171.859
1765.36,171.892
1757.2,171.918
1749.02,171.974
1741.05,172.041
1733.06,172.067
1725.15,172.139
1717.35,172.194
1713.57,172.145
1705.94,172.189
1698.27,172.27
1690.64,172.376
1683.15,172.414
1675.76,172.489
1672.03,172.516
1664.69,172.608
1657.38,172.686
1650.21,172.767
1643.04,172.816
1636.03,172.892
1629.04,172.978
1625.58,173.001
1618.62,173.074
1611.94,173.055
1605.13,173.131
1598.79,172.998
1592.19,173.051
1585.55,173.114
1582.29,173.131
1575.27,173.511
1567.58,170.662
1561.34,170.675
1543.56,173.814
1540.45,173.838
1535.62,173.127
1529.56,173.132
1522.18,173.986
1511.81,173.166
1503.03,173.196
1495.45,174.305
1489.71,174.327
1484.01,174.37
1480.13,173.29
1472.74,174.426
1469.95,174.45
1464.37,174.49
1458.89,174.508
1453.41,174.551
1447.99,174.583
1444.52,173.356
1437.24,174.663
1450.3,164.299
1439.03,164.737
1418.82,174.761
1413.65,174.802
1408.53,174.818
1410.71,164.643
1405.58,164.712
1400.41,164.719
1395.41,164.789
1390.35,164.858
1387.81,164.894
1382.92,164.892
1377.93,164.966
1372.9,165.102
1367.53,165.456
1351.37,173.888
1346.69,173.916
1340.23,173.537
1335.11,173.927
1330.55,173.955
1326.01,173.956
1321.46,173.985
1319.23,173.961
1314.73,173.989
1310.3,174.014
1305.86,174.012
1301.46,174.037
1297.1,174.062
1292.73,174.056
1290.58,174.063
1286.68,173.739
1281.98,174.108
1277.73,174.109
1273.51,174.128
1269.28,174.15
1267.2,174.146
1263.04,174.148
1258.89,174.193
1254.76,174.207
1251.26,173.714
1247.18,173.75
1243.06,173.809
1241.02,173.819
1236.96,173.855
1236.27,170.985
1232.37,170.929
1228.43,170.904
1224.46,170.909
1220.56,170.919
1218.58,170.98
1214.66,170.989
1210.76,170.994
1206.84,171.079
1203.02,171.085
1191.96,174.335
1190.09,174.333
1186.61,174.084
1182.62,174.367
1178.9,174.383
1175.19,174.399
1171.53,174.416
1169.68,174.416
1166.06,174.432
1162.42,174.447
1158.82,174.462
1155.2,174.476
1151.62,174.49
1148.09,174.506
1146.24,174.563
1144.16,169.503
1140.6,169.549
1137.07,169.547
1133.55,169.642
1138.78,160.446
1136.95,160.483
1133.3,160.565
1129.71,160.747
1126.15,160.841
1122.62,160.93
1118.98,161.113
1117.18,161.272
1113.75,161.328
1109.95,161.699
1094.63,175.15
1091.28,175.218
1085.35,174.534
1081.09,177.574
1077.85,177.612
1074.61,177.624
1071.4,177.653
1068.19,177.683
1064.99,177.707
1061.82,177.735
1060.23,177.749
1057.07,177.777
1053.92,177.806
1050.79,177.831
1047.68,177.841
1044.57,177.87
1043.02,177.884
1039.36,174.717
1036.28,174.8
1030.74,177.972
1027.69,178.015
1024.66,178.03
1023.14,178.04
1020.13,178.066
1017.13,178.093
1014.14,178.111
1011.15,178.143
1008.19,178.155
1005.23,178.19
1003.75,178.19
1000.82,178.207
997.882,178.225
994.967,178.259
992.053,178.271
989.155,178.303
988.524,175.075
984.819,178.321
981.944,178.35
979.08,178.364
976.212,178.394
975.985,174.504
970.522,178.438
969.123,178.439
966.288,178.467
963.465,178.497
960.665,178.509
957.861,178.538
955.072,178.568
952.29,178.577
950.901,178.591
950.204,175.299
947.411,175.358
942.613,178.675
939.88,178.702
937.131,178.728
935.755,178.738
933.045,178.764
931.459,176.835
927.621,178.814
926.043,176.877
920.699,176.859
917.319,175.737
914.627,175.768
911.959,175.796
909.302,175.825
906.561,175.966
902.232,179.091
900.92,179.1
898.29,179.137
894.663,176.14
890.443,179.231
887.842,179.252
885.239,179.289
883.938,179.295
881.358,179.331
878.774,179.366
876.202,179.399
873.641,179.434
871.075,179.467
868.515,179.487
870.886,171.831
868.3,171.865
865.769,171.852
863.156,171.887
857.091,179.642
854.558,179.675
853.294,179.707
850.773,179.737
848.271,179.781
845.766,179.81
843.259,179.853
840.768,179.877
838.496,179.427
837.032,179.947
834.547,179.984
832.08,180.018
829.598,180.065
827.131,180.089
824.678,180.135
823.446,180.148
820.994,180.186
818.536,180.233
816.103,180.255
813.665,180.297
811.22,180.327
808.794,180.361
807.581,180.375
805.154,180.419
802.745,180.445
800.325,180.496
797.913,180.523
795.515,180.559
793.108,180.607
791.903,180.62
789.52,180.662
787.125,180.708
784.733,180.74
782.34,180.783
780.135,180.287
777.589,180.848
776.398,180.878
774.166,180.481
771.667,180.945
769.312,180.983
766.95,181.002
764.716,180.598
763.553,180.622
761.116,180.939
758.75,181.016
756.472,180.829
754.072,181.052
751.734,181.118
749.389,181.171
748.215,181.206
745.891,181.241
743.558,181.3
741.217,181.389
738.895,181.43
736.587,181.478
735.424,181.507
733.111,181.541
730.787,181.593
728.469,181.683
726.163,181.728
723.855,181.775
721.551,181.844
720.394,181.907
718.099,181.977
715.796,182.03
713.499,182.087
679.414,182.507
623.585,174.901
622.475,174.865
620.18,174.845
617.954,174.871
615.666,174.853
613.377,174.879
611.134,174.912
608.871,175.043
601.426,187.829
599.2,187.858
596.952,187.891
594.724,187.929
593.609,187.934
591.363,187.966
589.132,187.993
586.895,188.043
584.656,188.072
582.413,188.089
580.171,188.109
579.062,188.14
576.827,188.167
574.581,188.2
572.338,188.236
570.101,188.268
567.86,188.297
566.745,188.312
564.502,188.378
562.261,188.405
560.002,188.402
557.757,188.411
555.503,188.423
553.253,188.447
552.127,188.475
549.882,188.505
547.642,188.551
545.388,188.569
530.635,188.516
528.371,188.555
526.117,188.592
523.825,188.569
522.684,188.55
520.411,188.567
518.13,188.579
515.867,188.602
513.599,188.664
511.316,188.686
510.184,188.712
507.902,188.742
505.631,188.786
503.344,188.804
501.058,188.862
498.884,189.142
496.593,189.168
495.444,189.19
473.679,189.722
469.034,189.789
467.883,189.802
458.762,190.335
456.436,190.369
438.94,190.823
417.077,181.135
414.626,181.075
412.117,181.02
407.187,180.944
404.711,180.977
403.46,180.994
401.143,181.307
399.029,181.942
387.724,185.955
385.256,185.984
382.783,186.046
380.296,186.092
377.817,186.088
376.583,186.095
374.123,186.199
371.606,186.268
369.132,186.299
361.631,192.387
359.119,192.41
356.61,192.449
349.073,192.6
347.819,192.63
345.283,192.669
333.841,183.454
331.212,183.413
328.543,183.452
325.956,183.534
324.691,183.55
322.075,183.583
319.43,183.667
316.857,183.696
314.182,183.699
311.531,183.735
310.17,183.713
307.498,183.751
304.856,183.874
302.451,184.219
306.299,192.961
303.636,192.982
300.968,193.005
299.297,192.55
296.942,193.019
294.263,193.035
291.57,193.051
288.872,193.078
286.163,193.1
284.8,193.093
282.079,193.115
279.364,193.131
276.629,193.164
273.886,193.183
271.131,193.195
268.379,193.214
266.985,193.213
255.826,186.546
252.944,186.536
250.146,186.543
247.286,186.558
244.55,186.745
248.698,193.249
245.85,193.276
243.039,193.32
240.215,193.378
237.412,193.441
234.555,193.483
231.671,193.518
230.218,193.514
227.327,193.538
224.421,193.56
221.516,193.607
218.586,193.627
215.645,193.645
212.698,193.678
211.22,193.69
208.286,193.75
205.369,193.808
202.414,193.884
199.45,193.944
196.453,193.976
194.926,193.978
191.921,194.006
188.892,194.035
185.838,194.06
175.054,189.429
173.509,189.457
170.444,189.503
171.984,194.2
168.895,194.237
157.701,189.495
154.521,189.516
152.428,189.045
149.235,189.042
146.003,189.101
142.763,189.131
137.755,193.632
136.121,193.635
133.826,194.575
130.557,194.633
127.275,194.659
123.991,194.693
123.296,197.101
120.039,197.171
118.379,197.203
112.179,194.669
98.9362,188.992
95.5282,189.046
92.0972,189.138
95.1843,194.861
93.4835,194.859
90.0224,194.923
86.5678,194.963
83.0831,194.986
79.589,195.043
76.098,195.115
74.3024,195.111
70.7773,195.144
67.2809,195.245
63.6955,195.256
60.1103,195.309
56.4972,195.357
52.8794,195.405
50.98,195.379
47.3101,195.408
43.6831,195.482
39.9516,195.497
36.2562,195.564
32.5174,195.608
28.7527,195.647
26.8436,195.635
23.0962,195.686
19.2911,195.774
15.5303,195.843
11.6972,195.891
7.80393,195.93
5.83402,195.922
1.99422,195.991
-1.89561,196.074
-5.83525,196.115
-9.8493,196.135
-13.7681,196.221
-17.7804,196.293
-19.785,196.289
-23.8542,196.342
-27.8993,196.418
-31.9397,196.465
-36.1212,196.481
-40.1947,196.578
-44.3518,196.624
-46.4441,196.626
-50.6315,196.703
-54.8389,196.786
-59.0782,196.831
-63.2899,196.934
-67.5594,196.985
-75.9738,194.284
-74.1351,197.018
-78.4401,197.114
-82.795,197.169
-87.2646,197.218
-91.6314,197.31
-96,197.447
-100.57,197.474
-102.833,197.499
-107.322,197.603
-111.885,197.677
-116.49,197.717
-121.157,197.778
-125.843,197.804
-130.507,197.91
-132.876,197.93
-137.587,197.993
-142.35,198.067
-147.185,198.128
-151.968,198.2
-156.837,198.304
-159.309,198.301
-164.133,198.42
-169.106,198.482
-174.11,198.571
-179.107,198.623
-184.064,198.772
-189.307,198.769
-191.796,198.848
-196.973,198.885
-202.184,198.977
-207.393,199.048
-212.653,199.136
-217.86,199.251
-223.284,199.271
-225.98,199.333
-230.893,199.666
-236.787,199.493
-242.313,199.577
-247.783,199.648
-253.334,199.75
-256.15,199.804
-261.79,199.887
-267.441,199.982
-273.118,200.081
-278.933,200.164
-284.737,200.223
-290.415,200.388
-293.28,200.532
-299.233,200.596
-305.245,200.666
-311.305,200.759
-317.109,200.957
-323.667,200.857
-329.858,200.922
-332.941,201.005
-339.198,201.128
-345.123,201.4
-351.68,201.417
-358.208,201.455
-364.758,201.521
-371.306,201.643
-374.661,201.644
-381.206,201.8
-387.82,201.937
-394.56,201.985
-401.361,202.104
-408.181,202.275
-415.195,202.315
-418.781,202.343
-425.785,202.5
-432.708,202.644
-439.813,202.798
-447.026,202.918
-454.4,203.015
-461.708,203.127
-465.253,203.278
-472.823,203.307
-480.424,203.445
-487.989,203.564
-495.794,203.684
-503.543,203.852
-511.281,203.976
-515.361,204
-523.329,204.132
-531.043,204.404
-538.994,204.628
-546.897,204.891
-555.601,204.813
-560.011,204.778
-568.442,204.955
-576.96,205.062
-585.682,205.192
-593.655,205.628
-602.951,205.595
-611.872,205.748
-616.299,205.789
-625.149,206.018
-634.471,206.111
-643.57,206.347
-653.035,206.42
-662.472,206.593
-671.856,206.784
-676.745,206.859
-686.066,207.159
-696.186,207.265
-706.263,207.317
-716.051,207.693
-726.072,207.905
-736.432,208.045
-742.162,208.018
-752.384,208.25
-763.095,208.356
-773.736,208.64
-784.382,208.88
-795.243,209.155
-805.907,209.551
-812.576,209.283
-823.909,209.473
-835.316,209.711
-846.796,209.951
-858.672,210.157
-870.572,210.41
-876.805,210.5
-888.807,210.751
-901.181,210.969
-913.494,211.315
-926.76,211.372
-939.642,211.601
-952.234,211.987
-959.111,212.005
-972.769,212.195
-986.001,212.513
-999.953,212.716
-1013.69,213.043
-1027.81,213.297
-1042.11,213.542
-1049.51,213.653
-1064.26,213.891
-1078.92,214.198
-1094.05,214.456
-1109.22,214.765
-1124.96,215.042
-1140.86,215.318
-1148.88,215.506
-1164.87,215.824
-1181.51,216.141
-1198.11,216.458
-1215.2,216.779
-1232.69,217.01
-1250.19,217.379
-1258.82,217.633
-1276.55,217.983
-1295.13,218.261
-1313.35,218.699
-1332.37,219.099
-1351.77,219.374
-1371.34,219.788
-1381.64,219.855
-1401.01,220.472
-1421.93,220.785
-1442.77,221.064
-1464.11,221.527
-1486.08,221.918
-1496.35,222.17
-1518.88,222.662
-1541.48,223.053
-1564.94,223.413
-1588.22,223.97
-1612.2,224.365
-1636.91,224.884
-1661.73,225.399
-1674.53,225.582
-1700.42,226.146
-1726.74,226.583
-1753.59,227.176
-1780.84,227.738
-1808.62,228.308
-1823.04,228.492
-1851.42,229.238
-1880.79,229.866
-1912.36,230.182
-1942.84,230.912
-1974.22,231.648
-2006.7,232.138
-2022.55,232.658
-2056.75,233.165
-2090.65,233.974
-2125.74,234.687
-2162.98,235.201
-2199.53,235.927
-2237.32,236.711
-2255.9,237.189
-2295.38,238.002
-2334.2,238.978
-2375.8,239.857
-2415.97,241.058
-3824.15,293.927
-4723.85,337.491
-4854.59,341.466
-4992.32,345.657
-5986.97,367.902
-6187.58,373.718
-6401.4,379.845
-6838.38,394.752
-6964.21,398.434
-7556.75,413.107
5084.96,174.867
4997.17,174.488
3887.53,167.657
3837,168.041
3725.97,180.687
3702.18,176.33
3697.87,168.113
3653.41,168.432
3620.98,166.324
3593.2,167.784
3554.26,167.273
3514.8,167.247
3475.23,167.406
3379.22,180.506
3343.08,180.45
3325.26,180.484
3290.45,180.434
3256.66,180.384
3223.37,180.381
3190.89,180.381
3191.43,172.47
3161.22,172.258
3146.76,172.005
3116.29,172.034
3086.2,172.029
3057.03,172.144
2997.09,180.312
3001.44,171.875
2973.77,171.992
2959.99,172.162
2933.29,172.189
2907.19,172.221
2853.08,180.266
2828.49,180.219
2804.49,180.238
2792.67,180.246
2769.32,180.224
2746.54,180.192
2723.94,180.197
2701.93,180.145
2680.39,180.19
2659.06,180.168
2648.67,180.156
2628.03,180.169
2607.67,180.139
2587.76,180.164
2568.05,180.143
2548.92,180.172
2539.29,180.166
2520.65,180.172
2502.11,180.169
2484,180.152
2466.1,180.175
2448.51,180.179
2431.25,180.192
2422.69,180.163
2405.92,180.17
2389.34,180.21
2372.97,180.171
2356.92,180.21
2372.85,162.727
2365.07,162.714
2349.24,162.861
2333.6,162.894
2318.18,163.034
2302.84,163.171
2287.79,163.296
2272.33,163.7
2264.9,163.765
2250.36,163.893
2236.49,163.737
2221.9,164.122
2168.62,180.292
2155.59,180.293
2149.01,180.316
2136.33,180.3
2123.63,180.335
2111.22,180.359
2098.97,180.345
2086.79,180.372
2074.86,180.352
2068.89,180.362
2057.15,180.387
2045.54,180.384
2034.15,180.398
2022.88,180.426
2011.68,180.401
2000.72,180.434
1992.61,176.673
1973.73,180.444
1963.18,180.455
1952.83,180.465
1942.49,180.46
1932.31,180.47
1927.34,180.47
1917.31,180.476
1907.41,180.48
1897.63,180.517
1888.02,180.492
1878.47,180.529
1873.71,180.535
1864.35,180.557
1855.1,180.545
1845.94,180.539
1836.89,180.547
1827.92,180.549
1819.04,180.557
1814.63,180.575
1805.94,180.553
1797.3,180.562
1788.76,180.562
1780.3,180.601
1771.99,180.599
1767.77,180.596
1759.57,180.591
1751.43,180.601
1743.34,180.587
1735.37,180.599
1727.54,180.611
1719.7,180.619
1715.8,180.623
1708.08,180.607
1700.42,180.645
1692.91,180.644
1685.41,180.647
1677.98,180.642
1670.66,180.676
1666.98,180.665
1659.75,180.668
1652.56,180.687
1645.47,180.688
1638.41,180.688
1631.47,180.682
1624.57,180.698
1621.12,180.697
1614.3,180.735
1607.53,180.728
1600.81,180.757
1594.21,180.754
1587.57,180.756
1584.34,180.752
1577.83,180.762
1567.49,179.074
1558.68,180.809
1552.36,180.816
1546.12,180.83
1543.04,180.843
1536.93,180.836
1530.84,180.847
1524.76,180.863
1518.8,180.862
1512.84,180.882
1506.98,180.885
1504.03,180.884
1498.2,180.907
1492.4,180.91
1486.65,180.943
1480.95,180.949
1475.3,180.976
1472.46,180.975
1466.88,181.008
1461.39,181.011
1455.84,181.022
1450.37,181.022
1444.96,181.052
1439.56,181.096
1436.85,181.144
1442.5,172.282
1426.72,172.177
1421.41,172.174
1416.23,172.223
1413.62,172.196
1408.52,172.239
1403.28,172.289
1398.17,172.327
1393.07,172.421
1387.9,172.611
1385.45,172.635
1370.35,181.554
1366.03,181.113
1361.23,181.107
1356.47,181.106
1351.71,181.138
1347.44,180.733
1345.09,180.73
1340.37,180.786
1334.7,181.767
1330.08,181.783
1325.51,181.794
1321.28,181.473
1319.06,181.459
1314.56,181.464
1310.05,181.47
1305.29,181.817
1300.84,181.85
1296.47,181.864
1292.11,181.869
1291.15,180.646
1286.56,180.937
1282.22,180.969
1277.98,180.944
1273.73,180.953
1269.51,180.97
1265.26,180.972
1262.29,181.933
1262.19,177.626
1258.09,177.611
1253.9,177.602
1245.75,177.635
1239.02,180.574
1235.67,177.537
1231.69,177.545
1227.67,177.573
1223.64,177.678
1219.75,177.601
1220.79,174.138
1216.83,174.183
1209.97,177.616
1202.23,177.704
1195.79,180.787
1192.02,180.797
1190.14,180.772
1186.6,180.539
1182.65,180.775
1178.94,180.787
1175.24,180.771
1171.56,180.784
1167.9,180.8
1166.08,180.774
1162.44,180.787
1158.81,180.771
1155.23,180.78
1151.65,180.802
1148.09,180.798
1146.48,175.799
1142.92,175.791
1139.38,175.825
1135.83,175.853
1138.84,166.763
1135.19,166.912
1133.44,166.937
1129.88,166.993
1126.31,167.141
1122.76,167.284
1119.22,167.426
1115.67,167.567
1112.18,167.622
1110.16,168.102
1106.96,167.701
1094.66,181.202
1085.22,180.548
1085.73,177.255
1078.99,182.68
1075.74,182.697
1072.51,182.715
1069.3,182.732
1066.05,182.819
1062.86,182.866
1061.24,182.908
1058.07,182.928
1054.91,182.967
1051.78,182.984
1048.65,183.015
1045.51,183.047
1043.53,178.391
1039.17,180.628
1034.66,183.157
1031.59,183.218
1028.53,183.238
1025.48,183.282
1022.45,183.31
1020.92,183.336
1017.91,183.388
1014.89,183.43
1011.9,183.474
1008.9,183.493
1006.6,179.333
1001.51,183.548
998.566,183.555
995.649,183.561
992.731,183.577
991.214,180.725
986.929,183.606
985.478,183.609
982.613,183.62
979.745,183.63
976.869,183.643
975.612,180.163
971.184,183.668
969.763,183.671
966.936,183.69
964.111,183.721
961.282,183.745
958.5,183.753
955.692,183.769
952.91,183.779
951.52,183.795
949.973,180.87
945.98,183.828
943.227,183.849
940.478,183.866
938.342,182.303
934.988,183.909
933.632,183.936
931.538,182.349
928.201,183.957
926.097,182.359
923.402,182.368
920.733,182.317
918.04,182.351
914.44,181.126
911.771,181.153
909.071,181.263
906.022,182.412
903.384,182.46
899.435,182.475
897.089,181.527
894.475,181.549
890.994,184.299
888.389,184.314
885.789,184.342
884.487,184.346
881.906,184.376
879.329,184.403
876.749,184.422
873.608,177.322
871.047,177.313
869.772,177.263
867.19,177.292
864.633,177.252
862.047,177.386
857.633,184.579
855.112,184.598
853.859,184.607
851.348,184.626
848.825,184.655
846.318,184.677
843.831,184.712
841.348,184.656
838.862,184.665
837.6,184.764
835.132,184.793
832.648,184.825
830.175,184.855
827.709,184.877
825.244,184.899
822.791,184.934
821.57,184.951
819.115,184.983
816.68,184.995
814.244,185.023
811.806,185.05
809.371,185.074
806.951,185.102
805.728,185.124
803.312,185.15
800.908,185.165
798.497,185.201
796.085,185.216
793.683,185.251
792.49,185.268
790.092,185.284
787.7,185.305
785.319,185.329
782.936,185.352
780.548,185.369
778.17,185.4
776.984,185.427
774.619,185.473
772.251,185.489
769.88,185.52
767.527,185.557
765.176,185.606
763.995,185.629
761.637,185.67
759.291,185.705
756.939,185.738
754.607,185.776
752.269,185.825
749.925,185.865
748.77,185.919
746.433,185.984
744.105,186.048
741.781,186.111
739.463,186.176
737.135,186.196
734.823,186.219
733.664,186.23
731.354,186.248
729.06,186.282
726.753,186.298
724.438,186.318
722.148,186.355
720.992,186.357
718.699,186.386
716.41,186.412
714.113,186.436
711.828,186.459
709.536,186.484
707.254,186.516
706.104,186.526
703.825,186.548
701.541,186.567
699.276,186.583
696.997,186.596
694.719,186.645
692.453,186.662
691.313,186.679
689.039,186.714
686.771,186.73
684.503,186.77
682.244,186.795
679.973,186.823
677.72,186.85
674.334,186.874
665.314,186.988
663.058,187.029
657.436,187.1
655.183,187.128
652.927,187.158
650.681,187.191
649.563,187.203
647.32,187.233
645.072,187.266
642.829,187.289
640.585,187.332
638.351,187.366
636.109,187.39
634.995,187.399
632.753,187.431
624.825,179.864
622.575,179.856
621.434,179.836
619.167,179.873
616.869,179.862
614.633,179.931
612.356,179.884
610.076,179.955
607.856,180.147
608.14,187.746
603.662,187.814
602.221,190.87
597.728,190.954
595.499,190.941
593.261,190.918
591.01,191.021
589.892,191.039
587.659,191.051
585.424,191.091
583.176,191.124
580.936,191.131
578.69,191.163
577.584,191.184
575.331,191.228
573.085,191.246
570.843,191.287
568.6,191.316
566.358,191.34
564.124,191.377
562.997,191.4
560.739,191.438
558.501,191.467
556.249,191.52
554.011,191.554
551.747,191.574
549.495,191.6
548.373,191.629
546.126,191.668
543.865,191.683
541.616,191.72
539.354,191.743
537.092,191.8
534.839,191.812
533.706,191.82
531.456,191.854
529.183,191.883
526.919,191.923
524.649,191.956
522.381,192.002
520.117,192.04
518.984,192.07
516.729,192.138
514.441,192.176
512.18,192.238
509.908,192.27
507.628,192.314
506.481,192.337
504.208,192.396
501.932,192.44
499.639,192.489
497.352,192.542
495.075,192.604
492.78,192.632
491.643,192.676
448.849,193.751
446.507,193.792
444.17,193.839
441.813,193.882
439.465,193.934
437.098,193.987
434.746,194.033
421.261,185.506
417.569,185.287
414.999,184.947
412.508,184.864
410.059,184.876
407.602,184.906
405.181,184.908
402.711,184.946
401.455,184.966
399.082,185.18
396.621,185.249
388.413,189.779
387.177,189.829
384.702,189.864
382.256,189.93
379.758,189.952
377.288,189.956
374.808,190.034
372.318,190.124
371.086,190.145
368.558,190.182
365.949,195.858
363.442,195.895
360.924,195.901
359.66,195.882
357.147,195.896
354.623,195.918
352.1,195.926
349.568,195.959
347.022,195.97
344.518,196.094
333.972,187.396
331.327,187.414
328.779,187.546
326.136,187.564
324.847,187.546
322.224,187.551
319.566,187.602
316.971,187.639
314.293,187.717
311.722,187.788
309.019,187.84
307.694,187.818
305.023,187.863
302.336,187.879
304.461,196.883
301.818,196.935
298.927,196.528
296.271,196.594
295.151,197
292.469,197.008
289.772,197.022
287.084,197.078
284.392,197.104
281.662,197.138
278.949,197.169
277.589,197.151
274.838,197.19
272.102,197.213
269.362,197.235
259.711,190.576
258.32,190.581
255.513,190.607
252.681,190.659
249.904,190.697
247.02,190.676
244.29,190.891
241.375,190.875
244.132,197.391
241.327,197.455
238.488,197.527
235.651,197.595
232.798,197.626
229.913,197.646
227.02,197.677
225.581,197.694
222.669,197.734
219.767,197.767
216.846,197.794
213.902,197.844
210.971,197.865
209.488,197.902
206.557,197.967
203.617,198.031
200.667,198.127
197.68,198.158
194.682,198.193
191.67,198.246
190.159,198.25
187.121,198.293
177.564,193.767
174.454,193.815
171.341,193.812
168.217,193.854
166.635,193.837
163.545,193.949
157.098,193.88
153.952,193.914
150.319,193.449
147.127,193.475
145.51,193.515
142.473,193.748
143.392,198.841
136.15,197.985
133.722,198.985
132.053,198.993
128.812,199.023
125.511,199.077
110.427,193.298
107.062,193.355
105.413,193.441
101.99,193.493
98.5846,193.472
95.14,193.546
91.6823,193.596
88.264,193.648
91.7477,199.394
88.2999,199.442
84.8295,199.506
81.3584,199.573
77.8715,199.635
74.3805,199.694
70.8825,199.785
69.0777,199.806
65.5388,199.849
61.9598,199.887
58.3675,199.965
54.7054,199.981
51.103,200.012
47.4017,200.053
45.5754,200.064
41.9048,200.15
38.2026,200.197
34.4625,200.219
30.7752,200.299
27.0155,200.386
23.2876,200.451
21.3687,200.484
17.6035,200.56
13.7633,200.628
9.9511,200.674
6.08761,200.745
2.19918,200.811
-1.69887,200.866
-3.6918,200.898
-7.59334,200.985
-11.5431,201.042
-15.5562,201.128
-19.5406,201.178
-23.5336,201.251
-25.6087,201.229
-29.6688,201.332
-33.7483,201.392
-37.8567,201.45
-41.9788,201.518
-46.1409,201.597
-48.2241,201.636
-52.3993,201.712
-56.572,201.826
-60.8423,201.883
-65.0792,201.972
-77.0354,199.368
-75.882,202.145
-80.2111,202.235
-84.6072,202.317
-89.0254,202.377
-93.4465,202.481
-97.9391,202.572
-102.327,202.719
-104.659,202.671
-109.225,202.743
-113.822,202.818
-118.427,202.938
-123.005,203.014
-127.633,203.091
-132.31,203.205
-134.725,203.214
-139.489,203.271
-144.221,203.415
-149.04,203.5
-153.866,203.581
-158.705,203.7
-163.573,203.791
-166.07,203.824
-170.985,203.926
-175.965,204.045
-181.045,204.101
-186.071,204.207
-191.233,204.279
-193.759,204.326
-198.867,204.467
-204.012,204.586
-209.293,204.684
-214.523,204.796
-219.886,204.867
-225.258,204.913
-227.951,204.992
-233.231,205.117
-238.554,205.329
-244.049,205.418
-249.725,205.455
-255.334,205.51
-260.867,205.662
-263.721,205.708
-269.403,205.823
-275.12,205.924
-280.825,206.06
-286.585,206.212
-292.333,206.433
-295.331,206.492
-301.084,206.699
-307.382,206.633
-313.367,206.772
-312.378,211.169
-325.571,207.011
-331.803,207.089
-334.919,207.126
-341.247,207.231
-347.579,207.391
-353.904,207.531
-360.293,207.678
-372.934,204.264
-379.45,204.429
-376.49,208.083
-383.34,208.053
-389.969,208.236
-396.697,208.392
-403.531,208.51
-410.333,208.682
-417.316,208.787
-420.861,208.864
-427.863,209.001
-434.926,209.149
-442.064,209.33
-449.216,209.515
-456.509,209.647
-463.82,209.83
-467.63,209.9
-475.083,210.096
-482.634,210.215
-490.248,210.356
-497.709,210.618
-505.551,210.73
-512.779,211.238
-517.215,211.073
-525.143,211.296
-533.429,211.337
-541.091,211.72
-549.146,211.999
-557.345,212.237
-561.988,212.082
-570.723,212.107
-579.232,212.283
-587.862,212.493
-596.54,212.635
-605.373,212.844
-614.261,213.045
-618.682,213.161
-627.084,213.647
-636.888,213.575
-646.107,213.785
-655.376,214.042
-664.658,214.281
-674.498,214.383
-679.257,214.517
-688.975,214.752
-698.606,215.037
-708.628,215.219
-718.784,215.441
-729.035,215.58
-733.594,216.019
-744.564,215.946
-754.056,216.624
-765.784,216.413
-776.567,216.656
-787.183,216.982
-798.094,217.29
-803.888,217.313
-815.18,217.577
-826.682,217.806
-838.174,218.014
-849.822,218.338
-861.787,218.549
-873.242,219.021
-879.889,218.999
-892.034,219.253
-904.078,219.677
-916.717,219.928
-929.118,220.376
-942.54,220.44
-955.149,220.955
-962.22,220.89
-975.746,221.222
-989.209,221.568
-1003.18,221.795
-1016.96,222.152
-1031.14,222.521
-1045.34,222.824
-1052.65,223.038
-1067.37,223.366
-1082.05,223.781
-1097.42,224.084
-1112.93,224.467
-1128.4,224.788
-1144.21,225.203
-1152.09,225.401
-1168.54,225.707
-1185.05,226.103
-1201.38,226.609
-1218.52,227.028
-1235.05,227.674
-1252.89,227.975
-1261.31,228.308
-1280.55,228.436
-1299.13,228.81
-1316.93,229.556
-1333.45,230.698
-1355.61,230.311
-1365.86,230.415
-1385.19,231.028
-1405.37,231.55
-1426.13,231.895
-1445.98,232.709
-1468.51,232.865
-1489.82,233.599
-1501.06,233.717
-1523.48,234.166
-1545.5,234.968
-1568.31,235.642
-1592.99,235.977
-1617.19,236.558
-1641.98,237.036
-1654.53,237.374
-1679.65,238.021
-1705.53,238.758
-1732.23,239.329
-1759.12,239.961
-1786.69,240.548
-1814.43,241.322
-1825.66,242.31
-1857.93,242.473
-1887.73,243.065
-1917.42,243.893
-1948.86,244.744
-1980.79,245.418
-2012.2,246.399
-2029.88,246.568
-2063.69,247.48
-2097.94,248.421
-2133.58,249.171
-2169.46,250.073
-2207.14,250.953
-2225.66,251.568
-2264.55,252.286
-2304.28,253.334
-2345.12,254.263
-2386.09,255.387
3908.99,183.002
3857.25,183.086
3801.66,188.185
3754.41,188.131
3708.29,187.979
3663.95,187.825
3598.49,184.074
3497.96,183.601
3460.48,183.323
3420.04,183.552
3332.26,193.131
3297.27,192.991
3280.18,192.95
3246.18,192.731
3213.32,192.559
3181.05,185.919
3149.11,185.943
3119.08,185.687
3105.29,185.394
3074.54,185.531
3019.92,184.772
2991.5,184.77
2963.89,184.826
2950.28,184.728
2925.07,184.437
2898.71,184.496
2873.19,184.381
2820.94,190.749
2797.01,190.642
2773.62,190.54
2761.93,190.495
2739.25,190.446
2716.89,190.306
2694.99,190.225
2673.43,190.124
2652.35,189.996
2631.7,189.922
2621.42,189.856
2601.25,189.743
2581.51,189.659
2561.86,189.614
2542.8,189.501
2523.9,189.419
2505.38,189.338
2496.25,189.352
2478.34,189.246
2460.54,189.2
2443.02,189.09
2425.87,189.055
2408.96,188.99
2400.6,188.959
2384.02,188.879
2405.66,172.624
2389.51,172.61
2373.1,172.58
2357.31,172.553
2349.15,172.591
2333.44,172.757
2318.09,172.74
2303.03,172.701
2287.75,172.771
2272.1,173.099
2257.22,173.239
2250.2,173.191
2191.02,188.123
2177.65,188.071
2164.42,188.063
2151.5,187.996
2138.63,187.934
2125.93,187.919
2119.6,187.879
2107.21,187.873
2094.91,187.806
2082.86,187.766
2070.99,187.72
2059.14,187.676
2053.36,187.696
2041.82,187.64
2030.43,187.624
2019.12,187.569
2008.05,187.569
1993.77,184.634
1988.36,184.591
1970.21,187.447
1959.69,187.418
1949.33,187.375
1939.07,187.329
1928.89,187.327
1918.85,187.291
1913.94,187.258
1904.08,187.224
1894.37,187.224
1884.71,187.18
1875.21,187.173
1865.79,187.164
1861.09,187.126
1851.88,187.119
1842.72,187.087
1833.69,187.056
1824.8,187.027
1815.91,187
1807.22,186.97
1802.88,186.934
1794.22,186.926
1785.71,186.921
1777.27,186.906
1768.89,186.872
1760.7,186.849
1756.53,186.861
1748.39,186.824
1740.38,186.798
1732.43,186.794
1724.63,186.738
1716.81,186.712
1709.07,186.67
1705.28,186.645
1697.66,186.63
1690.14,186.628
1682.68,186.599
1675.27,186.582
1667.96,186.574
1660.69,186.544
1657.12,186.519
1649.96,186.533
1642.84,186.487
1635.86,186.46
1628.87,186.457
1622.01,186.452
1615.19,186.436
1611.78,186.41
1605.06,186.398
1598.36,186.403
1591.76,186.372
1585.15,186.337
1578.63,186.331
1570.89,185.297
1564.63,185.179
1556.36,186.27
1550.1,186.243
1543.94,186.246
1537.77,186.204
1534.72,186.211
1528.64,186.206
1522.63,186.188
1516.61,186.173
1510.72,186.149
1504.82,186.155
1498.97,186.147
1496.09,186.124
1490.33,186.117
1484.57,186.119
1478.91,186.114
1473.26,186.084
1467.7,186.082
1462.15,186.084
1459.38,186.053
1453.89,186.067
1455.83,177.916
1450.31,178.008
1444.73,178.026
1436.92,177.868
1431.71,177.874
1430.12,175.43
1421.21,177.839
1403.81,185.988
1398.72,185.997
1402.82,178.067
1397.7,178.06
1392.24,178.377
1376.32,185.946
1371.41,185.965
1368.98,185.983
1375.33,178.061
1370.42,178.044
1365.71,178.049
1360.78,178.061
1355.93,178.124
1340.38,185.974
1338.05,185.99
1333.42,185.976
1328.86,185.974
1324.26,185.966
1319.73,185.965
1315.19,185.985
1310.69,185.993
1308.45,185.996
1304.03,185.971
1305.93,177.662
1301.83,177.405
1286.84,185.721
1282.09,186.073
1280.02,186.016
1275.77,185.996
1271.51,186.032
1271.45,182.668
1263.04,182.642
1256.83,182.625
1252.72,182.601
1248.6,182.646
1244.53,182.599
1236.57,182.493
1234.53,182.5
1226.46,182.555
1222.51,182.575
1218.6,182.507
1218.55,179.08
1214.42,179.303
1205.44,185.595
1205,182.535
1201.17,182.526
1197.35,182.528
1193.48,182.556
1186.78,185.258
1150,185.419
1146.43,185.399
1144.29,180.499
1142.47,180.51
1138.96,180.496
1135.4,180.514
1140.59,171.554
1136.99,171.596
1133.42,171.637
1131.51,171.817
1128.01,171.858
1124.34,172.047
1120.85,172.086
1117.26,172.198
1113.81,172.239
1109.89,172.785
1092.29,186.56
1089.01,186.57
1087.15,185.003
1086.74,181.778
1083.39,181.79
1077.59,186.601
1074.32,186.604
1071.12,186.618
1067.88,186.628
1064.7,186.635
1061.52,186.649
1058.34,186.648
1056.76,186.654
1053.61,186.662
1050.48,186.671
1047.34,186.704
1044.22,186.712
1041.24,182.755
1037.95,184.945
1033.44,186.732
1030.36,186.75
1027.33,186.748
1024.3,186.766
1021.28,186.762
1018.27,186.786
1016.76,186.77
1013.75,186.8
1010.77,186.805
1007.25,183.56
1004.25,183.598
1000.39,186.845
997.464,186.854
994.531,186.875
990.108,184.925
985.805,186.903
982.923,186.928
981.471,186.931
978.574,186.967
977.549,184.297
974.694,184.338
970.005,187.03
967.153,187.066
964.341,187.078
962.934,187.087
960.091,187.1
957.284,187.135
954.464,187.18
951.666,187.213
948.935,184.979
944.712,187.309
941.941,187.333
939.786,186.379
936.449,187.379
933.716,187.385
931.606,186.396
929.619,187.448
924.853,186.377
920.103,185.307
917.374,185.352
914.735,185.345
913.443,185.264
910.714,185.383
907.488,186.39
904.807,186.436
901.34,187.935
899.551,186.415
896.129,185.479
893.472,185.536
889.537,188.032
886.938,188.047
884.347,188.057
881.767,188.095
880.462,188.093
877.893,188.111
875.309,188.134
873.555,181.319
870.965,181.307
868.404,181.273
867.154,181.267
864.484,181.473
861.971,181.368
856.21,188.273
853.687,188.295
851.175,188.313
848.657,188.343
847.417,188.345
844.895,188.373
842.4,188.389
839.91,188.413
837.417,188.438
834.945,188.443
833.704,188.449
831.236,188.465
828.766,188.491
826.311,188.517
823.846,188.543
821.395,188.563
818.95,188.577
817.725,188.584
815.285,188.572
812.86,188.593
810.423,188.594
808.014,188.608
805.575,188.631
804.368,188.636
801.946,188.676
799.556,188.659
797.126,188.731
794.714,188.761
792.314,188.798
789.909,188.817
788.72,188.841
786.317,188.861
783.93,188.876
781.563,188.896
779.182,188.911
776.798,188.936
774.424,188.951
773.24,188.97
770.878,188.998
768.518,189.001
766.161,189.035
763.814,189.067
761.464,189.084
759.097,189.106
757.935,189.121
755.59,189.156
753.246,189.19
750.899,189.204
748.572,189.201
746.259,189.216
743.913,189.243
742.75,189.255
740.424,189.273
738.116,189.307
735.803,189.327
733.469,189.347
731.171,189.371
730.01,189.383
727.711,189.394
725.395,189.421
723.1,189.445
720.786,189.459
718.488,189.495
716.191,189.513
715.05,189.524
712.753,189.547
710.461,189.548
708.185,189.592
705.897,189.617
703.601,189.647
702.471,189.668
700.175,189.695
697.897,189.714
695.624,189.738
688.802,189.817
685.393,189.851
683.128,189.885
680.861,189.902
678.61,189.935
676.344,189.956
674.082,189.975
672.954,189.996
670.684,190.028
668.429,190.036
666.176,190.059
663.923,190.091
661.66,190.127
659.419,190.151
658.284,190.159
651.537,190.216
649.282,190.288
647.04,190.295
645.92,190.311
643.669,190.333
641.416,190.369
639.181,190.384
636.927,190.404
634.694,190.432
632.453,190.456
631.335,190.49
629.092,190.504
622.637,183.432
620.343,183.349
619.208,183.387
616.97,183.624
614.698,183.648
612.428,183.615
610.171,183.612
607.885,183.711
605.564,190.823
604.449,190.837
602.344,194.458
600.096,194.502
597.866,194.515
595.625,194.552
593.373,194.584
591.133,194.621
590.019,194.642
585.536,194.674
583.293,194.708
581.03,194.71
578.795,194.77
576.557,194.797
575.432,194.825
573.189,194.858
570.949,194.891
568.703,194.939
566.47,194.984
564.211,195.014
561.963,195.067
560.848,195.105
558.604,195.111
556.34,195.158
554.089,195.178
551.836,195.219
549.596,195.245
547.329,195.287
546.221,195.314
543.958,195.345
541.7,195.392
539.447,195.43
537.187,195.45
534.929,195.501
533.792,195.507
531.542,195.567
529.257,195.584
527,195.619
524.717,195.635
522.455,195.676
520.186,195.717
519.054,195.738
516.783,195.774
514.507,195.82
512.225,195.86
509.946,195.901
507.675,195.952
506.55,196.004
504.262,196.05
501.998,196.111
499.715,196.167
497.421,196.23
495.154,196.293
492.851,196.336
491.707,196.369
489.42,196.415
487.117,196.473
484.832,196.536
482.538,196.583
480.229,196.632
477.924,196.676
476.773,196.711
474.471,196.774
472.161,196.821
469.849,196.885
467.538,196.948
465.22,196.991
462.891,197.047
461.742,197.084
459.405,197.132
457.079,197.192
454.757,197.241
452.427,197.288
450.077,197.354
448.916,197.387
446.577,197.435
444.23,197.494
441.88,197.548
439.533,197.606
434.825,197.723
433.627,197.741
431.281,197.797
419.855,189.896
417.405,189.917
414.62,189.312
413.359,189.23
410.895,189.245
408.523,189.371
405.997,189.332
403.525,189.309
401.044,189.358
398.631,189.428
397.51,189.614
395.073,189.788
395.425,198.796
387.752,194.226
386.501,194.244
384.044,194.31
381.577,194.345
379.079,194.377
376.611,194.396
374.143,194.51
371.653,194.589
370.422,194.602
341.844,192.161
339.255,192.168
337.635,191.755
335.204,191.989
338.448,200.39
335.864,200.405
325.371,192.994
322.066,192.16
320.757,192.147
318.166,192.216
315.517,192.274
312.886,192.336
310.342,192.575
313.805,200.762
311.192,200.838
309.876,200.852
307.257,200.918
304.633,200.987
301.983,201.048
299.344,201.105
296.69,201.159
295.362,201.21
292.69,201.256
290.023,201.331
287.33,201.375
284.669,201.462
281.967,201.525
279.265,201.581
277.9,201.619
275.176,201.671
272.478,201.752
261.408,195.219
258.585,195.249
255.742,195.257
254.364,195.309
251.575,195.362
248.708,195.366
245.839,195.397
243.112,195.625
245.929,202.089
238.845,195.683
241.703,202.183
238.882,202.266
236.029,202.316
233.159,202.36
230.268,202.414
227.385,202.45
225.931,202.456
223.023,202.501
220.091,202.55
217.156,202.591
214.229,202.641
211.281,202.679
208.345,202.752
206.88,202.798
203.94,202.87
200.988,202.946
197.994,203.008
194.986,203.055
191.97,203.105
188.939,203.163
179.801,198.664
176.656,198.648
173.573,198.725
170.447,198.758
167.329,198.831
165.768,198.831
162.448,198.748
159.382,198.879
155.582,198.317
152.404,198.328
149.153,198.398
145.987,198.45
144.336,198.461
141.196,198.594
141.784,202.178
136.107,203.038
133.89,204.028
132.231,204.051
128.953,204.093
115.788,198.373
112.366,198.375
109.042,198.48
105.7,198.563
103.957,198.559
100.528,198.609
97.1038,198.671
93.6359,198.732
90.2709,198.798
86.8416,198.951
90.0554,204.628
88.3262,204.649
84.8591,204.7
81.3884,204.787
77.8824,204.861
74.4167,204.963
70.8657,205.039
65.5272,205.125
62.0138,205.259
58.3526,205.264
54.694,205.295
51.0165,205.348
47.3938,205.45
43.7444,205.522
41.8649,205.542
38.1382,205.591
34.4428,205.665
30.7369,205.757
26.9261,205.823
23.2035,205.926
21.2711,205.953
17.4165,205.995
13.6104,206.1
9.80275,206.18
5.91543,206.266
2.01986,206.325
0.0676551,206.368
-3.83888,206.446
-7.76516,206.535
-11.7212,206.63
-15.7072,206.727
-19.7802,206.775
-23.7972,206.863
-25.846,206.904
-29.8917,206.98
-33.9846,207.086
-38.0835,207.166
-42.2357,207.257
-46.3978,207.351
-50.6165,207.42
-52.7192,207.444
-56.9338,207.537
-61.1848,207.64
-65.4208,207.754
-73.8432,205.154
-78.1679,205.24
-82.4295,205.429
-80.5021,208.146
-84.9693,208.214
-89.3351,208.324
-93.8171,208.414
-98.2759,208.53
-102.768,208.608
-107.314,208.715
-109.646,208.725
-114.238,208.814
-118.823,208.948
-123.482,209.044
-128.113,209.164
-132.887,209.254
-135.223,209.318
-139.922,209.439
-144.756,209.53
-149.551,209.639
-154.344,209.782
-159.264,209.862
-164.177,210.005
-166.676,210.043
-171.626,210.161
-176.57,210.314
-181.607,210.414
-186.466,210.666
-191.604,210.765
-196.831,210.853
-199.289,210.956
-204.721,210.991
-209.973,211.075
-215.233,211.197
-220.616,211.319
-225.447,211.733
-228.127,211.763
-228.064,214.862
-233.363,215.053
-244.635,212.122
-250.27,212.184
-256.139,212.153
-261.714,212.335
-264.414,212.492
-269.909,212.713
-275.951,212.656
-281.725,212.822
-287.522,212.958
-293.378,213.135
-299.094,213.38
-302.208,213.379
-308.084,213.604
-314.51,213.611
-320.568,213.763
-326.761,213.892
-332.87,214.093
-339.211,214.189
-342.135,214.37
-348.189,214.678
-354.951,214.681
-361.516,214.764
-368.09,214.889
-381.907,211.682
-381.179,215.291
-384.462,215.356
-391.256,215.487
-397.993,215.706
-404.802,215.861
-411.724,216.033
-418.709,216.196
-425.649,216.39
-429.084,216.561
-435.737,216.897
-443.272,216.939
-450.26,217.273
-457.715,217.39
-464.675,217.78
-469.152,217.524
-476.66,217.738
-484.21,217.921
-491.921,218.095
-499.591,218.316
-507.205,218.57
-515.194,218.763
-519.256,218.837
-527.23,219.081
-535.246,219.301
-543.373,219.526
-551.562,219.805
-560.089,219.927
-568.223,220.27
-572.761,220.237
-581.401,220.466
-589.931,220.742
-598.413,221.046
-607.084,221.316
-616.195,221.465
-620.761,221.635
-629.722,221.912
-638.514,222.292
-647.409,222.662
-657.199,222.78
-667.217,222.859
-676.917,223.127
-681.606,223.238
-691.442,223.528
-699.991,224.257
-710.913,224.137
-721.429,224.294
-731.638,224.65
-741.877,224.935
-746.82,225.19
-757.838,225.31
-768.613,225.599
-779.35,225.932
-789.954,226.296
-801.331,226.574
-812.517,226.829
-817.594,227.211
-829.452,227.426
-840.555,227.885
-853.031,227.996
-864.95,228.288
-877.009,228.621
-888.609,229.158
-895.325,229.193
-907.982,229.482
-920.438,229.853
-933.221,230.257
-946.274,230.594
-958.909,231.133
-972.715,231.365
-979.523,231.491
-993.148,231.93
-1007.04,232.335
-1020.8,232.732
-1035.03,233.228
-1049.45,233.593
-1063.69,234.217
-1070.8,234.411
-1085.67,234.907
-1101.8,235.09
-1117.54,235.514
-1132.89,236.045
-1146.83,236.982
-1157.1,236.724
-1173.48,237.139
-1190.08,237.595
-1206.64,238.179
-1223.36,238.789
-1240.77,239.205
-1257.05,240.17
-1267.78,240.053
-1285.03,240.654
-1302.29,241.531
-1323.36,241.514
-1339.9,242.627
-1360.64,242.939
-1379.18,243.787
-1391.67,243.633
-1410.08,244.565
-1432.66,244.808
-1450.16,246.186
-1475.25,246.055
-1493.93,247.363
-1519.61,247.34
-1530.67,247.697
-1553.82,248.334
-1576.43,249.092
-1600.71,249.865
-1625.06,250.481
-1650.03,251.241
-1674.97,252.038
-1688.23,252.402
-1713.17,253.295
-1741.1,253.852
-1768.18,254.728
-1796.11,255.546
-1824.07,256.39
-1838.26,256.989
-1863.37,258.542
-1893.88,259.351
-1927.92,259.646
-1958.95,260.709
-1991.11,261.634
-2024.74,262.455
-2040.92,263.053
-2074.3,264.193
-2109.44,265.257
-2145.21,266.326
-2179.03,267.875
-2219.66,268.346
-2258.17,269.678
-2277.5,270.285
-2316.97,271.454
-2352.34,273.53
-2401.01,273.886
3868.33,208.115
3813.5,204.236
3748.15,207.212
3681.38,201.77
3644.92,200.073
3602.61,199.751
3551.27,201.308
3452.47,208.922
3451.85,200.792
3377.78,208.163
3341.6,207.87
3306.28,207.478
3289.21,207.248
3255.12,207.032
3240.29,202.444
3208.67,201.989
3177.27,201.521
3144.57,201.613
3100.89,200.698
3042.56,200.135
3014,199.929
2986.19,199.718
2959.87,199.244
2932.99,199.113
2919.56,199.11
2843.55,198.442
2802.95,202.739
2779.25,202.502
2756.25,202.34
2744.8,202.228
2722.25,202.007
2700.28,201.833
2678.57,201.575
2657.36,201.42
2636.56,201.203
2626.06,201.169
2605.9,200.917
2586,200.77
2566.37,200.591
2547.14,200.415
2528.11,200.225
2509.63,200.081
2500.35,200
2482.38,199.828
2464.48,199.631
2446.96,199.479
2429.85,199.349
2412.76,199.174
2431.02,184.078
2414.74,183.8
2398.01,183.782
2381.6,183.778
2365.43,183.765
2349.15,183.736
2333.54,183.643
2325.72,183.702
2310.54,183.526
2295.54,183.448
2280.78,183.365
2228.52,197.541
2214.73,197.412
2207.72,197.393
2194.15,197.274
2180.72,197.144
2167.54,197.031
2154.38,196.907
2141.45,196.832
2128.85,196.697
2122.58,196.692
2110.1,196.569
2097.87,196.479
2085.72,196.383
2073.8,196.264
2061.92,196.171
2050.3,196.084
2044.49,196.019
2033.08,195.96
2021.83,195.827
2010.66,195.749
1992.47,193.943
1983.38,195.561
1972.64,195.502
1962.05,195.443
1951.67,195.353
1941.42,195.262
1931.2,195.201
1921.11,195.113
1916.2,195.102
1906.27,195.008
1896.53,194.924
1886.86,194.889
1877.3,194.798
1867.92,194.724
1863.19,194.686
1853.99,194.66
1844.84,194.553
1835.63,194.521
1826.73,194.465
1817.85,194.374
1809.13,194.307
1804.7,194.272
1796.11,194.234
1787.6,194.176
1779.1,194.112
1770.69,194.057
1762.44,194.036
1754.25,193.958
1750.1,193.918
1742.08,193.914
1734.09,193.838
1726.2,193.794
1718.33,193.725
1710.6,193.701
1702.86,193.658
1699.09,193.632
1691.52,193.565
1684.05,193.499
1676.6,193.485
1669.28,193.432
1661.98,193.394
1658.38,193.345
1651.17,193.309
1644.07,193.285
1637.03,193.219
1630.01,193.21
1623.13,193.14
1616.27,193.086
1612.9,193.04
1606.22,192.993
1599.54,192.95
1592.91,192.886
1599.59,179.743
1570.62,192.398
1563.84,192.634
1557.5,192.63
1551.21,192.567
1545,192.53
1538.85,192.493
1532.72,192.443
1529.68,192.403
1523.66,192.377
1517.67,192.337
1511.75,192.294
1505.83,192.276
1499.99,192.226
1497.07,192.21
1491.29,192.174
1485.58,192.132
1479.87,192.101
1474.21,192.114
1478.42,184.641
1472.75,184.644
1469.89,184.607
1464.34,184.577
1458.84,184.566
1453.37,184.524
1447.87,184.53
1440.01,184.387
1434.48,184.511
1427.3,181.742
1418.85,184.272
1413.54,184.326
1405.63,184.451
1400.54,184.377
1395.47,184.404
1385.54,184.284
1380.61,184.242
1375.66,184.25
1373.21,184.229
1368.35,184.208
1363.6,184.071
1358.66,184.187
1353.93,184.152
1349.09,184.15
1336.46,191.418
1334.13,191.423
1329.54,191.382
1324.96,191.366
1320.39,191.376
1315.87,191.355
1311.39,191.343
1309.15,191.332
1308.49,183.292
1304.01,183.285
1291.53,191.26
1287.18,191.225
1282.87,191.205
1280.71,191.203
1276.43,191.205
1272.2,191.172
1267.97,191.171
1263.77,191.141
1259.59,191.127
1253.36,191.098
1249.24,191.085
1247.78,188.304
1243.69,188.304
1239.66,188.228
1235.68,188.142
1233.65,188.136
1229.62,188.202
1221.54,188.319
1216.88,184.631
1209.92,188.106
1205.49,190.959
1201.63,190.939
1197.81,190.941
1196.48,188
1190.22,190.964
1186.61,190.727
1182.65,190.949
1180.77,190.981
1177.05,190.982
1173.31,191.006
1169.64,191.008
1165.96,190.988
1162.29,191.017
1160.45,191.036
1156.81,191.044
1153.22,191.064
1149.62,191.089
1146.54,185.765
1142.91,185.746
1141.19,185.761
1137.65,185.779
1134.04,185.849
1130.56,185.821
1129.92,176.971
1127.98,177.292
1124.71,176.965
1111.39,190.93
1107.98,190.932
1104.61,190.945
1101.06,191.229
1097.71,191.205
1096.05,191.202
1092.75,191.2
1089.45,191.218
1086.89,190.095
1085.62,186.997
1079.63,191.216
1076.37,191.213
1074.76,191.214
1071.51,191.19
1068.32,191.206
1065.1,191.191
1061.94,191.2
1058.74,191.209
1055.58,191.192
1054.02,191.205
1050.87,191.198
1047.74,191.203
1043.55,187.711
1039.15,189.986
1036.89,191.212
1033.82,191.189
1030.76,191.213
1027.7,191.194
1024.66,191.198
1021.64,191.207
1018.6,191.222
1017.12,191.213
1014.1,191.21
1011.13,191.217
1006.65,188.412
1002.21,191.225
999.261,191.234
997.795,191.236
994.881,191.238
992.696,189.743
989.768,189.745
986.137,191.253
983.249,191.26
981.813,191.247
977.086,189.022
973.201,191.291
970.346,191.285
967.51,191.287
964.682,191.293
963.267,191.297
960.469,191.315
957.65,191.309
954.855,191.318
952.071,191.335
950.016,189.626
946.496,191.338
945.126,191.355
942.374,191.348
939.623,191.357
931.538,191.063
930.199,191.04
927.341,191.409
924.629,191.398
919.681,190.185
917.113,189.934
914.425,189.927
913.132,189.774
910.389,189.965
907.212,191.46
904.563,191.481
901.929,191.499
897.124,190.087
895.791,190.101
892.716,191.55
890.107,191.552
887.513,191.558
884.899,191.581
882.312,191.581
879.728,191.598
878.433,191.614
875.863,191.637
873.274,191.663
869.817,185.773
867.204,185.776
865.927,185.751
863.356,185.787
859.236,191.76
856.708,191.772
854.168,191.8
851.653,191.808
849.149,191.82
847.889,191.828
845.386,191.863
842.876,191.87
840.375,191.874
837.905,191.895
835.413,191.915
834.177,191.914
831.686,191.925
829.215,191.945
826.751,191.959
824.284,191.985
821.84,191.995
819.376,192.019
818.149,192.021
815.697,192.049
813.266,192.069
810.832,192.089
808.385,192.103
805.971,192.116
803.551,192.127
802.329,192.143
799.913,192.157
797.499,192.183
795.087,192.212
792.689,192.228
790.28,192.235
787.902,192.263
786.694,192.273
784.305,192.283
781.918,192.285
779.538,192.31
777.169,192.326
774.78,192.356
772.422,192.367
771.24,192.391
768.854,192.405
766.497,192.421
764.146,192.45
761.778,192.46
759.423,192.484
758.249,192.508
755.922,192.518
753.574,192.531
751.219,192.548
748.885,192.582
746.561,192.619
744.213,192.644
743.055,192.654
740.731,192.674
738.412,192.692
736.082,192.723
733.758,192.768
731.451,192.783
730.289,192.809
727.985,192.816
725.661,192.839
723.362,192.891
721.045,192.913
718.741,192.952
716.452,192.96
715.295,192.982
713.008,193.012
710.71,193.036
708.426,193.065
706.121,193.082
703.839,193.118
701.555,193.154
700.416,193.176
698.126,193.208
695.854,193.24
693.583,193.265
691.305,193.288
689.024,193.32
686.754,193.361
685.622,193.372
683.351,193.412
681.073,193.435
678.805,193.465
676.547,193.51
674.274,193.533
673.143,193.557
670.882,193.589
668.637,193.623
666.37,193.637
664.105,193.673
661.863,193.699
659.602,193.73
658.469,193.755
656.214,193.783
651.717,193.802
649.458,193.797
647.209,193.906
646.1,193.924
643.847,193.97
641.604,193.982
639.355,194.002
637.112,194.027
634.865,194.052
632.606,194.08
625.967,187.576
623.706,187.604
621.455,187.657
619.18,187.673
616.921,187.742
615.777,187.741
613.491,187.78
611.261,187.963
608.984,187.921
607.951,194.38
605.699,194.422
604.593,194.433
602.063,198.476
600.942,198.506
598.702,198.535
596.46,198.567
594.198,198.591
591.961,198.633
589.727,198.652
587.478,198.694
586.345,198.702
584.11,198.726
581.857,198.741
579.623,198.782
577.37,198.822
575.117,198.869
572.879,198.902
571.747,198.924
569.504,198.96
567.252,198.988
564.999,199.036
560.5,199.095
559.385,199.142
557.128,199.166
554.864,199.222
552.625,199.252
550.354,199.282
548.102,199.324
545.851,199.327
544.71,199.375
542.445,199.41
540.204,199.453
537.933,199.493
535.671,199.514
533.417,199.556
532.271,199.583
530.009,199.628
527.733,199.665
525.469,199.711
523.195,199.755
520.923,199.793
518.645,199.843
517.506,199.855
515.245,199.908
512.953,199.931
510.68,199.972
508.397,200.027
506.124,200.074
503.831,200.114
502.693,200.154
500.398,200.2
498.115,200.228
495.809,200.275
493.518,200.34
491.226,200.391
488.935,200.452
487.786,200.484
485.473,200.535
483.17,200.586
480.869,200.633
478.547,200.698
476.253,200.758
475.089,200.784
472.777,200.854
470.452,200.909
468.13,200.959
465.808,201.021
463.496,201.079
461.17,201.141
460.001,201.184
457.683,201.24
455.332,201.285
452.989,201.345
450.658,201.402
448.312,201.469
445.96,201.524
444.79,201.565
442.44,201.624
440.084,201.664
437.727,201.741
435.366,201.791
432.957,201.77
430.631,201.931
429.441,201.972
427.062,202.035
424.705,202.118
422.321,202.209
414.856,194.331
413.573,194.274
411.164,194.3
408.69,194.314
406.227,194.33
403.796,194.325
401.319,194.385
398.882,194.418
397.651,194.563
395.214,194.645
392.836,194.914
393.441,203.017
391.013,203.096
382.778,188.426
381.505,188.397
378.979,188.313
376.412,188.262
373.79,188.12
371.207,188.123
368.643,188.038
366.029,188.025
364.692,188.002
362.145,187.905
359.502,187.967
356.94,187.932
354.361,187.984
351.776,187.965
349.193,188.007
347.849,187.96
345.246,188.004
342.684,188.059
340.046,188.085
337.361,188.14
334.759,188.184
332.175,188.222
330.818,188.25
328.222,188.283
325.538,188.335
322.938,188.373
320.285,188.475
317.605,188.594
316.29,188.54
313.591,188.719
310.976,188.756
308.305,188.917
305.696,189.03
303.016,189.139
300.353,189.297
298.996,189.369
296.313,189.419
293.6,189.465
299.841,205.728
297.174,205.801
294.527,205.871
291.851,205.946
290.502,205.972
287.813,206.039
285.137,206.094
282.43,206.154
279.723,206.217
277.011,206.284
275.638,206.307
272.926,206.385
260.921,200.54
258.129,200.557
255.285,200.591
253.921,200.619
251.08,200.71
248.301,200.796
245.491,200.9
242.747,201.152
239.965,201.32
240.995,207.241
239.591,207.277
236.751,207.375
233.912,207.437
231.059,207.53
228.196,207.614
225.32,207.692
222.446,207.779
220.975,207.805
218.077,207.867
215.156,207.936
212.241,207.994
209.291,208.074
206.361,208.161
204.906,208.212
201.958,208.327
198.971,208.363
195.975,208.435
192.964,208.479
189.949,208.548
178.774,204.063
175.735,204.161
172.632,204.22
169.517,204.33
166.418,204.385
164.814,204.374
161.669,204.426
158.413,204.377
154.869,203.943
151.666,203.988
148.496,204.048
145.25,204.109
143.642,204.167
140.479,204.308
137.258,204.406
137.534,208.638
135.11,209.623
131.866,209.698
118.548,204.074
115.203,204.131
111.861,204.164
108.496,204.298
105.166,204.43
101.776,204.433
100.002,204.439
96.5754,204.507
93.1588,204.609
89.7241,204.733
91.5002,210.388
88.0772,210.485
84.6018,210.566
82.8553,210.564
79.3644,210.665
75.8465,210.734
72.3765,210.846
68.8548,210.966
65.3272,211.091
63.4836,211.045
59.9466,211.173
56.2808,211.223
52.6492,211.297
49.0277,211.399
45.3656,211.457
43.4653,211.476
39.8249,211.589
36.146,211.675
32.4245,211.745
28.6402,211.85
24.9124,211.943
21.1268,212.035
19.2598,212.116
15.4191,212.197
11.5896,212.263
7.75524,212.378
3.8595,212.47
-0.0325451,212.56
-3.92358,212.692
-5.92008,212.729
-9.8357,212.791
-13.8287,212.894
-17.8408,212.98
-21.8289,213.082
-25.8384,213.218
-29.9674,213.277
-31.974,213.346
-36.0752,213.457
-40.2125,213.536
-44.3618,213.648
-48.5102,213.752
-52.7177,213.869
-56.9026,213.995
-59.0267,214.033
-63.3051,214.155
-75.1242,211.722
-83.7617,212.065
-82.7585,214.697
-87.089,214.852
-91.5266,214.952
-95.9844,215.089
-100.378,215.252
-105.001,215.32
-109.536,215.435
-111.84,215.474
-116.419,215.613
-120.835,215.89
-125.608,215.894
-130.299,216.03
-135.024,216.129
-139.769,216.256
-142.19,216.309
-146.997,216.443
-151.809,216.555
-156.663,216.691
-161.516,216.825
-166.455,216.978
-168.883,217.097
-173.799,217.276
-178.782,217.405
-183.902,217.491
-189.06,217.601
-194.135,217.788
-199.298,217.92
-201.92,217.956
-207.046,218.164
-212.345,218.309
-217.561,218.494
-222.88,218.627
-228.255,218.794
-233.443,219.063
-236.291,219.058
-241.812,219.216
-247.322,219.338
-252.486,219.794
-258.28,219.77
-264.181,219.825
-269.686,220.073
-272.641,220.09
-278.354,220.324
-284.074,220.521
-289.869,220.712
-295.644,220.981
-301.898,220.97
-307.845,221.102
-310.788,221.256
-316.895,221.397
-323.065,221.576
-329.199,221.759
-335.473,221.945
-341.353,222.323
-347.91,222.354
-351.042,222.522
-357.549,222.663
-364.068,222.815
-376.707,219.648
-377.02,223.264
-383.69,223.444
-387.19,223.487
-393.847,223.758
-400.585,223.953
-407.378,224.186
-414.412,224.37
-421.341,224.58
-428.303,224.799
-431.886,224.918
-439.065,225.106
-446.252,225.341
-453.411,225.629
-460.779,225.836
-468.225,226.08
-475.678,226.286
-479.498,226.429
-486.953,226.742
-494.052,227.204
-502.373,227.178
-510.26,227.419
-518.129,227.644
-522.12,227.75
-530.093,228.065
-538.184,228.259
-546.342,228.578
-554.155,229.074
-562.939,229.101
-571.075,229.535
-575.694,229.47
-584.255,229.772
-592.848,230.078
-601.622,230.378
-610.434,230.661
-619.382,230.989
-628.469,231.276
-633.027,231.415
-642.293,231.715
-651.557,231.975
-660.924,232.332
-670.463,232.64
-679.912,233.038
-689.749,233.339
-693.774,233.843
-704.735,233.743
-714.525,234.137
-724.67,234.474
-734.927,234.844
-745.45,235.155
-755.876,235.451
-761.302,235.668
-771.521,236.217
-781.919,236.782
-793.582,236.81
-804.939,237.084
-816.151,237.527
-826.207,238.438
-833.309,238.137
-844.802,238.471
-855.488,239.375
-868.355,239.385
-880.547,239.802
-892.686,240.257
-905.41,240.564
-911.746,240.737
-924.34,241.201
-937.314,241.578
-949.879,242.201
-963.528,242.508
-976.6,243.118
-983.245,243.364
-997.301,243.73
-1011.15,244.207
-1025.1,244.706
-1039.49,245.172
-1053.17,245.954
-1066.72,246.785
-1075.45,246.754
-1091.03,247.042
-1106.36,247.537
-1121.83,248.093
-1137.51,248.634
-1153.46,249.221
-1169.89,249.784
-1177.95,250.136
-1193.95,250.9
-1210.99,251.438
-1228.86,251.801
-1246.3,252.46
-1263.03,253.409
-1282.36,253.701
-1291.52,254.051
-1310.01,254.713
-1327.88,255.654
-1348.01,256.078
-1367.11,256.826
-1387.15,257.521
-1406.73,258.456
-1417.81,258.594
-1438.61,259.316
-1459.87,260.016
-1481.57,260.74
-1503.17,261.69
-1525.03,262.508
-1536.86,262.798
-1560.02,263.62
-1583.38,264.483
-1631.78,266.278
-1656.75,267.191
-1682.29,268.051
-1694.6,268.673
-1720.64,269.658
-1748.01,270.473
-1775.02,271.478
-1803.3,272.492
-1831.87,273.559
-1860.82,274.6
-1875.68,275.114
-1905.46,276.2
-1936.19,277.387
-1968.03,278.515
-1996.46,280.401
-2033,280.869
-2067.46,282.075
-2084.1,282.766
-2118.68,284.055
-2155.36,285.305
-2191.13,286.895
-2228.96,288.121
-2267.92,289.602
-2305.88,291.34
-2322.68,292.648
-2368.92,293.284
-2408.66,295.349
-2447.22,297.669
3844.05,229.882
3814.73,226.279
3801.92,224.273
3707.4,223.311
3669.14,221.557
3629.71,220.383
3583.54,220.462
3540.83,220.118
3512.68,221.226
3442.41,225.885
3404.9,225.245
3367.84,224.739
3332.39,224.151
3297.24,223.681
3263.41,223.002
3246.46,222.814
3254.28,214.78
3222.09,214.114
3190.36,213.528
3158.76,213.198
3128.19,212.746
3097.63,212.435
3082.88,212.208
3053.77,211.766
3025.14,211.455
2996.97,211.033
2969.92,210.666
2943.18,210.35
2930.19,210.181
2857.54,214.052
2820.54,216.423
2796.64,216.12
2773.14,215.75
2750.23,215.375
2738.78,215.251
2716.48,214.962
2694.6,214.573
2672.91,214.244
2651.86,213.973
2631.1,213.666
2610.72,213.359
2600.69,213.197
2580.68,212.913
2561.1,212.675
2541.91,212.355
2523.22,212.082
2504.69,211.851
2486.4,211.578
2477.5,211.444
2459.78,211.183
2442.09,210.953
2425.09,210.756
2437.77,197.312
2430.07,197
2413.36,196.732
2396.43,196.709
2380,196.419
2363.64,196.452
2347.76,196.298
2331.7,196.295
2323.6,196.255
2279.05,195.701
2264.3,195.512
2210.76,207.678
2197.1,207.521
2190.3,207.4
2176.94,207.238
2163.7,207.062
2150.78,206.869
2137.94,206.654
2125.27,206.502
2118.97,206.402
2106.52,206.24
2094.34,206.101
2082.18,205.917
2070.26,205.803
2058.53,205.611
2046.97,205.488
2041.18,205.374
2029.72,205.267
2018.55,205.112
2007.47,204.922
1986.79,204.266
1980.11,204.605
1969.53,204.463
1959.04,204.363
1948.67,204.217
1938.39,204.064
1928.16,203.954
1918.15,203.827
1913.2,203.8
1903.37,203.672
1893.75,203.515
1884.05,203.42
1874.56,203.278
1865.2,203.18
1855.91,203.059
1851.25,202.995
1842.12,202.879
1871.34,186.908
1862,186.741
1815.14,202.604
1806.45,202.47
1797.77,202.376
1793.5,202.296
1784.95,202.246
1776.53,202.098
1768.22,201.995
1759.91,201.918
1751.75,201.826
1747.68,201.798
1739.63,201.7
1731.65,201.634
1723.7,201.551
1715.95,201.455
1708.17,201.365
1700.45,201.268
1696.67,201.238
1689.2,201.158
1681.64,201.057
1674.3,200.994
1666.92,200.892
1659.67,200.834
1652.48,200.733
1648.89,200.711
1641.81,200.63
1634.78,200.561
1627.77,200.494
1620.89,200.408
1614.06,200.351
1607.28,200.269
1603.91,200.232
1597.22,200.151
1590.6,200.092
1599.37,188.33
1593.41,187.918
1567.77,199.866
1561.43,199.831
1555.06,199.766
1548.8,199.71
1542.63,199.639
1536.44,199.577
1530.31,199.504
1527.3,199.491
1521.25,199.446
1515.26,199.389
1509.32,199.299
1503.45,199.221
1497.68,199.174
1494.78,199.142
1489,199.042
1483.35,198.999
1488.67,192.339
1472.05,198.855
1466.44,198.816
1460.93,198.734
1458.17,198.726
1452.7,198.659
1452.31,192.018
1436.5,198.467
1441.58,191.911
1436.31,191.79
1423.33,198.33
1428.22,191.742
1426.68,189.364
1407.68,191.458
1402.54,191.405
1399.69,191.593
1394.77,191.497
1389.75,191.451
1379.79,191.325
1374.69,191.459
1372.5,191.29
1367.56,191.245
1362.78,191.167
1348.77,197.607
1344.03,197.584
1343.77,191.049
1341.11,191.3
1327.86,197.422
1323.26,197.378
1318.73,197.362
1314.2,197.322
1309.69,197.277
1305.26,197.254
1308.11,190.051
1303.6,190.079
1289.86,197.145
1285.52,197.114
1281.21,197.074
1279.06,197.078
1277.4,194.996
1270.57,196.997
1266.39,196.926
1262.14,196.924
1260.56,194.823
1253.83,196.881
1251.8,196.871
1247.65,196.836
1246.17,194.679
1239.52,196.776
1234.15,194.485
1230.1,194.498
1224.1,194.449
1220.15,194.446
1216.31,194.336
1216.29,190.928
1208.51,194.26
1204.04,196.453
1200.21,196.443
1196.4,196.413
1195.08,194.145
1188.79,196.37
1185.03,196.34
1181.31,196.312
1179.45,196.29
1175.75,196.28
1172.02,196.254
1168.37,196.236
1164.7,196.218
1161.04,196.176
1159.27,196.182
1155.63,196.167
1152.04,196.129
1148.46,196.132
1145.7,191.773
1142.18,191.768
1140.44,191.742
1136.87,191.725
1133.25,191.81
1129.77,191.758
1131.09,183.22
1127.74,183.125
1125.46,183.633
1110.19,195.941
1106.78,195.929
1103.44,195.909
1100.11,195.834
1096.73,195.87
1093.41,195.848
1091.77,195.852
1088.5,195.795
1085.24,195.783
1084.76,192.635
1078.61,195.818
1075.37,195.84
1073.71,195.848
1070.45,195.89
1067.19,195.915
1063.96,195.943
1060.75,195.972
1057.57,195.993
1054.39,195.986
1052.79,196.019
1049.64,196.008
1046.48,196.017
1042.51,193.276
1037.65,195.409
1034.08,196.029
1032.52,196.054
1029.45,196.074
1026.37,196.081
1023.3,196.111
1020.24,196.154
1017.24,196.154
1015.72,196.156
1012.71,196.159
1009.74,196.156
1008.49,193.876
1005.49,193.891
1000.84,196.128
997.879,196.141
996.415,196.143
993.496,196.115
991.324,195.122
987.665,196.111
984.772,196.116
981.893,196.102
979.014,196.103
975.88,194.429
971.841,196.107
969.016,196.104
966.175,196.081
963.354,196.1
961.929,196.081
959.109,196.082
956.336,196.073
953.545,196.091
950.74,196.073
948.723,194.894
945.201,196.079
943.828,196.077
941.058,196.08
938.303,196.073
935.565,196.062
932.834,196.06
930.125,196.07
927.414,196.076
926.055,196.073
923.352,196.064
920.632,196.078
918.443,195.259
915.881,195.04
913.224,194.984
910.495,195.116
908.608,196.051
906.421,195.254
903.766,195.253
900.657,196.063
898.459,195.322
895.9,195.195
894.554,195.189
891.467,196.083
888.872,196.074
886.271,196.09
883.674,196.078
881.068,196.092
878.484,196.108
877.203,196.12
874.628,196.108
872.041,196.123
869.497,190.869
866.958,190.894
865.621,190.934
863.07,190.94
858.024,196.148
855.499,196.176
852.98,196.166
850.449,196.154
847.932,196.167
846.699,196.182
844.186,196.188
841.688,196.177
839.194,196.201
836.697,196.211
834.208,196.212
831.743,196.21
830.496,196.217
828.009,196.225
825.563,196.253
823.104,196.244
820.618,196.271
818.183,196.27
815.748,196.274
814.515,196.285
812.078,196.288
809.651,196.293
807.202,196.3
804.773,196.332
802.351,196.346
799.938,196.347
798.718,196.371
796.315,196.372
793.89,196.405
791.495,196.427
789.084,196.43
786.687,196.431
785.488,196.443
783.113,196.474
780.725,196.483
778.324,196.494
775.956,196.508
773.573,196.526
771.2,196.539
770.017,196.552
767.648,196.561
765.299,196.589
762.915,196.608
760.575,196.634
754.69,196.666
752.338,196.681
750.011,196.716
747.66,196.713
745.333,196.749
743.003,196.776
741.826,196.777
739.485,196.805
737.18,196.817
734.837,196.831
732.535,196.862
730.206,196.873
727.885,196.884
726.744,196.907
724.433,196.919
722.125,196.956
719.805,196.966
717.505,197.012
715.211,197.022
712.894,197.041
711.752,197.056
709.45,197.091
707.168,197.109
704.877,197.137
702.571,197.153
700.297,197.191
699.133,197.218
696.85,197.246
694.582,197.273
692.294,197.295
690.01,197.327
687.74,197.356
685.458,197.374
684.331,197.389
682.05,197.426
679.77,197.458
677.516,197.47
675.249,197.518
672.98,197.549
671.843,197.565
669.562,197.595
667.307,197.631
665.044,197.654
662.783,197.69
660.514,197.712
658.266,197.755
657.142,197.767
654.89,197.805
652.63,197.821
650.377,197.851
648.122,197.878
645.871,197.894
643.613,197.918
642.495,197.939
640.229,197.969
637.987,197.986
635.736,198.019
633.482,198.061
631.246,198.078
630.124,198.108
623.619,192.628
621.336,192.617
619.072,192.639
616.818,192.633
615.666,192.649
613.4,192.673
611.115,192.745
608.849,192.694
606.554,198.43
604.307,198.446
602.625,202.18
600.381,202.205
599.249,202.234
597.023,202.244
594.758,202.283
592.522,202.316
590.29,202.375
588.031,202.401
586.912,202.421
584.652,202.452
582.424,202.472
580.157,202.511
577.932,202.554
575.681,202.576
573.416,202.615
572.302,202.646
570.041,202.686
567.813,202.728
565.543,202.763
563.297,202.808
557.676,202.918
555.417,202.958
553.15,202.95
550.916,203.024
548.653,203.068
546.392,203.11
545.244,203.093
542.992,203.132
540.732,203.185
538.47,203.214
536.212,203.251
533.941,203.305
531.673,203.352
530.55,203.358
528.262,203.398
526.013,203.464
523.721,203.49
521.469,203.542
519.178,203.577
516.907,203.628
515.756,203.643
513.49,203.686
511.199,203.741
508.925,203.778
506.651,203.829
504.356,203.876
503.214,203.898
500.922,203.952
498.634,203.998
496.329,204.044
494.046,204.078
491.737,204.14
489.447,204.18
488.287,204.206
485.988,204.27
483.706,204.341
481.383,204.392
479.088,204.446
476.773,204.511
474.473,204.575
473.32,204.616
471,204.67
468.673,204.713
466.345,204.785
464.044,204.854
461.711,204.899
459.388,204.982
458.205,205.006
455.872,205.068
453.551,205.111
451.2,205.189
448.871,205.245
446.517,205.311
445.357,205.356
442.996,205.407
440.639,205.481
438.279,205.545
435.929,205.604
433.556,205.66
431.193,205.739
430.01,205.785
427.644,205.834
425.253,205.914
416.532,198.881
414.007,198.74
412.764,198.721
410.314,198.712
407.807,198.706
405.352,198.73
402.904,198.801
400.516,198.97
394.524,193.035
393.17,192.866
390.62,192.724
387.919,192.601
385.362,192.45
382.709,192.342
380.114,192.249
377.45,192.082
376.071,191.955
373.451,191.853
370.777,191.736
368.171,191.673
365.527,191.558
362.941,191.475
360.304,191.475
358.952,191.446
356.336,191.442
353.784,191.413
351.042,191.343
348.49,191.4
345.846,191.453
344.518,191.475
341.889,191.454
339.255,191.441
336.688,191.551
334.016,191.601
331.418,191.573
328.714,191.627
327.398,191.647
324.763,191.769
322.095,191.817
319.456,191.857
316.738,191.915
314.033,191.962
311.401,191.997
310.116,192.079
307.387,192.086
304.508,192.026
302.033,192.292
299.337,192.344
296.593,192.444
295.254,192.55
292.559,192.606
289.852,192.711
287.177,192.883
284.41,192.932
281.719,193.033
278.985,193.149
277.688,193.282
274.982,193.381
272.363,193.662
269.54,193.773
280.576,210.494
277.84,210.549
275.106,210.577
273.756,210.641
271.022,210.703
257.961,205.419
255.157,205.45
252.281,205.45
250.873,205.476
248.097,205.602
245.331,205.781
247.45,211.374
244.629,211.453
241.811,211.537
240.389,211.562
237.535,211.645
234.71,211.743
231.853,211.829
229.002,211.911
226.123,212.006
223.243,212.097
221.79,212.15
218.897,212.222
215.983,212.325
213.082,212.407
210.148,212.495
207.208,212.582
205.739,212.645
202.789,212.734
199.829,212.839
196.878,212.932
193.887,213.037
190.878,213.114
187.895,213.219
175.864,209.151
172.795,209.228
169.644,209.336
166.579,209.415
163.509,209.528
161.741,209.417
158.494,209.375
154.772,208.966
151.576,209.02
148.379,209.128
145.157,209.19
141.935,209.289
144.156,212.784
141.023,212.926
138.5,213.648
136.265,214.659
133.024,214.728
119.962,209.199
118.176,209.17
114.882,209.282
111.529,209.361
108.203,209.506
104.842,209.582
101.395,209.629
99.6841,209.668
96.1845,209.713
92.8663,209.906
96.0677,215.497
92.6682,215.604
89.1711,215.655
85.2346,213.92
83.9506,215.778
80.4628,215.884
76.9062,215.966
73.4063,216.064
69.8976,216.186
66.4004,216.319
64.5653,216.357
60.954,216.418
57.3395,216.494
51.1504,214.613
50.1239,216.72
46.4594,216.825
42.7769,216.927
40.9189,216.964
37.2151,217.062
33.4739,217.188
29.7263,217.256
25.9865,217.376
22.179,217.469
18.4063,217.602
16.4792,217.64
12.6261,217.756
8.77859,217.848
4.96962,218.01
1.08218,218.125
-2.84766,218.243
-6.67787,218.419
-8.76069,218.399
-12.7568,218.503
-16.7105,218.623
-20.7947,218.701
-24.7841,218.869
-28.8185,218.994
-30.9119,219.02
-34.9723,219.178
-39.1905,219.224
-43.3532,219.321
-47.4807,219.47
-51.7093,219.588
-55.9252,219.725
-58.0723,219.778
-62.2681,219.933
-70.6036,217.426
-74.8891,217.608
-75.2177,220.327
-79.5663,220.461
-83.8941,220.635
-86.1135,220.701
-90.5091,220.829
-94.9132,221.005
-99.4584,221.103
-103.964,221.271
-108.173,221.609
-110.671,221.565
-115.395,221.604
-120.048,221.742
-124.663,221.897
-129.375,222.064
-134.041,222.232
-138.742,222.389
-141.195,222.401
-145.995,222.555
-150.801,222.742
-155.638,222.901
-160.558,223.053
-165.508,223.211
-170.353,223.408
-172.938,223.466
-177.786,223.658
-183.002,223.791
-188.005,223.953
-193.216,224.094
-198.162,224.37
-203.549,224.427
-206.134,224.529
-211.382,224.708
-216.412,224.989
-221.965,225.101
-227.265,225.285
-232.673,225.487
-238.095,225.682
-240.854,225.753
-246.375,225.922
-251.991,226.073
-257.556,226.274
-263.218,226.475
-268.917,226.664
-274.617,226.883
-277.54,226.934
-283.269,227.16
-289.043,227.388
-295.041,227.571
-301.027,227.749
-307.127,227.903
-310.051,228.082
-315.983,228.329
-322.162,228.497
-328.286,228.712
-334.254,229.078
-340.619,229.211
-347.126,229.375
-350.361,229.498
-363.943,226.437
-363.21,229.914
-377.073,226.823
-376.286,230.406
-382.959,230.613
-389.643,230.859
-392.687,231.135
-410.473,226.559
-406.491,231.542
-413.577,231.708
-420.545,231.946
-427.561,232.223
-431.095,232.362
-438.168,232.621
-445.319,232.923
-452.554,233.168
-459.948,233.436
-467.431,233.699
-474.765,234.006
-478.696,234.108
-486.247,234.376
-493.966,234.644
-501.272,235.111
-508.874,235.475
-516.974,235.7
-525.347,235.824
-529.259,236.004
-537.453,236.247
-545.702,236.601
-553.103,237.191
-561.982,237.291
-570.569,237.594
-578.701,238.019
-583.379,238.042
-592.013,238.358
-600.691,238.744
-609.833,238.958
-618.827,239.317
-627.658,239.72
-636.456,240.193
-641.601,240.192
-650.601,240.658
-660.29,240.88
-669.652,241.321
-678.445,241.951
-688.393,242.303
-699.032,242.444
-703.813,242.618
-714.125,243.004
-723.805,243.438
-734.426,243.813
-743.61,244.582
-754.318,244.877
-764.97,245.311
-770.966,245.31
-781.922,245.684
-793.012,246.104
-804.157,246.489
-815.497,246.945
-825.572,247.821
-832.448,247.676
-844.131,248.091
-868.102,249.018
-879.517,249.65
-892.513,249.96
-904.623,250.501
-911.282,250.704
-923.812,251.163
-936.764,251.658
-949.569,252.286
-962.878,252.842
-974.089,253.865
-989.474,253.965
-996.998,254.082
-1010.59,254.719
-1024.6,255.29
-1038.89,255.859
-1053.38,256.413
-1067.74,257.087
-1083.19,257.631
-1090.73,257.901
-1106.17,258.487
-1121.64,259.18
-1137.2,259.894
-1152.42,260.711
-1167.27,261.663
-1185.94,261.894
-1194.52,262.143
-1211.49,262.785
-1225.8,264.229
-1245.77,264.261
-1262.57,265.243
-1281.81,265.683
-1291.16,266.102
-1307.53,267.299
-1324.47,268.488
-1347.7,268.343
-1366.94,269.274
-1387.1,270.02
-1405.73,271.195
-1417.74,271.29
-1438.29,272.185
-1459.73,273.036
-1480.76,274.038
-1502.88,274.915
-1524.43,275.985
-1543.55,277.607
-1559.91,277.192
-1583.04,278.235
-1606.28,279.348
-1630.85,280.388
-1656.08,281.366
-1682.19,282.375
-1706.38,283.784
-1719.87,284.19
-1745.17,285.541
-1775.25,286.257
-1797.5,288.315
-1827.23,289.323
-1856.4,290.565
-1889.81,291.274
-1902.75,292.205
-1935.56,293.261
-1968.6,294.318
-2000.19,295.822
-2032.62,297.194
-2065.63,298.879
-2098.49,300.595
-2118.62,300.983
-2155.35,302.305
-2188.65,304.482
-2229.22,305.581
-2260.53,308.293
-2298.85,310.123
-2328.94,309.637
-2368.54,311.649
-2446.45,316.342
3868.52,246.985
3804.09,248.526
3735.13,246.97
3718.75,240.813
3674.16,239.873
3632.37,238.653
3579.81,239.761
3518.77,242.817
3479.03,241.957
3459.67,241.651
3384.04,240.14
3347.38,239.501
3312.3,238.726
3277.59,238.041
3260.65,237.613
3255.24,231.118
3222.85,230.172
3132.29,227.365
3103.26,226.674
3089.48,226.066
3061.29,225.28
3034.01,224.401
3006.55,223.667
2979.5,223.108
2952.32,222.615
2925.92,222.198
2912.88,221.947
2887,221.486
2861.83,220.966
2837.12,220.565
2812.85,220.235
2789.47,219.772
2766.03,219.312
2754.45,219.108
2703.52,226.614
2681.85,226.13
2660.77,225.642
2639.66,225.277
2619.27,224.857
2609.05,224.63
2588.97,224.326
2569.36,223.87
2550.19,223.523
2531.09,223.145
2512.46,222.819
2494.1,222.461
2484.95,222.294
2467.15,221.905
2449.54,221.584
2432.39,221.234
2451.38,209.272
2434.64,208.828
2417.84,208.419
2409.43,208.302
2392.82,208.067
2376.5,207.742
2360.72,207.452
2344.8,207.228
2329.64,206.766
2275.78,206.424
2261.4,206.102
2246.53,206.178
2232.04,205.982
2224.8,205.919
2210.91,205.796
2195.57,206.203
2156.21,215.976
2143.31,215.75
2130.47,215.54
2124.16,215.438
2111.82,215.16
2099.51,214.95
2087.31,214.72
2075.33,214.511
2063.49,214.295
2051.8,214.082
2045.96,214.006
2034.49,213.773
2023.12,213.595
2011.96,213.427
2000.95,213.221
1990.09,213.049
1979.34,212.817
1973.95,212.75
1963.41,212.566
1952.97,212.349
1942.62,212.19
1932.41,212.023
1922.37,211.875
1912.35,211.675
1907.54,211.606
1897.67,211.46
1888.01,211.257
1878.44,211.108
1869,210.925
1859.64,210.787
1854.97,210.721
1876.17,195.667
1865.56,196.061
1857.32,195.497
1818.79,210.113
1810.04,209.978
1801.4,209.843
1797.02,209.765
1788.53,209.596
1780.02,209.47
1771.59,209.372
1763.24,209.223
1755.06,209.109
1746.91,208.956
1742.84,208.916
1734.85,208.795
1726.9,208.644
1719.11,208.512
1711.3,208.436
1703.62,208.308
1696.04,208.157
1692.23,208.096
1684.75,208.026
1677.29,207.872
1669.93,207.753
1662.58,207.667
1655.38,207.579
1651.82,207.493
1644.68,207.413
1637.54,207.294
1630.59,207.187
1623.72,207.046
1616.99,206.878
1609.99,206.904
1606.59,206.829
1599.87,206.738
1604.15,195.342
1597.46,195.31
1573.67,206.333
1570.38,206.335
1564,206.224
1557.62,206.146
1551.35,206.07
1545.16,205.929
1538.97,205.868
1532.9,205.747
1529.86,205.67
1523.8,205.559
1517.82,205.5
1511.86,205.392
1505.92,205.297
1500.13,205.24
1494.29,205.116
1493.68,199.202
1479.99,204.928
1474.37,204.829
1468.77,204.738
1463.16,204.668
1457.63,204.608
1454.94,204.571
1457.06,198.709
1444.03,204.395
1438.67,204.322
1435.43,198.422
1431.04,195.491
1425.54,195.563
1409.84,203.886
1411.99,197.895
1406.92,197.816
1401.66,197.84
1399.07,197.884
1394,197.798
1388.6,198.065
1377.18,203.42
1372.3,203.316
1374.13,197.597
1369.17,197.559
1360.26,203.124
1361.95,197.455
1350.74,203.004
1346.04,202.924
1342.91,197.24
1340.52,197.206
1329.78,202.705
1325.2,202.637
1320.63,202.583
1316.13,202.524
1311.62,202.469
1307.13,202.383
1306.86,196.241
1296.11,202.276
1291.74,202.205
1287.41,202.155
1283.05,202.08
1278.77,202.044
1276.64,202.001
1269.5,200.59
1265.08,200.752
1259.8,201.817
1255.59,201.775
1253.58,201.756
1246.63,200.308
1242.56,200.251
1238.5,200.219
1234.46,200.157
1230.44,200.131
1227.21,201.421
1224.45,200.102
1219.71,196.527
1215.68,196.585
1208.81,199.878
1205.61,201.256
1201.73,201.241
1197.89,201.203
1195.33,199.702
1190.27,201.112
1186.51,201.094
1182.75,201.07
1180.89,201.06
1177.15,201.041
1173.44,201.011
1169.71,200.968
1166.07,200.962
1162.42,200.919
1158.78,200.919
1156.96,200.886
1153.33,200.85
1149.73,200.854
1149,197.164
1145.47,197.103
1141.91,197.104
1138.36,197.049
1136.56,197.046
1133.04,197.082
1129.4,197.259
1132.34,188.506
1128.74,188.535
1125.17,188.748
1114.76,200.564
1111.36,200.543
1107.97,200.518
1104.63,200.435
1101.24,200.467
1097.88,200.424
1094.57,200.417
1092.94,200.379
1089.64,200.34
1088.04,197.749
1084.72,197.776
1079.78,200.281
1076.55,200.223
1073.29,200.219
1071.68,200.221
1068.44,200.196
1065.23,200.166
1062.04,200.146
1058.88,200.15
1055.69,200.126
1054.14,200.142
1050.97,200.106
1047.84,200.098
1045.78,198.3
1042.66,198.285
1038.5,200.06
1035.4,200.044
1033.86,200.041
1030.79,200.028
1027.74,199.998
1024.68,199.987
1021.65,199.992
1018.65,199.983
1015.61,199.98
1014.13,199.925
1011.12,199.965
1008.75,198.776
1005.15,199.941
1002.17,199.922
999.22,199.884
997.778,199.891
994.804,199.908
991.909,199.882
988.996,199.878
986.044,199.877
983.174,199.859
980.28,199.866
978.848,199.858
976.256,199.235
973.09,199.856
970.243,199.861
967.402,199.847
964.544,199.857
961.703,199.884
960.308,199.88
957.479,199.859
954.684,199.891
949.206,199.623
946.334,199.833
943.542,199.901
942.151,199.918
939.389,199.93
936.618,199.964
933.861,199.965
931.128,200.009
928.394,200.035
927.014,200.126
924.248,200.191
921.55,200.196
918.874,200.173
916.172,200.238
913.703,199.571
910.81,200.225
909.475,200.2
906.814,200.196
904.276,199.872
901.639,199.858
899.008,199.814
896.377,199.776
895.065,199.822
892.426,199.837
889.81,199.845
887.192,199.857
884.602,199.851
881.898,200.164
879.317,200.162
878.018,200.141
875.461,200.141
872.871,200.154
871.651,195.428
869.098,195.424
866.484,195.43
863.932,195.388
861.366,200.147
858.836,200.149
856.304,200.153
853.763,200.152
851.251,200.143
848.715,200.166
846.206,200.153
844.972,200.166
842.466,200.158
839.95,200.16
837.458,200.182
834.973,200.177
832.494,200.199
830.002,200.204
828.78,200.195
826.29,200.22
823.842,200.23
821.387,200.238
818.925,200.237
816.467,200.249
815.234,200.253
812.799,200.25
810.344,200.284
807.913,200.29
805.501,200.284
803.06,200.298
800.628,200.309
799.445,200.31
797.02,200.314
794.608,200.335
792.191,200.346
789.79,200.355
787.385,200.359
786.2,200.373
783.805,200.384
781.419,200.389
779.032,200.394
776.63,200.425
774.267,200.421
771.896,200.44
770.696,200.449
768.321,200.456
765.965,200.461
763.6,200.477
761.245,200.493
758.897,200.511
756.527,200.519
755.362,200.537
753.005,200.503
750.666,200.552
748.332,200.576
745.992,200.591
743.651,200.623
741.323,200.622
740.154,200.635
737.829,200.67
735.506,200.684
733.171,200.695
730.868,200.707
728.538,200.719
727.38,200.716
725.068,200.749
722.753,200.764
720.443,200.779
718.151,200.806
715.843,200.821
713.538,200.841
712.391,200.856
710.102,200.872
707.805,200.902
705.503,200.918
703.209,200.946
700.913,200.967
699.762,200.981
697.496,200.995
695.207,201.032
692.929,201.044
690.632,201.07
688.362,201.106
686.088,201.128
684.947,201.136
682.669,201.154
680.402,201.191
678.13,201.208
675.866,201.243
673.596,201.273
671.32,201.278
670.188,201.302
667.931,201.309
665.666,201.338
663.39,201.369
661.137,201.398
658.882,201.425
657.735,201.435
655.49,201.473
653.23,201.491
650.977,201.522
648.716,201.56
646.452,201.58
640.832,201.66
638.593,201.678
636.325,201.717
634.091,201.746
631.83,201.785
629.58,201.805
625.406,196.898
623.139,196.907
618.595,196.873
616.335,196.914
614.068,196.947
612.91,196.959
610.655,197.038
608.392,197.057
607.121,202.104
604.871,202.149
601.863,205.688
599.613,205.735
598.478,205.75
596.23,205.8
593.985,205.817
591.75,205.865
589.499,205.879
587.249,205.915
586.127,205.931
583.862,205.977
581.617,206.006
579.379,206.028
577.123,206.07
574.863,206.088
572.599,206.136
571.496,206.146
569.223,206.209
566.975,206.227
564.731,206.273
562.473,206.333
560.206,206.358
557.949,206.405
556.819,206.441
554.577,206.473
552.319,206.529
550.052,206.551
547.806,206.604
545.531,206.661
543.269,206.73
542.134,206.756
539.867,206.736
537.613,206.785
535.349,206.838
533.072,206.86
530.804,206.915
529.65,206.922
527.393,206.99
525.118,207.029
522.848,207.067
520.574,207.107
518.296,207.167
516.012,207.204
514.859,207.222
512.585,207.275
510.287,207.318
508,207.367
505.729,207.427
503.427,207.454
501.131,207.499
499.994,207.531
497.693,207.571
495.392,207.625
493.084,207.674
490.793,207.733
488.496,207.767
486.186,207.83
485.017,207.859
482.728,207.899
480.399,207.965
478.088,208.015
475.763,208.073
473.445,208.116
472.297,208.168
469.973,208.255
467.641,208.306
465.332,208.363
462.996,208.42
460.659,208.483
458.334,208.544
457.143,208.583
454.826,208.644
452.467,208.716
450.139,208.773
447.773,208.844
445.42,208.918
444.237,208.946
441.89,209.011
439.523,209.086
437.165,209.137
434.802,209.208
432.414,209.281
430.059,209.351
428.868,209.365
426.487,209.43
424.1,209.518
417.054,203.072
414.547,202.937
412.115,202.952
410.886,202.969
408.541,203.221
406.032,203.074
387.343,196.67
365.166,195.493
362.561,195.393
358.534,195.206
345.402,195.148
344.05,195.05
326.896,195.268
324.243,195.383
321.599,195.454
318.9,195.455
316.179,195.487
313.541,195.596
312.168,195.582
309.466,195.7
306.845,195.813
304.164,195.842
301.354,195.902
298.743,196.094
295.954,196.148
294.662,196.215
291.907,196.323
289.139,196.329
286.402,196.445
283.689,196.569
280.932,196.625
278.138,196.666
276.788,196.817
274.007,196.923
271.186,196.912
268.473,197.032
265.653,197.229
262.844,197.337
261.477,197.42
257.907,209.98
255.097,210.056
252.282,210.081
250.856,210.119
248.055,210.2
245.174,210.272
242.462,210.524
242.994,215.64
240.185,215.743
238.768,215.803
235.938,215.885
233.066,215.977
230.215,216.069
227.326,216.144
224.44,216.242
221.561,216.317
220.093,216.349
217.203,216.444
214.267,216.539
211.345,216.63
208.415,216.734
205.453,216.844
202.517,216.93
201.001,216.974
198.032,217.063
195.054,217.162
192.067,217.285
189.059,217.372
186.038,217.455
178.566,213.899
175.47,213.987
172.373,214.036
169.273,214.161
166.148,214.245
159.774,214.288
158.096,214.232
154.544,213.858
151.356,213.926
148.193,213.997
144.978,214.133
141.795,214.225
140.18,214.263
136.896,214.348
137.263,218.613
134.519,219.264
131.324,219.401
128.099,219.544
121.562,214.159
118.196,214.179
114.852,214.258
108.177,214.532
104.769,214.627
101.406,214.692
99.7185,214.735
96.2168,214.763
92.9552,215.05
94.636,220.552
91.1975,220.667
86.0585,218.985
82.6003,219.157
82.5455,220.927
79.0262,221.004
75.5393,221.113
72.0331,221.241
68.4774,221.349
65.0208,221.548
61.4446,221.667
53.9015,219.697
50.3392,219.9
48.6923,221.957
45.0608,222.109
41.3614,222.175
37.6709,222.326
35.7566,222.328
32.0477,222.438
28.3149,222.569
24.5455,222.681
20.7836,222.818
16.9986,222.967
12.5736,220.744
11.2589,223.13
7.39535,223.278
3.59066,223.454
-0.231395,223.62
-4.16478,223.733
-8.06665,223.917
-10.1456,223.888
-14.1854,223.958
-18.1833,224.078
-22.1752,224.226
-26.236,224.357
-30.3136,224.479
-34.3756,224.642
-36.4761,224.66
-40.5835,224.791
-44.6996,224.963
-48.9193,225.085
-53.0495,225.262
-57.3384,225.368
-59.447,225.448
-63.6853,225.581
-71.2883,223.119
-75.5584,223.297
-76.6333,226.069
-80.9667,226.221
-85.3136,226.398
-87.5382,226.466
-91.9986,226.598
-96.43,226.762
-100.934,226.905
-105.436,227.068
-109.942,227.251
-114.56,227.424
-116.812,227.53
-121.438,227.674
-126.104,227.836
-130.772,227.982
-135.477,228.199
-140.223,228.357
-145.044,228.483
-147.462,228.579
-152.189,228.805
-157.135,228.919
-162.008,229.115
-166.98,229.284
-171.872,229.487
-176.767,229.7
-179.259,229.85
-184.437,229.952
-189.426,230.199
-194.537,230.398
-199.468,230.716
-204.629,230.963
-210.163,230.934
-212.781,231.017
-218.078,231.228
-223.499,231.372
-228.447,231.847
-234.126,231.892
-239.707,232.021
-242.467,232.133
-247.951,232.342
-253.485,232.553
-259.054,232.767
-264.708,232.982
-270.209,233.325
-276.12,233.454
-278.96,233.576
-284.732,233.805
-290.702,233.989
-296.532,234.258
-302.316,234.566
-308.437,234.746
-314.5,234.934
-317.255,235.229
-323.403,235.448
-329.642,235.635
-335.876,235.902
-342.245,236.077
-348.611,236.338
-357.911,233.082
-358.306,236.666
-370.928,233.547
-377.43,233.845
-377.664,237.547
-384.328,237.775
-400.106,233.265
-394.467,238.156
-410.356,233.66
-417.15,234.037
-415.128,238.9
-422.058,239.192
-429.112,239.521
-436.227,239.801
-439.703,239.969
-446.949,240.226
-454.168,240.583
-461.549,240.895
-468.989,241.188
-476.513,241.45
-483.901,241.87
-487.522,242.106
-495.403,242.294
-503.199,242.629
-510.893,242.98
-518.325,243.542
-526.569,243.772
-534.367,244.207
-538.255,244.463
-547.173,244.475
-555.268,244.872
-563.893,245.112
-572.205,245.533
-580.835,245.875
-589.492,246.243
-593.622,246.547
-602.535,246.839
-611.108,247.338
-620.031,247.753
-629.42,247.998
-638.65,248.362
-647.879,248.743
-652.609,248.91
-661.721,249.466
-671.19,249.899
-681.026,250.258
-690.686,250.692
-700.612,251.153
-705.68,251.279
-715.634,251.739
-725.975,252.123
-736.25,252.567
-746.618,253.022
-757.124,253.553
-767.069,254.287
-773.16,254.261
-783.377,254.922
-795.042,255.16
-821.928,249.997
-816.076,256.634
-828.498,256.769
-840.255,257.242
-846.234,257.404
-856.802,258.38
-869.291,258.757
-882.187,259.028
-894.32,259.56
-906.828,260.14
-919.4,260.74
-925.695,261.033
-938.762,261.588
-951.63,262.125
-964.891,262.773
-978.216,263.456
-991.762,264.024
-1005.91,264.622
-1012.69,264.951
-1026.86,265.562
-1040.93,266.238
-1055.69,266.915
-1070.35,267.564
-1085.3,268.282
-1092.9,268.59
-1108.23,269.249
-1123.77,269.99
-1137.41,271.378
-1154.96,271.684
-1171.28,272.305
-1186.61,273.444
-1194.64,273.95
-1213.74,274.11
-1230.85,274.938
-1248.4,275.752
-1266.3,276.603
-1283.17,277.705
-1302.16,278.418
-1311.55,278.786
-1331.08,279.616
-1349.2,280.744
-1367.04,281.999
-1388.08,282.727
-1408.92,283.562
-1428.99,284.641
-1440.36,284.866
-1462.19,285.753
-1484.11,286.68
-1505.93,287.752
-1528.06,288.875
-1550.69,290.018
-1573.99,291.156
-1585.86,291.668
-1609.88,292.714
-1634.38,293.981
-1656.83,295.617
-1684.91,296.296
-1710.81,297.596
-1737.62,298.752
-1751.33,299.398
-1778.74,300.599
-1806.47,302.036
-1832.01,304.059
-1860.6,305.495
-1891.4,306.767
-1908.56,307.016
-1937.27,308.882
-1972.12,309.901
-2004.43,311.38
-2037.41,312.974
-2071.05,314.661
-2105.37,316.36
-2141.34,317.991
-2159.37,318.956
-2196,320.71
-2233.37,322.582
-2270.82,324.655
-2311.14,326.517
-2351.82,328.555
-2366.08,330.528
3905.31,267.352
3854.97,266.087
3806.42,264.761
3772.73,261.706
3736.17,262.914
3690.63,261.911
3665.67,258.033
3560.94,258.677
3520.9,257.597
3488.72,255.519
3461.35,256.12
3422.93,255.222
3385.65,254.341
3348.81,253.458
3313.61,252.578
3278.96,251.644
3245.05,250.923
3250.02,246.71
3219.54,245.496
3095.1,242.399
3065.49,241.672
3050.68,241.388
3022.09,240.719
2994.09,240.136
2978.59,237.099
2952.73,236.224
2927.66,235.388
2916.01,234.861
2891.48,233.947
2866.66,233.284
2841.24,232.818
2817.1,232.342
2792.91,231.874
2769.15,231.424
2757.68,231.092
2734.61,230.66
2712.19,230.268
2690.33,229.75
2668.22,229.47
2647.57,228.942
2599.06,235.035
2589.18,234.84
2569.38,234.41
2550.04,233.873
2574.41,222.803
2555.21,222.295
2536.22,221.895
2526.83,221.737
2508.49,221.433
2489.97,221.001
2472.23,220.605
2454.35,220.351
2437.15,219.967
2419.79,219.669
2411.45,219.426
2395.79,218.965
2380.02,218.325
2363.52,218.205
2347.93,217.74
2330.99,217.822
2323.06,217.747
2277.59,216.887
2263.22,216.58
2248.68,216.336
2232.81,216.556
2225.64,216.393
2211.49,216.233
2197.72,216.075
2184.16,215.769
2170.8,215.513
2130.19,224.053
2117.61,223.747
2111.39,223.605
2099.2,223.303
2086.89,223.057
2074.96,222.758
2063.14,222.535
2051.42,222.263
2039.9,222.035
2034.14,221.888
2022.86,221.641
2011.67,221.41
2000.55,221.16
1989.72,220.924
1978.93,220.67
1973.59,220.574
1962.98,220.329
1952.53,220.122
1942.29,219.888
1932.05,219.652
1921.99,219.389
1912.08,219.172
1907.07,219.13
1897.44,218.846
1887.84,218.639
1878.28,218.411
1868.84,218.204
1859.5,217.997
1850.23,217.815
1870.32,204.054
1860.86,203.831
1818.78,217.146
1809.98,216.927
1801.25,216.721
1792.59,216.551
1788.43,216.457
1779.98,216.25
1771.64,216.105
1763.23,215.911
1755.06,215.747
1747.01,215.563
1743.03,215.461
1735.06,215.305
1727.12,215.125
1719.26,214.961
1711.51,214.822
1703.82,214.638
1696.21,214.464
1692.45,214.392
1684.96,214.216
1677.54,214.079
1670.14,213.932
1662.85,213.797
1655.7,213.637
1652.07,213.584
1644.99,213.388
1637.88,213.251
1630.95,213.113
1623.98,213.011
1617.19,212.864
1610.35,212.695
1607.02,212.647
1600.25,212.487
1593.6,212.353
1606.11,202.425
1599.44,202.368
1574.06,211.979
1567.59,211.866
1564.44,211.818
1558.05,211.688
1551.81,211.541
1545.58,211.428
1539.37,211.338
1533.25,211.211
1527.19,211.087
1524.17,211.024
1518.2,210.889
1512.27,210.789
1506.32,210.662
1500.48,210.541
1494.69,210.447
1491.77,210.413
1493.81,205.818
1480.39,210.146
1474.75,210.045
1469.05,209.961
1463.49,209.882
1465.59,205.277
1462.72,205.269
1449.78,209.621
1444.36,209.534
1438.92,209.445
1433.6,209.365
1435.57,204.726
1430.38,204.631
1431.91,201.945
1426.61,201.912
1417.29,204.363
1412.02,204.343
1406.98,204.216
1402.01,204.029
1399.32,204.074
1394.18,204.027
1382.22,208.479
1384.24,203.87
1379.32,203.71
1374.37,203.648
1369.63,203.545
1367.07,203.515
1355.63,207.97
1350.89,207.881
1346.09,207.824
1341.41,207.727
1336.74,207.655
1338.51,203.109
1329.83,207.547
1325.24,207.462
1320.72,207.403
1316.18,207.313
1311.66,207.269
1307.17,207.205
1307.74,201.763
1296.11,207.034
1291.79,206.94
1287.41,206.886
1283.09,206.837
1278.8,206.745
1276.62,206.717
1272.39,206.638
1268.23,206.542
1264.3,206.291
1260.12,206.188
1255.94,206.122
1253.83,206.174
1249.45,206.289
1245.34,206.27
1241.28,206.204
1237.2,206.118
1233.2,206.062
1229.19,206.02
1227.17,205.977
1223.22,205.914
1219.27,205.858
1219.79,202.048
1215.85,201.993
1207.55,205.679
1204.13,205.235
1202.3,205.16
1197.98,205.52
1194.18,205.469
1190.38,205.419
1186.61,205.365
1182.9,205.287
1179.17,205.228
1177.32,205.193
1173.59,205.15
1169.93,205.091
1166.23,205.054
1162.6,204.985
1158.95,204.962
1157.14,204.903
1153.54,204.864
1149.94,204.83
1148.91,202.356
1145.37,202.274
1141.86,202.227
1138.27,202.189
1136.49,202.226
1132.89,202.239
1129.4,202.235
1130.87,193.709
1126.98,194.007
1111.51,204.421
1108.11,204.413
1104.74,204.37
1101.38,204.342
1098.02,204.285
1094.69,204.268
1093.02,204.265
1089.7,204.222
1087.72,202.742
1084.46,202.733
1079.84,204.125
1076.59,204.097
1073.37,204.081
1071.71,204.05
1068.49,204.014
1065.31,203.996
1062.09,203.975
1058.91,203.936
1055.75,203.907
1052.6,203.855
1051.04,203.842
1047.91,203.83
1045.35,203.136
1042.22,203.116
1038.57,203.75
1035.43,203.731
1033.91,203.706
1030.85,203.72
1027.76,203.684
1024.72,203.659
1021.7,203.631
1018.67,203.616
1015.65,203.561
1014.16,203.537
1011.16,203.519
1008.21,203.487
1005.19,203.476
1002.19,203.499
999.224,203.498
996.293,203.498
994.803,203.507
991.86,203.495
988.938,203.471
986.029,203.436
983.143,203.414
980.236,203.43
977.333,203.411
975.903,203.407
973.029,203.423
970.166,203.395
967.313,203.4
964.451,203.387
961.621,203.373
960.229,203.381
957.388,203.381
954.565,203.392
951.778,203.384
948.947,203.399
946.168,203.409
943.381,203.426
941.977,203.474
939.199,203.463
936.413,203.506
933.641,203.53
930.919,203.544
928.168,203.552
926.808,203.579
924.063,203.571
921.336,203.601
918.652,203.591
915.966,203.589
913.223,203.636
910.545,203.64
909.218,203.672
906.546,203.685
903.867,203.687
901.215,203.686
898.56,203.699
895.906,203.713
893.251,203.746
891.933,203.767
889.328,203.749
886.712,203.77
884.085,203.778
881.504,203.77
878.86,203.824
876.258,203.853
874.971,203.862
872.4,203.872
871.862,199.844
869.284,199.867
866.724,199.859
864.137,199.853
859.571,203.945
858.283,203.952
855.733,203.971
853.194,203.982
850.678,203.98
848.169,204.018
845.634,204.025
844.396,203.994
841.884,203.979
839.39,203.979
836.911,204.001
834.394,204
831.903,204.012
829.438,203.997
828.199,204.021
825.739,204.016
823.248,203.999
820.807,204.012
818.35,204.012
815.899,204.006
814.654,204.011
812.217,204.023
809.787,204.027
807.338,204.044
804.92,204.044
802.494,204.047
800.063,204.037
798.847,204.04
796.43,204.064
794.02,204.058
791.611,204.063
789.2,204.075
786.81,204.083
784.415,204.086
783.219,204.09
780.811,204.084
778.433,204.097
776.066,204.113
773.671,204.118
771.286,204.129
768.93,204.153
767.736,204.137
765.369,204.167
762.996,204.172
758.281,204.197
755.94,204.201
754.758,204.212
752.392,204.25
750.071,204.241
747.722,204.24
745.369,204.243
743.028,204.261
740.713,204.264
739.53,204.289
737.221,204.317
734.887,204.334
732.557,204.345
730.232,204.366
727.903,204.376
726.765,204.374
724.425,204.389
722.123,204.413
719.811,204.434
717.499,204.454
715.193,204.48
712.909,204.492
711.737,204.499
709.431,204.53
707.158,204.55
704.841,204.544
702.567,204.568
700.26,204.586
697.988,204.61
696.828,204.621
694.552,204.662
692.262,204.679
689.98,204.687
687.68,204.714
685.407,204.739
684.282,204.764
681.986,204.789
679.73,204.799
677.442,204.828
675.166,204.855
672.891,204.877
670.631,204.893
669.5,204.894
667.232,204.931
664.974,204.958
662.71,204.983
660.43,204.997
658.171,205.022
655.905,205.028
654.778,205.065
652.525,205.089
650.266,205.111
648.013,205.118
645.752,205.162
643.483,205.173
641.228,205.217
640.114,205.211
633.355,205.322
631.089,205.385
628.854,205.344
625.678,201.076
623.409,201.087
621.121,201.025
618.843,201.051
616.579,201.029
614.349,201.094
613.197,201.078
610.914,201.118
608.642,201.175
606.348,205.631
604.117,205.665
601.411,209.666
599.163,209.711
598.039,209.724
595.791,209.745
593.543,209.775
591.31,209.82
589.049,209.855
586.799,209.89
584.533,209.928
583.42,209.925
581.152,209.973
578.912,209.994
576.668,210.045
574.411,210.066
572.151,210.109
569.908,210.137
568.782,210.156
566.52,210.206
564.255,210.234
562.001,210.28
559.739,210.319
557.496,210.369
556.373,210.404
554.097,210.444
551.844,210.499
549.585,210.541
547.316,210.578
545.054,210.619
542.796,210.677
541.67,210.693
539.386,210.742
537.118,210.768
534.861,210.831
532.593,210.839
530.315,210.882
528.025,210.932
526.896,210.971
524.62,211.007
522.334,211.049
520.065,211.092
517.773,211.134
515.5,211.187
513.236,211.249
512.09,211.257
509.805,211.318
507.506,211.366
505.204,211.408
502.915,211.472
500.635,211.526
499.481,211.568
497.185,211.608
494.882,211.633
492.568,211.69
490.263,211.749
487.964,211.804
485.659,211.85
484.499,211.889
482.181,211.931
479.873,211.987
477.555,212.031
475.249,212.094
472.93,212.142
471.758,212.175
469.452,212.258
467.118,212.345
464.785,212.414
462.484,212.463
460.116,212.526
457.805,212.596
456.64,212.616
454.281,212.699
451.954,212.767
449.594,212.822
447.238,212.909
444.885,212.971
442.526,213.028
441.354,213.08
438.999,213.139
436.641,213.204
434.267,213.263
431.9,213.349
429.506,213.42
427.126,213.493
425.941,213.511
417.781,207.56
415.338,207.644
412.98,207.839
407.378,202.434
390.448,201.455
389.121,201.327
384.059,201.445
366.569,200.237
363.899,200.182
361.237,200.047
358.606,199.954
357.205,199.851
354.495,199.771
351.805,199.648
349.183,199.608
346.515,199.683
309.542,200.678
306.867,200.846
302.791,201.003
300.137,201.059
297.502,201.231
292.107,201.424
287.901,201.541
256.762,215.079
253.911,215.139
251.085,215.222
249.699,215.285
246.872,215.353
244.043,215.454
241.309,215.68
242.545,220.193
239.703,220.298
236.863,220.399
235.462,220.447
232.615,220.584
229.808,220.722
226.977,220.881
224.067,220.953
221.169,221.037
218.213,221.103
216.744,221.136
213.845,221.243
210.901,221.362
207.963,221.441
205.007,221.536
202.034,221.654
199.043,221.749
197.548,221.77
194.544,221.884
191.493,221.944
188.481,222.058
185.409,222.125
177.619,219.211
174.503,219.264
171.392,219.37
168.345,219.54
168.314,222.505
165.491,222.851
160.353,219.639
156.554,219.135
153.346,219.25
150.172,219.319
146.994,219.45
143.778,219.579
140.617,219.733
138.928,219.69
135.7,219.817
137.062,223.974
133.844,224.118
130.604,224.238
127.33,224.346
124.096,224.504
122.442,224.561
118.016,223.73
110.123,219.997
106.694,220.091
103.33,220.182
99.885,220.311
96.4463,220.396
94.8014,220.511
91.3956,220.677
85.4978,224.594
82.1392,224.813
80.3786,226.344
78.6572,226.409
75.1834,226.557
71.7166,226.725
68.2015,226.861
64.6345,227.013
56.8519,225.37
53.309,225.553
49.6167,225.652
48.5263,227.703
44.8556,227.826
41.179,227.953
37.4554,228.104
35.5841,228.133
31.8735,228.265
28.1375,228.424
24.3386,228.553
13.72,226.648
9.96343,226.869
11.0033,229.023
7.11086,229.174
3.25718,229.327
-0.623373,229.491
-4.52183,229.636
-8.45433,229.796
-10.4458,229.853
-14.4261,230.007
-18.4248,230.161
-22.4195,230.336
-26.5232,230.441
-30.6388,230.585
-34.735,230.75
-36.8168,230.806
-40.8741,231.016
-44.8648,231.251
-49.2354,231.297
-53.4115,231.507
-57.6249,231.651
-61.9855,231.767
-68.2151,229.262
-72.5487,229.42
-76.8098,229.636
-77.0735,232.314
-81.4318,232.519
-85.8414,232.687
-90.2667,232.865
-92.4922,232.969
-96.9626,233.152
-101.456,233.326
-106.004,233.509
-110.472,233.73
-115.139,233.854
-119.698,234.075
-121.977,234.181
-126.599,234.4
-131.414,234.529
-136.146,234.713
-140.891,234.903
-145.696,235.112
-150.439,235.328
-152.937,235.38
-157.8,235.6
-162.63,235.832
-167.482,236.123
-172.56,236.231
-177.582,236.43
-180.028,236.565
-185.129,236.779
-190.191,237.026
-195.393,237.166
-200.533,237.445
-205.561,237.753
-210.808,237.96
-213.644,237.949
-219.016,238.145
-224.399,238.354
-229.693,238.634
-235.024,238.895
-240.62,239.078
-246.074,239.342
-248.882,239.458
-254.529,239.687
-260.064,239.949
-265.682,240.208
-271.353,240.454
-276.99,240.786
-280.039,240.82
-285.79,241.128
-291.631,241.386
-297.553,241.631
-303.475,241.957
-309.508,242.186
-315.365,242.552
-318.815,242.489
-325.014,242.775
-331.096,243.067
-337.258,243.358
-343.522,243.667
-349.251,244.258
-356.14,244.284
-359.671,244.325
-373.519,241.439
-379.573,241.907
-379.236,245.24
-385.707,245.6
-403.284,241.337
-410.249,241.603
-413.315,241.876
-409.701,246.601
-416.634,246.915
-423.556,247.252
-430.619,247.591
-437.799,247.907
-444.925,248.244
-448.59,248.444
-455.891,248.732
-463.196,249.142
-469.997,249.714
-478.219,249.833
-485.83,250.181
-493.487,250.496
-497.293,250.71
-504.189,251.43
-512.96,251.466
-520.367,252.01
-528.495,252.342
-536.474,252.772
-544.846,253.09
-548.551,253.44
-557.58,253.534
-565.986,253.949
-574.528,254.336
-582.238,255.052
-591.546,255.252
-595.931,255.444
-604.595,255.948
-613.459,256.375
-622.645,256.707
-631.753,257.176
-640.858,257.614
-650.14,258.112
-655.007,258.297
-664.571,258.728
-674.09,259.195
-683.803,259.668
-693.516,260.182
-703.46,260.586
-713.397,261.16
-718.48,261.394
-728.526,261.926
-739.088,262.417
-749.185,263.024
-760.03,263.461
-770.71,263.99
-781.218,264.662
-787.158,264.75
-797.665,265.473
-809.233,265.906
-799.225,272.638
-850.748,261.621
-842.953,267.834
-855.143,268.291
-859.907,268.955
-873.218,269.193
-885.472,269.749
-897.86,270.354
-910.579,270.957
-923.328,271.629
-929.549,271.938
-942.602,272.561
-955.788,273.241
-968.624,273.985
-982.145,274.733
-996.256,275.315
-1009.96,276.051
-1017.15,276.381
-1031.02,277.159
-1045.61,277.813
-1060.05,278.66
-1074.57,279.496
-1090.04,280.173
-1105.29,280.94
-1113.07,281.348
-1128.77,282.108
-1144.6,282.99
-1160.56,283.831
-1177.16,284.611
-1193.46,285.611
-1210.29,286.525
-1219.03,286.927
-1236.45,287.713
-1254.09,288.695
-1271.99,289.565
-1290.22,290.548
-1308.64,291.595
-1325.46,292.979
-1337.16,293.046
-1356.41,294.102
-1376.14,295.148
-1395.19,296.407
-1416.3,297.323
-1433.82,298.971
-1457.2,299.693
-1468.79,300.182
-1491.12,301.125
-1513.41,302.341
-1536.07,303.534
-1558.28,304.795
-1582.05,306.087
-1588.71,307.64
-1612.96,308.881
-1642.33,309.381
-1668.06,310.638
-1693.86,311.902
-1719.81,313.427
-1746.62,314.787
-1774.37,316.243
-1788.2,316.955
-1816.03,318.585
-1843.13,320.443
-1874.28,321.77
-1904.28,323.283
-1932.78,325.313
-1948.88,326.16
-1978.24,328.12
-2010.9,329.836
-2043.5,331.831
-2077.09,333.792
-2118.25,334.769
-2154.58,336.686
-2172.23,337.749
-2209.28,339.809
-2247.18,341.956
-2285.01,344.267
-2327.48,346.192
-2367.67,348.507
3857.17,284.728
3807.62,283.248
3760.49,281.814
3714.82,280.363
3693.15,279.511
3604.31,277.085
3563.18,275.728
3521.93,274.595
3482.11,273.342
3443.85,272.119
3424.43,271.593
3387.14,270.437
3350.91,269.271
3315.07,268.232
3280.34,267.192
3246.66,266.173
3239.51,263.779
3115.2,259.405
3085.09,258.601
3055.49,257.804
3040.96,257.29
3012.34,256.499
2984.24,255.817
2957.06,254.933
2942.36,251.373
2917.41,250.366
2892.27,249.324
2880.5,248.852
2855.42,248.107
2830.74,247.542
2806.17,246.854
2782.22,246.235
2758.95,245.62
2747.71,245.358
2725.01,244.729
2702.75,244.175
2680.82,243.588
2658.8,243.149
2620.34,247.482
2600.2,246.924
2590.52,246.485
2570.79,245.926
2582.56,236.356
2563.83,235.704
2545.45,235.027
2527.17,234.303
2518.75,233.801
2501.08,233.067
2483.69,232.419
2466.43,231.68
2449.71,231.067
2433.11,230.495
2416.81,229.878
2408.5,229.447
2392.06,229.067
2375.54,228.661
2359.28,228.314
2343.57,227.882
2328.08,227.555
2289.68,226.605
2274.79,226.286
2260.22,225.932
2246.08,225.593
2231.56,225.254
2217.83,224.825
2210.84,224.732
2197.26,224.323
2157.41,233.773
2144.71,233.402
2132.03,232.999
2119.47,232.573
2113.13,232.418
2101,232.081
2088.75,231.732
2076.89,231.348
2064.97,231.096
2053.29,230.696
2041.79,230.427
2036.13,230.245
2024.7,229.92
2013.54,229.568
2002.5,229.29
1991.63,228.974
1980.84,228.675
1970.2,228.408
1964.89,228.287
1954.54,228.002
1944.13,227.674
1934.16,227.347
1923.87,227.109
1913.84,226.888
1904.05,226.598
1899.1,226.466
1889.42,226.233
1879.86,225.974
1870.35,225.778
1861.01,225.494
1851.68,225.257
1871.77,213.305
1862.29,213.175
1829.1,224.629
1820.16,224.423
1811.36,224.224
1802.71,223.965
1794,223.745
1789.75,223.676
1781.28,223.449
1772.9,223.202
1764.5,223.001
1756.29,222.775
1748.24,222.589
1744.16,222.494
1736.12,222.243
1728.16,222.058
1720.32,221.913
1712.45,221.713
1704.79,221.484
1697.21,221.281
1693.38,221.213
1685.95,221.031
1678.52,220.832
1671.09,220.652
1663.82,220.431
1656.51,220.307
1649.43,220.083
1645.89,219.961
1638.84,219.79
1631.83,219.621
1624.93,219.415
1618.06,219.288
1611.27,219.076
1604.59,218.912
1601.19,218.846
1601.42,210.13
1581.45,218.308
1574.94,218.189
1568.49,218.015
1565.37,217.949
1558.93,217.783
1552.69,217.644
1546.41,217.466
1540.21,217.335
1534.05,217.193
1527.97,217.084
1525,216.973
1518.95,216.844
1513,216.701
1507.06,216.564
1501.15,216.467
1495.34,216.35
1489.57,216.179
1491.09,213.085
1481,215.966
1475.34,215.846
1469.71,215.722
1464.14,215.622
1458.61,215.485
1455.9,215.44
1450.36,215.336
1444.97,215.171
1443.54,212.115
1434.17,214.996
1433.06,211.683
1428.47,208.913
1419.7,211.493
1414.71,211.261
1409.29,211.313
1404.23,211.118
1399.28,210.925
1394.27,210.805
1391.74,210.7
1386.63,210.708
1377.86,213.736
1372.9,213.65
1368.05,213.545
1363.21,213.474
1360.75,213.429
1355.05,209.911
1350.05,210.062
1341.76,213.058
1340.85,209.677
1332.44,212.844
1330.11,212.809
1325.57,212.7
1320.99,212.632
1316.47,212.522
1311.94,212.419
1307.44,212.333
1309.63,208.213
1305.09,208.233
1296.41,212.143
1292.04,212.034
1287.68,211.924
1283.4,211.826
1279.12,211.752
1276.93,211.696
1272.72,211.595
1268.51,211.517
1264.3,211.39
1260.09,211.325
1255.96,211.243
1251.83,211.185
1249.73,211.149
1245.64,211.076
1241.58,210.977
1237.5,210.91
1233.47,210.868
1229.43,210.76
1225.43,210.685
1223.47,210.678
1221.8,208.119
1217.87,208.05
1211.67,210.473
1207.77,210.415
1203.88,210.374
1201.94,210.3
1198.08,210.244
1194.27,210.184
1190.46,210.142
1186.67,210.058
1182.89,210.036
1179.18,209.967
1178.34,208.714
1174.71,208.513
1171.06,208.459
1167.33,208.413
1163.63,208.35
1160.03,208.287
1156.46,208.199
1154.68,208.104
1151.02,208.1
1147.43,208.048
1143.88,207.973
1140.34,207.902
1136.79,207.872
1134.99,207.874
1131.49,207.855
1127.92,207.901
1130.87,199.383
1127.38,199.165
1116.54,209.117
1113.06,209.096
1111.37,209.074
1107.99,208.999
1104.62,208.927
1101.25,208.875
1097.93,208.828
1094.57,208.766
1091.24,208.762
1086.56,208.284
1082.98,208.637
1079.71,208.592
1076.45,208.57
1073.21,208.521
1071.58,208.491
1068.33,208.48
1065.16,208.421
1061.97,208.368
1058.77,208.351
1055.57,208.312
1052.41,208.265
1050.87,208.232
1047.7,208.2
1044.6,208.153
1041.45,208.152
1038.35,208.133
1035.22,208.082
1032.16,208.054
1030.63,208.062
1027.55,208.025
1024.49,208.003
1021.47,207.976
1018.45,207.915
1015.42,207.908
1012.42,207.873
1010.9,207.885
1007.92,207.851
1004.93,207.837
1001.95,207.808
998.99,207.819
996.015,207.801
994.519,207.786
991.588,207.798
988.638,207.807
985.74,207.773
982.816,207.78
979.901,207.78
977.001,207.783
975.583,207.807
972.665,207.831
969.792,207.827
966.933,207.817
964.103,207.813
961.252,207.825
959.851,207.847
957.004,207.851
954.163,207.872
951.379,207.852
948.556,207.854
945.798,207.839
943.015,207.854
941.612,207.856
938.833,207.825
936.102,207.814
933.355,207.809
930.627,207.832
927.883,207.812
925.146,207.848
923.794,207.838
921.059,207.855
918.336,207.847
915.65,207.867
912.944,207.872
910.272,207.896
907.589,207.935
906.242,207.935
903.583,207.939
900.923,207.916
898.287,207.911
895.631,207.975
892.999,207.981
890.351,207.952
889.064,207.968
886.445,208.005
883.825,207.994
881.218,207.999
878.61,207.986
876.021,208.01
874.73,208.015
870.502,204.743
867.968,204.721
865.39,204.682
862.814,204.73
859.335,208.04
858.065,208.078
855.522,208.074
852.968,208.091
850.448,208.112
847.912,208.124
845.404,208.11
844.134,208.13
841.646,208.146
839.13,208.17
836.629,208.177
834.146,208.2
831.64,208.2
829.158,208.222
827.908,208.253
825.446,208.274
822.958,208.306
820.5,208.309
818.033,208.257
815.574,208.312
813.141,208.281
811.909,208.288
809.477,208.288
807.033,208.266
804.602,208.275
802.178,208.295
799.739,208.271
797.333,208.306
796.135,208.307
793.715,208.307
791.286,208.321
788.876,208.323
786.478,208.327
784.087,208.327
782.906,208.321
780.511,208.322
778.112,208.349
775.731,208.328
773.348,208.33
770.961,208.331
768.596,208.348
767.397,208.355
765.049,208.341
762.676,208.342
760.321,208.327
757.969,208.35
755.608,208.336
754.431,208.409
752.079,208.417
749.736,208.404
747.377,208.431
745.034,208.439
742.705,208.457
740.357,208.446
739.184,208.464
736.871,208.455
734.538,208.484
732.217,208.494
729.883,208.492
727.555,208.52
725.26,208.528
724.082,208.535
721.79,208.533
719.452,208.538
717.163,208.555
714.861,208.597
712.532,208.603
711.382,208.607
709.096,208.62
706.775,208.637
704.493,208.649
702.191,208.653
699.896,208.668
697.612,208.704
696.483,208.712
694.19,208.725
691.891,208.736
689.606,208.769
687.321,208.776
685.048,208.782
682.781,208.802
681.643,208.832
679.352,208.837
677.09,208.844
674.809,208.868
672.543,208.885
670.256,208.92
667.979,208.916
666.848,208.946
664.576,208.96
662.324,208.966
660.048,208.99
657.779,209.03
655.526,209.038
653.268,209.053
652.149,209.086
649.875,209.088
647.603,209.118
645.348,209.158
643.103,209.17
640.84,209.196
639.718,209.221
637.456,209.218
635.205,209.255
632.935,209.298
627.866,205.603
625.583,205.644
624.423,205.656
622.156,205.662
619.91,205.686
617.604,205.62
615.336,205.627
613.096,205.636
611.941,205.669
609.721,205.896
608.166,209.589
605.912,209.604
603.661,209.633
600.838,213.053
599.706,213.07
597.467,213.107
595.199,213.133
592.965,213.178
590.692,213.191
588.461,213.235
587.331,213.238
585.057,213.282
582.807,213.31
580.562,213.355
578.311,213.391
576.056,213.437
573.793,213.439
572.669,213.468
570.41,213.523
568.149,213.55
565.889,213.574
563.647,213.612
561.376,213.647
559.11,213.709
557.968,213.713
555.726,213.75
553.471,213.805
551.185,213.83
548.914,213.886
546.663,213.929
544.407,213.955
543.265,213.989
541.004,214.032
538.734,214.067
536.459,214.119
534.179,214.175
531.894,214.217
529.635,214.231
528.483,214.258
526.22,214.305
523.945,214.356
521.654,214.386
519.362,214.43
517.08,214.481
515.952,214.517
513.665,214.54
509.087,214.662
506.764,214.689
504.483,214.724
502.172,214.771
501.03,214.829
498.736,214.891
496.441,214.922
494.13,214.97
491.827,215.024
489.53,215.097
488.36,215.115
486.059,215.169
483.74,215.22
481.403,215.264
479.115,215.318
476.774,215.398
474.44,215.446
473.287,215.46
470.975,215.546
468.625,215.586
466.297,215.633
463.957,215.721
461.626,215.771
459.282,215.846
458.114,215.885
455.768,215.971
453.442,216.023
451.085,216.084
448.724,216.154
446.359,216.223
444.003,216.292
442.841,216.338
440.459,216.41
438.101,216.486
435.718,216.559
433.355,216.622
430.572,215.474
429.389,215.514
426.996,215.563
424.566,215.562
422.162,215.658
415.927,211.689
413.532,211.917
410.427,206.684
393.811,205.676
391.223,205.603
386.231,205.7
374.396,204.736
366.483,204.376
363.85,204.387
362.544,204.217
359.867,204.18
357.279,204.11
354.601,204.027
351.903,203.967
349.351,203.861
346.636,203.919
289.826,209.058
287.105,209.167
254.557,207.242
251.744,207.343
252.488,219.585
249.637,219.642
246.831,219.72
243.972,219.832
241.174,219.942
238.359,220.168
238.11,223.979
236.702,224.053
233.871,224.178
231.021,224.329
228.175,224.444
225.292,224.569
222.422,224.711
220.973,224.785
218.074,224.902
215.181,225.012
212.252,225.138
209.32,225.252
206.367,225.378
203.428,225.502
201.964,225.571
199.01,225.737
193.064,225.979
190.041,226.1
187.01,226.187
183.94,226.272
182.398,226.28
177.15,223.685
174.067,223.777
170.985,223.935
167.942,224.112
166.905,226.737
163.804,226.866
156.713,224.243
153.576,224.346
149.971,223.965
146.75,224.085
143.595,224.189
142.047,224.368
141.693,227.75
138.563,227.956
135.321,228.103
132.106,228.223
128.843,228.388
125.603,228.525
123.971,228.598
120.679,228.728
116.966,228.398
110.121,224.777
106.746,224.871
103.354,224.977
101.594,224.967
98.089,225.042
94.7087,225.214
91.3789,225.417
87.989,225.627
84.4635,229.392
82.8116,229.51
80.2137,230.545
76.751,230.715
73.2456,230.87
69.7648,231.06
66.209,231.193
62.6486,231.334
52.3565,230.458
48.7452,230.582
46.4798,232.103
42.8649,232.259
39.1981,232.424
37.387,232.515
33.6754,232.684
29.9875,232.858
26.2562,233.039
12.8386,231.692
10.9801,231.781
9.24714,233.833
5.41912,234.02
1.56339,234.19
-2.32306,234.384
-6.20314,234.578
-8.16255,234.663
-12.1096,234.844
-16.0515,235.025
-20.0228,235.23
-24.0313,235.413
-28.0628,235.575
-30.1061,235.673
-34.1563,235.833
-38.2813,235.999
-42.4262,236.198
-46.5864,236.368
-50.7701,236.535
-54.9567,236.717
-57.0721,236.783
-61.3019,236.975
-65.6073,237.149
-73.1503,234.799
-77.4703,235.006
-78.5691,237.724
-82.9218,237.905
-85.1496,237.975
-89.514,238.184
-93.9486,238.406
-98.3899,238.613
-102.869,238.831
-107.437,238.995
-111.976,239.191
-114.297,239.291
-118.897,239.491
-123.509,239.696
-128.18,239.922
-132.888,240.12
-137.566,240.344
-142.263,240.626
-144.813,240.639
-149.572,240.857
-154.413,241.099
-159.246,241.333
-164.198,241.504
-169.112,241.732
-171.615,241.882
-176.595,242.099
-181.592,242.33
-186.603,242.575
-191.656,242.854
-196.843,243.065
-202.036,243.297
-204.72,243.387
-209.906,243.636
-215.213,243.844
-220.516,244.14
-225.748,244.437
-230.82,244.882
-236.409,245.007
-239.442,244.987
-244.72,245.348
-250.028,245.781
-256.028,245.784
-261.586,246.075
-267.252,246.356
-269.934,246.576
-275.847,246.733
-281.596,247.007
-287.47,247.299
-293.289,247.582
-299.245,247.851
-305.112,248.176
-308.11,248.378
-314.235,248.607
-320.235,248.927
-326.444,249.197
-332.363,249.648
-338.892,249.778
-345.166,250.089
-348.077,250.374
-360.89,247.327
-367.025,247.765
-373.72,248.036
-382.506,247.222
-380.67,251.92
-387.44,252.201
-399.373,247.964
-406.429,248.159
-413.147,248.627
-419.728,249.147
-418.181,253.713
-425.168,254.064
-432.247,254.463
-435.746,254.637
-442.99,254.995
-450.218,255.386
-457.47,255.753
-464.876,256.144
-471.722,256.755
-479.461,257.07
-483.659,257.06
-491.257,257.465
-498.947,257.852
-506.751,258.289
-514.597,258.692
-522.484,259.117
-526.447,259.321
-534.605,259.726
-542.751,260.147
-550.979,260.581
-559.321,260.998
-567.637,261.439
-576.126,261.914
-580.452,262.152
-589.047,262.578
-597.752,263.04
-605.898,263.773
-615.297,264.044
-624.44,264.439
-633.589,264.96
-638.178,265.218
-647.138,265.805
-656.41,266.323
-666.24,266.674
-675.9,267.179
-685.342,267.76
-690.443,267.955
-700.332,268.496
-710.216,269.04
-719.972,269.738
-742.621,265.628
-740.819,270.716
-751.322,271.282
-756.54,271.59
-767.182,272.153
-777.161,273.085
-788.561,273.461
-799.995,273.949
-811.263,274.575
-837.98,269.821
-827.819,275.619
-839.208,276.327
-851.695,276.771
-863.451,277.451
-875.579,278.055
-887.706,278.773
-899.581,279.632
-905.86,279.893
-918.824,280.491
-931.384,281.206
-944.396,281.94
-957.534,282.687
-970.574,283.543
-984.391,284.204
-991.314,284.494
-1005.3,285.283
-1019.05,286.061
-1033.23,286.906
-1047.67,287.682
-1062.06,288.576
-1076.46,289.564
-1083.3,290.185
-1099.61,290.785
-1114.38,291.734
-1130.57,292.48
-1146.61,293.407
-1162.95,294.234
-1179.27,295.246
-1187.69,295.669
-1204.23,296.608
-1251.44,289.792
-1238.74,298.584
-1256.35,299.565
-1274.21,300.661
-1283.47,301.08
-1301.87,302.175
-1320.54,303.22
-1339.46,304.381
-1358.73,305.563
-1377.94,306.879
-1396.74,308.261
-1407.53,308.7
-1449.75,310.961
-1469.94,312.382
-1490.52,314.012
-1515.8,314.625
-1538.39,315.92
-1550.02,316.603
-1573.14,317.936
-1597.31,319.32
-1621.05,320.737
-1645.78,322.181
-1670.61,323.77
-1696.97,325.133
-1709.31,326.051
-1734.93,327.731
-1759.23,329.934
-1790.99,330.657
-1819.58,332.294
-1847.14,334.271
-1877.07,335.968
-1893,336.68
-1920.58,338.895
-1954.28,340.418
-1985.28,342.314
-2018.11,344.36
-2050.87,346.35
-2069.37,347.077
-2100.53,349.776
-2139.33,351.419
-2176.11,353.487
-2213.13,355.721
-2251.39,358.101
-2287.9,360.733
-2310.27,361.589
-2350.58,363.996
-2392.51,366.437
-4574.95,528.063
3612.15,290.875
3570.58,289.428
3529.44,287.868
3509.34,287.213
3470.39,285.822
3431.64,284.469
3394.15,283.201
3357.92,281.962
3322.07,280.704
3287.74,279.38
3271.15,278.79
3237.21,277.654
3204.57,276.537
3097.6,272.422
3067.14,271.476
3038.18,270.517
3009.64,269.476
2981.43,268.592
2954.25,267.684
2939.26,264.553
2927.83,263.952
2903,262.772
2878.29,261.769
2853.43,260.955
2828.24,260.12
2804.45,259.379
2780.35,258.573
2768.58,258.284
2745.42,257.558
2722.87,256.846
2700.66,256.214
2678.78,255.469
2657.19,254.907
2625.11,256.696
2614.96,256.365
2594.85,255.671
2574.86,255.044
2583.09,248.004
2564.43,247.137
2546.11,246.363
2537.68,245.807
2519.35,245.084
2501.82,244.459
2483.7,243.937
2466.22,243.179
2450.56,242.127
2434.48,241.299
2426.83,240.844
2410.84,240.188
2394.65,239.501
2379.38,238.734
2363.82,238.143
2348.54,237.414
2333.48,236.766
2282.77,234.531
2268.72,234.045
2254.07,233.601
2239.61,233.336
2232.7,233.029
2218.61,232.711
2204.57,232.249
2191.31,231.89
2177.75,231.591
2164.46,231.264
2157.92,231.031
2145.05,230.611
2132,230.382
2119.46,229.972
2107.19,229.685
2094.65,229.347
2082.8,228.938
2077.13,228.667
2038.18,237.263
2026.87,236.878
2015.72,236.522
2004.68,236.179
1993.75,235.812
1982.9,235.445
1977.57,235.264
1967,234.949
1956.49,234.597
1946.24,234.33
1935.95,233.985
1925.86,233.635
1920.84,233.518
1910.96,233.176
1901.09,232.894
1891.52,232.592
1881.92,232.251
1872.45,232.033
1862.98,231.699
1858.44,231.571
1874.55,221.514
1865.66,221.092
1831.02,230.743
1822,230.494
1813.24,230.209
1808.79,230.126
1800.14,229.834
1791.47,229.58
1783.02,229.333
1774.49,229.127
1766.15,228.886
1757.89,228.6
1753.91,228.518
1745.8,228.258
1737.77,228.034
1729.79,227.839
1721.94,227.563
1714.02,227.345
1706.41,227.109
1702.53,226.993
1694.88,226.802
1687.39,226.554
1679.94,226.39
1672.58,226.163
1665.19,225.946
1657.97,225.751
1654.44,225.621
1647.27,225.452
1640.27,225.254
1633.11,225.046
1626.27,224.834
1619.31,224.655
1615.89,224.536
1609.09,224.36
1602.41,224.173
1602.85,216.931
1595.91,216.946
1576.07,223.441
1572.83,223.347
1566.4,223.134
1560.08,222.942
1553.81,222.765
1547.56,222.631
1541.35,222.437
1535.27,222.267
1532.16,222.162
1526.08,222.01
1520.15,221.838
1514.11,221.653
1508.26,221.528
1502.31,221.317
1496.54,221.186
1493.66,221.101
1487.94,220.937
1485.22,219.076
1476.6,220.595
1470.94,220.464
1465.37,220.314
1462.68,220.177
1457.11,220.056
1451.68,219.877
1446.26,219.712
1443.67,217.942
1435.59,219.411
1430.23,219.278
1427.62,219.221
1429.56,214.778
1423.9,214.786
1411.94,218.806
1409.29,217.099
1404.09,217.01
1401.65,216.967
1394.17,218.335
1389.19,218.2
1386.65,216.474
1379.13,217.956
1374.27,217.849
1369.39,217.708
1366.95,217.665
1362.07,217.544
1357.29,217.443
1352.53,217.331
1347.76,217.236
1345.56,215.395
1338.4,216.991
1336.04,216.911
1331.42,216.82
1326.82,216.716
1322.28,216.616
1317.73,216.481
1313.16,216.407
1308.77,216.226
1309.92,213.85
1305.47,213.708
1297.61,216.021
1293.23,215.936
1288.92,215.812
1284.57,215.693
1282.41,215.665
1278.14,215.587
1273.83,215.486
1269.6,215.399
1265.33,215.271
1261.21,215.215
1256.94,215.134
1254.87,215.111
1250.69,215.04
1246.54,215.019
1242.43,214.96
1238.35,214.86
1234.33,214.766
1230.28,214.653
1228.3,214.612
1224.35,214.532
1220.37,214.467
1217.89,213.158
1212.56,214.252
1208.71,214.129
1206.8,214.069
1202.97,213.967
1199.15,213.842
1195.37,213.731
1191.59,213.67
1187.76,213.575
1184.08,213.482
1182.21,213.431
1178.47,213.342
1174.73,213.238
1171.08,213.192
1167.4,213.075
1163.67,213.031
1160.06,212.93
1158.28,212.944
1154.61,212.88
1151,212.821
1147.47,212.723
1143.89,212.688
1140.33,212.601
1138.53,212.595
1134.99,212.524
1131.43,212.517
1127.97,212.462
1132.58,204.43
1129.11,204.439
1125.55,204.341
1115.67,212.39
1112.18,212.404
1108.74,212.418
1105.26,212.435
1101.78,212.467
1098.43,212.481
1096.71,212.456
1093.33,212.425
1089.94,212.463
1086.61,212.407
1083.33,212.364
1080.06,212.296
1076.8,212.243
1075.16,212.23
1071.93,212.169
1068.75,212.129
1065.49,212.067
1062.29,212.033
1059.11,211.984
1055.9,211.96
1054.3,211.972
1051.14,211.913
1047.96,211.899
1044.85,211.838
1041.7,211.84
1038.59,211.774
1035.45,211.767
1033.92,211.757
1030.83,211.724
1027.81,211.638
1024.71,211.66
1021.66,211.628
1018.62,211.586
1017.07,211.591
1014.05,211.556
1011.06,211.563
1008.04,211.525
1005.06,211.504
1002.09,211.465
999.092,211.455
997.599,211.454
994.652,211.462
991.665,211.469
988.694,211.457
985.766,211.473
982.861,211.452
979.933,211.434
978.464,211.461
975.591,211.466
972.718,211.464
969.822,211.445
966.928,211.451
964.065,211.474
962.653,211.466
959.79,211.463
956.937,211.472
954.111,211.502
951.275,211.493
948.482,211.508
945.668,211.521
944.24,211.538
941.456,211.526
938.67,211.56
935.914,211.548
933.157,211.541
930.405,211.532
927.654,211.525
926.266,211.548
923.523,211.589
920.823,211.565
918.126,211.564
915.423,211.552
912.723,211.565
911.364,211.581
908.667,211.564
906.009,211.545
903.325,211.548
900.674,211.566
898.01,211.568
895.366,211.569
894.024,211.561
891.425,211.544
888.769,211.574
886.155,211.565
883.534,211.575
880.947,211.561
878.328,211.564
877.021,211.591
874.418,211.574
871.817,211.574
870.662,208.892
868.066,208.868
865.532,208.824
862.903,208.882
860.28,211.601
857.721,211.621
855.166,211.599
852.636,211.633
850.083,211.625
847.559,211.622
846.294,211.638
843.773,211.662
841.261,211.65
838.764,211.665
836.245,211.669
833.751,211.664
831.27,211.66
830.022,211.688
827.515,211.698
825.034,211.704
822.577,211.727
820.097,211.743
817.638,211.744
816.397,211.759
813.924,211.773
811.46,211.815
809.033,211.82
806.575,211.832
804.123,211.822
801.715,211.835
800.503,211.855
798.05,211.856
795.642,211.862
793.243,211.825
790.838,211.826
788.439,211.828
786.03,211.823
784.815,211.81
782.435,211.827
780.04,211.821
777.633,211.821
775.268,211.819
772.871,211.814
770.495,211.823
769.313,211.821
764.565,211.833
762.198,211.845
759.833,211.851
757.473,211.87
755.121,211.861
753.956,211.859
751.598,211.843
749.241,211.889
746.896,211.882
744.568,211.885
742.219,211.883
741.036,211.915
738.712,211.909
736.384,211.913
734.038,211.917
731.72,211.941
729.387,211.93
727.088,211.948
725.918,211.968
723.587,211.961
721.287,211.984
718.98,211.975
716.651,212.009
714.361,212.002
713.183,212.019
710.879,212.029
708.583,212.03
706.279,212.048
703.998,212.052
701.692,212.08
699.394,212.076
698.255,212.083
695.949,212.091
693.668,212.116
691.373,212.121
689.112,212.157
686.811,212.154
684.539,212.181
683.408,212.189
681.101,212.197
678.839,212.229
676.562,212.221
674.289,212.23
671.994,212.272
669.746,212.294
668.605,212.281
666.329,212.316
664.066,212.332
661.794,212.355
659.522,212.347
657.247,212.377
656.127,212.378
653.851,212.405
651.594,212.436
649.324,212.463
647.081,212.477
644.811,212.525
642.539,212.541
641.421,212.547
639.176,212.554
636.903,212.592
634.642,212.614
632.389,212.665
629.153,209.508
626.889,209.527
624.624,209.557
622.358,209.607
620.121,209.636
617.742,212.849
615.577,209.582
614.424,209.544
612.151,209.582
609.89,209.614
607.652,209.566
605.349,212.986
603.078,213.033
602.451,217.484
600.196,217.468
599.065,217.47
596.777,217.473
594.54,217.561
592.293,217.58
590.04,217.623
587.797,217.668
585.516,217.694
584.389,217.714
582.152,217.717
579.861,217.73
577.62,217.832
575.387,217.858
573.125,217.896
570.869,217.905
569.741,217.952
567.456,217.986
565.201,218.028
562.95,218.064
560.676,218.09
558.404,218.149
556.156,218.186
555.038,218.203
552.771,218.254
550.491,218.295
548.209,218.33
545.943,218.354
543.692,218.401
542.556,218.437
540.289,218.462
538.006,218.532
535.731,218.55
533.471,218.604
531.194,218.636
528.898,218.693
527.778,218.707
525.476,218.769
523.197,218.801
520.929,218.843
518.614,218.89
516.325,218.941
515.185,218.961
512.903,218.99
510.601,219.047
508.304,219.098
506.011,219.151
503.734,219.206
501.437,219.261
500.289,219.292
497.987,219.329
493.368,219.454
491.043,219.49
488.759,219.604
486.413,219.578
485.266,219.62
482.967,219.689
480.628,219.727
478.323,219.786
475.971,219.861
473.658,219.912
471.327,219.968
470.16,220.008
467.824,220.044
465.497,220.113
463.169,220.19
460.805,220.234
458.449,220.29
457.297,220.336
454.957,220.411
452.587,220.43
450.233,220.536
447.88,220.607
445.525,220.655
443.159,220.732
441.972,220.756
439.612,220.813
437.225,220.879
434.582,220.455
432.192,220.55
429.815,220.591
427.407,220.618
426.195,220.632
422.055,217.601
419.146,216.77
396.958,210.969
394.387,210.834
391.733,210.775
388.109,210.979
367.91,209.62
365.3,209.582
362.571,209.407
359.907,209.373
358.613,209.379
355.858,209.254
353.191,209.206
350.555,209.189
347.953,209.225
334.314,214.315
331.671,214.403
329.093,214.499
327.792,214.596
324.193,213.349
248.472,225.279
245.659,225.385
242.794,225.492
239.984,225.594
237.212,225.839
237.193,228.897
235.775,228.957
232.936,229.095
230.061,229.219
227.185,229.347
224.342,229.47
221.464,229.602
218.555,229.743
217.105,229.803
214.202,229.943
211.287,230.092
208.37,230.22
205.424,230.363
202.459,230.517
199.533,230.667
198.056,230.738
195.067,230.87
192.114,231.017
189.127,231.182
186.106,231.298
176.195,229.511
173.18,229.704
170.127,229.903
167.023,229.999
160.427,229.97
158.851,230.028
155.66,230.123
151.979,229.812
148.8,229.917
145.596,230.047
142.498,230.283
140.908,230.397
140.912,233.274
137.643,233.381
134.402,233.513
131.085,233.605
127.813,233.726
124.562,233.881
122.91,233.944
119.601,234.093
112.037,230.725
108.623,230.843
105.257,231.034
101.897,231.189
98.3297,231.181
96.6209,231.273
93.2896,231.507
89.867,231.621
86.508,231.85
87.6628,235.636
84.0056,235.631
80.8412,236.038
79.1114,236.113
75.6154,236.293
72.1341,236.478
68.644,236.66
65.1055,236.813
61.5691,236.996
57.9692,237.194
56.1971,237.293
51.5817,236.732
49.0056,237.643
45.3995,237.843
41.7247,238.019
38.0724,238.182
36.2484,238.289
32.5482,238.483
28.8297,238.687
25.0876,238.856
21.349,239.049
17.5892,239.227
13.878,238.068
11.8887,239.525
8.06731,239.748
4.21756,239.917
0.356272,240.142
-3.53065,240.316
-7.41551,240.547
-9.39862,240.629
-13.3066,240.849
-17.2643,241.039
-21.2573,241.253
-25.2608,241.474
-29.2675,241.682
-33.3363,241.904
-35.3604,242.002
-39.4399,242.217
-43.5291,242.45
-47.6414,242.676
-51.8048,242.905
-55.9711,243.122
-60.2022,243.367
-62.2871,243.478
-70.117,241.505
-74.4601,241.711
-75.1108,244.169
-79.4087,244.414
-83.7496,244.636
-88.1102,244.872
-90.3199,244.979
-94.6839,245.248
-99.1251,245.51
-103.587,245.724
-108.072,245.983
-112.595,246.228
-114.932,246.339
-119.555,246.554
-124.195,246.802
-128.906,247.008
-133.561,247.274
-138.299,247.492
-143.087,247.718
-145.507,247.853
-150.286,248.074
-155.147,248.325
-160.007,248.581
-164.99,248.831
-169.886,249.088
-174.884,249.353
-177.426,249.472
-182.489,249.692
-187.505,249.998
-192.664,250.251
-197.775,250.513
-202.938,250.772
-205.577,250.926
-210.792,251.182
-216.041,251.5
-221.408,251.747
-226.706,252.059
-232.108,252.341
-237.501,252.655
-240.292,252.757
-245.871,253.039
-256.892,253.676
-268.75,251.058
-268.187,254.273
-273.869,254.612
-276.69,254.786
-282.665,254.982
-288.537,255.297
-294.353,255.662
-300.306,255.968
-306.273,256.304
-312.278,256.631
-323.073,253.349
-329.243,253.669
-335.425,254.047
-333.843,257.771
-338.174,258.99
-353.613,255.361
-352.757,258.839
-355.733,259.133
-369.907,256.2
-376.344,256.624
-375.52,260.062
-392.893,255.966
-399.351,256.49
-406.083,256.889
-409.401,257.153
-415.938,257.698
-423.554,257.789
-430.764,258.166
-426.755,262.906
-433.625,263.379
-437.101,263.657
-444.7,263.918
-451.87,264.349
-459.106,264.818
-466.437,265.23
-473.956,265.666
-481.494,266.107
-485.123,266.345
-492.732,266.842
-500.943,267.082
-508.532,267.653
-516.356,268.079
-524.273,268.596
-532.083,269.132
-536.363,269.292
-544.76,269.713
-552.644,270.274
-561.323,270.634
-569.465,271.256
-578.31,271.668
-582.193,272.033
-591.21,272.398
-600.034,272.933
-608.664,273.499
-617.2,274.189
-626.832,274.51
-635.855,275.103
-654.193,270.948
-663.397,271.61
-659.381,276.392
-682.88,272.604
-692.9,273.105
-702.782,273.638
-712.133,274.441
-718.639,274.301
-727.879,275.221
-721.666,280.706
-733.509,280.858
-743.896,281.475
-769.365,277.79
-780.083,278.416
-770.281,283.152
-779.901,284.145
-791.609,284.569
-820.404,280.268
-833.025,280.688
-825.432,286.662
-837.35,287.188
-843.205,287.51
-854.874,288.343
-866.527,289.076
-878.949,289.747
-891.225,290.523
-903.496,291.368
-916.32,292.063
-942.172,287.51
-955.242,288.289
-948.322,294.023
-961.654,294.887
-975.042,295.752
-988.233,296.636
-1002.4,297.387
-1008.78,297.987
-1023.28,298.704
-1037.03,299.766
-1051.87,300.625
-1066.72,301.482
-1080.31,302.731
-1088.28,303.153
-1104.34,303.932
-1119.97,304.842
-1135.47,305.896
-1151.61,306.822
-1165.96,308.351
-1184.04,309.036
-1224.01,302.912
-1244.44,303.336
-1227.27,311.614
-1244.35,312.738
-1261.31,313.984
-1280,315.081
-1298.17,316.23
-1306.45,317.045
-1326.81,317.962
-1345.46,319.292
-1365.01,320.534
-1385,321.801
-1445.5,315.912
-1425.81,324.394
-1436.69,325.065
-1457.27,326.42
-1513.78,321.926
-1500.35,329.391
-1518.34,331.556
-1545.35,332.278
-1569.36,333.69
-1581.27,334.478
-1603.8,336.178
-1628.53,337.705
-1653.95,339.327
-1680.02,340.853
-1705.37,342.564
-1713.98,344.044
-1741.71,345.712
-1772.78,346.925
-1800.5,348.796
-1826.95,350.986
-1855,353.063
-1888.06,354.504
-1902.43,355.55
-1934.16,357.468
-1965.47,359.601
-1994.34,362.068
-2030.84,363.826
-2064.6,366.088
-2099.02,368.346
-2116.08,369.68
-2151.26,372.055
-2187.37,374.519
-2224.84,377.088
-2264.85,379.561
-2301.7,382.344
-2343.16,385.09
-2366.34,386.12
-2405.75,389.263
3326.64,296.735
3291.97,295.325
3274.58,294.559
3241.2,293.316
3115.48,287.908
3084.33,286.83
3069.33,286.251
3040.73,285.208
3012.11,284.032
2984.13,282.908
2957.69,281.725
2930.86,280.619
2904.85,279.575
2892.44,278.904
2867.42,277.861
2842.43,276.88
2817.91,275.989
2793.89,274.992
2770.54,274.252
2758.91,273.792
2736.21,272.92
2713.62,272.029
2691.72,271.215
2669.93,270.341
2648.82,269.598
2627.74,268.742
2617.5,268.433
2597.17,267.674
2577.63,266.942
2572.78,262.128
2554.16,261.187
2535.9,260.315
2518.01,259.427
2509.2,258.828
2490.97,258.153
2472.77,257.519
2454.79,256.898
2437.33,256.304
2420.16,255.773
2403.01,255.151
2394.75,254.957
2378.19,254.349
2361.94,253.873
2345.63,253.258
2329.85,252.802
2314.34,252.27
2287.27,247.465
2273.24,246.764
2258.98,245.98
2245.29,245.389
2231.51,244.633
2225.32,244.157
2211.57,243.58
2198.21,243.069
2184.4,242.675
2170.87,242.305
2157.86,241.915
2144.64,241.595
2138.26,241.376
2125.16,241.033
2112.65,240.656
2100.06,240.268
2087.89,239.845
2075.55,239.644
2069.4,239.495
2057.52,239.133
2045.44,238.863
2016.76,245.402
2005.81,244.968
1994.82,244.566
1984.11,244.185
1978.64,243.931
1968.19,243.578
1957.66,243.197
1947.26,242.732
1937.07,242.382
1926.92,242.031
1922,241.814
1912.06,241.483
1902.23,241.139
1892.55,240.736
1882.87,240.398
1873.38,240.063
1863.94,239.769
1867.42,231.22
1857.51,231.142
1831.78,238.638
1822.82,238.287
1814.14,237.989
1805.32,237.699
1801.03,237.518
1792.33,237.248
1783.85,236.963
1775.35,236.718
1767.02,236.423
1758.71,236.121
1750.59,235.839
1746.49,235.72
1738.51,235.445
1730.52,235.171
1722.67,234.901
1714.89,234.654
1707.13,234.382
1703.26,234.246
1695.68,233.991
1688.12,233.717
1680.66,233.451
1673.19,233.175
1665.96,232.933
1658.65,232.682
1655.1,232.574
1647.95,232.367
1640.78,232.106
1633.81,231.86
1626.84,231.632
1619.95,231.466
1613.03,231.186
1609.73,231.073
1602.95,230.915
1604.48,225.77
1597.72,225.482
1583.04,230.2
1576.53,229.992
1570.14,229.799
1566.91,229.691
1560.53,229.487
1554.26,229.267
1548.01,229.096
1541.83,228.909
1535.53,228.688
1532.58,228.612
1526.5,228.398
1520.44,228.172
1514.49,228.013
1508.52,227.829
1502.63,227.649
1496.83,227.463
1493.93,227.333
1488.13,227.175
1482.4,226.99
1476.72,226.865
1471.14,226.587
1465.61,226.352
1462.91,226.243
1457.33,226.136
1451.7,226.007
1446.28,225.845
1440.83,225.712
1435.49,225.548
1430.2,225.364
1431.1,222.642
1425.79,222.504
1417.11,224.944
1411.88,224.8
1406.7,224.641
1401.64,224.48
1396.48,224.381
1393.98,224.249
1388.97,224.118
1383.96,224.009
1379.08,223.785
1374.37,223.465
1369.46,223.316
1364.62,223.167
1362.23,223.083
1357.28,223.097
1352.34,223.063
1347.58,222.944
1342.85,222.821
1338.18,222.694
1335.85,222.603
1331.19,222.487
1326.6,222.394
1321.99,222.27
1317.41,222.142
1312.87,222.028
1307.51,220.659
1301.78,221.719
1297.29,221.649
1292.86,221.525
1288.52,221.432
1284.12,221.293
1279.83,221.206
1277.71,221.167
1273.38,221.07
1269.16,220.925
1264.96,220.785
1260.73,220.727
1256.53,220.618
1254.46,220.567
1250.3,220.446
1246.17,220.375
1242.08,220.273
1238,220.154
1233.96,220.067
1229.95,219.963
1227.96,219.912
1223.95,219.831
1220.01,219.731
1216.03,219.631
1212.1,219.567
1208.22,219.408
1204.36,219.329
1202.42,219.311
1198.57,219.189
1194.68,219.119
1190.9,219.06
1187.11,218.963
1183.34,218.858
1181.45,218.818
1177.69,218.734
1173.97,218.662
1170.22,218.587
1166.52,218.504
1162.85,218.416
1159.23,218.391
1157.4,218.348
1153.75,218.258
1150.16,218.249
1146.45,218.266
1142.9,218.151
1139.36,218.057
1137.59,218.019
1134.08,217.998
1130.53,217.882
1132.59,210.667
1129.03,210.633
1125.38,210.659
1116.57,217.706
1114.87,217.693
1111.44,217.631
1107.99,217.607
1104.58,217.552
1101.22,217.481
1097.86,217.39
1094.5,217.37
1092.85,217.286
1089.54,217.246
1086.24,217.172
1082.9,217.137
1079.61,217.065
1076.35,217.042
1073.08,216.995
1071.45,216.968
1068.18,216.922
1064.95,216.892
1061.75,216.854
1058.5,216.848
1055.29,216.837
1053.73,216.835
1050.52,216.811
1047.36,216.785
1044.19,216.742
1041.07,216.752
1037.91,216.748
1034.84,216.686
1033.26,216.69
1030.14,216.686
1027.07,216.66
1023.97,216.637
1020.95,216.639
1017.86,216.631
1014.85,216.583
1013.32,216.602
1010.29,216.564
1007.28,216.585
1004.25,216.572
1001.32,216.557
998.305,216.52
996.845,216.556
993.866,216.52
990.878,216.49
987.933,216.495
985.055,216.502
982.103,216.511
979.213,216.503
977.73,216.489
974.822,216.49
971.971,216.472
969.096,216.431
966.24,216.435
963.371,216.419
960.509,216.416
959.116,216.413
956.258,216.408
953.448,216.389
950.641,216.415
947.845,216.387
945.029,216.388
943.638,216.401
940.864,216.366
938.071,216.367
935.3,216.364
932.563,216.375
929.803,216.333
927.082,216.36
925.711,216.367
922.965,216.359
920.257,216.356
917.534,216.319
914.841,216.311
912.141,216.306
909.438,216.326
908.127,216.285
905.441,216.326
902.778,216.3
900.122,216.307
897.456,216.299
894.83,216.315
892.176,216.301
890.833,216.321
888.244,216.32
885.58,216.314
882.978,216.28
880.373,216.313
877.789,216.292
876.468,216.303
873.878,216.294
871.918,214.269
869.319,214.237
866.746,214.212
864.178,214.203
861.035,216.302
859.75,216.288
857.189,216.292
854.632,216.297
852.113,216.313
849.577,216.313
847.032,216.331
845.773,216.343
843.261,216.328
840.74,216.322
838.232,216.351
835.749,216.341
833.242,216.344
830.742,216.337
829.501,216.34
827,216.346
824.55,216.351
822.073,216.355
819.599,216.374
817.131,216.369
814.678,216.392
813.45,216.378
811.001,216.391
808.535,216.379
806.098,216.391
803.651,216.399
801.229,216.417
798.785,216.421
797.607,216.421
795.165,216.429
792.734,216.437
790.33,216.44
787.913,216.472
785.51,216.489
783.111,216.505
781.915,216.471
779.525,216.43
777.13,216.418
774.741,216.421
772.352,216.406
769.98,216.394
768.812,216.356
766.433,216.371
764.053,216.36
761.679,216.34
759.319,216.394
756.967,216.417
754.607,216.412
753.413,216.399
751.066,216.406
748.704,216.403
746.355,216.417
744.022,216.42
741.671,216.418
740.522,216.395
738.168,216.43
735.848,216.442
733.514,216.435
731.194,216.455
728.852,216.444
726.542,216.454
725.377,216.462
723.065,216.448
720.755,216.478
718.426,216.479
716.105,216.497
713.811,216.476
711.478,216.498
710.35,216.497
708.041,216.495
705.727,216.517
703.439,216.537
701.133,216.541
698.841,216.532
696.535,216.563
695.391,216.543
693.104,216.571
690.816,216.577
688.514,216.577
686.232,216.621
683.958,216.618
682.804,216.624
680.528,216.637
678.256,216.635
675.983,216.68
673.684,216.697
671.419,216.698
669.134,216.701
668.004,216.731
665.747,216.749
663.447,216.759
661.193,216.767
658.915,216.774
656.647,216.815
655.522,216.812
653.257,216.841
650.979,216.876
648.731,216.895
646.445,216.907
644.206,216.935
641.931,216.955
640.793,216.967
638.547,216.983
636.293,217.02
634.037,217.03
629.088,214.566
626.843,214.564
625.712,214.554
623.441,214.617
621.616,217.199
619.359,217.202
617.093,217.248
613.196,214.601
610.939,214.614
608.68,214.634
606.404,214.678
602.16,218.37
599.897,220.596
597.639,220.649
594.26,220.709
592.009,220.732
589.743,220.883
587.491,220.785
585.205,220.829
582.949,220.854
581.843,220.893
579.572,220.913
577.307,220.964
575.047,221
572.787,221.034
570.55,221.047
569.395,221.065
567.156,221.115
564.893,221.151
562.598,221.183
560.336,221.216
558.086,221.271
555.809,221.288
554.694,221.302
552.413,221.347
550.134,221.385
547.882,221.424
545.602,221.465
543.332,221.487
542.197,221.535
539.934,221.551
537.643,221.62
535.384,221.656
533.105,221.696
530.811,221.73
528.537,221.792
527.383,221.809
525.099,221.88
522.811,221.908
520.544,221.955
518.26,222.028
515.949,222.064
513.66,222.124
512.526,222.147
510.244,222.205
507.914,222.231
505.639,222.284
503.331,222.325
501.035,222.396
498.719,222.468
497.567,222.489
495.26,222.536
492.943,222.601
490.647,222.644
488.319,222.707
486.008,222.754
484.871,222.808
482.523,222.847
480.205,222.903
477.879,222.957
475.556,223.007
473.21,223.064
470.886,223.125
469.722,223.179
467.383,223.244
465.047,223.284
462.706,223.338
460.366,223.414
458.009,223.46
455.655,223.519
454.476,223.563
452.14,223.622
449.75,223.701
447.415,223.739
445.043,223.807
442.668,223.87
440.278,223.932
439.09,223.959
436.716,224.038
434.378,224.174
429.049,215.29
423.126,215.881
422.424,221.141
418.092,215.814
399.07,214.764
396.713,215.164
393.985,214.699
392.763,214.746
390.281,214.834
379.656,213.888
370.595,213.6
367.907,213.467
365.356,213.394
362.676,213.334
360.084,213.319
358.761,213.262
356.107,213.181
353.49,213.155
350.866,213.169
348.169,213.198
330.826,218.371
329.568,218.365
326.866,218.321
323.694,217.461
321.04,217.528
318.342,217.617
256.456,217.275
253.46,217.126
250.643,217.25
247.728,217.284
244.838,217.37
245.678,229.37
242.848,229.498
239.993,229.631
237.205,229.844
236.025,232.312
233.182,232.458
231.772,232.552
228.92,232.707
226.046,232.857
223.169,232.997
220.292,233.121
217.391,233.265
215.916,233.375
213.026,233.51
210.088,233.655
207.164,233.814
204.223,233.948
201.239,234.072
198.279,234.21
196.792,234.311
193.815,234.472
190.822,234.622
187.82,234.765
184.819,234.929
178.965,233.561
175.871,233.668
172.88,233.963
169.81,234.1
166.72,234.23
163.277,234.037
160.158,234.17
158.58,234.23
155.39,234.33
151.857,234.029
148.673,234.188
145.531,234.388
142.323,234.513
141.344,237.191
139.772,237.285
136.571,237.471
133.371,237.653
130.144,237.824
126.859,237.965
123.553,238.1
120.26,238.233
118.575,238.279
112.029,235.051
108.685,235.188
105.335,235.39
105.096,238.772
101.681,238.885
95.2101,235.889
93.4476,235.946
89.9801,236.104
86.5574,236.332
86.211,239.543
82.7995,239.757
79.3406,239.926
77.5955,240.052
74.1216,240.242
70.6153,240.424
67.1101,240.597
63.58,240.812
60.0039,241.004
58.2406,241.111
54.4291,241.082
51.0475,241.462
47.4385,241.669
43.8216,241.877
40.1511,242.064
36.4686,242.292
34.6603,242.394
30.9565,242.59
27.2509,242.802
23.4652,242.998
19.7081,243.179
15.9311,243.376
11.2828,242.85
10.2385,243.738
6.42511,243.919
2.5666,244.157
-1.30287,244.379
-5.18761,244.572
-9.08781,244.816
-12.9998,245.028
-14.9962,245.142
-18.9951,245.351
-22.9391,245.571
-26.9563,245.814
-31.0063,246.033
-35.0795,246.248
-39.1527,246.494
-41.1836,246.611
-45.2806,246.859
-49.4397,247.067
-53.6219,247.326
-57.819,247.549
-62.017,247.806
-70.6375,246.467
-74.9513,246.689
-76.9667,248.646
-81.2892,248.907
-85.6164,249.176
-90.0191,249.437
-92.2283,249.554
-96.6338,249.806
-101.088,250.07
-105.573,250.353
-110.04,250.605
-114.612,250.867
-119.136,251.126
-121.451,251.278
-126.07,251.555
-130.741,251.816
-135.373,252.097
-140.09,252.38
-144.809,252.671
-147.193,252.8
-151.98,253.085
-156.804,253.356
-161.623,253.659
-166.563,253.914
-171.475,254.241
-176.403,254.568
-178.871,254.702
-183.904,255.005
-188.949,255.308
-194.027,255.601
-199.183,255.881
-204.33,256.206
-209.558,256.48
-212.192,256.629
-217.511,256.942
-227.982,254.117
-233.01,254.603
-233.561,257.818
-243.849,255.262
-249.553,255.49
-252.46,255.507
-258.33,255.685
-263.483,256.26
-269.106,256.579
-274.804,256.944
-280.76,257.206
-286.508,257.56
-289.365,257.744
-295.156,258.124
-301.1,258.484
-301.782,261.748
-307.732,262.089
-313.751,262.449
-319.836,262.821
-329.367,259.483
-335.609,259.853
-341.85,260.188
-347.974,260.725
-347.881,264.439
-360.237,261.719
-364.456,261.379
-370.136,262.165
-376.614,262.629
-383.335,262.948
-392.181,262.264
-398.998,262.66
-405.436,263.189
-409.02,263.295
-415.896,263.754
-422.993,264.117
-421.084,268.844
-436.887,265.078
-435.196,269.698
-449.839,266.599
-453.413,266.848
-453.335,270.753
-460.585,271.236
-468.049,271.663
-475.451,272.153
-482.999,272.621
-486.895,272.837
-494.499,273.323
-502.236,273.79
-510.064,274.275
-517.825,274.806
-525.862,275.307
-533.8,275.796
-537.858,276.094
-546.137,276.506
-554.457,277.048
-562.761,277.579
-570.731,278.282
-579.024,278.934
-588.256,279.234
-592.226,279.609
-613.579,275.077
-610.31,280.545
-619.267,281.114
-628.366,281.715
-637.241,282.346
-646.586,282.908
-651.107,283.259
-671.562,279.691
-681.999,279.911
-691.614,280.621
-702.137,280.992
-711.755,281.751
-721.612,282.489
-713.412,287.591
-737.62,283.137
-747.673,283.938
-758.212,284.593
-769.069,285.271
-779.85,285.977
-790.939,286.574
-796.348,286.933
-793.607,292.358
-804.665,293.166
-831.049,288.819
-843.005,289.41
-838.996,295.35
-850.531,296.121
-856.521,296.448
-868.511,297.259
-880.661,298.062
-892.784,298.926
-905.134,299.802
-932.381,296.067
-923.221,301.266
-953.713,296.822
-966.477,297.736
-963.153,303.619
-976.722,304.494
-990.23,305.373
-1004.05,306.289
-1010.68,306.863
-1024.36,307.946
-1038.99,308.832
-1053.73,309.679
-1068.53,310.676
-1083.45,311.61
-1098.52,312.683
-1106.09,313.253
-1121.67,314.265
-1137.48,315.35
-1153.24,316.41
-1169.37,317.592
-1185.74,318.761
-1229.73,313.16
-1240.02,313.326
-1228.65,321.574
-1276.23,315.397
-1262.07,324.479
-1281.95,325.263
-1300.42,326.499
-1318.59,327.865
-1328.76,328.34
-1345.3,330.322
-1363.9,331.806
-1387.16,332.424
-1406.8,333.932
-1460.82,328.224
-1435.12,336.722
-1459.78,337.382
-1481.21,338.955
-1503.14,340.449
-1522.76,342.576
-1547.15,343.851
-1569.31,345.664
-1582.22,346.232
-1604.47,348.26
-1631.75,349.39
-1656.78,351.199
-1682.09,352.89
-1708.06,354.707
-1734.32,356.598
-1743.2,358.427
-1775.08,359.534
-1802.83,361.491
-1831.7,363.438
-1857.88,365.995
-1889.35,367.857
-1921.34,369.74
-1933.18,371.388
-1964.12,373.628
-1996.17,375.982
-2033.67,377.579
-2067.01,380.029
-2101.63,382.533
-2132.35,385.587
-2154.68,386.381
-2192.31,388.82
-2230.01,391.588
-2267.84,394.335
-2389.84,403.202
-2411.26,404.624
-2451.52,408.142
3123.83,299.187
3093.47,298.006
3078.94,297.351
3049.86,295.939
3020.85,294.749
2993.19,293.455
2966.15,292.174
2939.14,291.002
2913.36,289.849
2900.09,289.327
2874.7,288.26
2849.92,287.024
2825.22,285.977
2800.93,284.981
2777.83,283.956
2754.34,282.871
2743.26,282.372
2720.71,281.426
2698.91,280.515
2677.27,279.514
2655.98,278.569
2635.12,277.773
2614.81,276.833
2604.7,276.407
2584.93,275.567
2574.13,272.854
2555.69,271.802
2537.51,270.746
2519.34,269.84
2511.16,269.214
2492.61,268.473
2474.67,267.784
2456.6,267.032
2439.3,266.369
2421.79,265.671
2404.92,265.029
2396.27,264.729
2379.73,264.137
2363.38,263.467
2347.14,262.847
2331.27,262.255
2315.69,261.718
2277.15,260.458
2276.3,256.114
2262.31,255.459
2248.51,254.559
2234.79,253.865
2228.25,253.516
2215.09,252.833
2201.67,252.083
2187.91,251.678
2174.66,251.233
2161.24,250.674
2148,250.276
2141.39,250.072
2128.58,249.65
2115.72,249.196
2103.3,248.853
2090.88,248.44
2078.64,248.022
2072.52,247.854
2060.36,247.52
2048.22,247.237
2020.84,251.887
2009.67,251.527
1998.54,250.994
1987.73,250.587
1982.28,250.399
1971.67,249.964
1961.21,249.559
1950.6,249.115
1940.3,248.698
1930.17,248.295
1920.16,247.907
1915.18,247.72
1905.39,247.338
1895.64,246.938
1885.92,246.532
1876.4,246.205
1867.05,245.839
1857.59,245.5
1870.07,238.964
1860.49,238.675
1834.87,244.525
1826.31,244.06
1816.96,243.912
1808.2,243.537
1803.77,243.324
1795.29,243.005
1786.6,242.684
1778.21,242.375
1769.9,242.014
1761.61,241.755
1753.33,241.438
1749.33,241.265
1741.25,240.959
1733.26,240.682
1725.4,240.31
1717.47,240.014
1709.83,239.742
1702.06,239.484
1698.37,239.31
1690.84,239.035
1683.22,238.751
1675.96,238.495
1668.45,238.196
1661.3,237.945
1654.05,237.665
1650.51,237.551
1643.39,237.266
1636.32,236.955
1629.29,236.706
1622.46,236.488
1615.62,236.21
1612.23,236.08
1605.42,235.813
1606.19,231.99
1599.4,231.814
1585.64,235.097
1579.02,234.816
1572.65,234.585
1569.35,234.483
1562.97,234.256
1556.61,234.075
1550.41,233.835
1544.09,233.563
1537.94,233.385
1534.82,233.28
1528.82,233.059
1522.73,232.892
1516.7,232.662
1510.72,232.461
1504.87,232.196
1498.97,232.02
1496.12,231.958
1490.36,231.723
1484.61,231.5
1478.9,231.305
1473.29,231.135
1467.69,230.929
1462.12,230.723
1459.31,230.66
1453.87,230.461
1448.33,230.303
1442.94,230.064
1437.62,229.943
1432.23,229.744
1429.4,228.119
1426.77,227.974
1419.13,229.277
1413.89,229.105
1408.64,228.937
1403.57,228.814
1398.42,228.626
1395.87,228.562
1390.85,228.359
1385.89,228.231
1380.85,228.08
1375.92,227.939
1371.07,227.785
1366.16,227.616
1363.72,227.536
1358.9,227.347
1354.1,227.216
1349.37,227.112
1344.6,226.963
1339.83,226.777
1335.19,226.656
1332.88,226.6
1328.32,226.41
1323.69,226.284
1319.11,226.144
1314.61,226.072
1310.2,225.882
1307.94,225.765
1303.43,225.674
1298.96,225.591
1294.51,225.428
1290.18,225.279
1285.86,225.175
1281.5,225.099
1279.3,225.03
1275.03,224.936
1270.7,224.803
1266.5,224.723
1262.23,224.566
1258.05,224.47
1253.84,224.364
1251.79,224.324
1247.67,224.224
1243.53,224.112
1239.43,223.991
1235.4,223.908
1231.31,223.788
1229.33,223.761
1225.31,223.661
1221.31,223.548
1217.39,223.412
1213.4,223.345
1209.48,223.255
1205.54,223.185
1203.65,223.075
1199.76,223.027
1195.92,222.939
1192.12,222.833
1188.29,222.729
1184.54,222.625
1182.63,222.616
1178.87,222.494
1175.11,222.427
1171.43,222.351
1167.72,222.235
1164.06,222.166
1160.46,222.012
1158.65,221.953
1155.03,221.875
1151.38,221.792
1147.74,221.693
1144.18,221.617
1140.59,221.559
1137.04,221.486
1135.24,221.49
1131.72,221.428
1131,215.244
1127.41,215.216
1117.7,221.174
1114.25,221.123
1112.46,221.163
1109.04,221.104
1105.57,221.039
1102.19,221.001
1098.76,220.957
1095.37,220.966
1093.68,220.942
1090.32,220.876
1087,220.87
1083.64,220.816
1080.36,220.785
1077.03,220.722
1073.74,220.692
1072.06,220.698
1068.8,220.691
1065.54,220.633
1062.3,220.605
1059.09,220.588
1055.87,220.551
1052.66,220.557
1051.03,220.52
1047.89,220.501
1044.67,220.509
1041.55,220.491
1038.39,220.467
1035.26,220.411
1033.67,220.408
1030.61,220.389
1027.48,220.343
1024.44,220.351
1021.32,220.291
1018.28,220.285
1015.22,220.247
1013.7,220.26
1010.68,220.198
1007.65,220.192
1004.62,220.157
1001.63,220.126
998.656,220.124
995.713,220.075
994.179,220.107
991.261,220.064
988.28,220.074
985.34,220.051
982.401,220.015
979.487,220.025
978.012,220.014
975.104,220.009
972.25,219.948
969.372,219.945
966.456,219.959
963.643,219.926
960.771,219.901
959.329,219.889
956.495,219.894
953.66,219.873
950.87,219.849
948.048,219.841
945.234,219.816
942.423,219.831
941.065,219.816
938.28,219.811
935.515,219.806
932.745,219.762
929.99,219.772
927.254,219.728
924.505,219.716
923.115,219.718
920.403,219.714
917.696,219.713
914.948,219.685
912.276,219.668
909.582,219.668
908.227,219.687
905.554,219.656
902.873,219.67
900.214,219.647
897.531,219.642
894.872,219.624
892.23,219.641
890.903,219.636
888.254,219.627
885.625,219.644
882.999,219.66
880.382,219.627
877.796,219.636
876.499,219.637
873.888,219.644
872.108,218.07
869.528,218.061
866.97,218.017
864.389,218.026
860.993,219.657
859.689,219.658
857.154,219.646
854.591,219.647
852.045,219.659
849.479,219.633
846.982,219.635
844.428,219.633
843.164,219.649
840.673,219.655
838.134,219.664
835.633,219.662
833.126,219.649
830.647,219.631
828.157,219.66
826.907,219.689
824.402,219.666
821.94,219.664
819.444,219.673
816.985,219.68
814.52,219.705
812.073,219.671
810.845,219.69
808.368,219.703
805.926,219.697
803.479,219.693
801.049,219.685
798.626,219.71
797.406,219.705
794.969,219.698
792.555,219.729
790.152,219.731
787.714,219.734
785.329,219.701
782.913,219.696
781.715,219.762
779.312,219.78
776.925,219.753
772.143,219.709
769.788,219.697
768.586,219.687
766.221,219.688
763.85,219.709
761.488,219.662
759.114,219.699
756.744,219.666
754.389,219.676
753.226,219.68
750.841,219.667
748.506,219.668
746.141,219.678
743.802,219.676
741.483,219.682
739.138,219.681
737.958,219.665
735.625,219.678
733.309,219.694
730.964,219.668
728.655,219.687
726.329,219.683
723.982,219.681
722.826,219.696
720.505,219.726
718.212,219.697
715.884,219.698
713.576,219.715
711.26,219.734
710.124,219.735
707.807,219.741
705.492,219.719
703.209,219.724
700.915,219.726
698.597,219.753
696.327,219.765
695.155,219.772
692.87,219.777
690.586,219.767
688.308,219.81
686.027,219.802
683.722,219.815
682.565,219.812
680.288,219.839
678.013,219.847
675.75,219.861
673.475,219.862
671.191,219.874
668.911,219.886
667.77,219.921
665.489,219.933
663.226,219.934
660.948,219.959
658.673,219.951
656.409,219.987
654.129,220.01
653.019,219.993
650.755,220.036
648.485,220.033
646.189,220.071
643.94,220.085
641.671,220.115
640.536,220.143
638.28,220.144
636.009,220.179
631.622,218.138
629.337,218.139
627.076,218.169
625.963,218.32
623.603,220.307
621.349,220.319
619.09,220.362
616.809,220.376
614.547,220.408
612.294,220.452
611.237,218.243
608.954,218.249
606.706,218.265
604.409,218.292
601.137,223.174
599.204,224.827
596.947,224.832
595.833,224.839
593.581,224.883
591.327,224.902
589.037,224.964
586.781,224.995
584.524,225.027
582.275,225.041
581.126,225.064
578.863,225.108
576.627,225.13
574.37,225.173
572.081,225.218
569.822,225.234
568.681,225.257
566.434,225.311
564.151,225.336
561.884,225.37
559.638,225.395
557.357,225.443
555.097,225.513
553.944,225.533
551.673,225.534
549.403,225.612
547.127,225.602
544.853,225.682
542.585,225.698
540.318,225.728
539.17,225.768
536.879,225.824
534.611,225.854
532.346,225.906
530.037,225.949
527.784,225.995
525.494,226.023
524.345,226.072
522.071,226.104
519.77,226.152
517.457,226.221
515.177,226.273
512.899,226.308
511.728,226.33
509.43,226.394
507.159,226.44
504.839,226.474
502.547,226.529
500.232,226.577
497.931,226.658
496.781,226.667
494.46,226.737
492.142,226.763
489.839,226.84
487.504,226.887
485.185,226.961
482.862,227.015
481.72,227.038
479.384,227.104
477.064,227.172
474.723,227.229
472.388,227.278
470.034,227.343
467.717,227.4
466.53,227.41
464.215,227.507
461.832,227.573
459.495,227.621
457.134,227.662
454.787,227.748
453.613,227.778
451.252,227.828
448.887,227.894
446.497,227.954
444.136,228.018
441.776,228.088
439.369,228.141
438.207,228.195
435.829,228.247
428.803,219.987
421.434,220.19
420.423,220.514
417.991,220.635
415.56,220.684
401.076,219.514
398.456,219.493
354.737,217.749
352.077,217.874
241.874,234.821
239.009,234.895
236.285,235.146
234.988,236.926
232.115,237.052
230.716,237.13
227.833,237.272
224.946,237.425
222.082,237.564
219.169,237.7
216.291,237.882
214.829,237.965
211.919,238.112
208.996,238.287
206.074,238.432
203.129,238.597
200.213,238.748
197.244,238.928
195.775,239.028
192.767,239.174
189.764,239.332
179.741,238.951
176.775,239.189
169.097,239.614
165.653,239.464
162.506,239.537
159.364,239.708
156.166,239.821
154.087,239.451
150.908,239.606
147.824,239.853
144.812,240.181
141.874,240.589
140.326,242.113
137.127,242.294
135.497,242.391
132.306,242.572
129.057,242.767
125.846,242.942
122.563,243.128
115.855,240.542
114.166,240.626
110.833,240.788
111.053,243.766
107.714,243.98
104.373,244.164
100.979,244.371
99.3664,244.478
92.2351,241.804
88.7655,241.956
85.351,242.14
85.6968,245.207
82.1838,245.378
78.6604,245.528
76.8629,245.573
73.3286,245.736
69.7434,245.905
66.1567,246.032
62.5762,246.221
58.9686,246.417
55.3786,246.594
53.643,246.72
50.0117,246.934
46.3886,247.121
42.7782,247.341
39.0837,247.571
35.4224,247.777
31.7424,248.016
29.9033,248.111
26.1825,248.344
22.4349,248.553
18.6456,248.753
14.7797,248.919
10.7342,249.015
7.22576,249.442
5.29811,249.552
1.40469,249.767
-2.42638,250.003
-6.34465,250.214
-10.2576,250.442
-14.2261,250.682
-16.1705,250.802
-20.1864,251.048
-24.1448,251.312
-28.1559,251.515
-32.1861,251.807
-36.2755,252.053
-40.3624,252.28
-42.3762,252.44
-46.5145,252.684
-50.6341,252.932
-54.7917,253.172
-59.0297,253.463
-63.204,253.705
-69.4229,252.807
-71.6139,252.915
-75.8305,253.221
-78.1853,254.643
-82.5415,254.9
-86.8931,255.197
-91.3119,255.452
-93.5151,255.588
-97.9263,255.873
-102.408,256.152
-106.87,256.448
-111.4,256.702
-115.969,257.014
-120.526,257.283
-122.866,257.429
-127.519,257.715
-132.131,257.996
-136.767,258.324
-141.52,258.63
-146.247,258.895
-151.032,259.199
-153.442,259.367
-158.304,259.665
-163.129,259.999
-167.994,260.317
-172.945,260.604
-177.908,260.956
-182.938,261.256
-185.417,261.441
-190.491,261.738
-195.572,262.08
-200.707,262.409
-205.865,262.763
-211.076,263.085
-221.079,261.124
-218.915,263.632
-229.574,261.423
-235.11,261.665
-240.382,262.067
-246.004,262.382
-251.521,262.68
-257.576,262.818
-260.003,263.161
-265.705,263.493
-271.359,263.889
-277.07,264.259
-282.826,264.632
-288.359,265.14
-291.142,265.39
-297.263,265.647
-303.313,266.007
-302.627,269.263
-308.545,269.677
-314.575,270.044
-320.66,270.446
-331.562,267.328
-338.195,267.533
-344.059,268.118
-350.048,268.657
-356.267,269.166
-363.258,269.365
-369.765,269.718
-372.147,270.341
-379.018,270.637
-387.428,270.37
-394.37,270.692
-401.157,271.125
-408.127,271.532
-411.816,271.629
-418.646,272.107
-425.616,272.555
-431.807,273.362
-438.146,274.132
-446.227,274.305
-452.831,275.047
-447.231,278.676
-454.502,279.192
-472.148,275.897
-469.282,280.179
-486.538,277.112
-484.29,281.161
-491.993,281.659
-495.922,281.942
-503.46,282.526
-511.327,283.024
-519.248,283.546
-527.3,284.096
-535.303,284.633
-543.581,285.171
-559.739,281.359
-568.303,281.904
-577.303,282.289
-585.278,283.052
-593.878,283.668
-602.709,284.277
-611.203,284.915
-603.017,289.29
-627.163,285.082
-620.975,290.512
-645.411,286.37
-664.559,287.489
-669.953,289.369
-676.853,289.097
-686.516,289.783
-695.815,290.594
-705.422,291.333
-715.326,292.03
-725.687,292.755
-736.861,293.138
-741.918,293.548
-752.372,294.293
-763.395,294.97
-774.036,295.708
-768.678,300.854
-795.402,297.254
-784.851,302.008
-795.091,303.062
-823.005,299.399
-834.938,300.021
-848.07,300.432
-859.992,301.294
-872.283,302.059
-859.063,307.302
-889.148,303.68
-901.533,304.575
-913.214,305.543
-925.49,306.566
-938.406,307.498
-951.182,308.507
-958.721,308.737
-972.152,309.622
-985.03,310.782
-998.083,311.875
-1012.67,312.597
-1028.26,313.371
-1021.24,319.088
-1028.15,319.651
-1042.71,320.692
-1057.2,321.707
-1072.15,322.741
-1087.14,323.905
-1101.81,325.082
-1115.64,326.606
-1124.92,326.896
-1174.97,321.103
-1193.49,321.858
-1173.89,330.291
-1190.34,331.53
-1242.9,325.94
-1249.76,326.977
-1269.55,327.92
-1250.29,336.103
-1268.56,337.325
-1284.65,339.146
-1305.05,340.125
-1323.67,341.529
-1333.19,342.272
-1352.81,343.741
-1372.26,345.233
-1391.81,346.745
-1451.83,341.706
-1433.55,349.773
-1454.33,351.407
-1499.76,346.63
-1486.38,353.863
-1509.02,355.418
-1531.65,357.115
-1552.66,359.171
-1575.65,360.944
-1599.36,362.885
-1613.79,363.365
-1638.71,365.167
-1663.44,367.174
-1688.99,369.078
-1715.27,371.122
-1741.64,373.122
-1768.97,375.212
-1782.85,376.218
-1810.01,378.545
-1838.05,380.817
-1928.41,387.766
-1960.9,390.029
-1974.74,391.389
-2008.87,393.735
-2074.87,399.084
-2111.09,401.679
-2143.4,404.773
-2165.5,405.725
-2193.94,409.538
-2233.13,412.245
-2318.9,417.8
-2360.71,420.893
-2402.37,424.064
-2439.93,427.993
2913.83,302.759
2888,301.639
2875.54,300.874
2850.32,299.675
2826.06,298.524
2801.98,297.4
2778.33,296.267
2754.89,295.105
2743.7,294.448
2721.12,293.421
2699.24,292.303
2677.59,291.289
2656.23,290.239
2635.65,289.2
2615.3,288.232
2604.76,287.837
2585.32,286.677
2565.8,285.812
2546.92,284.757
2528.52,283.665
2510.79,282.599
2492.92,281.601
2483.74,281.2
2465.75,280.34
2447.91,279.636
2430.48,278.855
2413.31,278.053
2396.58,277.308
2388.31,276.916
2371.84,276.214
2355.65,275.482
2339.51,274.804
2324.41,273.948
2267.48,267.376
2253.62,266.577
2239.9,265.778
2226.45,265.037
2219.87,264.459
2206.59,263.734
2192.79,263.127
2179.15,262.611
2165.79,262.147
2152.56,261.501
2139.63,261.098
2132.99,260.806
2120.34,260.362
2107.65,259.82
2095.28,259.371
2083.05,258.915
2070.85,258.417
2058.77,258.013
2052.61,257.777
2041.3,257.253
2020.55,260.42
2009.7,259.827
1998.47,259.371
1987.44,258.852
1976.85,258.403
1971.43,258.181
1960.98,257.687
1950.58,257.224
1940.22,256.726
1930.16,256.327
1919.99,255.879
1915.01,255.584
1905.1,255.234
1895.37,254.795
1885.83,254.341
1876.28,253.91
1866.99,253.352
1867.85,248.35
1863.27,248.212
1844.1,252.302
1834.73,252.048
1825.74,251.651
1816.76,251.302
1808.06,250.899
1799.38,250.545
1795.01,250.376
1786.46,249.972
1777.91,249.628
1769.59,249.264
1761.23,248.948
1753.12,248.577
1744.92,248.27
1740.95,248.031
1732.93,247.705
1725.02,247.422
1717.16,247.037
1709.4,246.78
1701.7,246.421
1698,246.244
1690.31,245.891
1682.94,245.576
1675.47,245.266
1668.14,245.047
1660.79,244.653
1653.61,244.339
1650.07,244.246
1642.94,243.888
1635.81,243.6
1628.83,243.295
1621.92,243.036
1615.12,242.734
1611.68,242.678
1602.08,239.789
1591.66,241.779
1585.08,241.486
1578.48,241.222
1572.01,240.97
1568.82,240.908
1562.43,240.595
1556.08,240.347
1549.72,240.103
1543.56,239.883
1537.34,239.602
1531.26,239.358
1528.2,239.276
1522.14,239.018
1516.15,238.843
1510.22,238.563
1504.28,238.331
1498.37,238.125
1492.62,237.869
1489.67,237.783
1483.92,237.572
1478.23,237.312
1472.62,237.082
1466.98,236.862
1461.44,236.665
1458.73,236.536
1453.02,236.402
1447.65,236.147
1442.19,235.984
1436.79,235.749
1431.84,235.336
1426.56,235.142
1423.87,235.087
1418.32,235.098
1413.15,234.859
1407.93,234.716
1402.79,234.465
1397.66,234.284
1392.56,234.165
1390.09,234.02
1385.07,233.884
1380.08,233.658
1375.15,233.464
1370.29,233.32
1365.41,233.135
1362.97,233.1
1358.1,232.877
1353.36,232.756
1348.61,232.568
1343.84,232.367
1339.09,232.224
1334.45,232.1
1332.13,232.035
1327.53,231.861
1322.95,231.683
1318.4,231.562
1313.8,231.392
1309.36,231.271
1304.88,231.096
1302.57,230.965
1298.2,230.89
1293.79,230.767
1289.33,230.596
1285.01,230.448
1280.66,230.327
1278.54,230.246
1274.25,230.096
1269.91,229.948
1265.68,229.815
1261.53,229.693
1257.27,229.608
1253.15,229.484
1251.06,229.359
1246.99,229.203
1242.9,228.995
1238.91,228.822
1234.81,228.724
1230.8,228.625
1228.72,228.525
1224.7,228.427
1220.71,228.329
1216.8,228.221
1212.81,228.141
1208.86,228.036
1204.88,227.926
1202.96,227.929
1199.09,227.863
1195.26,227.717
1191.35,227.695
1187.56,227.567
1183.76,227.488
1179.95,227.399
1178.09,227.405
1174.3,227.302
1170.55,227.251
1166.83,227.155
1163.13,227.074
1159.47,227.053
1155.78,226.924
1153.9,226.912
1150.31,226.828
1146.68,226.784
1143.09,226.699
1139.48,226.675
1135.92,226.62
1134.14,226.588
1130.61,226.499
1131.32,221.041
1127.72,221.095
1120.04,226.305
1116.55,226.296
1113.12,226.252
1111.39,226.263
1107.86,226.16
1104.52,226.13
1101.08,226.075
1097.7,226.005
1094.34,225.966
1090.94,225.926
1089.27,225.876
1085.95,225.801
1082.65,225.788
1079.32,225.717
1076.04,225.668
1072.74,225.682
1071.07,225.656
1067.84,225.57
1064.58,225.515
1061.35,225.502
1058.16,225.443
1054.97,225.409
1051.79,225.372
1050.14,225.332
1046.99,225.324
1043.82,225.285
1040.64,225.278
1037.56,225.235
1034.36,225.214
1031.33,225.139
1029.74,225.177
1026.64,225.129
1023.57,225.107
1020.48,225.068
1017.48,225.028
1014.43,224.991
1012.88,224.992
1009.85,224.945
1006.86,224.93
1003.87,224.9
1000.83,224.833
997.883,224.822
994.898,224.805
993.407,224.793
990.445,224.746
987.527,224.704
984.596,224.684
981.669,224.675
978.78,224.648
975.855,224.614
974.423,224.607
971.49,224.568
968.637,224.564
965.81,224.507
962.917,224.499
960.053,224.452
957.255,224.426
955.783,224.435
952.97,224.41
950.156,224.394
947.343,224.401
944.593,224.342
941.781,224.328
940.349,224.345
937.569,224.307
934.846,224.295
932.062,224.31
929.302,224.27
926.597,224.244
923.836,224.246
922.453,224.246
919.745,224.207
917.035,224.216
914.314,224.175
911.635,224.175
908.916,224.167
907.565,224.191
904.909,224.173
902.255,224.151
899.545,224.134
896.928,224.118
894.263,224.128
891.634,224.119
890.293,224.138
887.664,224.12
885.022,224.127
882.405,224.103
879.799,224.076
877.2,224.034
874.605,224.036
873.298,224.041
871.01,223.063
868.402,223.051
865.853,222.982
863.272,223.022
860.43,224.012
857.877,224.013
856.605,223.997
854.034,223.998
851.481,224.031
848.936,224.03
846.419,224.008
843.883,224.009
841.369,224.022
840.096,224.002
837.593,224.035
835.1,224.016
832.584,224.019
830.08,223.998
827.594,224.035
826.37,224.026
823.876,224.063
821.379,224.037
818.935,224.056
816.473,224.045
813.992,224.056
811.525,224.029
810.296,224.059
807.852,224.032
805.423,224.035
802.963,224.046
800.553,224.057
798.089,224.052
796.887,224.071
794.475,224.072
792.025,224.082
789.62,224.071
787.197,224.091
784.809,224.073
782.406,224.054
781.194,224.109
778.805,224.097
776.406,224.098
774.011,224.05
771.653,224.003
769.248,224.018
766.886,224
765.697,223.967
763.319,223.982
760.933,223.985
758.57,223.95
756.225,223.962
753.859,223.968
751.497,223.948
750.306,223.965
747.96,223.95
745.619,223.948
743.271,223.953
740.947,223.943
738.593,223.916
737.414,223.927
735.062,223.929
732.756,223.924
730.399,223.915
728.072,223.949
725.753,223.937
723.434,223.933
722.274,223.946
719.951,223.942
717.652,223.94
715.331,223.938
713.015,223.94
710.706,223.936
709.531,223.959
707.25,223.964
704.945,223.961
702.61,223.959
700.325,223.963
698.009,223.952
695.728,223.976
694.582,223.976
692.284,223.994
689.981,223.985
687.699,224.013
685.394,224.017
683.129,224.011
680.848,224.019
679.708,224.056
677.394,224.043
675.132,224.052
672.86,224.112
670.573,224.115
668.295,224.134
667.142,224.119
664.855,224.158
662.608,224.177
660.342,224.16
658.041,224.187
655.785,224.182
653.519,224.211
652.39,224.209
650.122,224.233
647.846,224.25
645.56,224.292
643.287,224.309
641.051,224.299
638.764,224.333
637.625,224.341
632.851,222.826
630.61,222.824
628.348,222.839
626.057,222.848
624.063,224.467
622.934,224.481
620.673,224.518
618.4,224.554
616.146,224.579
613.905,224.614
611.641,224.626
609.381,224.655
605.624,223.004
603.365,223.014
601.473,227.201
599.218,227.259
596.927,227.27
595.811,228.48
593.576,228.509
591.312,228.54
589.043,228.555
586.775,228.615
584.512,228.622
582.248,228.676
581.127,228.698
578.845,228.717
576.576,228.746
574.323,228.777
572.054,228.842
569.782,228.872
567.541,228.915
566.384,228.943
564.137,228.953
561.845,228.999
559.587,229.06
557.339,229.067
555.069,229.133
552.768,229.152
551.654,229.183
549.361,229.233
547.107,229.279
544.806,229.288
542.517,229.356
540.247,229.361
539.128,229.398
536.836,229.444
534.535,229.488
532.289,229.549
530.005,229.579
527.703,229.649
525.43,229.683
524.284,229.701
521.978,229.745
519.703,229.808
517.404,229.847
515.105,229.908
512.784,229.959
510.523,230.013
509.349,230.045
507.055,230.097
504.747,230.159
502.437,230.2
500.14,230.255
497.824,230.338
495.528,230.369
494.373,230.407
492.049,230.452
489.724,230.496
487.41,230.557
485.064,230.65
482.733,230.691
481.607,230.719
479.244,230.801
476.927,230.832
474.586,230.92
472.263,230.951
469.9,231.03
467.578,231.084
466.403,231.133
464.047,231.189
461.719,231.253
459.358,231.304
456.989,231.369
454.655,231.437
453.468,231.465
451.115,231.565
448.719,231.625
446.351,231.689
444.004,231.771
441.628,231.823
439.214,231.844
436.098,225.852
433.571,225.56
431.056,225.485
425.952,224.904
423.559,224.963
421.066,224.923
419.795,224.711
417.24,224.661
414.774,224.571
412.222,224.448
409.735,224.402
403.314,223.995
400.599,223.587
393.236,224.126
373.496,222.667
372.208,222.663
369.606,222.555
366.928,222.518
364.335,222.473
361.678,222.417
359.052,222.44
356.47,222.402
355.093,222.298
352.476,222.319
349.87,222.474
344.907,223.01
342.346,223.351
341.043,223.325
338.426,223.394
335.767,223.409
333.154,223.541
330.432,223.58
327.869,223.716
325.249,223.937
323.98,224.029
321.205,224.011
318.489,224.073
315.84,224.159
313.184,224.333
310.496,224.512
307.786,224.593
306.538,224.65
303.889,224.811
301.183,224.984
298.447,225.054
295.796,225.384
293.108,225.477
290.34,225.542
288.84,225.512
286.144,225.644
283.464,225.96
246.62,227.052
243.736,227.168
240.896,227.404
239.156,239.6
236.309,239.724
234.143,240.858
231.311,241.046
229.874,241.126
227.006,241.273
224.131,241.425
221.258,241.591
218.331,241.752
215.409,241.903
212.501,242.063
211.038,242.135
208.099,242.289
205.123,242.468
202.176,242.65
199.241,242.812
196.275,242.973
193.262,243.172
191.756,243.251
188.752,243.426
185.742,243.567
182.635,243.677
179.496,243.721
176.595,244.055
173.512,244.211
171.946,244.272
168.499,244.024
165.403,244.223
162.263,244.346
159.564,244.985
155.626,244.305
154.049,244.376
150.931,244.586
147.799,244.815
145.089,245.504
142.295,246.117
139.063,246.287
137.483,246.363
134.264,246.552
131.046,246.769
127.771,246.933
124.501,247.137
121.248,247.382
116.022,245.523
114.3,245.596
111.008,245.779
109.705,248.072
106.364,248.266
103,248.494
99.6485,248.713
96.295,248.906
94.6107,249.02
88.9966,247.093
85.5425,247.266
82.0196,247.415
80.8815,249.885
77.4054,250.105
73.9179,250.285
72.1659,250.401
68.6617,250.654
65.1563,250.853
61.655,251.12
58.138,251.359
54.6148,251.653
50.9915,251.855
49.1567,251.971
45.5072,252.163
41.8569,252.387
38.2064,252.606
34.483,252.78
30.7618,253.029
28.869,253.104
25.1273,253.326
21.3469,253.565
17.6051,253.771
13.7775,254.035
9.96108,254.231
6.12265,254.474
4.16299,254.576
0.322148,254.84
-3.57338,255.057
-7.48786,255.308
-11.4747,255.556
-15.4229,255.802
-19.4127,256.001
-21.4453,256.114
-25.4217,256.374
-29.4636,256.658
-33.5326,256.899
-37.5845,257.144
-41.6883,257.404
-43.7848,257.509
-47.94,257.795
-52.0638,258.058
-56.2755,258.33
-60.4749,258.576
-64.7078,258.852
-69.8323,258.515
-72.0353,258.572
-76.2553,258.947
-79.7374,259.842
-84.0834,260.135
-88.4977,260.401
-92.8688,260.706
-97.3382,261.004
-99.5221,261.115
-104.032,261.45
-108.529,261.715
-113.093,262.026
-117.675,262.318
-122.265,262.618
-126.837,262.937
-129.152,263.086
-133.853,263.4
-138.549,263.735
-143.338,264.006
-148.154,264.306
-152.818,264.671
-157.687,265.006
-160.091,265.191
-164.935,265.503
-169.895,265.844
-174.79,266.186
-179.795,266.516
-184.821,266.878
-189.88,267.197
-192.4,267.405
-197.495,267.749
-202.633,268.068
-207.796,268.467
-212.983,268.835
-218.317,269.18
-224.193,267.417
-229.711,267.65
-235.375,267.917
-240.922,268.2
-246.479,268.527
-251.901,268.97
-257.705,269.188
-260.433,269.411
-266.296,269.672
-271.698,270.214
-277.611,270.517
-283.416,270.897
-288.695,271.597
-294.803,271.834
-298.115,271.823
-304.268,272.125
-310.042,272.686
-316.161,273.017
-322.439,273.357
-328.433,273.831
-331.36,274.145
-337.532,274.58
-344.016,274.882
-350.275,275.363
-356.927,275.692
-363.434,276.082
-370.045,276.502
-374.38,276.168
-379.4,277.37
-386.462,277.678
-393.948,277.773
-400.873,278.112
-407.652,278.654
-414.923,278.942
-418.428,279.132
-425.427,279.621
-432.254,280.222
-439.231,280.76
-446.23,281.396
-453.39,281.93
-460.359,282.596
-463.979,282.886
-471.66,283.301
-479.624,283.693
-487.481,284.037
-495.404,284.516
-502.732,285.147
-510.986,285.548
-513.839,286.243
-521.769,286.822
-529.749,287.416
-537.692,288.022
-548.977,287.386
-554.274,289.133
-563.443,289.405
-567.446,289.79
-576.027,290.339
-586.553,290.163
-595.648,290.638
-604.345,291.322
-613.132,291.985
-625.863,293.26
-635.247,293.821
-644.046,294.613
-653.448,295.311
-662.954,295.883
-672.812,296.477
-674.928,297.84
-685.322,298.237
-695.321,298.921
-705.21,299.624
-715.028,300.476
-725.027,301.303
-735.289,301.992
-740.447,302.364
-751.089,303.111
-762.102,303.704
-773.242,304.354
-784.096,305.155
-795.195,305.968
-804.992,307.197
-810.551,307.619
-834.832,308.94
-846.22,309.792
-858.128,310.581
-869.964,311.557
-881.777,312.546
-887.67,313.131
-900.058,314.047
-912.148,315.019
-924.723,316.102
-937.431,317.018
-950.531,318.01
-964.451,318.809
-970.718,319.417
-983.794,320.486
-997.727,321.524
-1011.89,322.57
-1025.67,323.655
-1039.92,324.742
-1046.75,325.355
-1043.9,331.137
-1058.55,332.278
-1073.42,333.426
-1088.32,334.581
-1130.01,329.222
-1147,330.026
-1127.06,337.599
-1172.12,331.727
-1188.78,332.814
-1175.2,341.445
-1191.82,342.755
-1208.66,344.127
-1255.38,338.731
-1264.4,339.24
-1252.37,347.602
-1269.96,349.1
-1288.25,350.475
-1306.6,351.974
-1325.49,353.445
-1344.4,355.045
-1353.99,355.817
-1401.52,351.555
-1393.9,359.01
-1446.88,354.036
-1434.95,362.292
-1485.42,358.296
-1507.12,360.038
-1518.09,360.981
-1540.92,362.681
-1564.3,364.438
-1587.58,366.359
-1610.39,368.451
-1602.89,375.96
-1626.89,378.021
-1639.87,378.968
-1664.71,381.031
-1743.34,387.335
-1770.88,389.602
-1784.42,390.826
-1809.69,393.461
-1841.31,395.411
-1869.39,398.028
-1901.03,400.371
-1994.57,408.192
-2043.85,412.329
-2078.12,415.065
-2111.2,418.191
-2149.35,420.9
-2186.07,423.815
-2204.03,425.453
-2242.01,428.705
-2321.33,435.174
-2363.11,438.547
-2506.22,452.282
2746.41,305.147
2735.08,304.599
2712.86,303.368
2691.16,302.251
2669.69,301.092
2648.72,299.95
2627.96,298.829
2617.76,298.219
2598.05,297.076
2577.95,296.104
2558.55,295.099
2539.52,294.053
2520.54,293.11
2501.96,292.097
2493.21,291.646
2475.2,290.679
2457.4,289.729
2440.08,288.815
2423.11,287.99
2406.05,287.074
2397.8,286.637
2381.46,285.815
2365.22,284.877
2349.39,284.134
2333.61,283.334
2318.23,282.441
2271.86,278.302
2257.91,277.45
2244.23,276.453
2230.55,275.651
2217.36,274.757
2210.8,274.213
2197.52,273.515
2183.8,272.855
2170.36,272.271
2156.88,271.718
2143.87,271.092
2130.91,270.535
2124.33,270.273
2111.82,269.743
2099.29,269.219
2087.03,268.59
2074.85,268.143
2062.8,267.578
2056.81,267.347
2045.11,266.841
2027.82,267.988
2016.82,267.468
2005.42,266.893
1994.57,266.353
1983.65,265.799
1978.34,265.579
1967.69,265.023
1957.1,264.606
1946.83,264.117
1936.55,263.494
1926.58,263.047
1916.43,262.593
1911.44,262.317
1901.66,261.855
1892.06,261.41
1882.43,260.899
1872.87,260.394
1862.41,256.561
1857.83,256.349
1840.56,258.88
1831.57,258.478
1822.64,258.051
1813.75,257.601
1805.01,257.167
1800.7,256.925
1792.09,256.502
1783.48,256.106
1775.11,255.723
1767.12,255.241
1758.62,254.907
1750.4,254.532
1746.38,254.35
1738.24,254.04
1730.26,253.614
1722.37,253.249
1714.51,252.96
1706.85,252.567
1702.92,252.431
1695.33,252.079
1687.83,251.694
1680.41,251.381
1672.9,250.971
1665.64,250.696
1658.4,250.39
1654.75,250.172
1647.64,249.881
1640.45,249.539
1633.46,249.275
1626.48,248.923
1619.59,248.576
1612.8,248.329
1609.33,248.135
1604.02,247.149
1597.39,246.898
1589.22,247.301
1582.73,246.961
1576.23,246.705
1569.73,246.432
1566.52,246.231
1560.07,246.037
1553.82,245.778
1547.54,245.47
1541.27,245.208
1535.13,244.919
1532.05,244.837
1526.03,244.541
1519.91,244.259
1513.85,244.033
1508.01,243.762
1502.08,243.557
1496.28,243.271
1493.3,243.139
1487.52,242.92
1481.85,242.656
1476.14,242.475
1470.47,242.215
1464.87,242.011
1459.31,241.735
1456.59,241.642
1451.1,241.449
1445.63,241.147
1440.18,240.95
1434.9,240.776
1429.46,240.512
1426.89,240.455
1421.56,240.225
1416.36,240.011
1411.23,239.773
1406.07,239.554
1400.84,239.391
1395.82,239.151
1393.22,239.08
1388.29,238.903
1383.26,238.681
1378.2,238.476
1373.34,238.294
1368.47,238.143
1363.58,237.888
1361.16,237.799
1356.41,237.59
1351.51,237.437
1346.77,237.305
1342.05,237.092
1337.28,236.934
1335.04,236.852
1330.49,236.609
1325.9,236.417
1321.4,236.192
1316.87,236.04
1312.27,235.802
1307.78,235.644
1305.58,235.612
1301.18,235.371
1296.74,235.218
1292.27,235.099
1287.92,235.01
1283.44,234.821
1281.33,234.784
1276.94,234.652
1272.67,234.511
1268.33,234.435
1264.08,234.25
1259.81,234.17
1255.61,234.064
1253.52,233.987
1249.42,233.831
1245.2,233.678
1241.13,233.62
1236.99,233.437
1232.95,233.342
1228.83,233.237
1226.8,233.181
1222.78,233.108
1218.72,233.017
1214.79,232.896
1210.81,232.776
1206.89,232.669
1202.91,232.552
1200.97,232.524
1197.05,232.488
1193.21,232.336
1189.34,232.288
1185.54,232.187
1181.74,232.068
1179.86,232.024
1176.07,231.991
1172.24,231.9
1168.55,231.784
1164.8,231.676
1161.11,231.593
1157.42,231.514
1155.61,231.456
1151.99,231.402
1148.35,231.338
1144.76,231.192
1141.12,231.108
1137.49,231.031
1133.98,230.987
1132.18,230.922
1130.01,226.29
1126.48,226.193
1118.12,230.641
1114.6,230.577
1112.89,230.579
1109.39,230.478
1105.96,230.467
1102.6,230.356
1099.16,230.295
1095.77,230.227
1092.39,230.167
1090.71,230.206
1087.3,230.094
1083.98,230.062
1080.7,230.018
1077.38,229.953
1074.07,229.878
1070.82,229.852
1069.11,229.816
1065.91,229.761
1062.6,229.699
1059.41,229.641
1056.17,229.632
1052.99,229.542
1051.35,229.569
1048.19,229.518
1045.01,229.454
1041.85,229.409
1038.66,229.361
1035.55,229.345
1032.38,229.271
1030.87,229.27
1027.74,229.232
1024.62,229.209
1021.56,229.177
1018.5,229.109
1015.43,229.06
1012.37,229.025
1010.89,229.048
1007.83,229.001
1004.84,228.945
1001.82,228.941
998.834,228.881
995.821,228.85
992.866,228.803
991.383,228.798
988.397,228.774
985.429,228.753
982.518,228.695
979.597,228.677
976.706,228.632
975.25,228.62
972.313,228.615
969.437,228.57
966.563,228.545
963.716,228.519
960.833,228.453
957.97,228.422
956.535,228.437
953.729,228.409
950.915,228.384
948.119,228.343
945.267,228.3
942.491,228.274
941.086,228.286
938.272,228.249
935.516,228.243
932.746,228.199
929.996,228.165
927.228,228.15
924.496,228.104
923.102,228.144
920.388,228.148
917.621,228.09
914.913,228.122
912.191,228.1
909.5,228.034
906.841,228.033
905.448,228.045
902.768,228.031
900.078,228.024
897.416,228.007
894.771,227.987
892.141,227.939
889.513,227.909
888.176,227.936
885.528,227.899
882.89,227.914
880.264,227.919
877.655,227.897
875.029,227.869
872.475,227.776
871.346,227.508
868.77,227.475
866.153,227.439
863.597,227.495
860.796,227.82
858.254,227.79
856.961,227.8
854.428,227.81
851.885,227.8
849.321,227.764
846.796,227.78
844.251,227.771
841.717,227.775
840.447,227.786
837.937,227.78
835.414,227.778
832.913,227.76
830.42,227.777
827.888,227.772
826.65,227.767
824.157,227.775
821.67,227.751
819.194,227.737
816.717,227.78
814.236,227.748
811.777,227.766
810.547,227.795
808.095,227.817
805.611,227.836
803.152,227.846
800.708,227.839
798.296,227.827
795.834,227.863
794.615,227.86
792.188,227.878
789.806,227.804
787.356,227.897
784.95,227.882
782.531,227.867
780.149,227.797
778.965,227.76
776.542,227.744
774.155,227.764
771.788,227.745
769.407,227.713
767.009,227.699
765.84,227.707
763.445,227.667
761.085,227.678
758.739,227.668
756.354,227.642
753.986,227.651
751.636,227.624
750.47,227.633
748.083,227.647
745.745,227.637
743.415,227.601
741.04,227.617
738.697,227.608
737.538,227.602
735.209,227.618
732.87,227.613
730.514,227.602
728.206,227.609
725.877,227.578
723.547,227.608
722.395,227.593
720.062,227.567
717.75,227.588
715.426,227.603
713.112,227.606
710.785,227.577
708.477,227.617
707.35,227.582
705.015,227.609
702.741,227.589
700.425,227.609
698.109,227.604
695.833,227.602
694.655,227.633
692.38,227.608
690.08,227.622
687.782,227.66
685.481,227.665
683.187,227.649
680.926,227.68
679.783,227.682
677.504,227.699
675.198,227.711
672.921,227.715
670.632,227.728
668.373,227.728
666.075,227.758
664.938,227.776
662.661,227.778
660.384,227.808
658.095,227.824
655.829,227.826
653.584,227.849
651.277,227.855
650.152,227.844
647.888,227.89
645.602,227.875
643.35,227.929
641.102,227.923
638.803,227.966
635.498,226.943
633.23,226.978
630.933,227.008
628.673,227.055
626.347,228.095
624.089,228.097
622.951,228.115
620.712,228.11
618.451,228.146
616.176,228.184
613.934,228.233
611.656,228.253
609.381,228.255
608.279,228.305
606.005,228.33
603.729,227.226
600.411,231.461
598.152,231.494
595.929,231.699
593.653,231.625
592.662,232.337
590.405,232.372
588.154,232.394
585.858,232.407
583.628,232.459
581.35,232.486
579.085,232.515
577.959,232.562
575.675,232.588
573.396,232.605
571.142,232.656
568.891,232.689
566.597,232.72
565.458,232.753
563.18,232.799
560.91,232.832
558.632,232.861
556.366,232.915
554.128,232.979
551.82,233.009
550.701,233.03
548.406,233.088
546.141,233.113
543.865,233.149
541.601,233.205
539.302,233.211
537.007,233.257
535.869,233.297
533.598,233.356
531.309,233.395
529.026,233.44
526.728,233.474
524.419,233.539
522.145,233.594
521.009,233.634
518.714,233.646
516.428,233.71
514.097,233.773
511.8,233.839
509.491,233.885
508.343,233.916
506.045,233.948
503.73,234.021
501.453,234.07
499.118,234.108
496.81,234.17
494.493,234.259
493.348,234.263
491.015,234.337
488.718,234.414
486.375,234.447
484.049,234.494
481.717,234.558
480.547,234.601
478.209,234.665
475.887,234.725
473.54,234.796
471.215,234.861
468.879,234.925
466.5,234.98
465.336,234.992
462.976,235.088
460.662,235.13
458.272,235.219
455.911,235.287
453.553,235.326
451.211,235.395
450.01,235.451
447.662,235.525
445.274,235.595
442.881,235.681
431.003,229.632
428.51,229.535
404.038,228.317
372.356,226.989
355.012,226.675
352.375,226.662
241.051,244.269
238.206,244.437
235.354,244.596
232.469,244.712
229.504,244.804
227.144,245.45
225.716,245.547
222.802,245.691
219.947,245.844
217.019,246.018
214.094,246.184
211.187,246.361
208.248,246.516
206.743,246.629
203.832,246.78
200.853,246.969
197.889,247.135
194.903,247.321
191.877,247.47
190.4,247.556
187.397,247.742
184.36,247.918
181.294,248.099
178.272,248.249
175.216,248.44
173.706,248.519
170.627,248.713
167.518,248.9
164.417,249.088
161.335,249.271
157.925,249.185
154.731,249.375
153.05,249.405
150.033,249.64
147.199,250.179
144.099,250.376
140.901,250.584
137.718,250.813
134.503,250.997
132.893,251.129
129.662,251.326
126.396,251.494
118.113,250.52
114.797,250.734
111.432,250.957
111.616,252.428
108.285,252.668
104.921,252.859
101.594,253.077
98.2044,253.302
94.8299,253.507
91.4248,253.73
89.7405,253.847
84.3279,252.592
80.8138,252.777
77.3492,253.039
73.9397,253.33
70.4595,253.532
68.5887,253.55
67.2942,255.413
63.7313,255.629
60.2463,255.9
56.6268,256.127
53.0723,256.361
49.4673,256.624
47.6922,256.729
44.0409,256.951
40.4032,257.188
36.7298,257.456
32.9922,257.68
29.3687,257.95
25.6492,258.213
23.799,258.343
20.0745,258.623
16.3486,258.881
12.5733,259.193
8.77964,259.418
4.85739,259.623
2.92147,259.755
-0.947003,260
-4.84485,260.248
-8.81895,260.521
-12.7114,260.776
-16.7212,261.018
-20.703,261.271
-22.7093,261.411
-26.7199,261.677
-30.7516,261.943
-34.8321,262.23
-38.9264,262.481
-43.0449,262.772
-47.1846,263.053
-49.2893,263.17
-53.5078,263.461
-57.7018,263.728
-61.9651,263.964
-66.3281,264.198
-70.7179,264.398
-74.9619,264.723
-76.9549,264.991
-81.2975,265.308
-85.6629,265.569
-90.1099,265.891
-94.4849,266.181
-98.9522,266.497
-103.448,266.801
-105.683,266.968
-110.225,267.245
-114.748,267.568
-119.347,267.898
-123.935,268.195
-128.608,268.521
-133.294,268.878
-135.681,269.041
-140.352,269.357
-145.146,269.687
-149.915,270.032
-154.715,270.358
-159.583,270.728
-162.021,270.865
-166.898,271.234
-171.836,271.604
-176.774,271.988
-181.739,272.331
-186.74,272.678
-191.881,273.093
-194.384,273.244
-199.463,273.65
-207.44,272.643
-212.796,272.961
-217.587,273.599
-222.86,273.969
-229.129,273.938
-231.729,274.191
-237.144,274.552
-242.597,274.981
-248.321,275.261
-253.995,275.606
-259.736,275.965
-262.684,276.068
-268.373,276.434
-273.972,276.915
-279.772,277.349
-285.691,277.664
-291.363,278.151
-297.564,278.476
-300.489,278.675
-306.321,279.152
-312.342,279.625
-318.337,280.105
-326.087,279.865
-332.668,280.089
-339.044,280.521
-340.475,281.426
-346.608,281.933
-352.982,282.413
-359.776,282.763
-366.626,283.028
-372.849,283.694
-380.318,283.813
-382.533,284.492
-389.724,284.759
-395.957,285.468
-403.291,285.751
-410.257,286.235
-417.782,286.554
-424.826,287.069
-427.829,287.46
-435.654,287.737
-442.734,288.354
-449.288,289.046
-456.355,289.699
-463.618,290.305
-470.974,290.854
-474.762,291.151
-482.937,291.49
-491.095,291.892
-499.171,292.349
-507.161,292.879
-514.746,293.546
-522.987,294.008
-527.848,294.056
-536.02,294.675
-543.576,295.462
-551.135,296.265
-559.865,296.841
-568.869,297.235
-571.725,298.003
-579.891,298.763
-588.737,299.348
-599.46,299.39
-608.577,300.011
-616.996,300.833
-625.514,301.67
-630.062,302.054
-639.326,302.738
-649.029,303.296
-658.427,304.069
-667.673,304.794
-677.36,305.488
-685.037,306.901
-690.272,307.126
-699.996,307.987
-709.155,308.927
-719.424,309.685
-729.57,310.56
-740.931,311.069
-751.972,311.75
-757.768,311.992
-768.161,312.876
-779.292,313.691
-791.301,314.26
-798.348,316.196
-813.382,316.068
-824.498,317.068
-831.239,317.311
-841.747,318.48
-852.196,319.682
-863.07,320.922
-874.545,322.007
-887.091,322.909
-894.076,323.136
-906.205,324.316
-918.384,325.326
-931.226,326.31
-950.522,325.943
-958.666,328.15
-970.05,329.654
-976.482,330.223
-990.872,331.244
-1004.46,332.408
-1018.51,333.493
-1031.89,334.781
-1046.39,335.948
-1061.62,336.982
-1071.08,337.207
-1086.54,338.372
-1101.46,339.563
-1117.6,340.76
-1135.03,341.658
-1155.48,342.166
-1172.57,343.346
-1180.4,344.058
-1198.53,345.132
-1203.86,348.753
-1219.82,350.253
-1247.94,349.731
-1265.54,351.319
-1248.01,358.96
-1256.66,359.76
-1274.69,361.286
-1292.77,362.836
-1352.13,357.781
-1372.87,359.177
-1349.58,367.796
-1369.11,369.453
-1424.86,363.08
-1436.85,366.198
-1453.51,368.582
-1474.82,370.463
-1461.62,377.356
-1483.78,379.202
-1494.29,380.217
-1516.59,382.147
-1539.04,384.085
-1561.97,386.163
-1585.72,388.276
-1609.34,390.362
-1633.93,392.479
-1658.97,394.645
-1672.02,395.67
-1697.04,397.961
-1723.42,400.292
-1750.23,402.598
-1803.67,407.798
-1846.07,411.576
-1971.35,422.095
-2004.09,424.968
-2020.57,426.394
-2055.04,429.14
-2089.2,432.275
-2124.56,435.345
-2160.07,438.545
-2197.39,441.809
-2234.37,445.296
-2293.75,450.306
2573.81,306.179
2554.59,304.988
2535.65,303.933
2516.72,302.992
2498.46,301.832
2489.15,301.416
2471.24,300.327
2453.76,299.347
2436.4,298.343
2419.32,297.359
2402.58,296.473
2385.79,295.599
2377.87,294.958
2361.56,294.134
2345.63,293.264
2330.2,292.291
2277.14,289.266
2262.77,288.349
2248.8,287.416
2235.33,286.544
2221.76,285.508
2208.49,284.644
2201.73,284.101
2188.46,283.341
2174.59,282.723
2161.25,282.136
2148.18,281.44
2135.06,280.759
2122.6,280.163
2116.07,279.847
2103.39,279.21
2091.26,278.583
2078.98,278.067
2066.84,277.442
2054.97,276.845
2043.16,276.338
2037.17,276.137
2025.35,275.591
2014.45,274.944
2003.21,274.372
1992.4,273.797
1981.25,273.226
1970.67,272.681
1965.44,272.427
1955.01,271.759
1944.53,271.366
1934.34,270.786
1924.12,270.284
1914.05,269.673
1909.15,269.4
1899.51,268.952
1889.56,268.408
1880.22,267.927
1870.76,267.388
1864.97,265.377
1855.48,264.937
1847.34,266.222
1838.28,265.752
1829.22,265.252
1820.3,264.726
1811.48,264.253
1802.84,263.883
1798.61,263.64
1789.85,263.205
1781.38,262.699
1772.91,262.3
1764.64,261.903
1756.35,261.47
1748.29,261.049
1744.18,260.85
1736.06,260.411
1728.07,260.019
1720.32,259.608
1712.51,259.281
1704.61,258.915
1697.15,258.467
1693.25,258.37
1685.77,257.925
1678.31,257.551
1670.93,257.248
1663.56,256.841
1656.42,256.446
1649.13,256.098
1645.56,255.995
1638.45,255.558
1631.5,255.289
1624.5,254.955
1617.63,254.617
1610.76,254.265
1607.39,254.072
1600.6,253.797
1593.97,253.475
1587.31,253.157
1580.81,252.784
1574.21,252.55
1567.8,252.182
1564.53,252.033
1558.32,251.711
1551.91,251.486
1545.65,251.158
1539.37,250.882
1533.25,250.523
1527.13,250.273
1524.11,250.195
1517.98,249.893
1512.16,249.58
1506.13,249.339
1500.29,249.044
1494.41,248.827
1491.53,248.686
1485.74,248.395
1480.02,248.111
1474.2,247.933
1468.62,247.681
1462.99,247.426
1457.42,247.153
1454.75,247.025
1449.21,246.813
1443.73,246.568
1438.36,246.272
1432.87,246.156
1427.71,245.825
1422.36,245.633
1419.78,245.481
1414.47,245.282
1409.24,245.011
1404.3,244.719
1399.21,244.447
1394.2,244.182
1391.77,244.003
1386.71,243.781
1381.66,243.548
1376.69,243.43
1371.8,243.152
1366.85,243.048
1362.05,242.8
1359.56,242.728
1354.71,242.539
1349.9,242.414
1345.2,242.163
1340.33,242.06
1335.69,241.811
1333.31,241.75
1328.71,241.59
1323.99,241.414
1319.51,241.209
1314.88,241.043
1310.37,240.892
1305.82,240.759
1303.58,240.679
1299.03,240.533
1294.62,240.401
1290.16,240.242
1285.76,240.074
1281.4,239.971
1277.04,239.852
1274.82,239.75
1270.58,239.644
1266.26,239.452
1261.95,239.364
1257.77,239.263
1253.54,239.089
1249.36,238.946
1247.27,238.872
1243.16,238.796
1239.05,238.677
1235.02,238.522
1230.82,238.445
1226.82,238.299
1224.77,238.223
1220.8,238.084
1216.79,238.002
1212.88,237.829
1208.86,237.708
1204.99,237.558
1201.03,237.487
1199.11,237.382
1195.23,237.298
1191.47,237.142
1187.6,237.058
1183.73,236.959
1180.03,236.827
1176.27,236.728
1174.35,236.652
1170.6,236.578
1166.84,236.496
1163.18,236.361
1159.49,236.26
1155.8,236.141
1154.02,236.095
1150.33,236.017
1146.76,235.868
1143.13,235.827
1139.53,235.732
1135.98,235.592
1132.45,235.527
1133.7,231.725
1130.18,231.603
1126.65,231.517
1120.14,235.198
1116.68,235.099
1113.19,235.043
1109.75,234.939
1108.01,234.926
1104.63,234.812
1101.18,234.758
1097.77,234.675
1094.45,234.581
1091.02,234.569
1089.33,234.5
1086,234.459
1082.64,234.391
1079.4,234.323
1076.08,234.25
1072.71,234.192
1069.5,234.136
1067.83,234.139
1064.58,234.075
1061.33,234.046
1058.11,233.932
1054.88,233.917
1051.69,233.82
1048.52,233.821
1046.91,233.807
1043.69,233.762
1040.6,233.695
1037.42,233.671
1034.29,233.57
1031.17,233.573
1028.1,233.508
1026.5,233.48
1023.47,233.458
1020.39,233.395
1017.34,233.332
1014.25,233.287
1011.25,233.266
1009.73,233.245
1006.69,233.206
1003.65,233.16
1000.69,233.114
997.664,233.079
994.72,233.05
991.74,233.037
990.225,232.998
987.299,233.007
984.331,232.945
981.454,232.9
978.498,232.885
975.6,232.871
974.13,232.843
971.22,232.805
968.347,232.795
965.463,232.72
962.621,232.725
959.767,232.674
956.904,232.636
955.459,232.656
952.611,232.649
949.83,232.608
947.002,232.587
944.212,232.521
941.371,232.539
938.617,232.519
937.19,232.532
934.455,232.486
931.693,232.465
928.907,232.419
926.217,232.361
923.444,232.356
920.724,232.324
919.377,232.295
916.638,232.278
913.915,232.226
911.226,232.175
908.529,232.199
905.842,232.168
903.137,232.14
901.844,232.14
899.144,232.126
896.48,232.096
893.851,232.098
891.163,232.112
888.538,232.07
887.21,232.068
884.579,232.066
881.979,232.014
879.349,231.994
876.764,231.977
874.142,231.977
871.56,231.929
870.275,231.92
867.65,231.901
865.102,231.9
862.527,231.904
859.941,231.898
857.391,231.856
856.1,231.893
853.528,231.887
851.012,231.857
848.439,231.833
845.921,231.837
843.407,231.842
840.867,231.836
839.602,231.816
837.113,231.795
834.557,231.788
832.07,231.784
829.565,231.769
827.077,231.748
824.595,231.755
823.346,231.767
820.872,231.753
818.398,231.78
815.89,231.787
813.438,231.77
810.975,231.789
808.529,231.802
807.296,231.778
804.861,231.815
802.402,231.81
799.965,231.741
797.518,231.822
795.093,231.819
793.859,231.781
791.456,231.718
789.041,231.689
786.655,231.69
784.205,231.681
781.829,231.67
779.407,231.636
778.208,231.618
775.824,231.612
773.437,231.605
771.052,231.583
768.633,231.562
766.282,231.554
765.061,231.538
762.699,231.535
760.332,231.551
757.952,231.532
755.6,231.536
753.227,231.503
750.866,231.485
749.68,231.513
747.306,231.464
744.982,231.484
742.637,231.469
740.289,231.446
737.918,231.439
735.564,231.463
734.404,231.428
732.065,231.443
729.739,231.445
727.405,231.438
725.099,231.447
722.738,231.442
721.606,231.43
719.259,231.436
716.931,231.406
714.637,231.434
712.307,231.403
710.005,231.426
707.69,231.402
706.529,231.434
704.219,231.451
701.914,231.411
699.615,231.426
697.303,231.44
694.983,231.431
692.705,231.449
691.531,231.447
689.238,231.455
686.951,231.455
684.647,231.456
682.392,231.488
680.102,231.511
677.803,231.486
676.662,231.526
674.345,231.518
672.099,231.54
669.778,231.524
667.498,231.57
665.247,231.58
662.931,231.572
661.82,231.595
659.533,231.614
657.257,231.604
654.994,231.646
652.725,231.644
650.429,231.658
649.294,231.653
647.015,231.71
644.773,231.702
642.494,231.728
640.222,231.744
635.595,231.21
634.464,231.235
632.177,231.244
629.931,231.251
627.738,231.866
625.463,231.886
623.219,231.917
622.084,231.911
619.817,231.957
617.538,231.96
615.301,232.001
613.021,232.055
610.765,232.054
608.489,232.112
607.373,232.107
605.103,232.16
602.677,231.486
602.332,236.025
600.025,236.047
597.771,236.172
595.524,236.306
593.259,236.335
590.993,236.368
589.83,236.416
587.56,236.427
585.325,236.46
583.043,236.494
580.763,236.53
578.5,236.556
577.363,236.581
575.098,236.611
572.825,236.655
570.585,236.727
568.284,236.732
566.023,236.798
563.749,236.838
562.598,236.835
560.323,236.876
558.078,236.919
555.81,236.96
553.501,236.986
551.219,237.031
548.971,237.081
547.8,237.103
545.554,237.141
543.27,237.228
540.974,237.237
538.682,237.285
536.408,237.345
534.117,237.386
532.961,237.409
530.673,237.453
528.384,237.473
526.083,237.528
523.802,237.602
521.528,237.638
519.217,237.69
518.072,237.752
515.781,237.791
513.476,237.82
511.152,237.906
508.85,237.935
506.545,238.006
505.417,238.022
503.068,238.107
500.775,238.141
498.477,238.183
496.168,238.263
493.814,238.309
491.492,238.381
490.349,238.397
488.013,238.449
485.712,238.55
483.371,238.603
481.028,238.68
478.706,238.72
477.531,238.769
475.199,238.812
472.846,238.862
470.518,238.948
468.157,238.999
465.798,239.052
463.473,239.134
462.265,239.192
459.921,239.244
457.54,239.33
455.201,239.375
452.821,239.477
450.447,239.54
448.086,239.605
446.902,239.637
444.522,239.701
442.151,239.795
438.14,234.898
435.599,234.545
433.136,234.498
430.683,234.432
429.373,234.316
426.869,234.142
424.384,234.006
421.83,233.843
419.303,233.737
416.867,233.69
415.551,233.469
412.973,233.442
410.526,233.342
407.9,233.158
405.414,233.113
402.837,232.954
400.287,232.905
398.923,232.781
396.348,232.631
393.853,232.629
391.244,232.5
388.643,232.417
386.068,232.378
383.477,232.262
382.201,232.113
379.583,232.069
376.963,232.021
374.363,232.028
371.745,231.913
369.095,231.842
366.566,231.856
365.209,231.855
362.472,231.669
359.913,231.709
357.282,231.61
354.705,231.673
352.009,231.687
350.657,231.674
348.036,231.738
325.662,232.535
323.021,232.673
320.341,232.879
319.047,232.842
316.286,233.003
313.707,233.172
311.039,233.235
308.286,233.294
305.635,233.442
302.89,233.586
301.545,233.66
298.794,233.753
296.094,233.976
293.386,234.031
290.548,234.156
287.869,234.393
285.04,234.45
283.81,234.573
280.913,234.69
278.195,234.921
275.48,234.955
272.681,235.103
269.843,235.289
267.092,235.496
265.702,235.47
262.812,235.663
260.087,235.833
257.176,236.019
254.411,236.166
251.514,236.278
250.208,236.391
247.313,236.591
244.465,236.732
241.522,236.956
238.701,237.153
235.846,237.243
232.913,237.451
231.524,237.59
228.633,237.816
231.408,249.684
228.531,249.84
225.64,250.011
222.768,250.153
221.299,250.261
218.417,250.447
215.48,250.578
212.525,250.773
209.597,250.914
206.652,251.08
205.178,251.203
202.232,251.358
199.234,251.534
196.267,251.724
193.244,251.891
190.228,252.097
187.229,252.273
185.706,252.374
182.66,252.565
179.608,252.756
176.568,252.951
173.484,253.103
170.424,253.326
167.317,253.496
165.777,253.618
162.697,253.837
159.544,254.004
156.401,254.185
153.225,254.419
150.109,254.612
146.911,254.778
145.31,254.905
142.091,255.089
138.904,255.275
135.664,255.514
132.455,255.711
129.199,255.942
127.594,256.044
124.167,256.121
120.519,255.925
117.187,256.109
113.979,256.452
110.665,256.677
107.812,257.4
106.155,257.547
102.838,257.758
99.4337,258.001
96.0628,258.189
92.6289,258.43
89.2184,258.685
87.4936,258.819
79.9015,258.616
76.4101,258.802
73.0428,259.193
70.0506,259.892
66.6031,260.223
64.855,260.347
61.3135,260.608
57.7584,260.864
54.1501,261.095
50.5729,261.368
46.9553,261.601
43.3243,261.874
41.497,262.019
37.8565,262.283
34.1878,262.537
30.4721,262.837
26.7558,263.101
23.0533,263.376
19.2833,263.647
17.4018,263.792
13.6099,264.063
9.83279,264.374
6.02112,264.635
2.14966,264.936
-1.73791,265.183
-5.6414,265.45
-7.56988,265.602
-11.4897,265.902
-15.4239,266.171
-19.4433,266.461
-23.4009,266.732
-27.3983,267.061
-29.3692,267.22
-33.4245,267.509
-37.445,267.836
-41.4783,268.215
-45.61,268.532
-49.7908,268.794
-51.9204,268.921
-56.1585,269.183
-60.3266,269.494
-64.5705,269.79
-68.8482,270.12
-73.1962,270.41
-77.481,270.683
-79.6751,270.856
-84.008,271.162
-88.4179,271.477
-92.8544,271.829
-97.2856,272.144
-101.741,272.458
-106.277,272.803
-108.508,272.961
-113.038,273.289
-117.592,273.649
-122.245,273.975
-126.883,274.278
-131.584,274.67
-136.225,274.983
-138.586,275.138
-143.405,275.519
-148.128,275.877
-152.978,276.219
-158.913,275.868
-163.785,276.27
-168.683,276.619
-171.357,276.707
-176.291,277.095
-181.369,277.44
-186.389,277.788
-191.658,278.066
-196.822,278.471
-199.495,278.547
-204.707,278.94
-209.846,279.337
-215.046,279.763
-220.52,280.089
-226,280.393
-230.778,281.167
-233.58,281.271
-239.363,281.511
-244.793,281.929
-250.434,282.311
-256.014,282.721
-261.774,283.099
-267.517,283.5
-270.245,283.71
-275.987,284.105
-281.862,284.481
-287.864,284.878
-294.001,285.208
-299.702,285.751
-302.495,286.084
-308.533,286.502
-314.64,286.954
-320.76,287.374
-327.198,287.701
-333.621,288.091
-340.065,288.467
-343.492,288.562
-349.699,289.157
-355.916,289.643
-362.131,290.328
-368.579,290.802
-375.354,291.191
-381.678,291.868
-384.857,292.189
-392.201,292.438
-399.094,292.9
-404.922,293.918
-412.648,294.071
-420.663,294.143
-427.85,294.585
-430.794,295.113
-437.31,295.95
-445.315,296.197
-452.401,296.813
-459.487,297.529
-466.264,298.36
-475.428,298.19
-479.118,298.519
-486.265,299.347
-493.622,300.03
-502.48,300.258
-508.946,301.439
-518.116,301.554
-526.009,302.238
-530.192,302.401
-537.767,303.352
-545.985,303.937
-553.825,304.841
-561.778,305.602
-570.113,306.358
-574.264,306.659
-582.877,307.369
-591.36,308.18
-600.451,308.69
-609.682,309.301
-618.61,310.07
-627.177,310.953
-632.066,311.293
-641.489,311.919
-651.035,312.532
-661.465,312.998
-671.34,313.617
-680.246,314.717
-689.263,315.708
-694.769,315.995
-705.992,316.329
-715.379,317.408
-724.291,318.669
-734.176,319.619
-743.697,320.801
-749.256,321.135
-762.42,321.144
-773.396,321.991
-784.037,322.901
-794.31,324.101
-804.491,325.301
-815.831,326.28
-821.275,326.889
-832.994,327.794
-845.161,328.552
-856.226,329.715
-867.047,331.106
-878.561,332.213
-890.714,333.373
-897.75,333.615
-909.064,334.984
-921.383,336.238
-939.087,336.017
-947.181,338.428
-960.522,339.563
-974.747,340.408
-986.326,339.786
-993.587,342.646
-1013.97,342.086
-1020.82,345.184
-1035.3,346.354
-1049.93,347.619
-1064.59,348.824
-1077.02,348.19
-1088.72,350.394
-1104.16,351.684
-1119.72,352.958
-1139.92,353.386
-1155.65,354.793
-1173.47,355.943
-1182.53,356.445
-1198.76,358.01
-1213.47,360.009
-1232.31,361.139
-1249.64,362.713
-1263.6,365.117
-1283.67,366.224
-1290.45,367.617
-1312.38,368.504
-1331.88,370.003
-1350.94,371.74
-1373.62,372.87
-1392.73,374.807
-1402.76,375.621
-1419.93,378.135
-1436.12,380.779
-1466.55,380.929
-1448.92,390.229
-1470.21,392.212
-1492.08,394.175
-1502.99,395.219
-1525.49,397.286
-1548.48,399.458
-1571.38,401.546
-1595.13,403.777
-1619.3,405.975
-1676.51,403.082
-1656.38,409.55
-1681.97,411.826
-1734.33,416.812
-1816.89,424.577
-1860.78,428.671
-1890.5,431.413
-2017.5,443.183
-2033.87,444.814
-2067.42,448.045
-2102.28,451.315
-2137.46,454.744
-2172.47,458.286
-2210.11,461.695
-2229.54,463.553
-2268.09,467.138
2427.64,308.03
2410.71,306.97
2394.29,305.919
2377.75,304.927
2369.52,304.386
2353.5,303.331
2291.77,299.635
2276.98,298.707
2269.55,298.21
2255.04,297.356
2240.68,296.569
2226.94,295.649
2212.75,294.888
2199.1,293.966
2185.81,293.24
2178.92,292.786
2165.9,291.935
2152.61,291.274
2140.72,290.271
2127.26,289.627
2114.61,288.992
2108.33,288.531
2096.15,287.897
2084.07,287.051
2072.16,286.409
2060.22,285.663
2048.66,285.012
2037.15,284.326
2031.46,284.065
2020.3,283.318
2009.14,282.74
1997.98,282.026
1987.06,281.362
1976.37,280.766
1965.73,280.132
1960.6,279.812
1950.23,279.229
1939.82,278.615
1929.73,278.045
1919.45,277.485
1909.46,277.027
1904.67,276.7
1894.87,276.115
1885.11,275.613
1875.56,275.116
1866.21,274.527
1856.9,273.918
1847.65,273.5
1843.08,273.247
1833.85,272.733
1824.93,272.292
1815.98,271.735
1807.22,271.252
1798.53,270.773
1794.2,270.514
1785.77,269.963
1777.3,269.536
1768.95,269.146
1760.6,268.577
1752.39,268.195
1744.31,267.692
1740.31,267.525
1732.39,267.044
1724.41,266.615
1716.54,266.174
1708.69,265.75
1701.09,265.271
1693.57,264.929
1689.77,264.723
1682.16,264.282
1674.92,263.858
1667.4,263.47
1660.26,263.096
1652.97,262.727
1645.8,262.333
1642.24,262.166
1635.1,261.776
1628.13,261.432
1621.14,261.037
1614.32,260.668
1607.54,260.302
1604.16,260.215
1597.52,259.807
1590.67,259.481
1584.17,259.155
1577.55,258.776
1571.16,258.455
1564.7,258.164
1561.49,257.936
1555.03,257.682
1548.89,257.375
1542.63,257.066
1536.42,256.682
1530.29,256.391
1524.25,256.038
1521.2,255.906
1515.26,255.552
1509.27,255.258
1503.45,254.941
1497.58,254.664
1491.81,254.338
1485.89,254.11
1483.08,253.903
1477.3,253.619
1471.7,253.358
1466.04,253.136
1460.46,252.857
1454.92,252.64
1452.08,252.498
1446.57,252.202
1441.07,251.991
1435.65,251.794
1430.29,251.525
1425.02,251.349
1419.61,251.102
1417.02,250.977
1411.74,250.789
1406.55,250.557
1401.33,250.324
1396.22,250.077
1391.08,249.862
1388.57,249.711
1383.53,249.529
1378.51,249.328
1373.57,249.084
1368.61,248.942
1363.62,248.728
1358.8,248.54
1356.26,248.473
1351.48,248.282
1346.71,248.054
1341.87,247.861
1337.13,247.63
1332.49,247.49
1327.8,247.352
1325.38,247.216
1320.86,247.027
1316.19,246.848
1311.57,246.726
1307.15,246.504
1302.6,246.358
1298.1,246.186
1295.84,246.145
1291.44,245.921
1287.01,245.787
1282.75,245.626
1278.33,245.4
1273.99,245.278
1271.81,245.205
1267.58,245.023
1263.33,244.878
1259.09,244.674
1254.8,244.534
1250.67,244.387
1246.51,244.258
1244.36,244.193
1240.25,244.068
1236.1,243.88
1231.93,243.83
1227.99,243.639
1223.99,243.435
1219.97,243.31
1217.96,243.211
1214.04,243.074
1210.06,242.987
1206.11,242.818
1202.23,242.688
1198.31,242.51
1196.34,242.464
1192.59,242.301
1188.73,242.205
1184.86,242.081
1181.11,241.959
1177.28,241.806
1173.58,241.641
1171.65,241.62
1167.93,241.45
1164.26,241.371
1160.58,241.24
1156.87,241.1
1153.26,240.989
1149.59,240.859
1147.77,240.847
1144.2,240.688
1140.61,240.567
1137.04,240.46
1133.45,240.326
1132.94,237.517
1131.26,237.383
1127.71,237.258
1121.12,239.98
1117.69,239.876
1114.18,239.774
1110.73,239.706
1107.23,239.551
1105.53,239.507
1102.15,239.434
1098.73,239.363
1095.33,239.224
1091.95,239.134
1088.65,239.043
1086.93,239.05
1083.58,238.966
1080.27,238.877
1076.99,238.752
1073.68,238.686
1070.43,238.589
1067.1,238.515
1065.47,238.504
1062.22,238.409
1059,238.382
1055.74,238.27
1052.55,238.247
1049.34,238.137
1046.2,238.081
1044.54,238.071
1041.43,238.001
1038.26,237.957
1035.12,237.896
1031.94,237.868
1028.84,237.814
1025.71,237.747
1024.13,237.765
1021.03,237.745
1017.91,237.644
1014.85,237.651
1011.85,237.562
1008.76,237.549
1007.19,237.523
1004.16,237.531
1001.13,237.533
998.135,237.467
995.132,237.416
992.121,237.387
989.144,237.405
987.648,237.374
984.677,237.358
981.696,237.352
978.752,237.309
975.867,237.27
972.92,237.181
970.064,237.155
968.646,237.111
965.747,237.079
962.875,237.043
959.987,237.007
957.149,236.981
954.308,236.94
952.866,236.937
949.985,236.933
947.168,236.898
944.334,236.85
941.535,236.86
938.724,236.784
935.941,236.747
934.538,236.779
931.793,236.708
928.994,236.721
926.244,236.685
923.523,236.63
920.731,236.6
917.992,236.618
916.649,236.594
913.929,236.53
911.197,236.54
908.519,236.473
905.826,236.473
903.139,236.459
901.745,236.461
899.103,236.438
896.381,236.417
893.755,236.422
891.094,236.382
888.448,236.37
885.78,236.359
884.433,236.362
881.851,236.343
879.197,236.28
876.583,236.274
873.978,236.221
871.357,236.228
868.773,236.211
867.474,236.191
864.889,236.172
862.34,236.155
859.762,236.118
857.185,236.126
854.607,236.083
852.051,236.1
850.782,236.085
848.196,236.087
845.682,236.079
843.111,236.066
840.618,236.057
838.062,236.04
836.829,236.046
834.299,236.04
831.766,236.032
829.278,236.032
826.762,236.008
824.288,236.031
821.759,236.001
820.52,236.044
818.059,236.038
815.574,236.004
813.127,235.954
810.605,236.01
808.165,235.997
806.949,235.935
804.537,235.89
802.087,235.829
799.615,235.835
797.198,235.821
794.752,235.807
792.327,235.772
791.143,235.785
788.705,235.758
786.31,235.728
783.888,235.703
781.452,235.729
779.046,235.708
776.666,235.692
775.437,235.667
773.062,235.667
770.669,235.66
768.278,235.607
765.885,235.625
763.526,235.595
761.146,235.612
759.916,235.576
757.562,235.566
755.214,235.576
752.844,235.575
750.467,235.551
748.104,235.533
745.767,235.533
744.568,235.523
742.216,235.516
739.892,235.538
737.51,235.516
735.192,235.519
732.85,235.512
731.679,235.497
729.334,235.486
726.988,235.492
724.662,235.466
722.323,235.479
719.992,235.47
717.671,235.467
716.538,235.466
714.214,235.459
711.864,235.499
709.573,235.449
707.252,235.464
704.943,235.46
703.791,235.481
701.478,235.487
699.153,235.483
696.852,235.488
694.561,235.5
692.252,235.529
689.972,235.532
688.812,235.522
686.506,235.537
684.233,235.521
681.918,235.559
679.647,235.562
677.34,235.563
675.053,235.566
673.922,235.574
671.631,235.6
669.354,235.582
667.043,235.629
664.764,235.612
662.492,235.648
660.187,235.649
659.068,235.677
656.774,235.657
654.495,235.671
652.213,235.701
649.944,235.726
647.672,235.716
646.563,235.752
644.263,235.764
642.002,235.789
639.736,235.772
637.464,235.798
635.197,235.813
632.913,235.827
631.759,235.853
629.493,235.889
627.221,235.918
624.979,235.954
622.709,235.944
620.437,235.97
619.297,236.01
617.026,236.036
614.754,236.054
612.486,236.094
610.254,236.116
607.983,236.148
605.695,236.041
604.595,236.035
601.01,240.16
598.765,240.168
596.462,240.197
594.219,240.231
591.935,240.299
589.688,240.332
588.541,240.351
586.265,240.365
583.996,240.38
581.713,240.427
579.477,240.477
577.212,240.506
574.931,240.557
573.783,240.576
571.537,240.605
569.247,240.677
566.985,240.675
564.699,240.734
562.399,240.794
560.132,240.801
558.98,240.8
556.714,240.85
554.45,240.896
552.168,240.963
549.879,240.98
547.612,241.026
545.343,241.072
544.178,241.1
541.887,241.167
539.614,241.217
537.329,241.225
535.04,241.279
532.755,241.329
531.581,241.356
529.294,241.411
527.021,241.441
524.688,241.479
522.43,241.537
520.104,241.576
517.791,241.639
516.65,241.675
514.361,241.704
512.027,241.806
509.739,241.832
507.45,241.904
505.12,241.972
503.967,241.982
501.66,242.046
499.326,242.101
497.035,242.169
494.722,242.22
492.358,242.301
490.039,242.348
488.909,242.397
486.584,242.452
484.225,242.504
481.907,242.555
479.579,242.653
477.225,242.696
474.888,242.752
473.73,242.81
471.354,242.883
469.019,242.935
466.666,243.042
464.299,243.085
461.96,243.158
459.61,243.24
458.439,243.277
456.063,243.375
453.696,243.411
451.313,243.519
448.961,243.587
446.581,243.661
445.393,243.694
440.588,239.457
438.207,239.511
435.599,239.26
432.948,238.957
430.464,238.927
427.912,238.865
426.588,238.574
424.009,238.522
421.47,238.384
418.877,238.254
416.302,238.099
413.728,238.056
411.135,237.933
409.808,237.743
407.218,237.639
404.598,237.567
401.964,237.403
399.401,237.372
396.833,237.243
394.206,237.16
392.842,237.107
390.198,236.967
387.584,236.952
385.065,236.892
382.356,236.777
379.745,236.708
378.36,236.654
375.735,236.515
373.055,236.465
370.366,236.383
367.667,236.341
365.093,236.378
362.327,236.244
361.03,236.249
358.359,236.283
355.714,236.266
353.069,236.288
350.461,236.306
347.82,236.381
346.551,236.432
343.886,236.555
341.295,236.627
338.678,236.781
336.092,236.892
333.445,237.031
330.766,237.12
329.497,237.102
326.84,237.298
324.151,237.388
321.515,237.524
318.819,237.69
316.096,237.804
313.468,237.878
312.147,237.984
309.458,238.05
306.767,238.214
303.989,238.298
301.374,238.487
298.674,238.609
295.877,238.719
294.599,238.817
291.884,238.965
289.123,239.123
286.336,239.223
283.595,239.34
280.828,239.498
279.446,239.581
276.662,239.706
273.946,239.945
271.18,240.102
268.365,240.269
265.538,240.403
262.799,240.584
261.38,240.659
258.651,240.856
255.735,240.927
252.96,241.116
250.139,241.283
247.323,241.528
244.456,241.655
242.952,241.763
240.11,241.95
237.353,242.154
234.319,242.31
231.571,242.517
228.812,242.828
227.458,242.996
224.454,243.201
230.554,252.111
229.518,254.075
226.681,254.282
218.445,252.342
219.439,254.736
216.531,254.901
213.594,255.081
210.625,255.271
207.714,255.433
204.766,255.623
201.777,255.779
200.251,255.904
197.297,256.082
194.291,256.261
191.29,256.442
188.247,256.627
185.263,256.814
182.186,257.005
180.66,257.143
177.634,257.3
174.548,257.514
171.465,257.721
168.402,257.882
165.296,258.106
163.747,258.217
160.632,258.433
157.508,258.621
154.37,258.826
151.194,259.054
148.039,259.246
144.858,259.474
143.273,259.607
140.052,259.802
136.855,260.041
133.628,260.236
130.376,260.442
127.098,260.676
125.48,260.751
122.224,261.011
118.914,261.193
115.589,261.434
112.314,261.686
108.934,261.891
105.589,262.15
103.947,262.262
100.587,262.521
97.158,262.76
93.848,262.98
90.4041,263.234
87.013,263.498
83.5646,263.731
81.8613,263.877
78.4189,264.14
74.9269,264.373
71.435,264.65
67.9378,264.902
64.3868,265.154
60.8645,265.423
59.0869,265.551
55.5125,265.823
51.8967,266.075
48.2944,266.361
44.6742,266.624
40.984,266.903
37.3537,267.145
35.5035,267.315
31.8394,267.555
28.1121,267.83
24.3643,268.13
20.6191,268.421
16.8704,268.698
15.0175,268.881
11.1974,269.12
7.41487,269.465
3.53702,269.761
-0.278598,270.046
-4.17046,270.33
-6.0449,270.505
-9.9766,270.837
-13.8691,271.112
-17.8291,271.426
-21.8011,271.735
-25.8283,272.05
-29.8288,272.39
-31.8088,272.551
-35.8562,272.868
-39.9371,273.155
-44.0414,273.492
-48.1885,273.794
-52.3693,274.128
-56.5123,274.438
-58.6437,274.585
-62.8687,274.928
-67.1016,275.285
-71.3241,275.623
-75.5599,275.992
-79.8959,276.339
-84.2231,276.67
-86.3686,276.862
-90.7265,277.252
-95.0518,277.635
-99.5022,277.996
-104.025,278.297
-108.594,278.64
-113.145,279.002
-115.396,279.162
-119.998,279.548
-124.63,279.903
-129.257,280.249
-134.004,280.586
-138.718,280.969
-141.41,280.988
-146.494,281.21
-151.364,281.53
-156.207,281.895
-161.131,282.274
-166.042,282.67
-170.944,283.063
-173.413,283.301
-178.307,283.713
-183.505,284.023
-188.559,284.399
-193.817,284.761
-199.131,285.072
-204.278,285.53
-206.956,285.691
-212.326,286.02
-217.614,286.431
-223.091,286.801
-228.535,287.197
-233.994,287.594
-236.677,287.814
-242.172,288.235
-247.551,288.745
-252.899,289.288
-258.855,289.565
-264.588,290.006
-270.273,290.448
-272.867,290.79
-279.014,291.045
-285.025,291.444
-290.651,292.059
-296.353,292.613
-302.606,292.919
-308.495,293.439
-311.649,293.675
-317.793,294.122
-324.008,294.556
-330.192,295.092
-336.553,295.56
-342.85,296.054
-349.313,296.484
-352.489,296.811
-359.146,297.249
-365.341,297.879
-371.558,298.534
-378.525,298.955
-385.172,299.456
-392.552,299.784
-395.85,300.081
-402.749,300.628
-409.525,301.258
-416.108,301.899
-422.958,302.629
-430.976,302.821
-438.325,303.394
-441.29,303.905
-448.481,304.484
-456.006,305.016
-463.722,305.53
-471.934,305.888
-479.45,306.548
-483.365,306.827
-490.312,307.709
-497.684,308.46
-505.637,309.021
-513.89,309.677
-522.311,310.124
-530.171,310.804
-534.195,311.253
-542.289,311.972
-550.312,312.702
-558.35,313.49
-566.865,314.234
-575.007,315.025
-583.529,315.803
-588.458,316.045
-597.444,316.697
-606.037,317.517
-615.267,318.19
-624.212,319.046
-633.02,319.868
-638.133,320.189
-647.673,320.82
-657.591,321.552
-667.103,322.376
-676.479,323.312
-685.857,324.211
-696.92,324.72
-701.852,325.203
-710.888,326.366
-721.237,327.214
-731.159,328.156
-741.618,329.102
-751.857,330.077
-762.419,331.019
-768.874,331.152
-779.66,332.148
-789.867,333.284
-800.765,334.392
-811.842,335.346
-822.817,336.492
-833.897,337.663
-840.14,338.037
-850.195,339.472
-862.099,340.533
-874.049,341.627
-887.559,342.467
-901.336,343.261
-911.361,345.051
-919.96,345.056
-933.974,346.021
-946.479,347.207
-955.671,349.314
-967.571,350.8
-980.851,352.092
-995.216,353.205
-1006.18,353.014
-1023.42,353.67
-1029.02,356.66
-1045.75,357.548
-1064.01,358.197
-1078.58,359.557
-1093.59,360.977
-1099.48,362.112
-1117.32,363.049
-1134.78,364.223
-1149.96,365.751
-1166.84,367.189
-1182.73,368.901
-1193.59,369.136
-1209.78,370.93
-1225.84,372.7
-1242.49,374.466
-1261.73,375.776
-1280.33,377.369
-1297.21,379.272
-1307.31,380.089
-1327.01,381.716
-1346.82,383.379
-1366.69,385.247
-1388.44,386.691
-1405.81,389.063
-1426.9,390.942
-1438.53,391.817
-1459.64,393.705
-1482.63,395.672
-1503.34,397.785
-1535.58,403.877
-1558.84,405.889
-1571.58,407.02
-1593.66,409.347
-1615.89,411.943
-1645.57,413.768
-1667.44,416.478
-1652.61,423.654
-2045.74,462.801
-2114.1,469.823
-2186.75,477.108
2285.99,308.309
2271.14,307.38
2263.91,306.949
2249.21,306.04
2235.13,305.043
2221.19,304.122
2207.26,303.161
2193.84,302.315
2180.1,301.546
2173.57,300.994
2160.36,300.237
2147.41,299.431
2134.5,298.526
2121.99,297.74
2109.44,296.91
2097.15,296.172
2091.3,295.675
2079.04,295.01
2067.38,294.199
2055.42,293.416
2043.94,292.71
2032.58,292.012
2026.8,291.608
2015.63,290.947
2004.32,290.173
1993.39,289.501
1982.71,288.787
1971.89,288.213
1961.32,287.516
1956.16,287.221
1945.86,286.555
1935.58,285.852
1925.42,285.26
1915.42,284.66
1905.42,284.023
1900.55,283.795
1890.76,283.13
1881.2,282.582
1871.55,281.989
1862.15,281.413
1852.71,280.889
1843.6,280.394
1839.11,280.107
1830.09,279.518
1821.08,279.033
1812.26,278.474
1803.4,277.98
1794.75,277.373
1786.34,276.926
1782.01,276.639
1773.5,276.201
1765.23,275.605
1756.77,275.181
1748.88,274.65
1740.76,274.168
1732.59,273.715
1728.76,273.46
1720.82,272.934
1713.23,272.411
1705.32,271.998
1697.5,271.656
1690.05,271.231
1686.28,270.914
1678.85,270.511
1671.42,270.095
1664.09,269.598
1656.83,269.161
1649.67,268.72
1642.56,268.348
1639.04,268.136
1632.01,267.736
1624.97,267.352
1618.03,266.987
1611.23,266.58
1604.3,266.222
1597.64,265.894
1594.26,265.681
1587.55,265.315
1580.95,265.027
1574.41,264.622
1567.89,264.296
1561.37,263.945
1555.12,263.698
1551.83,263.542
1545.51,263.138
1539.26,262.889
1532.95,262.593
1526.87,262.305
1520.77,261.914
1517.79,261.816
1511.72,261.465
1505.73,261.23
1499.83,260.907
1493.99,260.594
1488.1,260.283
1482.37,260.025
1479.48,259.908
1473.61,259.592
1468.09,259.294
1462.33,259.112
1456.7,258.856
1451.13,258.524
1448.41,258.436
1442.94,258.135
1437.39,257.927
1432.07,257.675
1426.74,257.349
1421.31,257.185
1416.05,256.881
1413.41,256.793
1408.23,256.565
1403.1,256.24
1397.9,256.076
1392.78,255.778
1387.65,255.607
1382.64,255.335
1380.2,255.199
1375.09,254.955
1370.25,254.765
1365.28,254.501
1360.45,254.337
1355.53,254.132
1350.72,253.864
1348.32,253.778
1343.52,253.523
1338.83,253.334
1334.09,253.137
1329.4,252.962
1324.81,252.736
1322.51,252.575
1317.89,252.427
1313.31,252.257
1308.77,252.068
1304.26,251.831
1299.72,251.723
1295.29,251.519
1293.03,251.401
1288.56,251.216
1284.25,251.025
1279.86,250.837
1275.54,250.664
1271.22,250.458
1267.01,250.244
1264.81,250.16
1260.61,250.015
1256.36,249.791
1252.21,249.648
1247.98,249.482
1243.9,249.332
1241.77,249.241
1237.69,249.048
1233.55,248.875
1229.53,248.774
1225.55,248.577
1221.49,248.407
1217.5,248.29
1215.46,248.203
1211.49,248.011
1207.56,247.889
1203.65,247.768
1199.75,247.579
1195.87,247.425
1192.07,247.331
1190.12,247.239
1186.3,247.088
1182.49,246.921
1178.71,246.821
1174.99,246.622
1171.16,246.508
1169.34,246.451
1165.61,246.331
1161.95,246.184
1158.25,245.996
1154.55,245.896
1150.97,245.786
1147.34,245.635
1145.49,245.598
1141.94,245.466
1138.31,245.331
1134.8,245.211
1132.9,242.99
1129.39,242.853
1127.66,242.768
1122.37,244.786
1118.9,244.623
1115.43,244.497
1112.03,244.41
1108.62,244.289
1105.11,244.152
1103.48,244.141
1100.08,243.985
1096.65,243.867
1093.26,243.789
1089.89,243.665
1086.59,243.596
1083.21,243.512
1081.57,243.46
1078.22,243.331
1074.97,243.221
1071.72,243.146
1068.44,243.028
1065.15,242.947
1061.95,242.886
1060.27,242.848
1057.04,242.831
1053.79,242.745
1050.63,242.674
1047.39,242.591
1044.27,242.521
1042.6,242.572
1039.52,242.432
1036.34,242.346
1033.24,242.279
1030.11,242.214
1027,242.076
1023.91,241.972
1022.4,241.946
1019.3,241.961
1016.2,241.879
1013.2,241.854
1010.15,241.74
1007.12,241.699
1004.09,241.631
1002.54,241.615
999.571,241.555
996.56,241.559
993.579,241.45
990.614,241.444
987.674,241.38
986.176,241.365
983.213,241.386
980.29,241.293
977.336,241.245
974.442,241.265
971.487,241.182
968.592,241.177
967.134,241.172
964.282,241.131
961.387,241.104
958.549,241.022
955.67,240.951
952.897,240.946
950.023,240.957
948.607,240.916
945.73,240.95
942.949,240.858
940.12,240.844
937.354,240.795
934.568,240.826
933.147,240.796
930.382,240.743
927.596,240.754
924.846,240.729
922.126,240.697
919.396,240.686
916.634,240.679
915.277,240.654
912.551,240.676
909.873,240.659
907.148,240.581
904.449,240.593
901.738,240.557
899.093,240.587
897.746,240.563
895.085,240.555
892.379,240.534
889.748,240.484
887.084,240.488
884.442,240.472
881.813,240.436
880.518,240.46
877.893,240.457
875.282,240.4
872.676,240.366
870.088,240.371
867.475,240.364
866.183,240.348
863.607,240.342
861.018,240.377
858.434,240.323
855.888,240.306
853.307,240.292
850.768,240.296
849.468,240.29
846.922,240.245
844.378,240.251
841.875,240.224
839.334,240.205
836.844,240.21
835.564,240.218
833.063,240.171
830.523,240.223
828.048,240.187
825.53,240.157
823.053,240.147
820.602,240.076
819.346,240.01
816.855,240.006
814.411,239.977
811.918,239.932
809.46,239.911
807.026,239.905
804.542,239.866
803.327,239.846
800.875,239.862
798.481,239.831
796.009,239.805
793.589,239.779
791.16,239.748
788.762,239.726
787.507,239.732
785.115,239.723
782.707,239.68
780.289,239.693
777.888,239.663
775.48,239.629
773.058,239.646
771.879,239.609
769.502,239.618
767.093,239.605
764.702,239.596
762.322,239.562
759.952,239.542
758.767,239.535
756.387,239.544
754.019,239.536
751.622,239.507
749.258,239.516
746.927,239.486
744.543,239.504
743.352,239.489
741.008,239.451
738.695,239.452
736.332,239.474
733.96,239.466
731.642,239.437
730.468,239.426
728.117,239.448
725.81,239.444
723.442,239.433
721.109,239.433
718.794,239.425
716.454,239.418
715.322,239.424
713.005,239.433
710.647,239.417
708.359,239.413
706.015,239.431
703.712,239.414
701.396,239.42
700.248,239.427
697.966,239.418
695.633,239.466
693.329,239.47
691.032,239.42
688.749,239.45
686.442,239.46
685.303,239.487
683.007,239.5
680.694,239.489
678.401,239.485
676.106,239.486
673.814,239.532
672.645,239.48
670.394,239.522
668.083,239.502
665.808,239.518
663.516,239.561
661.255,239.54
658.95,239.57
657.805,239.594
655.519,239.59
653.271,239.62
650.99,239.616
648.709,239.629
646.415,239.671
645.277,239.682
643.001,239.661
640.728,239.708
638.438,239.721
636.197,239.729
633.909,239.738
631.635,239.772
630.487,239.791
628.24,239.791
625.962,239.846
623.676,239.867
621.407,239.889
619.162,239.897
616.891,239.932
615.75,239.979
613.495,239.98
611.238,240.039
608.949,240.027
606.698,240.069
604.404,240.129
603.303,240.113
602.71,244.354
601.556,244.397
599.296,244.417
597.032,244.435
594.774,244.485
592.463,244.48
590.209,244.526
587.935,244.567
586.798,244.604
584.556,244.595
582.275,244.677
579.969,244.702
577.705,244.741
575.468,244.781
573.195,244.824
572.026,244.824
569.766,244.853
567.481,244.929
565.21,244.985
562.943,245.011
560.635,245.036
559.518,245.064
557.216,245.08
554.952,245.131
552.666,245.172
550.389,245.232
548.083,245.289
545.828,245.316
544.695,245.359
542.388,245.379
540.122,245.457
537.81,245.485
535.516,245.541
533.207,245.558
532.083,245.578
529.783,245.633
527.473,245.682
525.177,245.726
522.914,245.79
520.571,245.823
518.301,245.892
517.161,245.925
514.819,246.014
512.547,246.071
510.215,246.101
507.898,246.177
505.611,246.206
503.262,246.294
502.101,246.338
499.785,246.387
497.466,246.472
495.178,246.514
492.833,246.598
490.538,246.661
488.199,246.691
487.022,246.74
484.681,246.827
482.34,246.878
480.028,246.945
477.652,247.044
475.335,247.112
474.163,247.127
471.819,247.185
469.481,247.259
467.111,247.327
464.741,247.392
462.382,247.474
460.021,247.56
458.841,247.598
456.481,247.651
454.122,247.755
451.743,247.813
449.347,247.883
446.975,247.974
444.626,248.044
443.411,248.081
439.792,244.398
437.329,244.329
434.847,244.133
432.327,243.957
429.795,243.92
427.343,243.83
426.034,243.691
423.556,243.536
421.055,243.423
418.513,243.273
415.994,243.166
413.516,243.12
412.134,242.985
409.603,242.84
392.931,242.149
390.302,242.042
387.814,242.128
382.596,241.955
378.761,241.835
376.012,241.592
373.387,241.555
370.877,241.675
368.237,241.656
365.654,241.644
364.298,241.531
359.126,241.684
356.458,241.732
353.808,241.674
351.195,241.84
348.647,242.043
347.364,242.045
344.71,242.069
342.099,242.224
339.435,242.263
334.14,242.36
331.504,242.442
330.135,242.592
327.498,242.702
324.935,242.845
322.201,242.957
319.638,243.167
316.942,243.281
315.632,243.321
312.844,243.442
310.184,243.554
307.433,243.594
304.764,243.86
302.159,243.973
299.315,244.075
298.042,244.289
295.251,244.357
292.523,244.533
289.734,244.478
286.976,244.582
284.3,244.803
277.409,245.367
274.625,245.516
271.818,245.65
269.104,245.825
266.253,245.924
264.873,246.011
261.985,246.163
259.192,246.313
256.305,246.5
253.596,246.761
250.708,246.827
247.866,247.09
246.427,247.212
243.602,247.402
240.656,247.557
237.836,247.687
232.3,248.384
229.349,248.534
227.883,248.73
225.085,248.92
225.437,257.412
222.529,257.595
219.616,257.804
216.607,257.871
211.87,257.708
209.048,258.112
207.613,260.155
204.626,260.367
201.687,260.54
200.211,260.654
197.217,260.878
194.222,261.062
189.208,258.925
188.167,261.45
185.149,261.68
179.256,258.572
180.549,261.988
177.476,262.152
174.404,262.363
171.312,262.584
168.222,262.8
165.125,262.966
163.578,263.111
160.409,263.29
157.288,263.523
154.159,263.74
151.008,263.964
147.831,264.184
144.633,264.4
143.037,264.499
139.805,264.739
136.581,264.969
133.36,265.179
130.087,265.398
126.827,265.636
123.529,265.88
121.884,266.028
118.654,266.26
115.308,266.496
112.005,266.732
108.66,266.966
105.252,267.229
101.93,267.467
100.246,267.606
96.8258,267.844
93.4372,268.092
90.0167,268.344
86.5834,268.573
83.095,268.828
79.6001,269.108
77.8636,269.222
74.3814,269.49
70.8796,269.756
67.3791,270.048
63.8309,270.319
60.3168,270.605
58.4702,270.725
54.8875,271.002
51.3733,271.306
47.7012,271.62
44.0968,271.881
40.4286,272.168
38.6833,272.333
34.9245,272.622
31.2755,272.936
27.5611,273.212
23.8039,273.483
20.0898,273.83
16.2577,274.092
14.3529,274.241
10.5577,274.552
6.68338,274.862
2.86718,275.162
-1.01609,275.447
-4.90975,275.8
-8.82518,276.074
-10.8269,276.26
-14.7463,276.563
-18.6964,276.895
-22.6626,277.178
-26.6991,277.544
-30.7185,277.885
-34.7736,278.225
-36.7813,278.384
-40.8834,278.73
-44.9827,279.088
-49.0934,279.449
-53.2322,279.79
-57.3948,280.143
-61.6025,280.517
-63.6797,280.704
-67.928,281.046
-72.2088,281.392
-76.53,281.773
-80.8937,282.114
-85.2502,282.499
-87.399,282.695
-91.7888,283.022
-96.1866,283.425
-100.665,283.781
-105.101,284.163
-109.611,284.534
-114.149,284.951
-116.441,285.12
-121.047,285.512
-125.643,285.926
-130.285,286.313
-134.896,286.732
-139.643,287.131
-144.369,287.515
-146.694,287.773
-151.456,288.174
-156.281,288.617
-160.982,289.101
-165.862,289.522
-170.833,289.928
-173.377,290.136
-178.41,290.474
-183.463,290.862
-188.55,291.289
-193.729,291.69
-198.958,292.07
-204.184,292.498
-206.823,292.684
-212.065,293.079
-217.471,293.513
-222.778,293.903
-228.135,294.334
-233.696,294.782
-239.074,295.243
-241.868,295.459
-247.343,295.916
-253.102,296.243
-258.703,296.772
-264.227,297.318
-269.829,297.828
-275.576,298.295
-278.576,298.466
-284.469,298.905
-290.397,299.399
-296.195,299.899
-302.214,300.338
-308.192,300.88
-314.292,301.435
-317.393,301.626
-323.3,302.3
-329.667,302.714
-335.817,303.263
-342.217,303.764
-348.52,304.377
-354.857,304.946
-358.463,305.004
-365.12,305.459
-371.581,306.087
-378.14,306.663
-384.603,307.287
-391.16,307.937
-394.72,308.165
-401.556,308.748
-408.72,309.291
-415.465,309.916
-422.676,310.42
-429.778,311.109
-436.865,311.699
-440.38,312.086
-447.416,312.774
-454.741,313.399
-462.701,313.795
-470.042,314.569
-477.994,314.968
-485.491,315.775
-489.108,316.16
-496.542,316.928
-504.026,317.735
-511.739,318.557
-520.162,319.133
-527.976,319.913
-533.063,319.825
-540.713,320.764
-548.565,321.636
-557.954,322.03
-565.792,322.949
-573.747,323.93
-582.28,324.743
-586.435,325.155
-595.003,326.024
-605.022,326.362
-613.559,327.335
-622.813,328.075
-631.671,329.016
-640.958,329.802
-645.95,330.169
-655.531,330.93
-664.581,331.968
-674.31,332.86
-683.856,333.712
-693.373,334.76
-703.512,335.581
-709.124,335.867
-719.345,336.754
-729.423,337.756
-739.9,338.698
-749.181,340.004
-760.261,340.881
-771.059,341.952
-776.544,342.414
-787.063,343.511
-797.651,344.674
-809.006,345.733
-820.22,346.853
-831.734,347.942
-843.363,349.016
-848.694,349.721
-859.772,351.032
-871.647,352.225
-885.787,352.937
-898.691,354.002
-910.88,355.261
-924.017,356.365
-928.125,357.526
-939.643,359.157
-953.447,360.335
-970.044,360.719
-981.827,362.518
-996.929,363.46
-1004.66,363.912
-1017.54,365.542
-1032.81,366.693
-1047.14,368.067
-1061.01,369.666
-1076.26,370.987
-1094.04,371.811
-1098.92,373.343
-1114.11,374.892
-1129.78,376.435
-1146.06,377.861
-1160.53,379.878
-1178.76,381.12
-1196.16,382.57
-1204.35,383.378
-1220.17,385.409
-1235.99,387.386
-1255.15,388.937
-1274.65,390.341
-1292.19,392.339
-1310.13,394.289
-1322.14,394.662
-1340.56,396.716
-1360.84,398.421
-1380.65,400.442
-1401.59,402.309
-1422.23,404.367
-1443.15,406.467
-1453.68,407.439
-1475.61,409.595
-1495.89,411.968
-1538.76,416.847
-1558.9,419.545
-1568.67,421.076
-1612.83,426.588
2160.48,309.538
2147.26,308.646
2134.25,307.902
2121.71,306.955
2109.21,306.157
2103.14,305.692
2090.77,304.873
2078.55,304.019
2066.9,303.124
2055.56,302.312
2043.72,301.513
2038.29,301.184
2026.78,300.34
2015.67,299.64
2004.67,298.893
1993.66,298.044
1982.65,297.319
1972.03,296.652
1966.82,296.264
1956.29,295.641
1945.79,294.83
1935.41,294.308
1925.34,293.542
1915.31,292.886
1905.3,292.295
1900.42,291.931
1890.85,291.206
1881.03,290.7
1871.4,290.013
1861.92,289.404
1852.76,288.846
1843.36,288.287
1838.92,287.999
1829.8,287.322
1820.87,286.759
1812.08,286.249
1803.33,285.642
1794.7,285.078
1790.44,284.777
1781.94,284.221
1773.4,283.672
1764.92,283.147
1756.9,282.657
1748.48,282.202
1740.38,281.633
1736.27,281.462
1728.45,280.921
1720.59,280.426
1712.68,279.917
1704.73,279.414
1697.17,278.971
1689.44,278.575
1685.79,278.316
1678.29,277.846
1670.92,277.399
1663.44,276.903
1656.21,276.542
1648.94,276.109
1641.78,275.621
1638.1,275.446
1631.1,275.058
1624.11,274.61
1617.07,274.203
1609.99,273.826
1603.33,273.435
1600.01,273.258
1593.23,272.841
1586.54,272.502
1579.77,272.154
1573.19,271.748
1566.82,271.467
1560.16,271.107
1556.91,270.962
1550.59,270.653
1544.2,270.276
1537.91,269.975
1531.73,269.59
1525.49,269.301
1522.48,269.124
1516.33,268.741
1510.38,268.427
1504.38,268.118
1498.44,267.812
1492.59,267.521
1486.77,267.109
1484,266.987
1478.25,266.62
1472.52,266.283
1466.9,266.061
1461.26,265.659
1455.6,265.416
1450.05,265.119
1447.3,264.952
1441.8,264.655
1436.43,264.404
1430.99,264.159
1425.65,263.828
1420.21,263.59
1415,263.322
1412.39,263.118
1407.26,262.875
1401.86,262.6
1396.86,262.326
1391.78,262.046
1386.6,261.76
1384.17,261.674
1379.08,261.477
1374.06,261.198
1369.14,260.963
1364.26,260.718
1359.37,260.469
1354.54,260.192
1352.11,260.124
1347.31,259.879
1342.46,259.571
1337.78,259.414
1333.06,259.206
1328.48,258.912
1323.73,258.705
1321.42,258.577
1316.84,258.334
1312.27,258.119
1307.74,257.911
1303.25,257.755
1298.78,257.549
1296.48,257.393
1292.13,257.221
1287.6,257.018
1283.3,256.784
1278.92,256.616
1274.54,256.375
1270.2,256.179
1268.09,256.112
1263.81,255.918
1259.61,255.703
1255.36,255.519
1251.16,255.329
1247.07,255.149
1242.88,254.94
1240.77,254.88
1236.74,254.66
1232.61,254.538
1228.53,254.313
1224.53,254.129
1220.47,253.949
1218.44,253.91
1214.49,253.728
1210.5,253.564
1206.57,253.334
1202.69,253.222
1198.78,253.062
1194.87,252.909
1192.99,252.802
1189.12,252.627
1185.28,252.468
1181.47,252.286
1177.73,252.146
1173.93,252.017
1172.07,251.974
1168.33,251.763
1164.54,251.639
1160.96,251.488
1157.22,251.381
1153.55,251.181
1149.86,251.073
1148.09,251.025
1144.48,250.894
1140.9,250.729
1137.31,250.611
1133.69,250.402
1131.6,249.036
1128.29,248.675
1124.94,250.024
1121.36,249.991
1117.87,249.843
1114.36,249.769
1110.96,249.614
1107.53,249.476
1104.14,249.346
1102.44,249.293
1098.98,249.125
1095.56,249.055
1092.23,248.968
1088.79,248.827
1085.48,248.726
1083.75,248.717
1080.45,248.584
1077.17,248.468
1073.89,248.288
1070.64,248.197
1067.36,248.075
1064.11,247.945
1062.56,247.92
1059.27,247.792
1056.07,247.654
1052.9,247.599
1049.73,247.448
1046.5,247.36
1043.39,247.264
1041.74,247.204
1038.68,247.068
1035.5,246.959
1032.37,246.907
1029.28,246.843
1026.18,246.695
1024.6,246.721
1021.53,246.602
1018.46,246.542
1015.35,246.442
1012.34,246.358
1009.29,246.235
1006.23,246.208
1004.73,246.145
1001.7,246.084
998.717,246.016
995.716,245.949
992.767,245.864
989.716,245.859
986.791,245.79
985.248,245.777
982.277,245.744
979.338,245.701
976.393,245.652
973.466,245.59
970.536,245.614
969.067,245.609
966.154,245.526
963.232,245.474
960.408,245.389
957.533,245.399
954.653,245.308
951.83,245.271
950.341,245.308
947.55,245.273
944.725,245.188
941.884,245.149
939.046,245.179
936.255,245.128
933.437,245.068
932.017,245.078
929.229,245.049
926.466,245.072
923.697,245.025
920.952,244.958
918.223,244.968
915.455,244.91
914.05,244.94
911.343,244.873
908.584,244.885
905.891,244.862
903.178,244.815
900.516,244.788
899.176,244.796
896.459,244.792
893.807,244.77
891.118,244.75
888.449,244.728
885.748,244.679
883.116,244.671
881.795,244.738
879.138,244.723
876.475,244.753
873.864,244.749
871.214,244.751
868.619,244.727
867.325,244.758
864.676,244.73
862.078,244.727
859.495,244.736
856.89,244.734
854.329,244.779
851.735,244.764
850.429,244.758
847.915,244.726
845.296,244.757
842.789,244.746
840.227,244.737
837.707,244.657
835.223,244.638
833.973,244.582
831.455,244.558
828.944,244.565
826.465,244.52
823.934,244.466
821.449,244.422
818.969,244.414
817.752,244.415
815.274,244.402
812.801,244.338
810.298,244.326
807.864,244.307
805.39,244.254
802.959,244.246
801.713,244.232
799.263,244.214
796.819,244.146
794.423,244.147
791.977,244.097
789.57,244.026
788.373,244.003
785.884,244.076
783.489,244.053
781.072,244.001
778.686,243.988
776.232,243.967
773.83,243.954
772.654,243.946
770.255,243.92
767.864,243.943
765.47,243.919
763.079,243.882
760.677,243.872
759.484,243.858
757.16,243.844
754.74,243.845
752.393,243.836
750.021,243.819
747.632,243.816
745.296,243.814
744.104,243.776
741.738,243.78
739.413,243.779
737.057,243.762
734.693,243.737
732.351,243.745
730.022,243.757
728.852,243.732
726.48,243.724
724.14,243.699
721.841,243.701
719.488,243.719
717.185,243.715
714.828,243.708
713.689,243.701
711.369,243.7
709.044,243.707
706.712,243.724
704.371,243.717
702.054,243.707
700.891,243.738
698.627,243.717
696.289,243.732
694.012,243.691
691.659,243.747
689.382,243.717
687.07,243.737
685.941,243.737
683.624,243.785
681.348,243.762
679.049,243.77
676.717,243.788
674.436,243.799
673.297,243.786
670.995,243.783
668.728,243.77
666.41,243.797
664.126,243.846
661.851,243.826
659.571,243.83
658.441,243.84
656.152,243.842
653.84,243.877
651.601,243.905
649.311,243.919
647.037,243.935
644.764,243.951
643.607,243.917
641.349,243.956
639.043,243.952
636.77,244.011
634.52,244.015
632.245,244.031
631.076,244.062
628.795,244.045
626.562,244.066
624.258,244.111
622.019,244.122
619.708,244.157
617.44,244.163
616.325,244.184
614.059,244.23
611.805,244.257
609.533,244.306
607.229,244.334
604.971,244.341
601.387,248.249
599.115,248.329
598.003,248.343
595.724,248.353
593.454,248.397
591.166,248.398
588.895,248.452
586.618,248.487
585.451,248.517
583.209,248.552
580.914,248.576
578.671,248.605
576.358,248.65
574.098,248.66
571.821,248.741
570.692,248.78
568.396,248.8
566.102,248.81
563.836,248.869
561.55,248.914
559.275,248.989
558.151,248.969
555.842,249.045
553.559,249.08
551.318,249.124
549.026,249.17
546.743,249.215
544.425,249.236
543.294,249.3
540.975,249.338
538.726,249.376
536.414,249.438
534.111,249.483
531.842,249.494
529.535,249.536
528.351,249.562
526.085,249.607
523.77,249.649
521.474,249.734
519.175,249.801
516.849,249.852
514.556,249.937
513.397,249.918
511.062,249.974
508.788,250.085
506.458,250.136
504.14,250.177
501.831,250.278
500.655,250.293
498.333,250.356
496.008,250.416
493.713,250.492
491.373,250.56
489.026,250.597
486.708,250.672
485.538,250.714
483.196,250.816
480.861,250.863
478.531,250.935
476.202,250.982
473.841,251.109
471.473,251.172
470.312,251.184
467.938,251.247
465.593,251.345
463.246,251.418
460.886,251.496
458.527,251.573
456.134,251.639
454.963,251.699
452.564,251.767
450.199,251.868
447.841,251.962
445.427,252.01
441.375,249.116
440.02,248.934
437.459,248.816
434.92,248.679
432.424,248.473
429.842,248.393
424.759,248.188
423.387,247.929
420.836,247.82
418.268,247.728
415.618,247.616
413.087,247.516
410.471,247.379
409.122,247.228
406.479,247.132
403.896,247.07
401.291,246.939
398.721,246.884
396.111,246.767
393.482,246.663
392.139,246.614
389.5,246.576
386.897,246.445
384.263,246.407
381.513,246.275
378.951,246.248
376.267,246.19
374.918,246.106
372.267,246.115
369.696,246.129
366.965,246.06
364.386,246.055
361.725,246.098
357.757,246.178
355.248,246.247
352.629,246.37
349.94,246.357
347.275,246.44
344.694,246.638
343.501,246.707
340.871,246.896
338.266,246.984
332.826,247.092
330.261,247.309
327.525,247.371
326.253,247.364
323.599,247.606
320.832,247.669
318.235,247.823
315.557,247.895
312.888,248.031
310.21,248.168
308.85,248.268
306.147,248.419
303.5,248.547
300.708,248.749
298.012,248.822
295.338,249.029
293.958,249.138
291.247,249.179
288.263,249.1
285.727,249.497
283.034,249.704
280.213,249.928
277.526,250.032
276.168,250.217
273.403,250.308
270.544,250.504
267.821,250.714
264.999,250.906
262.16,250.99
259.34,251.202
257.98,251.316
255.205,251.479
252.337,251.74
249.477,251.826
246.615,252.028
243.752,252.172
241.011,252.41
239.555,252.565
236.756,252.783
234.023,253.111
231.159,253.301
228.246,253.547
225.327,253.74
224.005,253.892
225.948,258.765
222.926,258.855
222.67,261.547
219.839,261.86
216.891,262.01
214.077,262.336
212.641,262.41
209.71,262.672
206.738,262.832
203.701,262.967
200.533,262.996
197.647,263.31
195.928,263.172
192.678,263.218
192.171,265.582
189.172,265.791
186.082,265.977
179.942,263.525
175.414,263.966
175.456,266.747
172.334,266.96
169.238,267.174
166.149,267.393
163.049,267.653
159.903,267.845
158.323,267.985
155.224,268.179
152.022,268.413
148.856,268.627
145.653,268.884
142.446,269.087
139.242,269.315
137.631,269.431
134.415,269.695
131.154,269.94
127.923,270.151
124.619,270.384
121.337,270.657
118.018,270.877
116.386,271.041
113.081,271.282
109.71,271.51
106.366,271.752
103.043,272.021
99.65,272.271
97.92,272.437
94.5709,272.688
91.1248,272.919
87.7218,273.211
84.2644,273.477
80.8217,273.751
79.084,273.897
75.6019,274.157
72.1152,274.447
68.569,274.735
65.0227,274.979
61.4944,275.281
57.8976,275.524
56.1047,275.726
52.5308,275.999
48.9236,276.258
45.2952,276.585
41.6487,276.87
37.9902,277.184
34.2479,277.502
32.4616,277.63
28.7435,277.922
25.0022,278.257
21.2472,278.562
17.5049,278.864
13.7134,279.212
9.95779,279.521
8.08433,279.705
4.20759,279.995
0.342273,280.373
-3.50266,280.654
-7.35485,280.997
-11.3064,281.311
-15.2449,281.697
-17.2434,281.815
-21.1912,282.202
-25.2586,282.506
-29.2312,282.844
-33.3106,283.173
-37.3985,283.545
-39.424,283.709
-43.481,284.048
-47.6536,284.433
-51.8408,284.761
-56.0029,285.114
-60.1976,285.478
-64.4124,285.842
-66.4994,286.073
-70.8146,286.441
-75.0793,286.825
-79.3593,287.202
-83.7174,287.597
-88.0905,287.96
-92.4545,288.35
-94.5987,288.559
-99.0452,288.933
-103.504,289.351
-108.031,289.768
-112.45,290.21
-117.015,290.576
-119.273,290.819
-123.843,291.209
-128.524,291.649
-133.113,292.048
-137.822,292.489
-142.505,292.918
-147.281,293.342
-149.641,293.583
-154.448,294.019
-159.271,294.447
-164.129,294.905
-169.015,295.297
-173.995,295.76
-178.917,296.215
-181.441,296.433
-186.441,296.912
-191.512,297.397
-196.558,297.856
-201.75,298.319
-206.889,298.825
-212.002,299.278
-214.603,299.545
-219.881,300.089
-225.026,300.628
-230.215,301.169
-235.613,301.648
-241.145,302.091
-246.753,302.553
-249.937,302.611
-255.48,303.181
-260.97,303.708
-266.565,304.22
-272.369,304.73
-278.159,305.224
-284.079,305.716
-287.007,305.958
-292.993,306.459
-298.866,306.966
-304.935,307.457
-310.998,308.022
-317.131,308.549
-320.103,308.835
-326.264,309.422
-332.529,309.976
-338.787,310.522
-345.01,311.151
-351.426,311.721
-357.877,312.31
-361.215,312.485
-367.652,313.157
-374.395,313.657
-381.083,314.262
-387.889,314.863
-394.542,315.49
-401.399,316.149
-404.879,316.404
-411.969,317.018
-418.815,317.731
-425.888,318.285
-433.081,318.972
-440.231,319.691
-443.852,319.917
-451.372,320.536
-458.652,321.29
-465.845,322.06
-473.47,322.67
-481.192,323.375
-488.537,324.161
-492.489,324.522
-499.965,325.267
-508.284,325.92
-515.939,326.683
-523.667,327.518
-532.264,328.157
-540.253,329.006
-544.581,329.33
-553.058,330.017
-561.204,330.933
-570.022,331.589
-577.52,332.727
-586.54,333.5
-595.316,334.371
-600.459,334.518
-609.16,335.409
-618.495,336.223
-626.911,337.218
-636.191,338.133
-645.906,338.962
-655.254,339.831
-660.149,340.286
-669.629,341.175
-679.94,342.016
-689.73,342.988
-698.893,344.113
-709.493,344.938
-719.611,345.977
-724.795,346.408
-735.172,347.37
-745.506,348.495
-755.86,349.604
-765.995,350.77
-777.046,351.869
-787.813,352.945
-793.602,353.441
-804.29,354.661
-815.325,355.885
-826.456,357.076
-837.878,358.266
-850.23,359.244
-856.216,359.878
-867.349,361.235
-880.282,362.353
-892.147,363.642
-905.503,364.707
-917.66,366.097
-930.642,367.397
-936.54,368.116
-951.298,369.116
-963.485,370.693
-976.815,372.03
-989.89,373.526
-1003.61,375.008
-1017.99,376.382
-1024.38,377.294
-1038.68,378.774
-1054.48,379.928
-1068.92,381.537
-1087.35,382.592
-1101.16,384.369
-1115.33,386.154
-1122.45,387.095
-1139.11,388.585
-1155.09,390.27
-1174.28,391.619
-1191.3,393.248
-1207.45,395.008
-1226.11,396.644
-1232.14,397.863
-1249.2,399.853
-1265.14,402.025
-1285.12,403.531
-1301.44,405.838
-1330.82,406.271
-1328.3,408.97
-1357.8,409.623
-1372.37,412.45
-1393.36,414.459
-1413.01,416.637
-1437.09,418.485
-1456.08,420.888
-1466.93,421.992
-1488.36,424.4
2049.76,310.108
2038.38,309.153
2026.96,308.435
2021.15,308.062
2009.95,307.197
1998.88,306.418
1988.18,305.657
1977.36,304.895
1966.53,304.145
1956.06,303.374
1950.72,302.92
1940.42,302.192
1930.21,301.526
1920.09,300.869
1910.12,300.08
1900.01,299.442
1895.34,299.149
1885.41,298.523
1875.88,297.902
1866.31,297.182
1856.84,296.6
1847.52,295.87
1838.49,295.324
1833.74,294.955
1824.79,294.369
1815.85,293.798
1806.9,293.178
1798.18,292.563
1789.47,292.118
1780.95,291.459
1776.64,291.239
1768.3,290.637
1759.89,290.053
1751.71,289.518
1743.72,288.929
1735.52,288.429
1727.49,287.982
1723.56,287.622
1715.65,287.076
1707.91,286.569
1699.91,286.181
1692.47,285.647
1684.83,285.115
1680.89,284.948
1673.44,284.485
1666.18,283.947
1658.69,283.51
1651.5,283.08
1644.23,282.594
1637.05,282.231
1633.51,281.964
1626.47,281.529
1619.49,281.178
1612.54,280.734
1605.84,280.234
1599.01,279.78
1595.59,279.679
1588.9,279.228
1582.3,278.786
1575.69,278.346
1569.13,277.968
1562.76,277.587
1556.14,277.183
1553.2,276.971
1546.59,276.711
1540.56,276.244
1534.24,275.892
1528.19,275.483
1521.95,275.174
1515.96,274.858
1512.8,274.624
1506.91,274.281
1500.89,273.942
1495.01,273.589
1489.11,273.175
1483.41,272.835
1477.61,272.508
1474.73,272.398
1469.1,272.141
1463.42,271.807
1457.7,271.492
1452.23,271.085
1446.61,270.776
1443.98,270.634
1438.56,270.368
1433.03,270.024
1427.73,269.755
1422.37,269.413
1417.14,269.147
1411.89,268.826
1409.23,268.659
1404.09,268.383
1398.95,268.084
1393.72,267.828
1388.65,267.505
1383.66,267.279
1378.53,266.976
1375.99,266.818
1371.17,266.499
1366.14,266.272
1361.27,266.056
1356.41,265.785
1351.57,265.562
1349.23,265.396
1344.39,265.174
1339.59,264.887
1334.9,264.616
1330.28,264.37
1325.59,264.113
1321.02,263.929
1318.61,263.834
1314.09,263.561
1309.52,263.31
1304.97,263.128
1300.55,262.838
1295.98,262.635
1291.52,262.366
1289.41,262.28
1284.99,262.062
1280.56,261.87
1276.21,261.632
1271.95,261.375
1267.67,261.169
1265.46,261.112
1261.3,260.866
1257,260.699
1252.85,260.464
1248.7,260.25
1244.51,260.041
1240.36,259.91
1238.29,259.825
1234.22,259.589
1230.17,259.44
1226.05,259.219
1222.06,258.977
1218.05,258.883
1216.02,258.736
1212.1,258.574
1208.09,258.377
1204.22,258.215
1200.26,258.013
1196.39,257.832
1192.46,257.704
1190.63,257.562
1186.79,257.415
1182.98,257.29
1179.15,257.084
1175.4,256.961
1171.67,256.776
1167.85,256.614
1165.97,256.53
1162.27,256.35
1158.62,256.169
1154.99,256.069
1151.35,255.861
1147.67,255.725
1144.11,255.587
1142.21,255.512
1138.66,255.385
1135,255.248
1131.98,254.517
1128.5,254.311
1124.45,254.788
1122.66,254.755
1119.19,254.603
1115.72,254.475
1112.26,254.348
1108.76,254.199
1105.37,254.065
1101.95,253.962
1100.29,253.861
1096.81,253.72
1093.47,253.601
1090.12,253.415
1086.81,253.297
1083.46,253.194
1080.12,253.015
1078.47,252.948
1075.18,252.837
1071.86,252.719
1068.63,252.627
1065.35,252.536
1062.07,252.377
1060.51,252.319
1057.22,252.196
1053.99,252.133
1050.87,252.018
1047.68,251.898
1044.52,251.747
1041.33,251.675
1039.74,251.652
1036.63,251.525
1033.53,251.382
1030.4,251.344
1027.26,251.156
1024.14,251.128
1021.08,251.018
1019.57,250.982
1016.48,250.834
1013.43,250.807
1010.38,250.654
1007.34,250.565
1004.37,250.53
1002.86,250.431
999.877,250.374
996.847,250.263
993.879,250.176
990.879,250.066
987.908,249.987
984.996,249.892
983.502,249.835
980.588,249.813
977.632,249.719
974.698,249.605
971.862,249.591
968.963,249.515
966.016,249.457
964.588,249.417
961.715,249.334
958.855,249.238
956.011,249.21
953.116,249.139
950.337,249.036
947.51,249.04
946.048,248.989
943.187,248.985
940.375,248.926
937.597,248.906
934.809,248.908
931.971,248.873
930.567,248.893
927.816,248.85
925.019,248.795
922.309,248.807
919.512,248.794
916.791,248.752
914.046,248.752
912.644,248.76
909.895,248.747
907.194,248.738
904.526,248.685
901.807,248.662
899.105,248.65
897.758,248.661
895.037,248.635
892.406,248.641
889.73,248.576
887.105,248.59
884.466,248.549
881.793,248.567
880.436,248.661
877.802,248.68
875.165,248.674
872.501,248.752
869.86,248.765
867.241,248.815
864.654,248.881
863.294,249.01
860.71,248.97
858.125,248.97
855.578,248.852
853.083,248.722
850.498,248.752
847.933,248.801
846.648,248.757
844.127,248.728
841.557,248.684
839.037,248.67
836.508,248.612
834.003,248.558
831.485,248.555
830.213,248.566
827.734,248.495
825.261,248.461
822.726,248.443
820.279,248.412
817.807,248.387
816.533,248.336
814.042,248.306
811.624,248.292
809.143,248.263
806.659,248.196
804.192,248.161
801.741,248.126
800.531,248.122
798.055,248.087
795.614,248.109
793.196,248.059
790.795,248.038
788.325,247.998
787.109,248.006
784.725,247.985
782.292,247.961
779.885,247.924
777.446,247.915
775.073,247.902
772.64,247.875
771.469,247.898
769.044,247.862
766.648,247.858
764.273,247.839
761.878,247.827
759.509,247.829
757.092,247.779
755.896,247.769
753.537,247.74
751.181,247.745
748.821,247.716
746.413,247.739
744.084,247.694
741.696,247.672
740.537,247.675
738.205,247.67
735.847,247.685
733.464,247.657
731.129,247.676
728.799,247.623
727.609,247.658
725.271,247.639
722.924,247.642
720.622,247.591
718.248,247.645
715.926,247.638
713.607,247.632
712.436,247.621
710.117,247.626
707.79,247.612
705.481,247.62
703.184,247.647
700.857,247.596
699.664,247.625
697.349,247.645
695.071,247.612
692.765,247.646
690.419,247.644
688.145,247.648
685.825,247.662
684.685,247.665
682.395,247.648
680.108,247.682
677.776,247.667
675.504,247.661
673.217,247.69
670.88,247.67
669.753,247.674
667.445,247.723
665.162,247.702
662.862,247.722
660.587,247.751
658.3,247.725
657.169,247.77
654.898,247.764
652.58,247.794
650.302,247.778
648.034,247.796
645.737,247.832
643.448,247.846
642.325,247.845
640.034,247.855
637.767,247.859
635.483,247.918
633.236,247.917
630.965,247.917
628.681,247.982
627.551,247.95
625.238,247.981
622.998,248.015
620.726,248.019
618.445,248.084
616.158,248.068
613.884,248.113
612.766,248.137
610.491,248.171
608.213,248.211
605.939,248.19
603.663,248.24
601.758,252.007
600.65,252.005
598.342,252.029
596.076,252.056
593.807,252.089
591.563,252.106
589.288,252.161
588.13,252.182
585.864,252.228
583.583,252.234
581.308,252.261
578.999,252.333
576.769,252.371
574.446,252.394
573.302,252.405
571.055,252.453
568.752,252.52
566.5,252.527
564.195,252.578
561.946,252.636
559.629,252.667
558.483,252.696
556.216,252.726
553.946,252.761
551.666,252.833
549.344,252.896
547.051,252.907
544.77,252.991
543.627,252.998
541.347,253.074
539.038,253.102
536.77,253.153
534.477,253.205
532.151,253.239
530.995,253.25
528.687,253.311
526.388,253.361
524.119,253.428
521.791,253.453
519.478,253.512
517.19,253.592
516.048,253.638
513.699,253.687
511.408,253.768
509.094,253.855
506.775,253.88
504.466,253.94
502.136,254.005
500.997,254.036
498.646,254.105
496.318,254.204
494.02,254.258
491.703,254.292
489.322,254.386
487.025,254.437
485.818,254.517
483.508,254.536
481.166,254.639
478.82,254.713
476.494,254.776
474.127,254.848
472.966,254.891
470.596,254.997
468.259,255.05
465.88,255.127
463.529,255.236
461.155,255.287
458.792,255.402
457.596,255.453
455.26,255.53
452.861,255.562
450.473,255.686
448.106,255.774
445.715,255.846
444.52,255.866
441.219,253.362
438.775,253.244
436.261,253.043
433.845,253.039
431.341,252.928
428.836,252.872
427.541,252.669
425.031,252.55
422.487,252.454
414.935,252.024
412.354,251.974
411.114,251.838
408.535,251.763
406.001,251.633
403.462,251.554
400.868,251.473
398.305,251.437
395.737,251.336
394.421,251.195
391.835,251.171
389.312,251.049
386.612,250.871
384.039,250.778
381.481,250.726
380.111,250.728
377.572,250.691
374.979,250.789
372.33,250.681
369.748,250.752
367.11,250.797
364.555,250.777
358.012,250.864
355.397,250.945
352.723,251
350.193,251.091
347.512,251.126
346.298,251.349
343.674,251.384
341.032,251.561
338.317,251.414
335.771,251.709
331.711,251.861
329.066,251.965
326.456,252.124
323.808,252.246
321.057,252.321
318.476,252.519
315.793,252.623
314.471,252.754
311.791,252.905
309.061,253.019
306.299,253.164
303.689,253.322
300.918,253.424
298.243,253.595
296.889,253.683
294.129,253.805
291.403,253.994
288.635,254.186
285.921,254.395
283.172,254.537
280.443,254.705
279.068,254.759
276.272,254.988
273.533,255.15
270.696,255.335
267.904,255.564
265.115,255.717
263.759,255.79
260.877,255.964
258.123,256.197
255.197,256.292
252.445,256.518
249.609,256.737
246.722,256.912
245.286,257.02
242.45,257.28
236.759,257.833
233.874,257.994
230.921,258.202
229.494,258.17
226.537,258.394
223.525,258.562
221.176,259.411
223.064,265.714
220.29,266.068
217.316,266.233
215.765,266.266
212.448,265.99
209.447,266.192
206.59,266.514
204.079,267.275
200.523,266.766
197.907,267.446
195.866,266.945
193.304,267.648
190.143,267.73
186.884,267.711
183.849,267.901
180.693,268.106
178.299,268.998
176.513,268.907
173.41,269.139
170.143,269.169
167.256,269.615
165.828,271.696
160.832,269.827
159.596,272.153
158.027,272.272
154.885,272.477
151.722,272.732
148.477,272.968
145.299,273.236
142.133,273.466
140.534,273.569
137.306,273.844
134.061,274.069
130.797,274.338
127.503,274.556
124.196,274.784
122.625,274.929
119.276,275.214
115.996,275.483
112.646,275.719
109.286,275.995
105.949,276.207
102.566,276.511
100.864,276.633
97.4667,276.895
94.0093,277.135
90.6521,277.433
87.1876,277.678
83.6932,278.001
80.2631,278.27
78.5332,278.416
75.0274,278.683
71.5033,279.004
67.9669,279.273
64.4139,279.557
60.8834,279.856
57.2679,280.168
55.5164,280.307
51.8979,280.588
48.2381,280.912
44.6316,281.223
40.9829,281.492
37.293,281.855
33.5878,282.147
31.7069,282.289
27.9987,282.627
24.2719,282.916
20.454,283.259
16.7116,283.541
12.8967,283.874
11.0075,284.045
7.17921,284.398
3.30675,284.709
-0.543468,285.114
-4.42546,285.435
-8.36722,285.775
-12.3486,286.1
-14.2734,286.278
-18.1844,286.644
-22.1566,287.019
-26.2173,287.362
-30.191,287.705
-34.2014,288.125
-38.3323,288.496
-40.2924,288.682
-44.4474,289.079
-48.6022,289.414
-52.7361,289.772
-56.9646,290.151
-61.1946,290.568
-63.2636,290.722
-67.4864,291.11
-71.8123,291.54
-76.0575,291.898
-80.424,292.323
-84.8178,292.713
-89.2246,293.08
-91.361,293.314
-95.8492,293.731
-100.242,294.135
-104.778,294.495
-109.267,294.941
-113.777,295.36
-118.376,295.768
-120.644,296.001
-125.184,296.418
-129.894,296.851
-134.541,297.311
-139.199,297.754
-143.937,298.199
-148.695,298.655
-151.142,298.904
-155.887,299.345
-160.735,299.848
-165.578,300.313
-170.469,300.777
-175.436,301.233
-180.376,301.751
-182.852,301.993
-187.88,302.474
-192.992,302.978
-198.008,303.474
-203.182,303.984
-208.403,304.474
-213.57,304.925
-216.2,305.226
-221.512,305.734
-226.813,306.267
-232.174,306.76
-237.524,307.278
-243.001,307.842
-245.777,308.068
-251.2,308.582
-256.746,309.133
-262.323,309.687
-267.985,310.25
-273.622,310.84
-279.334,311.395
-282.137,311.715
-287.914,312.257
-293.674,312.864
-299.568,313.474
-305.306,314.19
-311.21,314.806
-317.304,315.316
-320.438,315.621
-326.6,316.204
-332.889,316.743
-339.086,317.325
-345.442,317.891
-351.877,318.522
-355.144,318.785
-361.674,319.372
-368.145,319.996
-374.814,320.574
-381.417,321.227
-388.212,321.817
-395.071,322.507
-398.482,322.764
-405.362,323.447
-412.182,324.154
-419.109,324.832
-426.069,325.523
-433.062,326.252
-440.148,327.002
-443.799,327.287
-451.173,328.057
-458.454,328.726
-466.003,329.404
-473.268,330.255
-480.912,330.919
-488.692,331.706
-492.542,332.007
-500.418,332.685
-508.346,333.47
-516.287,334.233
-524.252,335.053
-532.189,335.889
-540.164,336.809
-544.525,337.06
-552.888,337.923
-561.29,338.681
-569.777,339.592
-577.974,340.531
-586.727,341.38
-595.526,342.184
-599.944,342.641
-608.805,343.576
-617.893,344.426
-627.143,345.348
-636.129,346.336
-645.412,347.228
-654.925,348.186
-659.509,348.614
-669.218,349.601
-678.714,350.618
-689.099,351.51
-698.892,352.509
-708.898,353.529
-713.907,354.011
-723.982,355.142
-734.331,356.137
-744.642,357.26
-755.17,358.362
-765.527,359.677
-776.842,360.584
-781.93,361.224
-792.947,362.379
-804.021,363.521
-815.264,364.714
-826.654,365.951
-838.17,367.286
-850.057,368.432
-856.193,369.045
-868.922,370.085
-880.2,371.586
-892.727,372.763
-904.312,374.4
-916.956,375.693
-930.306,376.895
-936.613,377.627
-949.084,379.224
-962.895,380.533
-975.892,381.98
-990.063,383.298
-1003.26,384.983
-1017.25,386.471
-1024.72,387.129
-1038.95,388.644
-1055,389.909
-1069.85,391.453
-1084.9,393.181
-1100.25,394.711
-1107.98,395.524
-1121.85,397.634
-1139,399.073
-1153.77,401.091
-1169.19,402.983
-1186.78,404.643
-1205.98,405.983
-1214.61,406.909
-1231.49,408.823
-1246.31,411.249
-1264.75,413.202
-1287.15,414.343
-1300.82,417.238
-1320.6,419.095
-1330.07,420.136
-1350.13,422.171
-1373.09,423.689
-1389.7,426.522
-1411.09,428.649
-1430.27,431.094
-1453.42,433.034
-1463.57,434.375
1996.55,314.363
1985.76,313.582
1974.96,312.779
1969.47,312.335
1958.85,311.464
1948.29,310.676
1937.9,310.001
1927.96,309.238
1917.83,308.517
1907.58,307.824
1902.7,307.417
1892.76,306.655
1883.06,305.97
1873.56,305.31
1863.96,304.608
1854.67,303.967
1845.24,303.197
1840.8,302.977
1831.67,302.328
1822.57,301.632
1813.72,300.995
1804.68,300.319
1795.98,299.805
1791.62,299.469
1783.1,298.75
1774.64,298.229
1766.18,297.657
1757.9,297.039
1749.44,296.493
1741.46,295.954
1737.44,295.593
1729.33,295.127
1721.39,294.561
1713.43,293.932
1705.8,293.47
1697.95,292.998
1694.17,292.66
1686.51,292.176
1679.06,291.663
1671.62,291.099
1664.12,290.555
1656.65,290.094
1649.67,289.586
1646,289.362
1638.74,288.938
1631.7,288.43
1624.7,287.904
1617.73,287.509
1610.86,286.943
1603.96,286.552
1600.48,286.313
1593.71,285.904
1587.11,285.443
1580.57,285.049
1573.95,284.512
1567.55,284.087
1560.91,283.688
1557.68,283.61
1551.43,283.179
1544.93,282.772
1538.67,282.293
1532.66,281.964
1526.44,281.511
1523.19,281.391
1517.15,280.998
1511.25,280.589
1505.19,280.133
1499.23,279.791
1493.42,279.443
1487.6,279.087
1484.57,278.94
1478.88,278.546
1473.21,278.214
1467.4,277.821
1461.78,277.53
1456.24,277.131
1450.68,276.851
1447.83,276.609
1442.37,276.305
1436.94,276.033
1431.55,275.614
1426.21,275.324
1420.79,275.022
1418.28,274.788
1412.91,274.475
1407.65,274.218
1402.47,273.916
1397.38,273.554
1392.31,273.301
1387.12,272.955
1384.61,272.823
1379.61,272.595
1374.68,272.279
1369.57,271.973
1364.65,271.658
1359.84,271.413
1354.92,271.146
1352.51,270.922
1347.69,270.655
1343.04,270.404
1338.31,270.128
1333.49,269.908
1328.85,269.637
1326.51,269.541
1321.89,269.217
1317.21,268.95
1312.76,268.71
1308.15,268.501
1303.65,268.172
1299.1,267.952
1296.96,267.794
1292.47,267.631
1288,267.31
1283.65,267.121
1279.16,266.872
1274.95,266.619
1272.66,266.511
1268.44,266.284
1264.11,266.134
1259.89,265.835
1255.71,265.68
1251.51,265.465
1247.26,265.185
1245.17,265.125
1241.1,264.906
1236.91,264.698
1232.9,264.525
1228.79,264.303
1224.72,264.07
1220.74,263.847
1218.72,263.791
1214.69,263.585
1210.69,263.374
1206.75,263.136
1202.84,262.973
1198.99,262.771
1195.07,262.589
1193.18,262.495
1189.35,262.301
1185.51,262.11
1181.68,261.97
1177.85,261.778
1174.08,261.62
1172.16,261.542
1168.44,261.383
1164.63,261.226
1160.96,261.043
1157.16,260.923
1153.56,260.785
1149.9,260.554
1148.1,260.484
1144.5,260.301
1140.91,260.078
1137.33,259.975
1133.77,259.793
1130.26,259.63
1126.71,259.421
1124.95,259.35
1121.43,259.212
1117.97,259.062
1114.51,258.924
1110.97,258.767
1107.51,258.642
1105.8,258.594
1102.39,258.389
1098.98,258.305
1095.56,258.122
1092.23,258.069
1088.87,257.877
1085.45,257.739
1083.76,257.704
1080.43,257.555
1077.14,257.416
1073.84,257.289
1070.58,257.18
1067.34,257.031
1064.07,256.893
1062.42,256.862
1059.2,256.709
1055.99,256.564
1052.73,256.49
1049.55,256.347
1046.37,256.204
1044.8,256.142
1041.61,256.07
1038.45,255.941
1035.3,255.855
1032.19,255.7
1029.04,255.595
1025.96,255.501
1024.35,255.454
1021.33,255.337
1018.24,255.236
1015.17,255.091
1012.14,255.024
1009.12,254.902
1006.09,254.819
1004.56,254.761
1001.54,254.665
998.493,254.58
995.552,254.447
992.621,254.391
989.608,254.281
986.633,254.202
985.183,254.128
982.225,254.088
979.267,253.964
976.37,253.879
973.426,253.833
970.527,253.721
969.039,253.688
966.142,253.572
963.28,253.494
960.42,253.428
957.579,253.367
954.678,253.302
951.825,253.224
950.459,253.191
947.591,253.121
944.792,253.056
941.962,252.912
939.179,252.858
936.371,252.827
934.945,252.768
932.205,252.662
929.396,252.661
926.626,252.614
923.851,252.611
921.055,252.628
918.189,252.6
916.759,252.655
913.963,252.709
911.209,252.711
908.448,252.736
905.691,252.769
902.915,252.764
900.214,252.789
898.774,252.86
896.095,252.911
893.384,252.941
890.625,252.925
887.96,252.885
885.299,252.884
882.616,252.937
881.279,252.993
878.574,253.01
875.911,252.966
873.31,252.937
870.704,252.896
868.015,252.972
865.442,252.948
864.163,252.87
861.588,252.811
858.979,252.785
856.422,252.713
853.825,252.687
851.3,252.661
849.997,252.656
847.437,252.606
844.881,252.575
842.329,252.524
839.848,252.531
837.334,252.449
834.761,252.457
833.487,252.391
830.967,252.373
828.454,252.355
826.001,252.318
823.47,252.276
820.961,252.215
819.764,252.205
817.27,252.15
814.781,252.096
812.297,252.104
809.83,252.087
807.343,252.052
804.891,251.98
803.68,251.971
801.204,251.916
798.743,251.914
796.286,251.886
793.886,251.88
791.458,251.811
788.987,251.764
787.798,251.785
785.356,251.806
782.907,251.773
780.523,251.719
778.099,251.695
775.675,251.672
773.239,251.672
772.074,251.666
769.644,251.637
767.269,251.61
764.861,251.588
762.457,251.565
760.092,251.561
758.877,251.543
756.479,251.572
754.117,251.533
751.751,251.525
749.351,251.488
747.008,251.459
744.614,251.47
743.434,251.438
741.072,251.465
738.721,251.449
736.359,251.417
734.041,251.393
731.651,251.403
730.478,251.414
728.152,251.403
725.823,251.349
723.48,251.385
721.144,251.344
718.805,251.389
716.466,251.36
715.278,251.35
712.969,251.353
710.619,251.363
708.333,251.332
705.972,251.343
703.635,251.365
701.365,251.346
700.165,251.352
697.858,251.345
695.545,251.353
693.253,251.377
690.937,251.393
688.638,251.361
687.491,251.393
685.151,251.365
682.848,251.37
680.54,251.373
678.248,251.39
675.956,251.405
673.652,251.406
672.53,251.41
670.234,251.417
667.901,251.414
665.626,251.409
663.348,251.395
661.042,251.456
658.784,251.449
657.591,251.473
655.347,251.463
653.032,251.525
650.744,251.5
648.454,251.528
646.178,251.546
643.929,251.566
642.742,251.527
640.505,251.563
638.218,251.561
635.901,251.584
633.622,251.633
631.363,251.626
629.098,251.656
627.926,251.684
625.683,251.681
623.386,251.751
621.115,251.747
618.844,251.785
616.563,251.843
615.422,251.795
613.158,251.844
610.901,251.89
608.596,251.869
606.33,251.944
604.071,251.943
600.611,255.217
598.313,255.253
597.213,255.255
594.91,255.297
592.606,255.339
590.361,255.35
588.068,255.392
585.821,255.428
583.505,255.458
582.361,255.503
580.117,255.52
577.844,255.574
575.517,255.629
573.284,255.651
570.961,255.706
568.67,255.724
567.549,255.781
565.252,255.799
562.988,255.865
560.694,255.87
558.436,255.918
556.135,255.978
554.975,256.006
552.72,256.065
550.417,256.12
548.123,256.131
545.85,256.228
543.537,256.246
541.241,256.3
540.108,256.345
537.797,256.382
535.526,256.442
533.229,256.514
530.898,256.569
528.608,256.581
526.312,256.654
525.167,256.657
522.824,256.712
520.535,256.767
518.226,256.834
515.917,256.959
513.611,257.015
511.301,257.033
510.144,257.103
507.793,257.064
505.457,257.144
503.174,257.216
500.834,257.338
498.526,257.369
497.333,257.391
495.012,257.47
492.664,257.569
490.371,257.611
488.032,257.703
485.682,257.766
483.337,257.84
482.193,257.879
479.852,257.966
477.469,258.033
475.14,258.095
472.791,258.158
470.412,258.281
469.225,258.285
466.9,258.396
464.541,258.446
462.178,258.545
459.779,258.639
457.432,258.733
455.073,258.802
453.885,258.855
451.465,258.925
449.087,259
446.725,259.093
444.343,259.169
440.662,257.023
438.112,256.939
436.782,256.788
434.233,256.657
431.722,256.62
429.257,256.556
426.661,256.371
424.077,256.267
421.529,256.165
420.117,256.021
417.564,255.876
415.021,255.794
412.406,255.636
407.189,255.509
405.81,255.275
403.255,255.246
400.63,255.107
398,254.993
395.339,254.911
392.74,254.837
389.96,254.588
388.646,254.639
385.904,254.423
383.243,254.282
380.698,254.287
378.126,254.355
375.425,254.397
372.9,254.431
371.523,254.372
368.894,254.392
366.367,254.48
363.711,254.486
357.02,254.541
354.254,254.502
351.686,254.541
349.116,254.692
346.207,254.448
343.841,254.868
341.356,255.208
340.177,255.341
337.487,255.443
334.84,255.615
332.153,255.738
329.538,255.855
326.965,256.019
324.248,256.093
322.896,256.162
320.264,256.324
317.615,256.51
314.929,256.646
312.276,256.736
309.546,256.876
306.917,257.06
305.46,257.176
302.768,257.253
300.061,257.406
297.409,257.667
294.624,257.767
291.87,257.93
290.569,257.98
287.787,258.199
285.09,258.3
282.255,258.51
279.563,258.708
276.722,258.841
273.992,259.072
272.687,259.155
269.787,259.278
267.105,259.497
264.256,259.697
261.47,259.927
258.706,260.115
257.295,260.219
254.422,260.375
251.606,260.606
248.786,260.752
245.98,261.012
243.109,261.169
238.545,261.21
236.101,261.939
233.202,262.064
230.244,262.319
227.428,262.594
224.523,262.671
221.573,262.91
225.473,268.019
222.611,268.215
220.79,269.527
216.517,268.452
214.91,269.896
211.896,270.018
208.921,270.192
207.479,270.38
204.509,270.621
201.512,270.754
198.499,270.931
195.35,271.078
192.372,271.271
189.388,271.571
187.931,271.754
184.811,271.896
181.696,272.098
178.604,272.282
175.845,272.752
172.872,273.139
171.279,273.231
168.124,273.343
164.866,273.442
161.668,273.72
160.823,275.784
155.408,274.141
156.123,276.143
152.975,276.386
149.83,276.661
143.661,274.581
143.392,277.146
140.256,277.362
137.019,277.647
135.369,277.784
132.144,278.005
128.874,278.296
125.6,278.515
122.331,278.78
119.047,279.059
115.712,279.312
114.026,279.479
110.678,279.757
107.327,280.012
103.966,280.289
100.599,280.545
97.1899,280.781
93.7372,281.063
92.0659,281.248
88.6746,281.535
85.1447,281.825
81.7263,282.082
78.2602,282.371
74.69,282.664
71.1798,282.959
69.4603,283.08
65.8722,283.385
62.3388,283.708
58.8065,284.035
55.1347,284.317
51.5652,284.6
49.7652,284.755
46.1238,285.119
42.4688,285.421
38.7873,285.717
35.1201,286.065
31.4141,286.363
27.7132,286.667
25.8347,286.834
22.1088,287.151
18.3147,287.516
14.4701,287.816
10.7192,288.137
6.8607,288.5
2.99736,288.862
1.11123,289.062
-2.85324,289.408
-6.67603,289.711
-10.6472,290.074
-14.6094,290.404
-18.5365,290.767
-20.5393,290.978
-24.5171,291.371
-28.484,291.706
-32.5956,292.119
-36.6503,292.534
-40.733,292.847
-44.8441,293.269
-46.8983,293.437
-51.0501,293.833
-55.1742,294.214
-59.3644,294.66
-63.5777,295.034
-67.8099,295.442
-72.0497,295.852
-74.2045,296.057
-78.462,296.501
-82.8862,296.928
-87.2078,297.314
-91.6081,297.712
-95.9623,298.145
-100.457,298.565
-102.714,298.812
-107.17,299.215
-111.71,299.663
-116.277,300.09
-120.867,300.509
-125.487,300.972
-130.096,301.398
-132.391,301.656
-137.125,302.093
-141.888,302.544
-146.576,302.964
-151.351,303.463
-156.141,303.953
-160.95,304.446
-163.455,304.644
-168.352,305.118
-173.186,305.637
-178.125,306.126
-183.173,306.62
-188.197,307.147
-190.753,307.417
-195.78,307.869
-200.896,308.445
-205.979,308.978
-211.261,309.508
-216.416,310.013
-221.704,310.568
-224.243,310.832
-229.586,311.343
-234.936,311.913
-240.396,312.494
-245.78,313.04
-251.288,313.555
-256.828,314.133
-259.573,314.405
-265.253,314.995
-270.808,315.6
-276.497,316.165
-282.198,316.79
-288.085,317.345
-290.989,317.639
-296.859,318.237
-302.697,318.858
-308.695,319.492
-314.646,320.045
-320.76,320.733
-326.831,321.33
-329.813,321.692
-335.979,322.322
-342.158,322.973
-348.389,323.632
-354.77,324.299
-361.025,325.02
-367.541,325.683
-370.74,326.045
-377.024,326.82
-383.593,327.483
-390.117,328.218
-397.037,328.923
-403.948,329.577
-410.807,330.301
-414.282,330.552
-421.491,331.245
-428.64,331.919
-435.645,332.705
-443.094,333.372
-450.197,334.168
-457.564,334.879
-461.235,335.271
-468.861,336.016
-476.348,336.797
-484.033,337.495
-491.725,338.345
-499.317,339.158
-507.101,339.919
-510.924,340.354
-518.914,341.283
-526.762,342.118
-534.737,342.991
-543.091,343.819
-551.392,344.673
-559.767,345.528
-563.984,345.969
-572.676,346.796
-581.041,347.784
-589.677,348.662
-598.689,349.583
-607.246,350.54
-612.251,350.913
-621.231,351.895
-630.363,352.84
-639.917,353.733
-648.886,354.794
-658.3,355.861
-668.004,356.758
-672.899,357.293
-682.888,358.256
-692.457,359.394
-702.442,360.412
-712.722,361.48
-722.72,362.642
-733.129,363.735
-738.427,364.243
-749.037,365.307
-759.258,366.558
-769.994,367.724
-781.056,368.896
-792.079,370.093
-803.219,371.287
-808.994,371.878
-820.641,373.054
-831.877,374.34
-843.776,375.631
-855.415,376.882
-867.594,378.17
-879.43,379.595
-885.38,380.343
-898.214,381.65
-909.863,383.154
-922.309,384.694
-937.106,385.707
-950.909,387.05
-956.422,387.886
-969.283,389.57
-982.426,391.106
-996.209,392.662
-1009.56,394.399
-1024.88,395.651
-1039.53,397.241
-1046.43,398.093
-1061.51,399.712
-1076.9,401.231
-1091.25,403.07
-1107.79,404.649
-1121.38,406.696
-1139.4,408.243
-1146.21,409.198
-1159.72,411.527
-1179.18,412.944
-1196.53,414.749
-1213.93,416.586
-1230,418.718
-1246.97,420.85
-1255.7,421.95
-1274.34,423.813
-1293.01,425.824
-1310.48,428.189
-1330.55,430.319
-1347.74,432.694
-1369.95,434.661
-1381.11,435.637
-1402.07,437.755
-1419.24,440.688
-1442.45,442.745
-1462.28,445.325
1932.13,316.097
1921.83,315.29
1912.05,314.517
1901.96,313.794
1892,313.081
1887.17,312.65
1877.72,311.926
1868,311.287
1858.72,310.475
1849.17,309.772
1840.03,309.074
1831.13,308.478
1826.5,308.045
1817.33,307.424
1808.55,306.731
1799.74,306.132
1791.14,305.453
1782.32,304.784
1778.22,304.505
1769.77,303.9
1761.38,303.302
1753.04,302.549
1744.86,302.017
1736.74,301.439
1728.63,300.84
1724.58,300.558
1716.85,299.962
1708.98,299.432
1701.32,298.822
1693.55,298.2
1685.87,297.713
1678.46,297.124
1674.7,297.022
1667.02,296.51
1659.7,295.922
1652.4,295.49
1645.21,294.946
1638,294.424
1630.93,293.889
1627.43,293.661
1620.65,293.142
1613.74,292.614
1606.82,292.193
1599.98,291.599
1593.24,291.187
1589.84,290.949
1583.22,290.476
1576.6,290.054
1570.16,289.554
1563.73,289.156
1557.16,288.673
1550.87,288.302
1547.83,288.096
1541.49,287.609
1535.14,287.147
1529.05,286.837
1522.83,286.347
1516.81,285.97
1510.64,285.504
1507.84,285.403
1501.85,284.999
1495.81,284.579
1489.97,284.144
1484.16,283.77
1478.42,283.452
1475.58,283.212
1469.89,282.881
1464.16,282.482
1458.58,282.119
1453.03,281.797
1447.56,281.406
1441.97,281.055
1439.25,280.879
1433.84,280.55
1428.38,280.225
1423.15,279.876
1417.85,279.521
1412.55,279.238
1407.33,278.902
1404.73,278.718
1399.48,278.375
1394.37,278.061
1389.22,277.679
1384.18,277.415
1379.21,277.14
1376.71,276.963
1371.81,276.65
1366.84,276.326
1361.9,276.003
1357.04,275.76
1352.15,275.396
1347.32,275.151
1344.97,274.973
1340.21,274.777
1335.52,274.489
1330.85,274.142
1326.12,273.883
1321.43,273.602
1319.14,273.523
1314.59,273.229
1309.97,272.913
1305.49,272.716
1300.94,272.385
1296.52,272.138
1292.11,271.938
1289.85,271.78
1285.42,271.539
1280.99,271.316
1276.71,271.009
1272.35,270.815
1268.05,270.58
1263.85,270.293
1261.65,270.185
1257.47,269.928
1253.12,269.728
1249.01,269.567
1244.82,269.315
1240.72,269.024
1236.59,268.829
1234.47,268.726
1230.48,268.557
1226.34,268.287
1222.37,268.135
1218.36,267.893
1214.35,267.667
1212.31,267.638
1208.38,267.387
1204.35,267.286
1200.48,267.024
1196.56,266.873
1192.69,266.666
1188.83,266.487
1186.96,266.362
1183.09,266.15
1179.28,265.986
1175.53,265.716
1171.74,265.539
1168.05,265.445
1164.28,265.139
1162.51,265.068
1158.81,264.91
1155.17,264.679
1151.45,264.501
1147.86,264.368
1144.15,264.129
1142.36,264.095
1138.72,263.955
1135.22,263.739
1131.63,263.606
1128.08,263.428
1124.6,263.266
1121.06,263.102
1119.29,263.006
1115.78,262.842
1112.42,262.732
1108.93,262.544
1105.44,262.362
1102.11,262.272
1098.57,262.099
1096.97,261.991
1093.56,261.825
1090.14,261.755
1086.75,261.622
1083.48,261.483
1080.12,261.326
1078.5,261.284
1075.08,261.185
1071.88,260.956
1068.54,260.879
1065.33,260.729
1062.03,260.605
1058.84,260.425
1057.23,260.432
1054.03,260.312
1050.81,260.173
1047.65,259.995
1044.49,259.877
1041.23,259.741
1038.1,259.594
1036.57,259.525
1033.46,259.428
1030.29,259.313
1027.2,259.227
1024.06,259.073
1021.01,258.94
1017.92,258.876
1016.37,258.782
1013.32,258.737
1010.26,258.579
1007.23,258.506
1004.21,258.454
1001.2,258.287
999.688,258.249
996.745,258.111
993.682,258.003
990.746,257.912
987.773,257.844
984.877,257.764
981.893,257.656
980.463,257.613
977.462,257.511
974.542,257.377
971.628,257.283
968.767,257.197
965.884,257.138
964.425,257.098
961.563,257.001
958.709,256.87
955.866,256.774
953.001,256.73
950.148,256.647
947.351,256.577
945.882,256.58
943.068,256.5
940.178,256.505
937.385,256.505
934.556,256.522
931.755,256.519
928.907,256.497
927.481,256.601
924.706,256.552
921.92,256.603
919.143,256.577
916.377,256.611
913.608,256.598
910.888,256.646
909.503,256.681
906.763,256.704
903.995,256.685
901.291,256.747
898.613,256.681
895.919,256.687
893.229,256.71
891.884,256.718
889.21,256.698
886.563,256.628
883.891,256.631
881.291,256.563
878.628,256.48
877.329,256.49
874.706,256.422
872.116,256.394
869.463,256.324
866.879,256.282
864.3,256.222
861.691,256.211
860.411,256.192
857.833,256.162
855.241,256.104
852.731,255.987
850.188,255.861
847.631,255.852
846.318,255.904
843.758,255.844
841.207,255.859
838.687,255.735
836.169,255.685
833.666,255.668
831.119,255.652
829.9,255.676
827.364,255.549
824.849,255.572
822.374,255.522
819.857,255.491
817.376,255.465
814.887,255.443
813.651,255.391
811.157,255.383
808.73,255.314
806.226,255.318
803.767,255.244
801.301,255.245
798.901,255.188
797.66,255.197
795.178,255.16
792.749,255.098
790.348,255.096
787.876,255.052
785.44,255.089
784.241,255.027
781.829,255.018
779.425,255.018
776.957,255.003
774.589,254.944
772.156,254.945
769.767,254.9
768.547,254.878
766.162,254.865
763.783,254.876
761.373,254.842
758.985,254.791
756.58,254.782
755.422,254.807
753.034,254.749
750.628,254.783
748.28,254.737
745.902,254.729
743.518,254.722
741.143,254.7
740.009,254.701
737.608,254.689
735.291,254.678
732.921,254.703
730.594,254.669
728.219,254.692
725.872,254.654
724.719,254.645
722.382,254.648
719.991,254.666
717.687,254.645
715.351,254.656
713.006,254.643
711.845,254.609
709.529,254.601
707.178,254.619
704.876,254.63
702.529,254.617
700.254,254.591
697.92,254.645
696.768,254.623
694.426,254.652
692.152,254.626
689.823,254.645
687.507,254.631
685.209,254.625
682.918,254.63
681.714,254.603
679.451,254.632
677.155,254.631
674.823,254.594
672.516,254.63
670.232,254.635
667.96,254.683
666.807,254.661
664.496,254.642
662.19,254.666
659.927,254.689
657.626,254.682
655.315,254.688
653.062,254.723
651.891,254.714
649.606,254.75
647.333,254.737
645.054,254.779
642.738,254.797
640.454,254.82
639.362,254.798
637.078,254.779
634.761,254.87
632.468,254.881
630.195,254.905
627.935,254.904
625.638,254.909
624.497,254.912
622.264,254.953
619.935,254.959
617.674,254.989
615.415,255.061
613.114,255.054
612.013,255.087
609.71,255.105
607.409,255.153
605.16,255.139
602.859,255.218
600.824,259.808
599.681,259.789
597.411,259.862
595.132,259.919
592.865,259.931
590.58,259.958
588.305,259.981
587.14,260.016
584.835,260.076
582.593,260.078
580.268,260.125
578.038,260.188
575.757,260.224
573.421,260.255
572.304,260.266
570.02,260.279
567.745,260.352
565.463,260.375
563.19,260.455
560.881,260.482
558.597,260.525
557.427,260.523
555.146,260.623
552.881,260.663
550.588,260.676
548.278,260.72
545.97,260.817
543.718,260.846
542.531,260.882
540.263,260.925
537.958,261.005
535.676,261.045
533.374,261.106
531.073,261.149
528.74,261.223
527.607,261.221
525.276,261.302
522.981,261.343
520.676,261.384
518.349,261.441
516.014,261.503
514.862,261.518
512.537,261.568
510.254,261.632
507.943,261.704
505.63,261.816
503.285,261.877
500.962,261.938
499.791,261.995
497.449,262.007
495.141,262.094
492.812,262.17
490.471,262.238
488.105,262.276
486.959,262.326
484.623,262.395
482.248,262.483
479.944,262.581
477.56,262.677
475.206,262.712
472.877,262.807
471.696,262.836
469.306,262.927
466.983,263.039
464.605,263.081
462.258,263.16
459.866,263.28
457.514,263.336
456.278,263.393
453.943,263.512
451.524,263.569
449.17,263.672
446.756,263.727
444.358,263.852
441.923,263.845
440.211,262.388
437.78,262.353
435.276,262.184
432.799,262.176
430.374,262.123
427.843,262.04
426.63,261.997
424.052,261.816
421.555,261.666
418.979,261.608
416.498,261.463
413.978,261.386
411.43,261.267
410.07,261.135
407.554,261.038
404.956,260.954
402.425,260.842
399.85,260.837
397.269,260.761
393.422,260.475
390.804,260.527
388.317,260.673
385.873,260.848
383.27,260.844
380.463,260.32
377.704,260.02
376.442,260.024
373.822,260.093
371.233,260.07
368.63,260.06
366.004,260.145
363.451,260.195
362.142,260.118
359.452,260.103
354.26,260.391
351.569,260.269
349.102,260.692
346.452,260.729
345.101,260.716
342.495,260.872
339.917,261.017
337.324,261.22
334.687,261.379
332.053,261.49
330.664,261.55
328.091,261.727
325.409,261.769
322.733,261.955
320.073,262.107
317.369,262.231
314.7,262.439
313.401,262.485
310.647,262.621
307.926,262.746
305.266,262.921
302.482,263.114
299.884,263.279
297.073,263.433
295.777,263.57
293.096,263.724
290.296,263.845
287.57,264.095
284.842,264.261
282.007,264.406
279.254,264.555
277.92,264.707
275.153,264.907
272.346,265.068
269.509,265.214
266.786,265.497
264.018,265.745
262.59,265.76
259.787,266.019
256.955,266.213
254.176,266.441
251.3,266.621
248.373,266.813
245.553,267.036
244.128,267.202
238.563,267.694
235.494,267.764
232.56,267.957
229.651,268.224
226.764,268.419
225.365,268.607
222.463,268.8
220.792,274.45
217.529,274.341
214.751,274.697
213.405,274.993
210.363,275.107
207.486,275.389
204.563,275.671
201.385,275.698
198.467,276.059
195.389,276.222
193.85,276.366
190.808,276.534
187.772,276.799
184.412,276.622
181.522,277.117
178.368,277.272
175.526,277.688
173.925,277.785
170.818,278.018
167.798,278.376
164.796,278.78
161.643,278.931
158.634,279.333
155.352,279.517
153.747,279.65
150.412,279.708
147.032,279.788
144.057,280.325
140.93,280.625
137.134,280.347
135.355,280.282
131.906,280.413
129.071,281.131
125.916,281.548
122.253,281.502
121.535,284.236
118.289,284.513
116.625,284.66
113.277,284.975
109.981,285.227
100.922,280.301
97.4072,280.432
99.8366,286.076
98.0789,286.239
89.1404,281.469
85.3304,281.531
81.7876,281.788
78.6851,282.389
75.196,282.675
71.6052,282.9
69.4608,282.743
72.1252,288.479
68.546,288.751
65.0366,289.097
61.4262,289.384
51.5345,284.371
54.2574,290.025
52.4228,290.2
48.8477,290.5
45.1258,290.802
41.4745,291.172
37.7878,291.507
34.0773,291.834
30.3291,292.156
28.544,292.326
24.774,292.67
21.0151,292.99
17.2137,293.347
13.3944,293.699
9.5505,294.089
5.69131,294.419
3.80356,294.596
-0.0668789,294.991
-3.92673,295.349
-7.92587,295.726
-11.8558,296.1
-15.8463,296.448
-17.785,296.651
-21.7443,296.98
-25.7915,297.366
-29.819,297.74
-33.9209,298.18
-38.0208,298.533
-40.0648,298.748
-44.1823,299.125
-48.2816,299.57
-52.4679,299.942
-56.635,300.374
-60.847,300.771
-65.115,301.195
-67.2184,301.403
-71.4545,301.818
-75.7564,302.267
-80.1247,302.707
-84.4112,303.159
-88.7866,303.555
-93.1888,304.055
-95.4843,304.2
-99.9169,304.69
-104.359,305.138
-108.886,305.588
-113.423,306.084
-117.959,306.521
-122.518,307.031
-124.871,307.282
-129.518,307.715
-134.141,308.21
-138.823,308.657
-143.536,309.166
-148.314,309.66
-153.12,310.126
-155.555,310.385
-160.414,310.915
-165.301,311.39
-170.145,311.878
-175.076,312.411
-180.133,312.944
-182.58,313.193
-187.612,313.67
-192.73,314.25
-197.808,314.751
-203.031,315.309
-208.111,315.843
-213.358,316.356
-215.975,316.652
-221.234,317.258
-226.569,317.785
-231.948,318.328
-237.382,318.898
-242.765,319.46
-248.193,320.05
-251.004,320.396
-256.506,320.967
-262.042,321.605
-267.63,322.204
-273.333,322.804
-279.012,323.438
-281.899,323.776
-287.696,324.36
-293.468,325.016
-299.307,325.696
-305.317,326.312
-311.165,326.967
-317.231,327.652
-320.241,327.992
-326.278,328.684
-332.469,329.35
-338.58,330.019
-344.808,330.709
-351.122,331.404
-357.51,332.058
-360.677,332.469
-367.079,333.145
-373.562,333.918
-380.132,334.605
-386.765,335.345
-393.437,336.045
-400.157,336.826
-403.485,337.193
-410.344,337.98
-417.183,338.767
-424.27,339.488
-431.238,340.263
-438.367,341.096
-445.428,341.905
-449.011,342.315
-456.233,343.146
-463.549,344.011
-470.965,344.81
-478.344,345.669
-485.882,346.516
-493.431,347.398
-497.211,347.87
-504.702,348.838
-512.373,349.748
-520.248,350.687
-528.344,351.57
-536.414,352.433
-540.477,352.84
-548.756,353.784
-557.193,354.612
-565.576,355.576
-574.047,356.487
-582.824,357.483
-591.524,358.442
-595.953,358.839
-604.789,359.824
-613.682,360.801
-622.792,361.849
-631.943,362.854
-641.063,363.846
-650.504,364.931
-655.149,365.509
-664.643,366.544
-674.528,367.555
-684.261,368.664
-693.969,369.766
-703.581,371.046
-708.427,371.64
-718.631,372.728
-728.943,373.931
-739.211,375.048
-749.828,376.266
-760.324,377.465
-771.033,378.769
-776.759,379.269
-787.913,380.571
-798.922,381.811
-809.98,383.102
-821.521,384.381
-832.783,385.714
-844.762,387.055
-850.514,387.807
-862.526,389.125
-874.554,390.521
-886.776,391.968
-899.37,393.399
-911.528,394.83
-924.596,396.345
-931.105,396.996
-944.493,398.559
-957.351,400.106
-970.465,401.766
-984.17,403.326
-997.554,405.018
-1011.51,406.684
-1018.56,407.455
-1033.59,408.89
-1047.77,410.809
-1062.78,412.378
-1077.38,414.248
-1093.07,415.842
-1108.65,417.605
-1116.65,418.569
-1131.95,420.48
-1148.46,422.374
-1163.45,424.513
-1180.4,426.476
-1197.46,428.358
-1214.3,430.487
-1222.38,431.487
-1240.01,433.707
-1257.79,435.827
-1276.92,437.779
-1294.61,440.068
-1312.29,442.545
-1322.98,443.381
-1342.07,445.701
-1362.07,447.937
-1381.81,450.44
-1403.23,452.716
-1423.79,455.181
-1443.59,457.837
1884.31,321.939
1874.72,321.062
1865.1,320.324
1856.04,319.579
1851.02,319.239
1841.96,318.523
1832.38,317.803
1823.59,317.037
1814.47,316.367
1805.84,315.599
1796.93,314.995
1792.63,314.615
1783.86,313.906
1775.45,313.151
1767.18,312.562
1758.67,311.874
1750.44,311.163
1742.31,310.466
1738.19,310.225
1730.2,309.588
1722.11,308.982
1714.33,308.334
1706.53,307.664
1698.87,307.127
1691.2,306.495
1687.38,306.248
1679.76,305.652
1672.21,305.009
1664.81,304.424
1657.48,303.871
1650.28,303.27
1646.58,303.039
1639.54,302.547
1632.41,301.964
1625.37,301.484
1618.52,300.879
1611.52,300.387
1604.68,299.871
1601.19,299.585
1594.38,299.101
1587.74,298.619
1581.22,298.17
1574.5,297.66
1568.04,297.191
1561.45,296.691
1558.36,296.451
1552.04,295.939
1545.6,295.504
1539.27,295.108
1533.11,294.607
1526.96,294.196
1520.83,293.714
1517.81,293.463
1511.72,293.031
1505.8,292.569
1499.72,292.135
1494.06,291.751
1488.1,291.292
1485.1,291.151
1479.47,290.682
1473.68,290.272
1467.94,289.912
1462.35,289.587
1456.64,289.162
1451.04,288.779
1448.29,288.548
1442.91,288.207
1437.39,287.783
1431.89,287.466
1426.61,287.1
1421.29,286.665
1418.54,286.546
1413.41,286.132
1408.11,285.831
1403.02,285.494
1397.7,285.109
1392.49,284.832
1387.42,284.469
1385.03,284.322
1379.94,283.911
1374.94,283.572
1369.91,283.237
1365.03,282.901
1360.13,282.569
1355.18,282.349
1352.76,282.145
1347.99,281.85
1343.2,281.58
1338.42,281.212
1333.76,280.902
1329.04,280.625
1324.39,280.379
1322.13,280.145
1317.43,279.855
1312.86,279.598
1308.32,279.333
1303.82,279.069
1299.25,278.803
1297.06,278.654
1292.64,278.343
1288.08,278.074
1283.69,277.786
1279.38,277.58
1275.02,277.228
1270.77,277.004
1268.5,276.875
1264.2,276.677
1259.98,276.42
1255.69,276.137
1251.4,275.977
1247.31,275.716
1243.14,275.44
1240.96,275.311
1236.89,275.063
1232.75,274.879
1228.63,274.616
1224.68,274.443
1220.61,274.202
1218.55,274.02
1214.62,273.859
1210.64,273.59
1206.77,273.332
1202.75,273.16
1198.93,272.879
1195.02,272.654
1193.06,272.534
1189.2,272.368
1185.36,272.112
1181.63,271.935
1177.85,271.693
1174.01,271.469
1170.26,271.333
1168.42,271.228
1164.67,271.03
1160.94,270.859
1157.18,270.614
1153.55,270.445
1149.92,270.264
1148.11,270.149
1144.46,269.996
1140.9,269.778
1137.26,269.592
1133.64,269.404
1130.14,269.253
1126.55,269.067
1124.83,268.903
1121.24,268.76
1117.75,268.59
1114.34,268.48
1110.89,268.311
1107.4,268.13
1105.68,267.984
1102.24,267.877
1098.85,267.73
1095.41,267.549
1092.03,267.395
1088.71,267.217
1085.33,267.025
1083.7,266.939
1080.27,266.85
1076.96,266.715
1073.65,266.576
1070.34,266.42
1067.05,266.199
1063.88,266.084
1062.14,266.058
1058.95,265.89
1055.73,265.743
1052.55,265.574
1049.38,265.483
1046.13,265.339
1042.93,265.152
1041.34,265.119
1038.24,264.964
1035.12,264.822
1031.91,264.687
1028.83,264.622
1025.69,264.45
1024.13,264.429
1021.06,264.322
1018.04,264.144
1014.94,264.008
1011.89,263.881
1008.86,263.789
1005.81,263.694
1004.28,263.672
1001.22,263.517
998.231,263.399
995.208,263.33
992.242,263.207
989.307,263.11
986.33,262.965
984.831,262.924
981.853,262.831
978.924,262.727
975.986,262.616
973.055,262.509
970.163,262.383
968.718,262.331
965.804,262.295
962.9,262.2
959.944,262.199
957.063,262.131
954.143,262.16
951.232,262.138
949.73,262.201
946.837,262.12
944,262.164
941.162,262.092
938.227,262.129
935.405,262.093
932.516,262.076
931.109,262.157
928.299,262.097
925.43,262.141
922.65,262.112
919.841,262.13
917.078,262.108
915.718,262.047
912.973,262.021
910.265,261.959
907.439,261.948
904.752,261.889
902.046,261.879
899.291,261.878
897.95,261.854
895.291,261.756
892.64,261.724
889.977,261.636
887.255,261.581
884.671,261.51
882.015,261.455
880.681,261.424
878.057,261.362
875.38,261.285
872.766,261.223
870.262,261.101
867.629,261.031
865.01,261.087
863.644,261.051
861.098,260.974
858.537,260.913
855.942,260.895
853.382,260.81
850.787,260.768
849.507,260.747
846.972,260.697
844.393,260.637
841.837,260.635
839.294,260.577
836.817,260.492
834.264,260.473
833.003,260.452
830.458,260.39
827.944,260.339
825.484,260.299
822.972,260.255
820.477,260.23
819.202,260.218
816.698,260.147
814.223,260.115
811.748,260.104
809.271,260.034
806.787,259.999
804.336,259.968
803.094,259.965
800.589,259.957
798.178,259.884
795.689,259.855
793.255,259.84
790.859,259.816
788.38,259.783
787.156,259.762
784.709,259.753
782.297,259.699
779.863,259.658
777.448,259.625
775.03,259.648
772.64,259.562
771.414,259.564
769.019,259.561
766.605,259.49
764.23,259.49
761.809,259.462
759.416,259.426
757.058,259.45
755.827,259.409
753.478,259.438
751.103,259.398
748.697,259.372
746.306,259.319
743.956,259.334
742.756,259.347
740.38,259.294
738.036,259.273
735.657,259.277
733.323,259.261
730.971,259.268
728.613,259.232
727.418,259.25
725.072,259.256
722.731,259.219
720.423,259.212
718.032,259.177
715.69,259.185
714.57,259.176
712.239,259.148
709.889,259.212
707.563,259.184
705.229,259.179
702.902,259.164
700.592,259.201
699.38,259.192
697.056,259.218
694.74,259.2
692.462,259.196
690.129,259.209
687.826,259.182
685.521,259.158
684.367,259.173
682.039,259.182
679.772,259.188
677.456,259.157
675.159,259.17
672.842,259.149
670.541,259.199
669.413,259.184
667.112,259.214
664.793,259.233
662.474,259.253
660.197,259.229
657.911,259.242
656.771,259.243
654.455,259.28
652.192,259.299
649.901,259.329
647.592,259.326
645.285,259.379
643.033,259.368
641.904,259.403
639.62,259.382
637.304,259.396
635.026,259.439
632.75,259.438
630.456,259.441
629.318,259.47
627.011,259.476
624.74,259.496
622.497,259.565
620.206,259.548
617.94,259.608
615.641,259.638
614.498,259.626
612.23,259.655
609.939,259.679
607.658,259.725
605.381,259.758
603.103,259.811
601.13,264.061
598.795,264.107
597.652,264.121
595.375,264.136
593.106,264.219
590.809,264.202
588.53,264.225
586.24,264.306
583.982,264.359
582.838,264.329
580.567,264.389
578.3,264.442
576.011,264.448
573.709,264.485
571.435,264.56
569.156,264.59
568.009,264.658
565.672,264.689
563.41,264.749
561.129,264.792
558.85,264.822
556.546,264.845
554.244,264.935
553.075,264.942
550.79,264.964
548.528,265.06
546.211,265.113
543.884,265.15
541.638,265.188
540.438,265.225
538.181,265.299
535.879,265.352
533.558,265.366
531.278,265.449
528.957,265.509
526.631,265.57
525.502,265.584
523.202,265.629
520.835,265.743
518.535,265.787
516.216,265.847
513.902,265.9
512.753,265.915
510.407,265.998
508.117,266.08
505.763,266.164
503.467,266.178
501.111,266.231
498.764,266.307
497.597,266.345
495.299,266.398
492.963,266.489
490.621,266.61
488.248,266.679
485.961,266.724
483.571,266.831
482.399,266.892
480.063,266.908
477.73,267.052
475.399,267.097
473.028,267.212
470.668,267.296
468.251,267.335
467.094,267.434
464.758,267.48
462.398,267.624
460.021,267.649
457.628,267.764
455.235,267.878
454.083,267.902
451.643,267.98
449.28,268.081
446.896,268.165
444.487,268.268
442.07,268.398
439.057,267.385
437.718,267.185
435.13,267.081
432.644,267.007
430.242,267.133
427.653,267.031
425.089,266.834
422.519,266.776
421.188,266.696
418.666,266.598
408.254,266.159
391.192,265.653
389.946,265.792
387.098,265.374
384.429,265.274
381.767,265.2
376.292,264.952
373.681,264.956
372.415,264.994
369.794,265.072
367.18,265.163
364.562,265.141
361.887,265.182
359.211,265.246
357.902,265.17
355.362,265.353
352.71,265.477
350.087,265.554
347.509,265.678
344.862,265.759
342.302,265.941
340.99,266.043
338.315,266.09
335.688,266.254
333.059,266.42
330.503,266.68
327.819,266.872
325.215,267.002
323.882,267.118
321.261,267.284
318.557,267.401
315.866,267.519
313.21,267.712
310.51,267.89
307.847,268.044
306.526,268.159
303.827,268.327
301.076,268.459
298.319,268.591
295.64,268.796
292.964,269.001
291.596,269.091
288.83,269.309
286.079,269.49
283.344,269.671
280.548,269.853
277.824,270.058
275.095,270.239
273.694,270.376
270.944,270.546
268.146,270.728
265.322,270.957
262.553,271.197
259.72,271.322
256.821,271.556
255.464,271.67
252.606,271.844
249.789,272.028
246.869,272.165
243.944,272.401
241.128,272.654
239.703,272.689
236.765,272.925
233.844,273.133
230.97,273.353
228.103,273.649
225.259,273.889
222.294,274.164
220.966,274.328
220.247,279.381
217.041,279.351
214.4,279.777
211.441,280.056
208.52,280.27
206.743,280.165
203.778,280.423
200.624,280.53
197.839,280.918
194.858,281.162
191.682,281.351
188.656,281.54
187.035,281.609
184.218,282.07
180.786,282.004
177.707,282.205
174.616,282.487
171.86,283.01
170.438,283.212
167.083,283.352
163.737,283.394
160.925,283.906
157.894,284.287
154.671,284.449
151.24,284.602
149.837,284.798
146.492,284.992
143.181,285.195
139.958,285.406
136.372,285.468
133.425,286.029
131.945,286.233
128.586,286.486
125.492,286.789
122.127,287.139
118.843,287.405
115.524,287.667
112.164,288.02
110.479,288.156
106.757,288.114
100.437,286.401
96.8157,286.533
93.6155,286.988
90.022,287.156
86.4789,287.483
84.7107,287.573
81.2924,287.924
77.8672,288.278
74.1053,288.42
70.552,288.815
66.9764,289.082
63.3089,289.322
61.9696,289.716
58.2085,290.013
54.2474,290.044
50.6054,290.368
47.2244,290.968
43.1353,290.972
39.6497,291.431
45.2079,296.201
41.5204,296.493
37.8523,296.889
34.1341,297.254
30.3697,297.557
26.639,297.922
24.76,298.126
21.0433,298.458
17.2142,298.826
13.3845,299.207
9.56668,299.542
5.67988,299.9
3.79709,300.134
-0.0378796,300.483
-3.97627,300.833
-7.92565,301.233
-11.8142,301.634
-15.7932,301.977
-19.8325,302.357
-21.7837,302.594
-25.8435,303.012
-29.8411,303.371
-33.9068,303.756
-38.0167,304.224
-42.1821,304.602
-46.2946,305.051
-48.3175,305.245
-52.4902,305.67
-56.7242,306.042
-60.8573,306.503
-65.1482,306.895
-69.4337,307.338
-73.7562,307.812
-75.8283,307.998
-80.1896,308.485
-84.5604,308.879
-89.0042,309.354
-93.2904,309.799
-97.7833,310.276
-102.302,310.717
-104.495,310.93
-108.964,311.402
-113.603,311.922
-118.088,312.413
-122.679,312.857
-127.301,313.382
-129.485,313.646
-134.27,314.136
-138.909,314.632
-143.671,315.165
-148.36,315.632
-153.221,316.191
-158.059,316.671
-160.454,316.94
-165.364,317.504
-170.218,317.992
-175.089,318.559
-180.019,319.131
-185.121,319.629
-190.055,320.203
-192.615,320.449
-197.706,321.075
-202.871,321.574
-207.958,322.172
-213.238,322.776
-218.521,323.302
-221.108,323.639
-226.43,324.246
-231.776,324.777
-237.11,325.412
-242.519,326.031
-248.1,326.633
-253.572,327.181
-256.301,327.527
-261.991,328.157
-267.563,328.806
-273.241,329.428
-278.925,330.086
-284.72,330.685
-290.552,331.384
-293.374,331.691
-299.21,332.362
-305.197,333.041
-311.151,333.72
-317.194,334.391
-323.235,335.063
-329.34,335.787
-332.346,336.146
-338.562,336.84
-344.728,337.577
-351.096,338.271
-357.406,339.026
-363.832,339.815
-370.307,340.526
-373.443,340.897
-379.942,341.68
-386.504,342.426
-393.241,343.257
-399.841,344.037
-406.632,344.77
-413.431,345.617
-416.912,346.055
-423.781,346.827
-430.775,347.681
-437.888,348.495
-445.063,349.332
-452.179,350.225
-455.698,350.59
-463.028,351.53
-470.47,352.357
-477.854,353.259
-485.338,354.139
-493.042,355.083
-500.733,355.987
-504.542,356.439
-512.267,357.348
-520.129,358.345
-528.16,359.247
-536.172,360.223
-544.244,361.155
-552.418,362.157
-556.583,362.675
-564.79,363.648
-573.247,364.681
-581.648,365.737
-590.178,366.806
-598.757,367.838
-603.128,368.357
-611.933,369.518
-620.65,370.592
-629.666,371.703
-638.675,372.823
-647.684,373.99
-656.919,375.134
-661.47,375.762
-671.161,376.92
-680.626,378.046
-690.554,379.256
-700.404,380.42
-710.484,381.601
-720.498,382.808
-725.702,383.447
-736.027,384.665
-746.666,385.897
-757.251,387.202
-768.022,388.397
-779.078,389.763
-789.979,391.036
-795.669,391.762
-806.759,393.056
-818.251,394.421
-829.708,395.793
-841.309,397.293
-853.07,398.706
-864.856,400.15
-870.935,400.989
-882.774,402.519
-895.059,404.004
-907.436,405.504
-920.565,407.027
-933.521,408.634
-946.462,410.196
-953.323,411
-966.787,412.652
-979.954,414.373
-993.345,416.105
-1007.54,417.793
-1021.91,419.491
-1036.05,421.348
-1043.19,422.214
-1057.95,423.969
-1072.94,425.859
-1088.57,427.675
-1103.82,429.65
-1119.54,431.518
-1127.3,432.467
-1142.98,434.563
-1158.96,436.604
-1175.19,438.588
-1192.36,440.806
-1208.79,442.851
-1226.91,445.087
-1235.46,446.194
-1253.04,448.409
-1271.66,450.545
-1289.78,452.936
-1308.11,455.297
-1327,457.62
-1347.14,460.012
-1357.48,461.172
-1376.85,463.72
-1397.49,466.365
-1416.18,469.017
1824.72,325.363
1815.99,324.604
1807.21,323.856
1798.27,323.084
1789.62,322.332
1781.13,321.661
1776.79,321.234
1768.19,320.538
1759.83,319.802
1751.57,319.09
1743.4,318.416
1735.41,317.795
1731.23,317.411
1723.46,316.749
1715.41,316.121
1707.71,315.442
1699.72,314.751
1691.99,314.185
1684.63,313.602
1680.87,313.299
1673.33,312.611
1665.8,312.017
1658.68,311.396
1651.22,310.786
1644.03,310.263
1636.78,309.635
1633.32,309.399
1626.35,308.782
1619.31,308.27
1612.54,307.691
1605.56,307.215
1598.69,306.62
1591.93,306.053
1588.65,305.811
1582.13,305.199
1575.45,304.8
1568.95,304.328
1562.59,303.678
1555.97,303.168
1552.84,302.936
1546.49,302.477
1540.08,302.085
1533.88,301.554
1527.91,300.948
1521.69,300.519
1515.72,300.078
1512.69,299.813
1506.55,299.462
1500.68,298.977
1494.63,298.46
1488.84,298.043
1482.96,297.608
1480.18,297.383
1474.42,296.998
1468.75,296.549
1463.05,296.119
1457.4,295.683
1451.86,295.351
1446.32,294.835
1443.6,294.732
1438.07,294.285
1432.67,293.925
1427.22,293.485
1421.91,293.131
1416.59,292.719
1411.36,292.38
1408.64,292.217
1403.58,291.815
1398.26,291.423
1393.2,291.04
1388.14,290.685
1383,290.342
1378.09,289.979
1375.61,289.823
1370.46,289.453
1365.57,289.064
1360.77,288.782
1355.9,288.413
1351.06,288.155
1348.62,287.929
1343.75,287.686
1338.92,287.311
1334.22,286.99
1329.53,286.687
1324.85,286.385
1320.27,286.054
1317.92,285.906
1313.36,285.629
1308.73,285.304
1304.24,284.979
1299.69,284.694
1295.15,284.409
1290.79,284.179
1288.46,284.075
1284.04,283.746
1279.77,283.446
1275.31,283.208
1271.03,282.864
1266.67,282.665
1264.61,282.528
1260.32,282.134
1256.05,281.934
1251.89,281.665
1247.72,281.371
1243.59,281.138
1239.43,280.843
1237.37,280.723
1233.29,280.451
1229.19,280.244
1225.28,279.953
1221.1,279.672
1217.11,279.423
1213.12,279.141
1211.13,279.073
1207.19,278.851
1203.22,278.586
1199.34,278.359
1195.44,278.067
1191.59,277.857
1189.72,277.756
1185.8,277.565
1181.92,277.368
1178.18,277.149
1174.41,276.975
1170.7,276.728
1166.82,276.553
1165.02,276.377
1161.34,276.193
1157.58,275.965
1153.94,275.76
1150.26,275.626
1146.63,275.345
1144.79,275.245
1141.1,275.139
1137.57,274.888
1134.01,274.665
1130.42,274.492
1126.95,274.318
1123.38,274.106
1121.62,274.049
1118.07,273.856
1114.55,273.645
1111.14,273.489
1107.64,273.264
1104.26,273.11
1100.86,272.931
1099.09,272.913
1095.73,272.676
1092.31,272.549
1089.03,272.326
1085.61,272.177
1082.26,272.03
1078.94,271.859
1077.29,271.78
1073.96,271.623
1070.65,271.467
1067.43,271.235
1064.09,271.131
1060.85,271.027
1059.23,270.901
1056,270.785
1052.76,270.633
1049.59,270.458
1046.38,270.308
1043.18,270.195
1040.01,270.037
1038.48,269.987
1035.25,269.826
1032.13,269.703
1029,269.611
1025.95,269.434
1022.83,269.328
1019.78,269.207
1018.2,269.14
1015.12,268.982
1012.11,268.86
1008.99,268.761
1006,268.618
1002.95,268.439
1001.46,268.442
998.462,268.248
995.496,268.148
992.5,268.056
989.494,267.899
986.527,267.808
983.505,267.72
982.02,267.746
979.006,267.704
976.096,267.735
973.078,267.653
970.132,267.626
967.217,267.585
964.286,267.558
962.787,267.525
959.908,267.536
956.966,267.501
954.138,267.521
951.199,267.481
948.337,267.472
946.876,267.495
944.046,267.457
941.18,267.439
938.336,267.428
935.527,267.345
932.736,267.212
929.954,267.189
928.608,267.152
925.818,267.088
922.99,267.118
920.296,266.974
917.58,266.825
914.785,266.81
912.067,266.842
910.707,266.715
907.906,266.726
905.231,266.636
902.583,266.584
899.874,266.373
897.137,266.49
894.48,266.357
893.119,266.312
890.477,266.318
887.859,266.184
885.204,266.154
882.536,266.047
879.862,265.958
878.549,265.941
875.935,265.913
873.323,265.835
870.754,265.707
868.12,265.648
865.489,265.652
861.64,265.542
859.052,265.475
856.468,265.411
853.897,265.372
851.304,265.274
848.788,265.242
847.503,265.239
844.94,265.193
842.383,265.096
839.838,265.055
837.32,264.984
834.789,264.913
832.247,264.9
831.023,264.91
828.45,264.8
826.007,264.801
823.484,264.759
820.941,264.69
818.483,264.636
815.947,264.617
814.702,264.607
812.229,264.555
809.738,264.52
807.307,264.458
804.823,264.342
802.36,264.276
799.907,264.316
798.655,264.291
796.248,264.222
793.771,264.217
791.332,264.195
788.854,264.201
786.417,264.159
783.967,264.171
782.784,264.132
780.364,264.06
777.939,264.072
775.49,264.007
773.106,264.027
770.701,263.989
769.487,263.988
767.088,263.908
764.671,263.871
762.277,263.837
759.891,263.889
757.503,263.81
755.097,263.848
753.922,263.855
751.515,263.807
749.168,263.768
746.763,263.775
744.403,263.766
742.024,263.758
740.82,263.735
738.451,263.727
736.117,263.719
733.717,263.665
731.383,263.634
729.051,263.634
726.653,263.642
725.533,263.633
723.146,263.603
720.82,263.588
718.458,263.603
716.143,263.557
713.79,263.573
711.474,263.565
710.293,263.58
707.927,263.566
705.66,263.588
703.274,263.551
700.964,263.604
698.644,263.551
696.327,263.575
695.166,263.574
692.846,263.582
690.527,263.529
688.2,263.529
685.897,263.552
683.58,263.506
682.452,263.536
680.138,263.537
677.822,263.552
675.502,263.506
673.219,263.536
670.928,263.552
668.624,263.528
667.451,263.545
665.154,263.567
662.878,263.559
660.564,263.583
658.262,263.59
655.962,263.582
654.799,263.567
652.529,263.582
650.209,263.605
647.935,263.605
645.667,263.666
643.386,263.656
641.053,263.643
639.922,263.659
637.634,263.649
635.345,263.672
633.081,263.703
630.774,263.731
628.518,263.77
626.24,263.761
625.065,263.816
622.797,263.837
620.525,263.799
618.207,263.907
615.945,263.867
613.66,263.905
612.515,263.921
610.239,263.951
607.96,264.034
605.683,264.049
603.41,264.078
602.627,266.967
600.347,267.044
598.011,267.057
596.894,267.059
594.62,267.095
592.347,267.139
590.022,267.206
587.781,267.192
585.475,267.241
583.169,267.282
582.016,267.288
579.733,267.341
577.467,267.393
575.191,267.423
572.885,267.478
570.603,267.515
569.467,267.567
567.145,267.584
564.865,267.614
562.586,267.643
560.284,267.721
558.035,267.749
555.744,267.802
554.57,267.812
552.276,267.845
549.981,267.912
547.651,267.98
545.373,268.063
543.104,268.037
541.936,268.11
539.601,268.15
537.323,268.189
534.999,268.311
532.729,268.317
530.412,268.414
528.112,268.442
526.95,268.503
524.64,268.548
522.291,268.59
520.025,268.659
517.672,268.753
515.361,268.801
513.063,268.833
511.875,268.918
509.568,268.952
507.206,268.977
504.88,269.081
502.61,269.159
500.217,269.17
497.932,269.294
496.711,269.286
494.391,269.387
492.061,269.496
489.741,269.52
487.407,269.671
485.035,269.75
483.849,269.78
481.521,269.839
479.135,269.941
476.822,270.033
474.462,270.096
472.12,270.165
469.736,270.324
468.523,270.339
466.163,270.4
463.805,270.48
461.453,270.619
459.083,270.702
456.665,270.78
454.343,270.851
453.117,270.913
450.706,271.013
448.322,271.106
445.966,271.246
443.562,271.308
441.145,271.381
438.469,270.752
437.183,270.603
434.709,270.452
432.221,270.481
429.839,270.632
427.389,270.718
424.82,270.521
423.486,270.196
420.947,270.076
418.463,269.961
415.915,269.926
413.371,269.906
410.908,269.834
408.306,269.753
407.004,269.586
404.47,269.535
401.902,269.465
399.347,269.407
396.735,269.297
394.132,269.174
392.831,269.104
390.339,269.291
387.631,269.058
385.04,268.92
382.412,268.856
379.719,268.734
377.201,268.738
375.813,268.536
373.151,268.55
370.611,268.655
367.981,268.634
365.391,268.728
362.838,268.811
360.123,268.826
358.781,268.823
356.246,268.893
353.572,268.954
351.021,269.071
348.373,269.145
345.733,269.324
343.169,269.48
341.83,269.557
339.203,269.666
336.555,269.81
333.959,270.001
331.332,270.072
328.64,270.292
327.331,270.433
324.694,270.603
322.086,270.698
319.341,270.905
316.725,271.001
314.05,271.182
311.325,271.342
309.928,271.47
307.249,271.642
304.497,271.759
301.879,271.944
299.137,272.112
296.363,272.258
293.656,272.441
292.253,272.562
289.482,272.742
286.782,272.934
284.048,273.067
281.266,273.341
278.516,273.437
277.119,273.548
274.374,273.825
271.609,274.023
268.788,274.209
265.976,274.371
263.21,274.594
260.31,274.9
258.981,275.042
256.125,275.175
253.301,275.361
250.428,275.6
247.553,275.826
244.665,275.962
241.807,276.264
240.469,276.436
237.6,276.584
234.72,276.897
231.749,277.098
228.926,277.353
225.978,277.665
222.988,277.848
219.115,282.639
216.135,282.809
213.044,282.872
209.997,283.023
208.515,283.088
205.566,283.426
202.559,283.632
199.794,284.058
196.861,284.458
193.608,284.428
190.78,284.967
189.283,285.054
186.193,285.266
183.026,285.411
179.939,285.599
176.762,285.881
173.78,286.154
172.32,286.339
168.96,286.381
164.779,285.567
162.727,287.015
159.526,287.184
156.312,287.453
153.028,287.614
151.357,287.618
148.307,288.083
143.941,287.275
140.95,287.674
138.623,288.982
135.5,289.236
132.178,289.522
130.484,289.64
127.343,290.02
123.968,290.23
120.796,290.649
117.518,291
114.03,291.228
110.778,291.583
109.119,291.757
105.183,291.488
102.087,292.08
98.3444,292.117
93.397,291.053
89.7818,291.298
86.301,291.539
84.6287,291.756
81.2736,292.214
77.6442,292.385
73.8104,292.491
70.3678,292.926
66.6872,293.125
64.8456,293.228
61.3823,293.704
57.8357,294.06
54.4434,294.522
50.7282,294.862
46.9949,295.168
45.056,295.174
41.617,295.787
37.742,296.022
39.1267,300.422
35.4731,300.789
31.7377,301.095
28.0468,301.453
26.1161,301.668
22.3693,302.026
18.5707,302.422
14.7457,302.735
10.8976,303.11
7.10975,303.485
3.18697,303.842
1.26466,304.035
-2.64879,304.462
-6.64303,304.859
-10.5631,305.194
-14.4641,305.6
-18.52,306.009
-22.5077,306.391
-24.4838,306.596
-28.4868,307.02
-32.626,307.444
-36.7072,307.855
-40.7634,308.251
-44.9352,308.671
-49.1342,309.088
-51.1872,309.395
-55.3074,309.805
-59.5563,310.226
-63.8107,310.662
-68.1086,311.076
-72.4241,311.559
-74.5774,311.79
-78.8549,312.215
-83.1613,312.724
-87.5679,313.169
-92.043,313.608
-96.4038,314.116
-100.925,314.601
-103.118,314.822
-107.667,315.302
-112.236,315.806
-116.757,316.291
-121.36,316.805
-125.997,317.267
-130.648,317.765
-132.961,318.006
-137.64,318.507
-142.436,319.084
-147.134,319.594
-151.929,320.122
-156.724,320.643
-159.187,320.941
-164.099,321.482
-168.967,322.032
-173.923,322.57
-178.93,323.071
-183.883,323.694
-188.916,324.269
-191.431,324.502
-196.53,325.098
-201.7,325.646
-206.841,326.276
-212.079,326.88
-217.253,327.42
-222.528,328.028
-225.223,328.381
-230.478,328.959
-235.933,329.639
-241.324,330.224
-246.772,330.847
-252.249,331.471
-257.819,332.07
-260.617,332.465
-266.272,333.144
-271.97,333.72
-277.606,334.392
-283.291,335.07
-289.124,335.744
-294.953,336.459
-297.959,336.818
-303.873,337.447
-309.862,338.168
-315.762,338.858
-321.905,339.519
-327.956,340.291
-334.115,341.032
-337.2,341.386
-343.534,342.13
-349.799,342.829
-356.121,343.559
-362.549,344.363
-368.997,345.11
-372.249,345.484
-378.75,346.302
-385.326,347.135
-391.984,347.85
-398.677,348.713
-405.468,349.573
-412.24,350.326
-415.656,350.809
-422.558,351.595
-429.525,352.439
-436.774,353.274
-443.783,354.192
-450.923,355.028
-458.196,355.942
-461.782,356.383
-469.121,357.323
-476.557,358.244
-484.142,359.132
-491.623,360.139
-499.282,361.054
-503.059,361.509
-510.742,362.503
-518.572,363.505
-526.462,364.422
-534.449,365.437
-542.492,366.437
-550.661,367.471
-554.709,368.014
-563.119,369.061
-571.539,370.07
-579.872,371.108
-588.371,372.205
-597.224,373.295
-605.914,374.389
-610.302,374.917
-619.154,376.076
-628.212,377.222
-637.107,378.324
-646.396,379.455
-655.693,380.66
-665.152,381.87
-669.725,382.461
-679.338,383.661
-688.877,384.95
-698.568,386.142
-708.48,387.457
-718.506,388.748
-728.603,390.066
-733.473,390.674
-743.878,392.016
-754.267,393.428
-764.946,394.796
-775.61,396.137
-786.358,397.579
-796.947,398.979
-802.592,399.739
-813.802,401.136
-825.315,402.517
-836.893,403.959
-848.689,405.4
-860.661,406.955
-872.694,408.434
-878.658,409.148
-891.086,410.713
-903.641,412.289
-916.138,413.932
-929.204,415.494
-942.085,417.184
-948.748,418.02
-962.113,419.676
-975.57,421.322
-988.959,423.123
-1002.86,424.879
-1016.74,426.694
-1030.81,428.592
-1037.98,429.489
-1052.3,431.419
-1066.93,433.334
-1082.16,435.202
-1097.12,437.138
-1112.56,439.114
-1128.22,441.202
-1136.43,442.26
-1152.39,444.271
-1168.74,446.409
-1185.48,448.527
-1201.87,450.789
-1219.23,453.001
-1236.7,455.246
-1245.25,456.459
-1263.35,458.742
-1282.17,460.985
-1300.49,463.443
-1319.33,465.899
-1338.56,468.359
-1357.49,470.979
-1367.76,472.239
-1386.81,474.974
-1406.88,477.629
-1428.02,480.312
1787.31,327.76
1778.7,326.913
1770.32,326.176
1761.81,325.445
1753.46,324.769
1745.25,324.089
1737.14,323.268
1733.24,323.033
1725.12,322.25
1717.28,321.603
1709.43,320.931
1701.49,320.282
1693.87,319.654
1686.28,318.906
1682.54,318.676
1675.04,317.954
1667.51,317.322
1659.95,316.742
1652.92,316.138
1645.71,315.556
1641.99,315.143
1634.87,314.533
1627.73,313.969
1620.94,313.385
1613.85,312.786
1606.95,312.177
1600.31,311.676
1596.78,311.416
1590.07,310.835
1583.52,310.318
1576.87,309.771
1570.24,309.243
1563.93,308.632
1560.62,308.361
1554.28,307.838
1547.72,307.396
1541.65,306.805
1535.18,306.376
1528.99,305.872
1522.86,305.372
1519.81,305.061
1513.77,304.668
1507.85,304.228
1501.79,303.719
1495.85,303.263
1490.02,302.733
1484.21,302.334
1481.24,302.064
1475.55,301.595
1469.89,301.107
1464.03,300.78
1458.53,300.213
1452.95,299.811
1447.35,299.478
1444.58,299.247
1439.13,298.86
1433.7,298.345
1428.3,297.929
1423.02,297.521
1417.56,297.147
1415.05,296.998
1409.78,296.641
1404.36,296.23
1399.28,295.863
1394.11,295.425
1388.91,295.158
1384.06,294.661
1381.52,294.447
1376.57,294.069
1371.63,293.674
1366.6,293.337
1361.61,293.004
1356.75,292.669
1351.72,292.303
1349.31,292.21
1344.52,291.893
1339.85,291.501
1335.01,291.172
1330.17,290.977
1325.53,290.615
1323.24,290.404
1318.66,290.069
1314,289.789
1309.38,289.512
1304.99,289.119
1300.33,288.821
1295.91,288.512
1293.53,288.463
1289.14,288.127
1284.68,287.809
1280.44,287.492
1276.05,287.125
1271.76,286.882
1267.42,286.537
1265.21,286.461
1260.95,286.171
1256.79,285.811
1252.52,285.525
1248.36,285.29
1244.22,285.039
1242.18,284.88
1237.99,284.599
1233.86,284.269
1229.78,284.08
1225.72,283.768
1221.62,283.597
1217.68,283.377
1215.64,283.209
1211.74,282.873
1207.67,282.721
1203.68,282.47
1199.76,282.275
1195.95,281.895
1194,281.798
1190.24,281.474
1186.39,281.279
1182.59,281.074
1178.67,280.781
1174.95,280.62
1171.17,280.348
1169.29,280.272
1165.58,280.048
1161.85,279.876
1158.19,279.579
1154.47,279.404
1150.74,279.184
1147.21,278.943
1145.29,278.886
1141.63,278.692
1137.94,278.557
1134.46,278.372
1130.8,278.06
1127.22,277.901
1123.68,277.77
1122,277.672
1118.46,277.464
1114.95,277.293
1111.51,277.101
1108.08,276.827
1104.59,276.587
1102.93,276.562
1099.52,276.331
1096.02,276.162
1092.67,276.014
1089.35,275.808
1085.87,275.625
1082.56,275.49
1080.93,275.38
1077.6,275.23
1074.27,275.054
1071.02,274.901
1067.61,274.703
1064.38,274.556
1061.21,274.407
1059.56,274.333
1056.23,274.227
1053.1,274.001
1049.82,273.897
1046.67,273.745
1043.41,273.559
1041.85,273.541
1038.7,273.438
1035.51,273.241
1032.41,273.105
1029.22,273.019
1026.14,272.802
1022.99,272.717
1021.49,272.626
1018.38,272.494
1015.29,272.278
1012.24,272.16
1009.23,272.065
1006.2,271.923
1003.11,271.784
1001.62,271.707
998.62,271.605
995.451,271.595
992.415,271.509
989.412,271.461
986.347,271.428
984.806,271.49
981.829,271.364
978.738,271.335
975.777,271.359
972.775,271.252
969.836,271.256
966.907,271.147
965.397,271.213
962.447,271.23
959.534,271.17
956.545,271.104
953.7,271.061
950.88,270.867
948.105,270.74
946.508,270.932
943.623,270.853
940.826,270.799
938.036,270.67
935.073,270.683
932.29,270.634
929.519,270.561
928.103,270.545
925.318,270.437
922.529,270.373
919.793,270.265
917.045,270.181
914.287,270.121
912.981,270.091
910.239,269.957
907.565,269.842
904.819,269.759
902.073,269.719
899.373,269.66
896.747,269.553
895.41,269.525
892.713,269.483
890.054,269.358
887.41,269.326
884.722,269.208
882.072,269.123
880.748,269.093
878.148,269.061
875.487,268.906
872.881,268.844
870.235,268.798
867.615,268.757
865.017,268.693
863.723,268.658
861.157,268.575
858.539,268.521
855.993,268.514
853.396,268.461
850.828,268.388
848.276,268.262
846.973,268.279
844.408,268.212
841.892,268.122
839.296,268.079
836.775,268.008
834.239,267.983
831.763,267.935
830.46,267.902
827.93,267.855
825.44,267.83
822.899,267.788
820.392,267.728
817.878,267.633
815.436,267.609
814.129,267.613
811.639,267.54
809.175,267.471
806.721,267.467
804.259,267.419
801.764,267.411
800.553,267.383
798.075,267.334
795.62,267.257
793.154,267.276
790.741,267.181
788.267,267.154
785.814,267.103
784.625,267.082
782.182,267.058
779.758,267.063
777.31,267.001
774.884,267.013
772.467,266.957
771.305,266.988
768.852,266.961
766.451,266.927
764.04,266.92
761.616,266.873
759.216,266.888
756.87,266.841
755.66,266.868
753.248,266.836
750.868,266.787
748.448,266.758
746.073,266.798
743.717,266.738
741.352,266.712
740.128,266.773
737.774,266.746
735.412,266.707
733.074,266.657
730.704,266.677
728.342,266.658
725.967,266.635
724.807,266.611
722.441,266.638
720.092,266.61
717.793,266.579
715.402,266.574
713.078,266.574
711.92,266.55
709.564,266.541
707.258,266.615
704.911,266.513
702.56,266.582
700.258,266.554
697.928,266.549
696.739,266.556
694.468,266.55
692.104,266.513
689.783,266.521
687.526,266.476
685.208,266.471
684.035,266.484
681.706,266.494
679.425,266.468
677.114,266.465
674.784,266.438
672.513,266.482
670.195,266.499
669.018,266.453
666.71,266.459
664.433,266.479
662.129,266.486
659.825,266.492
657.499,266.5
655.214,266.551
654.07,266.497
651.781,266.599
649.514,266.534
647.187,266.547
644.93,266.568
642.637,266.538
641.442,266.604
639.189,266.589
636.918,266.669
634.627,266.61
632.326,266.654
630.042,266.718
627.736,266.697
626.608,266.703
624.318,266.755
622.052,266.732
619.71,266.77
617.481,266.806
615.197,266.812
612.913,266.856
611.748,266.873
609.458,266.922
607.182,266.922
604.907,266.94
600.645,271.713
598.333,271.718
596.028,271.803
594.891,271.838
592.647,271.847
590.346,271.859
588.036,271.932
585.787,271.941
583.489,272
581.178,271.992
580.085,272.094
577.725,272.084
575.5,272.126
573.152,272.16
570.89,272.183
568.602,272.245
567.458,272.278
565.159,272.355
562.883,272.38
560.539,272.433
558.266,272.457
555.985,272.502
553.675,272.532
552.549,272.623
550.245,272.629
547.937,272.698
545.628,272.72
543.332,272.788
541.025,272.874
538.718,272.895
537.575,272.957
535.283,272.983
532.95,273.062
530.607,273.127
528.334,273.183
525.987,273.249
523.719,273.296
522.559,273.311
520.213,273.381
517.893,273.481
515.602,273.546
513.297,273.618
510.929,273.698
509.744,273.672
507.429,273.754
505.068,273.81
502.799,273.905
500.458,273.947
498.073,274
495.79,274.104
494.565,274.111
492.239,274.186
489.913,274.248
487.592,274.403
485.186,274.487
482.886,274.535
480.507,274.646
479.338,274.673
476.942,274.728
474.604,274.835
472.285,274.925
469.861,275.03
467.538,275.108
465.153,275.231
463.93,275.245
461.576,275.341
459.236,275.428
456.828,275.542
454.46,275.666
452.098,275.801
450.868,275.853
448.491,275.918
446.088,276.021
443.702,276.086
441.287,276.219
438.709,276.049
436.181,275.981
434.933,275.899
432.463,275.929
430.027,276.055
427.621,276.193
425.178,276.244
422.746,276.449
421.727,276.733
418.42,275.518
415.716,275.311
413.137,275.16
410.54,275.134
407.979,275.151
405.357,275.033
404.047,274.985
401.481,274.91
398.836,274.854
396.154,274.746
393.501,274.567
390.997,274.736
388.26,274.538
386.817,274.323
381.285,274.02
378.83,274.16
376.178,274.124
373.514,274.148
370.878,274.208
369.583,274.132
366.904,274.212
364.317,274.221
361.629,274.238
358.986,274.355
356.385,274.466
354.994,274.345
352.433,274.558
349.783,274.67
347.082,274.746
344.477,274.934
341.916,275.027
339.2,275.174
337.914,275.254
335.364,275.463
332.667,275.622
330.001,275.743
327.41,275.861
324.726,276.046
322.136,276.292
320.713,276.301
318.138,276.445
312.776,276.808
310.095,277.091
307.431,277.271
306.181,277.453
303.431,277.595
300.789,277.867
297.992,277.942
295.237,278.038
292.404,278.29
289.709,278.433
288.375,278.582
285.595,278.73
282.859,278.961
280.095,279.162
277.319,279.337
274.514,279.51
271.743,279.74
270.375,279.785
267.631,280.126
264.992,280.446
262.027,280.47
259.21,280.707
256.148,280.714
253.725,281.342
252.222,281.374
249.401,281.605
246.531,281.796
243.705,282.013
240.833,282.259
237.984,282.505
236.538,282.635
233.676,282.852
230.741,283.153
227.889,283.424
225.044,283.721
222.141,283.98
221.845,287.951
218.866,288.167
215.891,288.342
212.794,288.487
209.848,288.715
206.783,288.867
205.219,288.98
202.189,289.204
199.22,289.483
196.025,289.55
193.08,289.828
189.846,289.973
186.973,290.405
185.461,290.505
182.312,290.757
179.24,290.978
175.988,291.115
172.969,291.474
170.028,291.834
166.842,292.086
164.769,291.845
161.488,291.946
158.617,292.534
155.477,292.732
151.985,292.818
148.443,292.777
145.137,293.096
143.713,293.353
140.508,293.693
137.914,294.357
134.618,294.654
131.215,294.837
127.818,295.088
124.516,295.341
121.242,294.35
119.003,295.405
116.739,296.465
113.317,296.702
107.212,295.158
106.134,297.098
104.559,297.326
100.288,296.996
96.6444,297.199
92.98,297.334
89.6113,297.728
86.019,297.973
84.3157,298.144
80.9871,298.656
77.3522,298.827
73.4848,298.956
70.1973,299.475
66.3032,299.601
63.0217,300.148
61.0391,300.13
57.6491,300.655
53.9856,300.959
50.1804,301.295
46.6888,301.708
42.9791,302.016
39.1917,302.328
37.4275,302.624
33.9151,303.065
30.147,303.36
31.7585,306.968
28.134,307.36
24.3342,307.784
20.5082,308.13
18.7223,308.39
14.8327,308.703
11.064,309.138
7.2138,309.494
3.33329,309.923
-0.571578,310.302
-4.44827,310.718
-6.36808,310.887
-10.4011,311.29
-14.3409,311.749
-18.2815,312.138
-22.3545,312.556
-26.3906,313.005
-28.3684,313.212
-32.5049,313.622
-36.5607,314.025
-40.6247,314.506
-44.8325,314.924
-48.9085,315.358
-53.168,315.784
-55.2468,316.069
-59.4338,316.478
-63.7233,316.949
-68.0022,317.369
-72.273,317.821
-76.606,318.329
-80.9516,318.805
-83.0943,319.044
-87.5288,319.5
-91.8751,320.016
-96.3571,320.526
-100.794,320.97
-105.243,321.482
-107.474,321.759
-112.04,322.233
-116.516,322.752
-121.196,323.329
-125.821,323.828
-130.415,324.384
-135.107,324.837
-137.529,325.126
-142.26,325.664
-146.988,326.175
-151.771,326.787
-156.658,327.304
-161.472,327.904
-166.399,328.411
-168.82,328.688
-173.763,329.215
-178.811,329.811
-183.706,330.406
-188.859,330.996
-193.926,331.552
-198.982,332.219
-201.534,332.494
-206.821,333.126
-211.885,333.7
-217.151,334.354
-222.59,334.937
-227.762,335.63
-233.072,336.236
-235.862,336.557
-241.171,337.221
-246.696,337.828
-252.126,338.481
-257.62,339.18
-263.198,339.857
-268.847,340.588
-271.685,340.854
-277.355,341.593
-283.045,342.29
-288.827,342.983
-294.619,343.685
-300.546,344.437
-303.462,344.783
-309.43,345.528
-315.392,346.229
-321.449,347.031
-327.499,347.75
-333.682,348.533
-339.902,349.263
-342.976,349.698
-349.313,350.477
-355.616,351.232
-362.007,352.072
-368.425,352.797
-374.983,353.62
-381.502,354.448
-384.836,354.912
-391.444,355.707
-398.078,356.534
-405.018,357.382
-411.642,358.203
-418.592,359.108
-422.136,359.557
-429.135,360.392
-436.113,361.295
-443.337,362.161
-450.499,363.115
-457.786,364.061
-465.047,364.972
-468.541,365.494
-476.145,366.345
-483.636,367.323
-491.101,368.354
-498.813,369.348
-506.402,370.252
-514.197,371.33
-518.135,371.897
-525.881,372.89
-533.955,373.914
-542.035,374.976
-550.167,376.016
-558.354,377.163
-566.566,378.245
-570.627,378.79
-579.026,379.846
-587.518,381.001
-596.088,382.147
-604.919,383.312
-613.671,384.461
-622.665,385.649
-626.965,386.298
-636.104,387.483
-645.251,388.63
-654.487,389.902
-663.633,391.176
-673.356,392.351
-682.718,393.705
-687.648,394.38
-697.287,395.602
-707.276,396.96
-717.234,398.284
-727.251,399.607
-737.484,400.946
-748.023,402.365
-753.004,403.063
-763.634,404.484
-774.222,405.927
-785.002,407.443
-796.128,408.862
-807.028,410.35
-812.618,411.149
-824.017,412.675
-835.313,414.12
-846.952,415.777
-858.579,417.341
-870.193,418.999
-882.523,420.657
-888.222,421.501
-900.455,423.114
-913.016,424.9
-925.262,426.559
-938.121,428.393
-950.915,430.206
-963.716,431.96
-969.893,432.956
-983.284,434.85
-997.179,436.624
-1010.86,438.535
-1025.16,440.448
-1039.63,442.317
-1054.2,444.301
-1061.8,445.331
-1076.75,447.327
-1091.82,449.351
-1107.46,451.424
-1123.21,453.617
-1139.13,455.719
-1155.35,457.959
-1163.35,459.032
-1180.14,461.256
-1196.95,463.56
-1213.82,465.797
-1231.23,468.167
-1248.97,470.583
-1258.02,471.841
-1276.26,474.244
-1294.6,476.852
-1313.35,479.379
-1332.01,482.046
-1350.85,484.693
-1370.88,487.487
-1380.2,488.843
-1399.93,491.744
1729.89,331.188
1725.88,330.924
1717.79,330.104
1710.03,329.394
1702.19,328.624
1694.77,327.986
1687.05,327.241
1679.35,326.683
1675.63,326.206
1668.13,325.625
1660.85,324.882
1653.29,324.349
1646.16,323.696
1639.02,323.018
1635.44,322.622
1628.34,322.063
1621.54,321.412
1614.29,320.729
1607.4,320.187
1600.72,319.525
1594.01,319.037
1590.61,318.72
1583.83,318.125
1577.5,317.568
1570.78,317.017
1564.32,316.413
1557.86,315.786
1551.39,315.28
1548.32,315.112
1541.95,314.422
1535.8,313.99
1529.39,313.393
1523.42,312.928
1517.33,312.358
1511.14,311.957
1508.31,311.654
1502.25,311.065
1496.19,310.685
1490.34,310.16
1484.54,309.662
1478.82,309.113
1475.95,308.947
1470.21,308.432
1464.57,307.947
1458.92,307.542
1453.25,307.067
1447.69,306.545
1442.27,306.124
1439.4,305.945
1434.04,305.528
1428.64,305.12
1423.32,304.662
1417.81,304.267
1412.61,303.841
1407.25,303.458
1404.62,303.307
1399.48,302.767
1394.4,302.48
1389.28,302.124
1384.02,301.619
1379.03,301.242
1376.57,301.03
1371.61,300.602
1366.73,300.276
1361.75,299.825
1356.97,299.474
1352.05,299.093
1347.21,298.685
1344.89,298.515
1340.1,298.175
1335.47,297.784
1330.61,297.437
1326.04,296.999
1321.36,296.667
1316.71,296.347
1314.57,296.211
1309.86,295.804
1305.39,295.518
1300.85,295.155
1296.44,294.761
1292.05,294.521
1289.73,294.27
1285.23,294.041
1280.92,293.635
1276.51,293.392
1272.05,293.064
1267.78,292.781
1263.55,292.52
1261.39,292.333
1257.1,292.076
1252.9,291.807
1248.67,291.554
1244.45,291.253
1240.32,290.921
1238.19,290.831
1234.07,290.557
1230.03,290.298
1225.92,290.043
1221.94,289.683
1217.91,289.5
1213.82,289.217
1211.84,289.034
1207.91,288.737
1203.9,288.505
1200.1,288.246
1196.17,288.001
1192.29,287.744
1188.44,287.488
1186.39,287.344
1182.62,287.123
1178.89,286.919
1175.02,286.669
1171.3,286.368
1167.48,286.121
1163.73,285.873
1161.89,285.8
1158.21,285.52
1154.55,285.293
1150.81,285.035
1147.29,284.908
1143.57,284.703
1141.81,284.496
1138.23,284.309
1134.64,284.047
1131.06,283.798
1127.46,283.686
1123.92,283.467
1120.36,283.289
1118.62,283.107
1115.09,283.015
1111.64,282.751
1108.17,282.587
1104.7,282.38
1101.25,282.223
1097.9,281.993
1096.18,281.871
1092.75,281.732
1089.48,281.528
1086.03,281.328
1082.69,281.177
1079.31,280.909
1077.69,280.863
1074.37,280.693
1071.13,280.463
1067.78,280.312
1064.5,280.203
1061.26,279.948
1057.98,279.855
1056.37,279.833
1053.09,279.56
1049.87,279.469
1046.72,279.253
1043.5,279.058
1040.42,278.941
1037.18,278.764
1035.63,278.667
1032.51,278.489
1029.4,278.424
1026.25,278.234
1023.11,278.067
1020,277.962
1018.49,277.927
1015.3,277.855
1012.23,277.822
1009.06,277.779
1006,277.627
1002.93,277.632
999.896,277.557
998.324,277.577
995.282,277.529
992.227,277.386
989.201,277.362
986.216,277.279
983.224,277.268
980.18,277.215
978.68,277.296
975.798,277.178
972.798,277.165
969.875,276.97
966.885,276.959
963.972,276.961
961.105,276.796
959.618,276.781
956.711,276.779
953.863,276.671
951.037,276.552
948.225,276.407
945.372,276.339
943.965,276.225
941.119,276.202
938.331,276.143
935.561,275.986
932.698,275.874
929.92,275.805
927.169,275.656
925.803,275.598
923.057,275.501
920.307,275.374
917.575,275.351
914.791,275.234
912.114,275.12
910.692,275.061
908.031,274.999
905.252,274.893
902.624,274.81
899.903,274.697
897.243,274.646
894.557,274.553
893.179,274.477
890.55,274.427
887.861,274.316
885.195,274.266
882.555,274.155
879.914,274.107
877.325,274.027
875.959,273.92
873.393,273.872
870.69,273.795
868.153,273.747
865.481,273.639
862.934,273.592
860.342,273.525
859.016,273.504
856.454,273.424
853.86,273.349
851.337,273.324
848.724,273.248
846.209,273.151
843.601,273.068
842.351,273.034
839.81,272.975
837.273,272.904
834.773,272.85
832.184,272.807
829.641,272.765
828.429,272.702
825.891,272.679
823.387,272.583
820.883,272.543
818.382,272.519
815.875,272.499
813.419,272.456
812.127,272.386
809.642,272.324
807.165,272.333
804.676,272.259
802.253,272.216
799.757,272.169
798.54,272.158
796.077,272.119
793.652,272.096
791.198,272.054
788.7,272.023
786.305,271.965
783.825,271.941
782.601,271.943
780.215,271.937
777.765,271.862
775.331,271.827
772.947,271.765
770.5,271.749
768.065,271.733
766.887,271.765
764.49,271.708
762.085,271.692
759.652,271.675
757.305,271.636
754.886,271.665
752.482,271.597
751.333,271.639
748.928,271.588
746.551,271.571
744.154,271.563
741.804,271.51
739.399,271.523
738.228,271.526
735.835,271.474
733.477,271.504
731.13,271.458
728.769,271.447
726.413,271.44
724.084,271.39
722.887,271.459
720.508,271.402
718.229,271.423
715.84,271.425
713.529,271.423
711.172,271.396
709.982,271.507
707.648,271.538
705.37,271.519
703.016,271.491
700.649,271.455
698.33,271.406
695.995,271.3
694.888,271.307
692.56,271.222
690.239,271.236
687.873,271.234
685.55,271.2
683.276,271.248
680.957,271.214
679.778,271.176
677.469,271.229
675.153,271.217
672.884,271.187
670.567,271.239
668.273,271.262
667.105,271.229
664.81,271.22
662.481,271.225
660.164,271.246
657.892,271.233
655.596,271.217
653.311,271.242
652.153,271.256
649.857,271.312
647.539,271.325
645.236,271.308
642.97,271.35
640.694,271.337
638.351,271.346
637.234,271.347
634.927,271.377
632.669,271.378
630.367,271.402
628.092,271.424
625.781,271.446
623.526,271.432
622.32,271.444
620.043,271.477
617.76,271.525
615.516,271.498
613.191,271.549
610.901,271.584
608.649,271.651
607.492,271.674
605.191,271.646
602.882,271.663
601.289,279.724
598.997,279.716
596.717,279.763
594.42,279.766
593.296,279.783
590.966,279.849
588.708,279.873
586.437,279.921
584.137,279.932
581.823,280.004
579.542,280.053
578.399,280.055
576.102,280.115
573.792,280.146
571.52,280.185
569.172,280.255
566.868,280.256
564.589,280.298
563.452,280.341
561.135,280.362
558.846,280.439
556.548,280.489
554.239,280.559
551.918,280.581
550.776,280.657
548.491,280.684
546.208,280.756
543.891,280.809
541.544,280.879
539.247,280.924
536.951,280.981
535.812,280.999
533.476,281.044
531.15,281.105
528.809,281.186
526.549,281.224
524.179,281.289
523.009,281.318
520.74,281.402
518.388,281.461
516.101,281.542
513.712,281.617
511.377,281.693
509.05,281.731
507.916,281.771
505.607,281.857
503.234,281.954
500.933,281.967
498.54,282.071
496.246,282.142
493.838,282.242
492.719,282.261
490.368,282.368
487.991,282.465
485.663,282.542
483.261,282.636
480.889,282.69
478.553,282.757
477.346,282.826
475.032,282.942
472.648,282.996
470.253,283.088
467.861,283.232
465.498,283.3
464.32,283.347
461.933,283.409
459.56,283.533
457.195,283.639
454.826,283.697
452.401,283.894
450.029,283.946
448.791,283.983
446.426,284.124
444.002,284.284
441.639,284.358
439.188,284.464
436.781,284.576
434.361,284.712
433.181,284.801
430.732,284.85
428.336,284.956
425.903,285.141
423.415,285.244
420.998,285.351
418.53,285.419
417.342,285.47
414.882,285.624
412.456,285.749
409.976,285.847
407.493,285.995
405.007,286.101
403.814,286.134
401.308,286.271
398.785,286.362
395.387,285.148
392.811,285.098
390.143,285.107
387.582,285.098
386.151,285.01
383.572,285.021
380.926,285.006
378.27,285.019
375.565,284.906
373.11,285.154
371.829,285.183
369.125,285.269
366.539,285.324
363.968,285.426
361.306,285.59
358.742,285.688
356.133,285.769
354.807,285.847
352.16,285.929
349.51,285.987
346.917,286.137
344.267,286.326
341.691,286.428
339.044,286.67
337.748,286.702
335.062,286.879
332.426,287.055
329.76,287.225
327.129,287.353
324.449,287.521
321.86,287.735
320.516,287.856
317.784,287.965
315.107,288.187
312.445,288.381
309.748,288.557
307.074,288.711
305.726,288.874
303.075,289.065
300.33,289.273
297.599,289.399
294.906,289.622
292.144,289.838
289.365,290.047
288.049,290.118
285.283,290.356
282.51,290.507
279.725,290.754
276.952,290.964
274.131,291.158
271.356,291.368
270.016,291.474
267.141,291.686
264.425,291.914
261.52,292.13
258.805,292.43
255.921,292.617
254.549,292.773
251.673,293.026
248.898,293.247
246.016,293.419
243.153,293.742
240.223,293.971
237.373,294.196
235.973,294.331
233.071,294.661
230.17,294.861
227.335,295.08
224.426,295.431
221.507,295.649
221.46,298.168
219.904,298.179
216.836,298.425
213.867,298.549
210.802,298.799
207.73,298.942
204.629,299.155
201.535,299.303
199.944,299.432
196.808,299.639
193.705,299.776
190.587,300.029
187.497,300.269
184.389,300.496
182.785,300.59
179.639,300.864
176.486,301.095
173.377,301.328
170.198,301.661
167.097,301.851
163.877,302.11
162.306,302.257
158.976,302.441
155.563,302.549
152.541,302.952
149.12,303.2
145.855,303.482
144.21,303.53
140.894,303.911
137.56,304.113
134.386,304.477
131.47,304.977
128.156,305.286
124.821,305.61
123.158,305.744
119.538,305.86
115.896,306.075
112.436,306.243
109.256,306.708
105.856,306.996
102.39,307.347
100.927,307.606
97.3301,307.935
94.0376,308.305
89.9743,308.364
87.0264,308.964
83.5656,309.342
77.6333,308.298
75.6915,308.465
72.7433,309.073
68.2722,308.94
64.9432,309.443
61.4864,309.862
57.7798,310.234
54.2156,310.657
55.1892,312.28
51.7374,312.681
47.3903,312.728
43.4483,312.958
40.2966,313.614
36.92,314.209
35.066,314.453
26.9165,312.666
23.0994,313.041
19.2371,313.489
15.5389,313.952
11.6821,314.4
13.7309,316.335
9.42337,316.504
4.5548,316.49
1.56418,317.404
-1.75762,318.06
-5.76978,318.415
-9.43832,318.934
-11.806,318.977
-11.6973,321.235
-15.6361,321.679
-19.6778,322.088
-23.7112,322.589
-27.7299,323.036
-31.758,323.505
-33.9377,323.715
-37.9534,324.154
-42.0871,324.658
-52.944,322.326
-57.2979,322.746
-61.6488,323.185
-65.3154,323.893
-60.9271,326.744
-77.7296,324.5
-82.1162,324.961
-78.1915,328.723
-90.8754,326.009
-95.295,326.543
-97.5787,326.847
-101.357,327.532
-106.107,327.913
-110.651,328.45
-107.048,332.001
-111.497,332.568
-113.884,332.841
-118.454,333.364
-123.062,333.896
-127.772,334.464
-132.403,335.067
-137.1,335.612
-141.848,336.148
-144.214,336.421
-148.991,337.012
-153.948,337.604
-158.751,338.215
-163.594,338.759
-168.575,339.347
-173.48,339.974
-175.99,340.253
-180.934,340.903
-185.924,341.528
-191.066,342.101
-196.186,342.759
-201.329,343.351
-203.928,343.679
-209.163,344.368
-214.281,344.986
-219.652,345.611
-224.871,346.299
-230.256,346.929
-235.681,347.676
-238.346,348.006
-243.854,348.696
-249.378,349.314
-254.896,350.067
-260.419,350.695
-266.102,351.465
-271.762,352.181
-274.663,352.549
-280.334,353.24
-286.157,354.035
-292.063,354.797
-297.871,355.545
-303.83,356.255
-309.71,356.979
-312.792,357.379
-318.693,358.183
-324.893,358.971
-330.912,359.819
-337.211,360.614
-343.312,361.448
-349.563,362.175
-352.693,362.605
-359.133,363.517
-365.512,364.363
-372.123,365.214
-378.539,366.042
-385.154,366.903
-391.873,367.77
-395.179,368.217
-401.925,369.118
-408.746,370.023
-415.603,370.964
-422.366,371.871
-429.41,372.879
-432.881,373.333
-439.963,374.271
-447.016,375.252
-454.404,376.168
-461.749,377.271
-468.998,378.211
-476.5,379.259
-480.203,379.698
-487.671,380.698
-495.242,381.84
-502.863,382.766
-510.726,383.906
-518.589,384.918
-526.528,386.037
-530.467,386.646
-538.385,387.694
-546.654,388.851
-554.823,389.961
-563.122,391.094
-571.608,392.24
-575.694,392.87
-584.225,393.967
-592.975,395.187
-601.488,396.397
-610.242,397.668
-619.16,398.873
-628.304,400.171
-632.781,400.792
-641.889,402.06
-651.165,403.354
-660.478,404.613
-669.947,406.011
-679.533,407.331
-689.085,408.738
-693.947,409.359
-703.703,410.72
-713.682,412.176
-723.695,413.556
-733.929,415.069
-744.228,416.575
-754.53,417.953
-759.692,418.755
-770.551,420.249
-781.156,421.835
-791.868,423.398
-803.162,425.015
-814.097,426.484
-825.495,428.183
-830.983,428.993
-842.454,430.627
-854.129,432.364
-865.888,434.037
-877.893,435.808
-889.828,437.598
-902.18,439.37
-908.17,440.278
-920.821,442.11
-933.309,443.934
-946.346,445.785
-959.435,447.735
-972.459,449.591
-986.122,451.648
-992.713,452.613
-1006.31,454.655
-1020.19,456.673
-1034.28,458.739
-1048.71,460.925
-1062.97,463.019
-1070.59,464.168
-1085.14,466.32
-1100.65,468.565
-1115.79,470.846
-1131.23,473.093
-1147.11,475.462
-1163.14,477.775
-1171.19,479.104
-1187.58,481.408
-1204.3,484.011
-1221.27,486.449
-1238.47,488.981
-1255.96,491.675
-1273.86,494.368
-1282.8,495.587
1617.17,336.435
1610.26,335.862
1603.51,335.195
1596.64,334.416
1593.22,334.19
1586.4,333.505
1579.65,332.828
1572.97,332.302
1566.5,331.678
1560,330.997
1553.63,330.327
1550.36,330.085
1544.02,329.433
1537.74,328.928
1531.52,328.33
1525.46,327.704
1519.4,327.093
1516.53,326.83
1510.33,326.151
1504.43,325.625
1498.65,325.026
1492.62,324.448
1486.75,323.994
1480.85,323.427
1478.12,323.081
1472.55,322.53
1466.81,322.045
1461.19,321.518
1455.46,320.969
1449.91,320.448
1444.32,319.951
1441.6,319.648
1436.26,319.213
1430.76,318.698
1425.42,318.236
1419.92,317.787
1414.59,317.275
1409.47,316.793
1406.84,316.605
1401.53,316.133
1396.44,315.707
1391.17,315.251
1386.15,314.804
1381.12,314.292
1378.58,314.073
1373.56,313.614
1368.54,313.205
1363.53,312.787
1358.75,312.386
1353.85,311.937
1348.93,311.537
1346.59,311.361
1341.76,310.967
1337.05,310.548
1332.08,310.206
1327.51,309.724
1322.77,309.438
1318.11,308.937
1315.78,308.869
1311.28,308.371
1306.58,308.074
1302.13,307.724
1297.41,307.34
1293.02,306.9
1290.71,306.82
1286.34,306.405
1281.97,306.027
1277.63,305.686
1273.24,305.318
1268.97,305.029
1264.56,304.635
1262.47,304.535
1258.23,304.214
1253.93,303.772
1249.72,303.522
1245.6,303.141
1241.4,302.868
1237.29,302.453
1235.14,302.369
1231.01,301.999
1226.92,301.689
1222.88,301.451
1218.85,301.066
1214.9,300.802
1212.87,300.647
1208.85,300.318
1204.88,300.018
1200.95,299.731
1197.02,299.52
1193.19,299.154
1189.31,298.871
1187.38,298.723
1183.54,298.53
1179.72,298.231
1175.77,297.884
1172.02,297.676
1168.28,297.38
1166.38,297.299
1162.62,297.056
1158.87,296.706
1155.16,296.487
1151.48,296.269
1147.83,295.951
1144.17,295.756
1142.26,295.596
1138.75,295.358
1135.16,295.102
1131.53,294.875
1127.99,294.65
1124.45,294.358
1120.9,294.166
1119.13,294.086
1115.58,293.78
1112.07,293.635
1108.6,293.361
1105.17,293.149
1101.74,292.908
1098.3,292.687
1096.5,292.543
1093.19,292.375
1089.79,292.103
1086.36,291.9
1082.96,291.75
1079.67,291.545
1077.96,291.412
1074.7,291.261
1071.37,291.012
1067.93,290.878
1064.63,290.706
1061.29,290.56
1057.96,290.395
1056.23,290.405
1052.89,290.229
1049.58,290.07
1046.38,289.929
1043.09,289.824
1039.82,289.686
1036.54,289.506
1034.94,289.461
1031.71,289.422
1028.53,289.201
1025.32,289.104
1022.15,289.009
1018.88,288.917
1017.33,288.804
1014.26,288.606
1011.18,288.531
1007.95,288.374
1004.85,288.29
1001.86,288.185
998.792,287.969
997.296,287.928
994.325,287.743
991.144,287.69
988.105,287.595
985.143,287.457
982.226,287.261
979.177,287.178
977.799,287.058
974.81,286.954
971.958,286.736
969.098,286.633
966.29,286.395
963.385,286.192
961.817,286.251
958.841,286.131
955.977,286.024
953.088,285.937
950.292,285.817
947.449,285.649
944.565,285.551
943.187,285.411
940.408,285.287
937.588,285.2
934.738,285.045
932.03,284.92
929.16,284.824
926.459,284.708
925.042,284.653
922.2,284.561
919.503,284.409
916.765,284.33
913.949,284.211
911.264,284.073
908.532,283.932
907.146,283.904
904.525,283.736
901.835,283.623
899.09,283.571
896.387,283.476
893.735,283.367
892.379,283.357
889.684,283.19
886.964,283.143
884.333,283.025
881.728,282.917
879.007,282.824
876.398,282.723
875.093,282.734
872.476,282.641
869.771,282.536
867.185,282.438
864.588,282.31
861.996,282.302
860.645,282.218
858.125,282.132
855.519,282.084
852.911,281.958
850.285,281.881
847.748,281.843
845.209,281.736
843.898,281.695
841.372,281.63
838.829,281.553
836.246,281.495
833.671,281.431
831.152,281.39
828.62,281.302
827.393,281.238
824.837,281.168
822.325,281.082
819.841,281.043
817.336,281.026
814.792,280.912
812.325,280.867
811.07,280.816
808.618,280.772
806.059,280.711
803.603,280.66
801.155,280.61
798.624,280.546
796.165,280.489
794.964,280.47
792.477,280.466
790.018,280.38
787.593,280.349
785.13,280.286
782.666,280.208
781.473,280.228
779.041,280.205
776.596,280.128
774.13,280.117
771.698,280.04
769.319,280.039
766.896,279.971
765.637,279.995
763.237,279.9
760.841,279.926
758.435,279.868
756.042,279.864
753.626,279.833
752.465,279.832
750.02,279.739
747.633,279.743
745.24,279.684
742.919,279.638
740.492,279.664
738.106,279.629
736.935,279.65
734.573,279.626
732.165,279.587
729.796,279.568
727.415,279.558
725.04,279.519
722.703,279.547
721.541,279.523
719.158,279.532
716.835,279.548
714.407,279.545
712.101,279.552
709.74,279.517
707.456,279.484
706.234,279.457
703.924,279.469
701.605,279.415
699.237,279.393
696.959,279.415
694.625,279.361
693.438,279.34
691.124,279.317
688.792,279.306
686.441,279.288
684.135,279.286
681.862,279.276
679.536,279.266
678.368,279.302
676.022,279.298
673.683,279.295
671.398,279.298
669.082,279.26
666.76,279.309
665.622,279.3
663.317,279.283
660.996,279.27
658.673,279.305
656.389,279.328
654.086,279.318
651.77,279.347
650.635,279.314
648.326,279.353
646.035,279.363
643.73,279.306
641.453,279.356
639.168,279.386
636.823,279.378
635.742,279.344
633.379,279.355
631.085,279.424
628.839,279.417
626.539,279.407
624.222,279.434
623.12,279.479
620.818,279.488
618.467,279.479
616.181,279.509
613.893,279.578
611.607,279.588
609.323,279.579
608.214,279.622
605.862,279.635
603.575,279.674
602.156,286.392
600.987,286.367
598.705,286.388
596.421,286.396
594.093,286.493
591.808,286.489
589.523,286.526
588.356,286.569
586.102,286.62
583.762,286.616
581.459,286.648
579.214,286.698
576.894,286.773
574.566,286.8
573.421,286.859
571.106,286.86
568.832,286.901
566.546,286.977
564.267,287.029
561.935,287.099
560.758,287.125
558.477,287.178
556.141,287.186
553.828,287.234
551.566,287.314
549.219,287.345
546.906,287.455
545.749,287.426
543.471,287.519
541.145,287.556
538.795,287.628
536.545,287.706
534.199,287.734
531.909,287.808
530.692,287.808
528.377,287.884
526.101,287.962
523.741,288.036
521.45,288.096
519.056,288.136
516.744,288.227
515.588,288.244
513.279,288.353
510.963,288.425
508.573,288.505
506.258,288.572
503.944,288.66
502.769,288.671
500.402,288.786
498.037,288.879
495.707,288.943
493.349,289.025
490.961,289.059
488.604,289.128
487.422,289.215
485.099,289.327
482.748,289.393
480.335,289.498
478.004,289.541
475.646,289.681
473.295,289.716
472.046,289.763
469.683,289.889
467.296,289.983
464.943,290.081
462.477,290.157
460.162,290.298
457.748,290.373
456.575,290.44
454.198,290.522
451.722,290.619
449.34,290.744
446.938,290.867
444.614,290.988
443.419,291.089
441.027,291.216
438.564,291.312
436.163,291.466
433.701,291.534
431.327,291.698
428.868,291.841
427.703,291.853
425.278,292.02
422.834,292.103
420.359,292.241
417.912,292.327
415.442,292.498
414.238,292.572
411.766,292.65
409.247,292.829
406.814,292.909
404.328,293.063
401.869,293.232
399.36,293.361
398.127,293.36
395.637,293.512
393.095,293.632
389.155,292.55
386.507,292.534
383.858,292.557
381.188,292.619
379.756,292.509
377.07,292.564
374.401,292.634
371.91,292.759
369.327,292.922
366.585,293.007
364.003,293.083
362.638,293.105
360.02,293.276
357.388,293.377
354.734,293.509
352.123,293.632
349.506,293.733
348.188,293.855
345.62,293.947
342.96,294.188
340.355,294.346
337.682,294.519
335.006,294.635
332.4,294.855
331.056,294.922
328.475,295.134
325.815,295.3
323.218,295.444
320.539,295.64
317.794,295.882
315.106,296.078
313.84,296.094
311.13,296.359
308.393,296.469
305.718,296.715
303.069,296.912
300.236,297.077
298.91,297.176
296.196,297.409
293.488,297.606
290.799,297.868
288.017,298.018
285.334,298.265
282.488,298.449
281.203,298.613
278.423,298.861
275.571,299.045
272.928,299.29
270.153,299.553
267.393,299.703
264.57,299.968
263.144,300.067
260.365,300.346
257.53,300.64
254.712,300.806
251.941,301.052
249.025,301.319
246.265,301.56
244.876,301.717
242.081,302.008
239.17,302.275
236.341,302.586
233.517,302.796
230.777,303.229
229.913,303.643
227.157,304.01
226.346,305.327
223.561,305.738
220.626,305.959
217.601,306.171
214.695,306.461
213.186,306.568
210.206,306.816
207.212,307.065
204.141,307.347
201.029,307.555
197.848,307.722
196.245,307.828
193.111,308.012
189.836,308.222
186.702,308.485
183.534,308.733
180.338,308.962
177.12,309.162
175.459,309.245
172.143,309.473
168.898,309.679
165.65,309.943
162.365,310.179
159.152,310.477
155.935,310.743
154.363,310.897
151.072,311.192
147.755,311.447
144.462,311.686
141.037,312.015
137.785,312.272
134.439,312.62
132.896,312.718
129.613,313.048
126.184,313.365
122.689,313.695
119.226,313.942
115.925,314.299
112.533,314.574
110.858,314.785
107.192,314.968
103.601,315.324
99.7305,315.403
96.0987,315.776
91.7229,315.68
90.2147,315.922
86.6638,316.32
83.1919,316.64
79.6702,317.019
75.7969,317.22
72.5629,317.745
70.8334,317.938
67.0811,318.271
63.8659,318.802
59.8366,318.986
56.329,319.489
53.7282,320.221
49.3924,320.353
48.4362,320.851
42.2197,320.306
38.7225,320.749
34.823,321.199
31.0289,321.557
27.2273,321.959
23.466,322.367
21.3457,322.486
17.4983,322.889
16.1552,324.254
13.2473,324.943
9.41053,325.361
0.608022,324.177
-3.29353,324.676
-4.58971,325.014
-4.37017,326.817
-8.62465,327.278
-12.5149,327.705
-16.4475,328.094
-20.3081,328.676
-24.5804,329.062
-25.9953,329.512
-29.719,330.049
-33.3598,330.703
-33.5205,332.353
-37.5847,332.845
-41.5861,333.344
-43.7921,333.623
-47.9502,334.062
-58.7607,332.63
-63.1736,333.128
-67.4228,333.612
-72.1761,334.06
-76.8332,334.486
-78.5121,334.843
-83.1638,335.304
-87.5575,335.876
-91.4732,336.457
-96.1089,336.977
-101.383,337.326
-97.5391,340.112
-99.667,340.345
-104.297,340.976
-108.761,341.506
-113.254,342.016
-117.943,342.667
-122.465,343.224
-124.734,343.514
-129.469,344.056
-134.163,344.695
-138.86,345.21
-143.665,345.786
-148.489,346.433
-153.324,347.062
-155.664,347.361
-160.511,347.949
-165.473,348.565
-170.465,349.21
-175.342,349.843
-180.403,350.422
-185.413,351.136
-187.869,351.429
-193.12,352.063
-198.251,352.768
-203.31,353.46
-208.551,354.047
-213.732,354.729
-219.053,355.482
-221.784,355.809
-227.144,356.488
-232.473,357.212
-237.919,357.961
-243.338,358.64
-248.893,359.389
-254.347,360.13
-257.056,360.487
-262.69,361.204
-268.417,361.979
-274.064,362.754
-279.879,363.458
-285.412,364.269
-291.378,365.061
-294.273,365.432
-300.045,366.226
-306.122,367.032
-312.081,367.918
-318.164,368.705
-324.116,369.569
-327.212,369.905
-333.412,370.835
-339.581,371.692
-345.937,372.537
-352.11,373.372
-358.466,374.219
-364.974,375.166
-368.165,375.538
-374.748,376.485
-381.145,377.35
-387.883,378.317
-394.588,379.234
-401.454,380.159
-408.154,381.088
-411.499,381.576
-418.561,382.588
-425.468,383.606
-432.507,384.592
-439.51,385.513
-446.657,386.515
-450.202,387.079
-457.541,388.156
-464.815,389.137
-472.091,390.245
-479.517,391.284
-487.088,392.394
-494.502,393.494
-498.514,394.035
-506.318,395.155
-514.25,396.19
-522.114,397.394
-529.956,398.443
-538.128,399.69
-546.175,400.813
-550.125,401.509
-558.168,402.661
-566.535,403.895
-574.845,405.147
-583.218,406.386
-591.762,407.658
-600.642,408.912
-604.798,409.489
-613.668,410.859
-622.389,412.107
-631.479,413.505
-640.696,414.82
-649.871,416.144
-659.026,417.562
-663.857,418.307
-673.225,419.66
-682.729,421.145
-692.517,422.526
-702.421,423.998
-712.253,425.482
-722.372,427.033
-727.16,427.767
-737.41,429.294
-747.944,430.88
-758.218,432.349
-768.835,434.007
-779.636,435.561
-790.452,437.174
-795.932,438.085
-806.801,439.796
-818.054,441.376
-829.557,443.179
-840.929,444.871
-852.723,446.73
-858.367,447.516
-870.237,449.406
-882.359,451.173
-894.584,453.136
-906.965,455.033
-919.437,456.877
-932.254,458.821
-938.325,459.858
-951.501,461.837
-964.34,463.868
-977.77,465.843
-991.243,467.981
-1004.83,470.088
-1018.79,472.211
-1025.83,473.365
-1039.75,475.525
-1054.06,477.748
-1068.58,480.031
-1083.36,482.282
-1098.56,484.627
1547.41,340.551
1540.8,339.816
1537.9,339.441
1531.63,338.937
1525.29,338.292
1519.19,337.568
1513.15,337.035
1506.99,336.41
1500.99,335.856
1498.16,335.581
1492.1,334.892
1486.31,334.257
1480.59,333.678
1474.89,333.22
1469.14,332.535
1466.24,332.352
1460.57,331.682
1454.99,331.223
1449.37,330.552
1443.91,330.063
1438.54,329.508
1432.96,329.01
1430.16,328.661
1424.95,328.163
1419.5,327.658
1414.17,327.162
1408.8,326.684
1403.73,326.175
1398.42,325.753
1395.84,325.407
1390.83,324.953
1385.52,324.494
1380.46,324.021
1375.49,323.566
1370.38,323.103
1368.12,322.868
1363.02,322.351
1358.17,321.86
1353.37,321.523
1348.51,321.072
1343.66,320.64
1338.85,320.212
1336.48,319.945
1331.68,319.603
1326.97,319.129
1322.32,318.704
1317.67,318.338
1313.07,317.882
1308.5,317.419
1306.11,317.239
1301.58,316.852
1297.08,316.407
1292.61,316.018
1288.19,315.624
1283.78,315.338
1281.5,315.078
1277.08,314.656
1272.84,314.353
1268.45,313.922
1264.18,313.594
1259.91,313.223
1255.72,312.808
1253.45,312.699
1249.39,312.337
1245.16,311.947
1240.94,311.609
1236.82,311.249
1232.75,310.963
1230.56,310.773
1226.44,310.421
1222.43,310.164
1218.33,309.768
1214.28,309.468
1210.39,309.192
1206.36,308.852
1204.36,308.668
1200.51,308.374
1196.56,308.011
1192.66,307.795
1188.81,307.387
1184.87,307.156
1180.99,306.821
1179.19,306.672
1175.35,306.433
1171.44,306.068
1167.75,305.835
1163.96,305.517
1160.23,305.266
1156.58,304.942
1154.69,304.895
1150.96,304.579
1147.34,304.312
1143.6,304.07
1140.02,303.806
1136.36,303.545
1134.64,303.332
1130.98,303.122
1127.5,302.899
1123.88,302.555
1120.32,302.335
1116.77,302.082
1113.38,301.843
1111.63,301.691
1108.01,301.459
1104.53,301.319
1101.04,301.051
1097.57,300.881
1094.13,300.654
1090.62,300.536
1088.8,300.475
1085.43,300.31
1081.98,300.086
1078.59,299.928
1075.22,299.745
1071.85,299.592
1070.09,299.484
1066.77,299.344
1063.5,299.197
1060.07,299
1056.81,298.794
1053.55,298.707
1050.29,298.543
1048.55,298.492
1045.4,298.313
1042.08,298.211
1038.95,297.904
1035.75,297.81
1032.49,297.635
1029.46,297.484
1027.86,297.368
1024.82,297.144
1021.66,296.956
1018.46,296.899
1015.3,296.713
1012.25,296.506
1010.73,296.408
1007.67,296.19
1004.63,296.117
1001.57,295.887
998.609,295.771
995.616,295.569
992.568,295.408
991.025,295.379
988.121,295.223
985.05,294.994
982.075,294.882
979.179,294.666
976.23,294.524
973.335,294.363
971.904,294.316
968.895,294.174
966.022,293.984
963.115,293.868
960.265,293.683
957.377,293.507
954.505,293.42
953.071,293.277
950.297,293.135
947.339,293.061
944.537,292.908
941.736,292.698
938.975,292.486
937.627,292.431
934.711,292.381
931.918,292.292
929.125,292.166
926.325,292.042
923.544,291.891
920.855,291.726
919.445,291.671
916.703,291.536
913.963,291.47
911.213,291.294
908.485,291.174
905.756,291.082
904.412,291.001
901.724,290.938
899.035,290.819
896.282,290.674
893.588,290.612
890.965,290.494
888.283,290.336
886.952,290.284
884.299,290.21
881.63,290.038
878.928,290.008
876.324,289.893
873.695,289.777
871.037,289.704
869.72,289.643
867.088,289.555
864.487,289.47
861.922,289.343
859.262,289.26
856.714,289.134
854.13,289.119
852.827,289.015
850.249,288.943
847.694,288.887
845.077,288.788
842.54,288.65
839.958,288.613
837.444,288.559
836.16,288.495
833.652,288.398
831.112,288.284
828.61,288.226
826.051,288.14
823.531,288.095
822.272,288.067
819.754,288.026
817.21,287.962
814.754,287.866
812.249,287.784
809.745,287.693
807.25,287.67
805.99,287.618
803.539,287.59
801.01,287.503
798.566,287.424
796.11,287.412
793.608,287.354
792.422,287.329
789.938,287.272
787.494,287.248
785.046,287.178
782.615,287.077
780.116,287.076
777.728,287.05
776.491,286.961
774.087,286.959
771.64,286.9
769.209,286.852
766.798,286.761
764.347,286.784
761.96,286.678
760.75,286.662
758.314,286.624
755.965,286.634
753.524,286.574
751.134,286.564
748.766,286.507
746.365,286.454
745.18,286.47
742.766,286.462
740.38,286.441
738.05,286.369
735.591,286.366
733.237,286.394
732.072,286.373
729.668,286.358
727.327,286.315
724.951,286.329
722.572,286.422
720.256,286.348
717.876,286.348
716.749,286.339
714.388,286.289
712.025,286.235
709.703,286.219
707.337,286.183
704.981,286.199
703.824,286.164
701.44,286.16
699.146,286.112
696.774,286.065
694.471,286.054
692.136,286.053
689.799,286.014
688.625,286.011
686.291,286.016
683.958,285.997
681.683,285.997
679.34,285.995
677.039,286.023
674.684,285.969
673.579,286.004
671.246,286.006
668.884,286.002
666.588,285.966
664.269,285.978
661.958,285.992
660.854,285.995
658.479,286.029
656.195,286.027
653.891,285.99
651.613,285.997
649.245,286.033
646.949,286.031
645.803,285.994
643.489,286.019
641.198,286.051
638.92,286.058
636.636,286.042
634.34,286.023
632.025,286.102
630.867,286.101
628.525,286.07
626.239,286.094
623.96,286.14
621.642,286.171
619.363,286.144
617.093,286.174
615.909,286.211
613.639,286.218
611.373,286.259
609.033,286.29
606.769,286.337
604.426,286.368
601.668,292.374
599.367,292.392
597.057,292.394
594.758,292.451
592.449,292.454
591.349,292.465
589.056,292.535
586.726,292.563
584.463,292.636
582.118,292.65
579.851,292.721
577.496,292.735
576.342,292.75
574.043,292.82
571.75,292.876
569.439,292.919
567.164,292.934
564.889,293.016
562.558,293.033
561.392,293.103
559.062,293.119
556.785,293.15
554.437,293.205
552.149,293.284
549.882,293.369
548.662,293.37
546.343,293.423
544.064,293.467
541.741,293.523
539.443,293.589
537.116,293.645
534.825,293.714
533.615,293.742
531.335,293.807
528.998,293.903
526.658,293.969
524.302,294.014
521.964,294.054
519.63,294.175
518.506,294.216
516.191,294.283
513.862,294.313
511.514,294.447
509.149,294.504
506.794,294.598
504.473,294.627
503.329,294.694
500.975,294.816
498.597,294.899
496.27,295.006
493.9,295.009
491.564,295.184
490.34,295.185
488.015,295.279
485.656,295.324
483.281,295.458
480.891,295.528
478.546,295.623
476.187,295.746
474.98,295.761
472.555,295.871
470.233,295.941
467.872,296.076
465.463,296.186
463.055,296.244
461.859,296.351
459.486,296.395
457.092,296.558
454.69,296.629
452.249,296.714
449.899,296.863
447.495,297
446.3,297.002
443.861,297.126
441.401,297.303
439.025,297.361
436.599,297.511
434.172,297.662
431.779,297.811
430.554,297.88
428.084,297.951
425.638,298.114
423.205,298.266
420.769,298.391
418.321,298.528
415.831,298.618
414.656,298.722
412.161,298.849
409.732,298.962
407.27,299.142
404.788,299.282
402.289,299.333
401.076,299.491
398.545,299.636
396.032,299.752
393.558,299.84
391.031,299.959
387.898,299.324
385.264,299.299
381.366,299.412
378.783,299.421
376.093,299.464
373.467,299.601
371.016,299.754
368.445,299.926
367.189,300.021
364.497,300.069
361.871,300.159
359.288,300.31
356.711,300.448
354.002,300.554
352.772,300.655
350.056,300.748
347.46,300.859
344.879,301.133
342.152,301.187
339.6,301.431
336.957,301.567
335.625,301.631
332.995,301.874
330.362,302.108
327.758,302.29
325.252,302.535
322.572,302.74
319.854,302.924
318.494,303.036
315.752,303.178
313.125,303.425
310.455,303.664
307.793,303.827
305.098,304.095
302.369,304.305
301.004,304.373
298.319,304.569
295.523,304.785
292.819,305
290.143,305.205
287.331,305.484
286.016,305.603
283.546,306.119
282.118,307.443
279.391,307.726
276.656,307.915
273.891,308.174
271.103,308.431
269.529,308.39
266.588,308.59
263.967,308.89
261.032,309.052
257.884,309.005
255.034,309.232
253.547,309.338
250.614,309.519
247.626,309.62
244.632,309.831
241.735,310.068
238.801,310.298
235.942,310.517
234.482,310.719
231.57,310.964
228.687,311.235
226.668,312.121
223.769,312.428
220.754,312.709
217.832,312.977
216.283,313.056
213.398,313.308
210.302,313.633
207.346,313.876
204.278,314.154
201.219,314.395
198.221,314.73
196.713,314.847
193.628,315.151
190.584,315.416
187.438,315.593
184.366,315.93
181.254,316.149
178.118,316.468
176.583,316.611
173.404,316.83
170.123,317.152
166.874,317.334
163.63,317.587
160.34,317.844
158.635,317.963
155.387,318.282
152.093,318.512
148.809,318.766
145.42,319.042
142.116,319.338
140.397,319.45
137.011,319.722
133.653,319.927
130.193,320.327
126.929,320.608
123.522,320.938
120.079,321.247
118.431,321.441
115.021,321.674
111.632,322.066
108.049,322.324
104.691,322.682
101.262,323.007
97.7536,323.348
95.8616,323.465
92.2903,323.752
88.6274,324.124
85.0516,324.481
81.5026,324.778
77.7992,325.1
74.1855,325.403
72.5173,325.615
68.9992,326.084
65.2586,326.434
61.792,326.861
58.1752,327.369
54.5497,327.748
50.8736,328.143
48.154,327.923
44.9091,328.511
41.163,328.843
37.3602,329.352
33.466,329.67
29.7758,330.082
27.7762,330.366
23.8691,330.708
19.8814,331.095
16.1431,331.546
12.0463,331.975
7.89499,332.228
3.92019,332.662
2.05537,332.899
-2.32749,333.194
-6.42295,333.611
-10.2919,334.147
-12.1976,335.476
-15.668,336.118
-19.704,336.572
-21.7697,336.785
-25.8521,337.335
-30.2544,337.619
-35.313,337.755
-38.4483,338.707
-42.809,339.088
-44.7205,339.416
-49.0637,339.822
-56.043,339.375
-60.5782,339.742
-63.6842,340.768
-67.1135,341.604
-70.4642,342.473
-72.6016,342.677
-77.1797,343.168
-81.8288,343.729
-85.9456,344.385
-89.9177,345.003
-94.7905,345.38
-98.9514,346.107
-101.338,346.401
-101.02,348.668
-105.356,349.241
-109.898,349.824
-114.456,350.478
-119.136,351.083
-123.647,351.659
-126.037,351.935
-130.685,352.563
-135.336,353.176
-140.138,353.835
-144.803,354.434
-149.695,355.086
-154.538,355.669
-156.966,356.028
-161.884,356.703
-166.769,357.311
-171.61,358.019
-176.616,358.686
-181.7,359.296
-186.722,360.017
-189.345,360.378
-194.486,361.055
-199.516,361.757
-204.813,362.442
-209.951,363.207
-215.371,363.82
-217.799,364.269
-223.207,364.993
-228.615,365.722
-234.058,366.455
-239.433,367.163
-244.855,367.931
-250.375,368.65
-253.147,369.064
-258.692,369.869
-264.362,370.648
-270.066,371.364
-275.789,372.268
-281.551,373.065
-287.349,373.871
-290.171,374.239
-296.099,375.134
-302.083,375.932
-308.017,376.758
-314.156,377.592
-320.117,378.428
-323.312,378.944
-329.329,379.751
-335.632,380.645
-341.799,381.524
-347.992,382.448
-354.258,383.388
-360.81,384.301
-364.006,384.825
-370.643,385.726
-377.077,386.624
-383.56,387.667
-390.368,388.639
-397.115,389.618
-403.852,390.523
-407.089,391.075
-414.057,392.138
-421.043,393.11
-427.921,394.102
-434.967,395.152
-442.042,396.179
-449.411,397.266
-452.88,397.809
-460.154,398.892
-467.604,400.033
-475.037,401.125
-482.431,402.269
-490.265,403.38
-497.904,404.473
-501.522,405.139
-509.354,406.31
-517.151,407.427
-525.134,408.62
-533.239,409.844
-541.469,411.109
-549.522,412.32
-553.651,412.872
-561.799,414.229
-570.198,415.492
-578.675,416.766
-587.326,418.088
-595.868,419.35
-604.767,420.745
-609.065,421.393
-618.016,422.761
-627.006,424.148
-635.944,425.505
-645.055,426.958
-654.218,428.469
-658.932,429.142
-668.697,430.682
-678.068,432.05
-687.813,433.624
-697.823,435.076
-707.638,436.638
-717.61,438.239
-722.477,438.997
-732.593,440.608
-742.784,442.249
-753.09,443.809
-763.707,445.628
-774.292,447.237
-785.014,448.892
-790.421,449.872
-801.405,451.575
-812.652,453.336
-823.874,455.113
-835.218,456.962
-846.625,458.834
-858.429,460.579
-864.104,461.646
-876.163,463.568
-888.457,465.408
-900.431,467.439
-913.078,469.442
-925.519,471.437
-938.386,473.556
-944.829,474.585
-957.878,476.625
1486.91,343.796
1481.06,343.116
1478.34,342.813
1472.49,342.215
1466.85,341.621
1461.02,340.961
1455.57,340.486
1449.93,339.797
1444.06,339.308
1441.52,339.012
1435.91,338.342
1430.54,337.778
1425.09,337.332
1419.87,336.737
1414.53,336.191
1409.25,335.639
1406.62,335.441
1401.36,334.827
1396.2,334.363
1391.16,333.773
1386.08,333.209
1381.06,332.731
1378.49,332.444
1373.46,332.038
1368.49,331.561
1363.6,331.05
1358.67,330.484
1353.69,330.084
1348.92,329.568
1346.4,329.349
1341.76,328.859
1336.76,328.378
1332.21,327.988
1327.43,327.427
1322.69,326.973
1320.39,326.804
1315.82,326.353
1311.15,325.949
1306.64,325.49
1302.03,325.062
1297.59,324.637
1293.05,324.303
1290.61,324.032
1286.25,323.57
1281.9,323.169
1277.45,322.801
1273.08,322.41
1268.73,322.006
1264.43,321.677
1262.1,321.502
1257.88,321.071
1253.73,320.659
1249.38,320.297
1245.22,319.98
1241.04,319.54
1236.91,319.167
1234.93,319.015
1230.7,318.691
1226.62,318.243
1222.58,318.019
1218.42,317.578
1214.44,317.235
1212.35,317.082
1208.47,316.761
1204.42,316.452
1200.4,316.088
1196.46,315.828
1192.53,315.503
1188.67,315.131
1186.74,314.974
1182.83,314.676
1179.01,314.334
1175.24,314.06
1171.41,313.655
1167.58,313.386
1163.88,313.121
1161.96,312.955
1158.26,312.602
1154.6,312.341
1150.78,312.103
1147.14,311.753
1143.35,311.566
1141.4,311.404
1137.77,311.176
1134.14,310.95
1130.28,310.687
1126.65,310.49
1123.08,310.297
1119.35,309.999
1117.54,309.872
1113.93,309.732
1110.41,309.528
1106.83,309.193
1103.24,309.061
1099.71,308.825
1096.29,308.607
1094.4,308.544
1090.98,308.315
1087.53,308.082
1084.09,307.92
1080.55,307.774
1077.24,307.475
1075.43,307.431
1072.2,307.201
1068.8,307.017
1065.46,306.741
1062.1,306.575
1058.86,306.31
1055.55,306.21
1054.05,306.02
1050.78,305.818
1047.48,305.647
1044.26,305.421
1040.99,305.228
1037.73,305.06
1034.6,304.825
1032.99,304.799
1029.84,304.526
1026.71,304.351
1023.61,304.241
1020.38,303.959
1017.38,303.73
1014.3,303.562
1012.7,303.471
1009.61,303.318
1006.6,303.117
1003.5,302.947
1000.55,302.758
997.51,302.505
996.048,302.445
993.056,302.269
990.069,302.09
987.049,301.893
984.074,301.744
981.082,301.551
978.099,301.419
976.724,301.261
973.817,301.12
970.842,300.932
967.936,300.742
965.03,300.571
962.07,300.477
960.6,300.421
957.718,300.251
954.849,300.05
952.028,299.873
949.179,299.722
946.293,299.621
943.494,299.47
942.201,299.332
939.311,299.223
936.44,299.122
933.592,298.908
930.799,298.829
928.007,298.636
925.286,298.477
923.873,298.432
921.115,298.332
918.357,298.138
915.549,298.027
912.825,297.94
910.114,297.758
907.376,297.664
906.052,297.526
903.266,297.438
900.54,297.345
897.846,297.242
895.215,297.112
892.444,296.923
889.827,296.848
888.42,296.779
885.759,296.699
883.124,296.566
880.491,296.423
877.791,296.378
875.195,296.206
873.824,296.149
871.18,296.098
868.601,295.926
865.937,295.85
863.31,295.736
860.745,295.693
858.149,295.591
856.832,295.513
854.239,295.444
851.619,295.277
849.019,295.244
846.426,295.124
843.897,295.075
842.651,295.014
840.009,294.942
837.512,294.821
834.914,294.764
832.386,294.649
829.877,294.556
827.33,294.473
826.013,294.486
823.531,294.348
820.988,294.292
818.478,294.275
815.948,294.13
813.476,294.087
810.927,294.021
809.669,293.95
807.196,293.9
804.668,293.804
802.187,293.792
799.725,293.66
797.241,293.62
794.784,293.609
793.551,293.526
791.032,293.49
788.598,293.479
786.135,293.388
783.695,293.363
781.223,293.261
779.989,293.262
777.564,293.185
775.13,293.057
772.724,293.086
770.321,292.982
767.904,292.947
765.467,292.871
764.242,292.899
761.805,292.811
759.424,292.801
757.015,292.725
754.579,292.73
752.172,292.695
750.991,292.644
748.561,292.596
746.2,292.561
743.776,292.567
741.365,292.533
738.945,292.578
736.56,292.518
735.399,292.494
732.995,292.487
730.582,292.494
728.18,292.516
725.84,292.471
723.465,292.437
721.137,292.455
719.918,292.407
717.553,292.387
715.232,292.328
712.867,292.319
710.486,292.286
708.206,292.212
707.013,292.254
704.675,292.194
702.273,292.201
699.985,292.127
697.623,292.159
695.291,292.112
692.985,292.13
691.77,292.094
689.493,292.098
687.159,292.041
684.789,292.021
682.444,292.041
680.134,292.031
677.81,292.027
676.675,292.039
674.344,291.983
672.015,292.025
669.714,292.005
667.386,291.968
665.094,291.962
662.737,291.968
661.561,292.01
659.299,291.918
656.999,292.017
654.628,291.974
652.315,291.979
650.067,291.993
647.692,291.989
646.536,291.992
644.287,292.022
641.918,292.002
639.661,292.016
637.344,292.073
635.045,292.039
633.879,292.068
631.587,292.059
629.282,292.077
626.975,292.146
624.672,292.164
622.373,292.13
620.081,292.146
618.921,292.162
616.632,292.152
614.309,292.238
612.026,292.2
609.719,292.258
607.42,292.313
606.269,292.329
603.969,292.343
601.394,297.436
600.279,297.426
597.96,297.435
595.659,297.502
593.356,297.557
591.034,297.564
588.719,297.635
587.565,297.59
585.269,297.671
582.96,297.674
580.722,297.721
578.378,297.738
576.111,297.861
573.746,297.878
572.602,297.868
570.287,297.972
567.993,297.994
565.683,298.038
563.432,298.143
561.046,298.146
558.737,298.197
557.603,298.232
555.275,298.306
552.993,298.362
550.677,298.393
548.375,298.475
546.065,298.492
543.71,298.605
542.57,298.581
540.195,298.642
537.902,298.688
535.597,298.77
533.252,298.842
530.943,298.962
529.789,298.972
527.41,299.042
525.077,299.087
522.737,299.138
520.413,299.205
518.108,299.318
515.729,299.368
514.624,299.435
512.282,299.48
509.933,299.555
507.525,299.619
505.256,299.727
502.873,299.814
501.68,299.804
499.333,299.96
496.957,300.052
494.65,300.122
492.273,300.256
489.947,300.356
487.538,300.385
486.322,300.41
483.982,300.508
481.589,300.577
479.252,300.757
476.856,300.823
474.527,300.899
472.154,301.026
470.898,301.081
468.549,301.161
466.11,301.242
463.712,301.373
461.392,301.442
458.992,301.584
456.603,301.7
455.407,301.758
452.984,301.869
450.548,302.015
448.161,302.071
445.748,302.213
443.273,302.364
442.092,302.443
439.674,302.504
437.274,302.63
434.874,302.784
432.434,302.965
429.974,303.031
427.574,303.207
426.362,303.242
423.915,303.351
421.458,303.538
419.014,303.696
416.562,303.8
414.06,303.91
411.645,304.101
410.365,304.143
407.913,304.32
405.395,304.402
402.967,304.57
400.499,304.686
397.985,304.855
396.683,304.961
394.188,305.115
391.763,305.281
388.737,305.006
386.013,304.908
383.374,305.021
380.685,305.088
379.312,305.045
376.612,305.098
374.086,305.262
371.585,305.408
368.989,305.672
366.421,305.767
363.948,305.934
362.605,306.027
360.447,306.471
358.636,307.278
356.14,307.497
353.565,307.644
351.035,307.846
348.406,308.018
347.097,308.142
344.529,308.321
341.889,308.531
339.216,308.666
336.716,308.906
334.01,309.096
332.641,309.17
330.045,309.319
327.368,309.487
324.726,309.68
321.933,309.749
319.426,310.12
316.779,310.326
315.522,310.473
312.872,310.671
310.112,310.852
307.465,311.082
304.69,311.245
302.083,311.527
300.685,311.558
298.009,311.758
295.202,312.003
292.502,312.256
289.752,312.469
287.001,312.651
284.189,312.912
282.835,312.968
280.088,313.274
277.341,313.44
274.491,313.7
271.71,313.91
268.919,314.192
266.186,314.397
264.685,314.489
261.944,314.782
259.077,314.997
256.131,315.164
253.113,315.369
250.165,315.498
247.177,315.706
245.689,315.889
242.879,316.098
240.063,316.405
237.135,316.696
234.402,316.97
231.596,317.308
228.743,317.589
227.294,317.755
224.356,318.017
221.386,318.294
218.379,318.564
215.503,318.828
212.478,319.111
210.961,319.253
207.95,319.59
204.983,319.841
201.832,320.106
198.848,320.449
195.795,320.699
194.306,320.882
191.227,321.193
188.158,321.41
185.004,321.774
181.956,322.067
178.879,322.305
175.652,322.618
174.009,322.747
171.058,323.139
167.944,323.419
164.739,323.755
161.447,324.058
158.288,324.323
155.048,324.61
153.217,324.771
149.883,325.011
146.49,325.329
143.168,325.591
139.84,325.913
136.325,326.209
133.009,326.478
131.237,326.609
127.849,326.85
124.344,327.215
120.907,327.55
117.299,327.786
113.821,328.08
110.464,328.44
108.567,328.593
105.02,328.895
101.553,329.242
98.1088,329.642
94.5099,330.035
91.0741,330.331
89.102,330.469
85.5748,330.889
82.0643,331.192
78.4255,331.57
74.8039,332.031
71.174,332.394
67.2086,332.646
65.483,332.828
61.7664,333.206
58.0458,333.619
54.3887,334.074
50.5813,334.499
46.9238,334.876
43.2974,335.281
41.3995,335.535
37.5675,335.937
33.945,336.437
30.0447,336.812
26.1447,337.169
22.2646,337.63
20.4142,337.832
16.5146,338.322
12.6517,338.827
8.61715,339.165
4.54678,339.567
0.838345,340.087
-3.68288,340.488
-5.7394,340.639
-9.80345,341.079
-14.1071,341.459
-17.511,342.186
-20.7059,342.961
-24.1741,343.601
-31.0318,343.254
-32.4121,343.749
-37.7855,343.967
-44.1631,343.846
-47.0566,344.733
-51.1295,345.274
-56.7015,345.398
-61.9578,345.685
-63.9071,345.942
-68.2759,346.615
-72.2561,347.218
-76.9911,347.693
-81.19,348.235
-85.0628,348.979
-84.3502,350.918
-85.9353,351.255
-90.6013,351.76
-94.6917,352.51
-98.833,353.164
-103.542,353.682
-107.772,354.384
-112.407,354.913
-115.16,355.126
-119.73,355.803
-124.315,356.362
-129.173,356.956
-134.047,357.535
-138.906,358.189
-141.254,358.49
-146.082,359.205
-151.045,359.808
-148.734,362.096
-153.442,362.761
-158.355,363.378
-163.225,364.104
-165.707,364.375
-170.538,365.104
-175.553,365.811
-180.527,366.521
-185.64,367.161
-190.695,367.929
-195.76,368.571
-198.287,369.037
-203.558,369.689
-208.687,370.447
-213.918,371.154
-219.316,371.984
-224.389,372.755
-227.361,373.106
-232.648,373.878
-237.859,374.655
-243.551,375.416
-248.987,376.142
-254.626,376.932
-260.187,377.755
-262.983,378.164
-268.62,378.959
-274.248,379.802
-280.022,380.661
-285.86,381.546
-291.766,382.356
-297.627,383.2
-300.529,383.642
-306.591,384.521
-312.358,385.434
-318.704,386.279
-324.725,387.154
-330.802,388.146
-337.001,388.979
-340.092,389.55
-346.437,390.442
-352.748,391.409
-359.119,392.348
-365.651,393.232
-372.151,394.218
-378.634,395.228
-381.883,395.716
-388.673,396.73
-395.335,397.787
-402.245,398.82
-409.026,399.877
-415.862,400.831
-422.874,401.915
-426.24,402.373
-433.251,403.467
-440.38,404.597
-447.592,405.685
-454.789,406.913
-461.981,407.994
-469.544,409.1
-473.187,409.658
-480.307,410.827
-488.198,412.001
-495.909,413.175
-503.399,414.323
-511.173,415.656
-515.059,416.255
-522.922,417.502
-530.877,418.687
-538.982,419.952
-546.926,421.229
-555.46,422.6
-563.652,423.875
-567.64,424.487
-576.278,425.894
-584.814,427.232
-593.523,428.537
-602.187,429.942
-610.842,431.352
-619.89,432.744
-624.299,433.535
-633.645,434.954
-642.612,436.375
-651.937,437.95
-661.305,439.397
-670.84,440.919
-680.318,442.523
-685.091,443.182
-694.859,444.794
-704.529,446.343
-714.795,447.994
-724.859,449.637
-734.975,451.308
-745.257,452.932
-750.545,453.883
-761.007,455.517
-771.52,457.378
-782.284,459.023
-792.888,460.827
-804.279,462.593
-809.601,463.658
-820.751,465.478
-832.518,467.336
-843.947,469.2
1435.21,345.833
1432.46,345.594
1426.99,344.946
1421.63,344.338
1416.38,343.845
1410.94,343.211
1405.72,342.652
1403.29,342.39
1397.94,341.914
1392.62,341.26
1387.72,340.785
1382.54,340.282
1377.42,339.752
1372.44,339.174
1369.96,338.968
1364.99,338.445
1360.07,337.874
1355.32,337.391
1350.31,336.813
1345.55,336.328
1340.65,335.927
1338.3,335.635
1333.47,335.092
1328.83,334.716
1324.14,334.24
1319.39,333.82
1314.67,333.356
1310.14,332.788
1307.81,332.644
1303.32,332.257
1298.73,331.788
1294.29,331.302
1289.75,330.862
1285.37,330.422
1283.11,330.235
1278.68,329.72
1274.17,329.385
1269.9,328.926
1265.64,328.559
1261.17,328.079
1256.99,327.729
1254.8,327.517
1250.56,327.114
1246.37,326.815
1242.14,326.405
1237.86,326.011
1233.85,325.676
1229.67,325.231
1227.63,325.131
1223.54,324.704
1219.39,324.383
1215.29,324.006
1211.33,323.599
1207.43,323.323
1205.31,323.131
1201.46,322.772
1197.59,322.295
1193.64,321.99
1189.79,321.681
1185.9,321.331
1182.05,321.044
1180,320.771
1176.14,320.523
1172.36,320.321
1168.49,319.957
1164.64,319.695
1160.75,319.42
1157.07,319.089
1155.12,319.065
1151.3,318.743
1147.67,318.463
1143.85,318.23
1140.1,318.031
1136.56,317.661
1134.57,317.668
1130.93,317.351
1127.24,317.055
1123.6,316.91
1120.05,316.67
1116.46,316.363
1112.84,316.147
1111.12,316.007
1107.65,315.732
1104.02,315.561
1100.51,315.341
1097.09,315.036
1093.65,314.868
1090.26,314.648
1088.54,314.392
1085.11,314.209
1081.76,314.053
1078.29,313.788
1074.97,313.635
1071.7,313.345
1068.41,313.052
1066.67,312.988
1063.38,312.717
1060.18,312.469
1056.84,312.286
1053.54,312.104
1050.35,311.842
1048.69,311.783
1045.57,311.458
1042.19,311.309
1039.04,311.153
1035.88,310.96
1032.74,310.623
1029.62,310.535
1028.03,310.359
1024.94,310.164
1021.8,309.951
1018.63,309.727
1015.6,309.448
1012.6,309.241
1011.03,309.19
1007.95,308.923
1004.94,308.823
1001.84,308.575
998.838,308.412
995.77,308.168
992.808,308.033
991.338,307.881
988.343,307.716
985.357,307.551
982.345,307.299
979.415,307.139
976.476,307.025
973.529,306.732
972.086,306.678
969.17,306.552
966.246,306.319
963.332,306.205
960.432,306.055
957.594,305.842
954.672,305.702
953.259,305.591
950.372,305.46
947.607,305.291
944.723,305.082
941.948,304.931
939.062,304.754
936.252,304.599
934.85,304.577
932.01,304.46
929.276,304.235
926.474,304.094
923.631,303.961
920.933,303.849
919.5,303.732
916.808,303.593
914.065,303.473
911.234,303.361
908.578,303.225
905.845,303.116
903.068,302.935
901.729,302.867
899.069,302.768
896.379,302.636
893.603,302.531
890.918,302.358
888.24,302.27
886.946,302.173
884.232,302.07
881.613,301.883
878.935,301.763
876.267,301.668
873.683,301.613
871.042,301.396
869.693,301.423
867.057,301.306
864.446,301.138
861.831,301.111
859.281,300.974
856.665,300.891
854.036,300.747
852.777,300.748
850.176,300.582
847.562,300.512
844.999,300.402
842.432,300.366
839.899,300.205
837.345,300.13
836.077,300.143
833.459,300.01
830.912,299.947
828.45,299.803
825.876,299.739
823.329,299.649
822.061,299.595
819.513,299.536
817.017,299.424
814.558,299.358
811.99,299.304
809.54,299.202
807.056,299.197
805.742,299.095
803.352,298.996
800.787,299.004
798.363,298.926
795.867,298.819
793.402,298.768
792.137,298.784
789.667,298.633
787.235,298.561
784.739,298.521
782.365,298.462
779.926,298.451
777.428,298.356
776.191,298.328
773.79,298.223
771.321,298.226
768.947,298.111
766.511,298.131
764.088,297.996
761.675,297.957
760.466,297.99
758.04,297.878
755.644,297.851
753.225,297.832
750.774,297.81
748.39,297.812
747.181,297.756
744.756,297.82
742.372,297.777
739.97,297.727
737.628,297.701
735.202,297.691
732.841,297.675
731.647,297.73
729.252,297.692
726.906,297.621
724.577,297.566
722.214,297.558
719.851,297.467
717.486,297.46
716.259,297.448
713.912,297.391
711.576,297.388
709.191,297.334
706.84,297.293
704.516,297.26
702.14,297.269
701.015,297.22
698.656,297.226
696.299,297.269
693.944,297.245
691.629,297.195
689.303,297.162
686.937,297.161
685.787,297.165
683.473,297.151
681.161,297.102
678.838,297.141
676.461,297.061
674.14,297.078
673.015,297.079
670.645,297.071
668.36,297.085
666.013,297.053
663.708,297.083
661.419,297.056
659.086,297.098
657.962,297.104
655.612,297.105
653.274,297.003
650.97,297.081
648.641,297.037
646.316,297.026
645.248,297.105
642.922,297.086
640.573,297.074
638.263,297.105
635.936,297.067
633.66,297.074
631.357,297.175
630.208,297.156
627.901,297.12
625.595,297.164
623.301,297.209
620.955,297.221
618.666,297.241
616.41,297.238
615.237,297.232
612.931,297.275
610.624,297.333
608.318,297.351
606.006,297.327
603.698,297.41
602.086,303.442
599.765,303.502
597.537,303.518
596.36,303.582
594.075,303.649
591.701,303.597
589.448,303.695
587.136,303.642
584.795,303.694
582.503,303.779
581.375,303.73
579.05,303.828
576.712,303.821
574.43,303.906
572.139,303.964
569.831,304.003
567.521,304.056
566.322,304.108
564.034,304.106
561.681,304.208
559.394,304.274
557.054,304.302
554.803,304.401
553.649,304.402
551.256,304.446
548.965,304.512
546.627,304.643
544.359,304.649
542.052,304.732
539.707,304.806
538.523,304.868
536.207,304.849
533.868,304.944
531.518,305.039
529.248,305.13
526.854,305.152
524.568,305.221
523.393,305.226
521.079,305.347
518.739,305.377
516.388,305.46
514.033,305.544
511.699,305.643
509.354,305.757
508.173,305.726
505.804,305.81
503.443,305.918
501.152,306
498.751,306.093
496.407,306.215
494.001,306.307
492.858,306.306
490.531,306.398
488.129,306.545
485.743,306.621
483.352,306.691
481.031,306.852
479.789,306.845
477.428,306.961
475.037,307.099
472.719,307.161
470.293,307.239
467.922,307.348
465.545,307.478
464.291,307.557
461.933,307.642
459.53,307.745
457.109,307.885
454.665,307.957
452.305,308.15
451.061,308.183
448.673,308.299
446.262,308.372
443.868,308.489
441.409,308.624
439.001,308.787
436.574,308.89
435.371,308.963
432.922,309.089
430.51,309.238
428.032,309.351
425.642,309.558
423.109,309.682
420.693,309.837
419.519,309.9
417.006,310.035
414.578,310.146
412.116,310.33
409.61,310.497
407.17,310.639
404.62,310.764
403.462,310.841
400.974,311.046
398.444,311.159
395.938,311.342
393.415,311.469
390.952,311.654
389.688,311.706
387.077,311.781
384.382,311.683
381.769,311.791
379.162,311.868
376.583,312.02
374.071,312.15
372.763,312.264
370.273,312.484
367.693,312.575
365.214,312.822
362.632,313.064
360.413,313.56
357.812,313.771
356.569,313.899
353.96,314.016
351.403,314.207
348.752,314.43
346.167,314.577
343.548,314.821
340.918,314.986
339.693,315.039
336.977,315.244
334.398,315.463
331.806,315.644
329.114,315.868
326.487,316.063
325.092,316.194
322.478,316.334
319.754,316.609
317.101,316.771
314.42,316.978
311.808,317.239
309.054,317.428
307.741,317.514
305.02,317.746
302.375,318.057
299.57,318.218
296.93,318.45
294.177,318.602
292.802,318.773
290.111,319.056
287.255,319.246
284.566,319.504
281.698,319.745
278.988,319.921
276.197,320.21
274.832,320.283
272.006,320.539
269.195,320.767
266.436,321.075
263.643,321.331
260.697,321.546
257.918,321.819
256.422,321.929
253.633,322.185
250.754,322.424
247.957,322.735
244.968,322.976
242.161,323.197
239.228,323.513
237.801,323.605
234.879,323.903
231.944,324.146
228.931,324.47
226.052,324.693
223.132,324.991
221.655,325.146
218.694,325.482
215.72,325.691
212.628,326.042
209.765,326.353
206.652,326.575
203.595,326.889
202.211,327.071
199.025,327.374
196.078,327.629
192.968,327.957
189.902,328.261
186.799,328.557
183.714,328.856
182.216,329.029
179.018,329.3
175.943,329.674
172.766,330.023
169.664,330.305
166.41,330.669
164.837,330.831
161.668,331.065
158.486,331.492
155.328,331.814
152.082,332.163
148.799,332.478
145.538,332.79
143.942,332.985
140.69,333.363
137.437,333.705
134.181,334.061
130.766,334.429
127.345,334.686
123.945,335.018
122.148,335.124
118.678,335.498
115.251,335.823
111.809,336.138
108.284,336.52
104.841,336.855
101.156,337.202
99.4411,337.281
95.8706,337.646
92.2579,337.96
88.6776,338.296
84.9816,338.713
81.3569,339.094
79.4955,339.272
75.9202,339.639
72.4243,339.987
68.6977,340.374
65.0017,340.862
61.4163,341.168
57.601,341.604
55.7555,341.791
52.0078,342.242
48.1841,342.564
44.5574,343.066
40.8751,343.534
36.9844,343.904
35.076,344.153
31.3784,344.636
27.5698,345.106
23.6299,345.552
19.8703,345.999
16.0322,346.472
11.953,346.949
10.0307,347.215
5.93889,347.59
1.91783,348.041
-1.97253,348.475
-5.88265,349.089
-9.96141,349.472
-14.0811,349.919
-16.1579,350.206
-20.114,350.827
-24.032,351.294
-28.8262,351.653
-33.382,351.988
-36.6683,352.818
-41.6402,353.113
-45.2932,352.811
-50.03,353.183
-54.2452,353.698
-58.1689,354.351
-62.6453,354.888
-67.2377,355.418
-71.3543,355.962
-73.4152,356.402
-77.8383,356.903
-82.578,357.312
-86.8861,358.007
-91.5711,358.627
-95.7945,359.203
-96.8658,359.962
-99.2398,361.287
-103.733,361.777
-110.124,361.917
-114.56,362.631
-117.829,363.726
-119.619,364.176
-123.922,364.883
-128.703,365.605
-133.477,366.151
-138.165,366.813
-143.459,367.42
-148.24,368.095
-150.704,368.387
-155.414,369.068
-160.519,369.737
-164.796,370.593
-170.211,371.235
-175.673,371.733
-180.621,372.548
-182.726,373.022
-187.938,373.675
-193.078,374.514
-198.087,375.171
-196.969,377.573
-202.186,378.452
-207.482,379.178
-209.88,379.645
-215.263,380.315
-220.508,381.141
-225.983,381.938
-231.232,382.708
-236.6,383.595
-241.997,384.35
-267.096,388.169
-272.806,389.01
-275.643,389.448
-281.487,390.296
-287.214,391.197
-292.999,392.137
-299.042,392.972
-305.004,393.91
-310.945,394.798
-314.222,395.211
-320.045,396.194
-326.338,397.177
-332.414,398.085
-338.802,399.106
-344.897,400.013
-351.372,400.949
-354.516,401.542
-361.086,402.493
-367.45,403.507
-373.867,404.516
-380.513,405.567
-387.309,406.527
-390.54,407.148
-397.266,408.232
-404.263,409.321
-411.007,410.436
-417.865,411.518
-424.666,412.596
-432.011,413.62
-435.409,414.219
-442.612,415.383
-449.812,416.468
-457.073,417.655
-464.589,418.849
-471.906,420.051
-479.38,421.315
-483.218,421.833
-490.738,423.062
-498.585,424.433
-506.27,425.685
-513.974,426.81
-522.078,428.219
-530.019,429.502
-533.845,430.143
-541.986,431.487
-550.182,432.878
-558.597,434.213
-566.593,435.521
-575.315,437.033
-583.492,438.394
-588.022,439.138
-596.699,440.536
-605.213,441.966
-614.091,443.415
-623.007,444.989
-632.03,446.457
-641.388,448.056
-645.795,448.802
-655.288,450.28
-664.446,451.937
-674.192,453.461
-683.751,455.136
-693.414,456.691
-698.161,457.56
-708.039,459.27
-718.158,460.908
-728.192,462.67
-738.617,464.425
-749.045,466.202
1390.55,350.008
1388.07,349.734
1382.63,349.151
1377.78,348.575
1372.68,347.957
1367.78,347.554
1362.74,346.944
1360.47,346.575
1355.43,346.142
1350.53,345.609
1345.68,345.088
1340.65,344.528
1335.93,344.009
1331.45,343.491
1328.91,343.31
1324.26,342.727
1319.66,342.18
1314.75,341.869
1310.49,341.246
1305.81,340.752
1301.19,340.446
1298.81,340.133
1294.48,339.602
1289.72,339.211
1285.34,338.764
1280.87,338.291
1276.42,337.922
1272.12,337.483
1269.93,337.298
1265.53,336.761
1261.14,336.396
1256.9,335.915
1252.58,335.523
1248.18,335.146
1246.46,334.863
1242,334.431
1237.9,334.077
1233.9,333.597
1229.5,333.352
1225.38,332.945
1221.4,332.519
1219.32,332.311
1215.16,331.901
1211.14,331.573
1206.84,331.265
1202.83,330.888
1198.86,330.64
1194.65,330.242
1192.7,330.088
1188.83,329.8
1184.63,329.492
1180.8,329.127
1176.83,328.824
1173.01,328.598
1170.89,328.422
1166.99,328.047
1163.16,327.858
1159.36,327.58
1155.61,327.19
1151.86,326.946
1147.98,326.668
1146.02,326.447
1142.25,326.265
1138.67,325.89
1135.05,325.596
1131.27,325.35
1127.59,325.089
1124.01,324.726
1122.31,324.603
1118.64,324.366
1115.16,324.03
1111.66,323.827
1108.16,323.446
1104.56,323.25
1102.77,323.073
1099.32,322.847
1095.89,322.512
1092.37,322.296
1088.93,322.097
1085.64,321.73
1082.16,321.529
1080.44,321.385
1076.99,321.143
1073.68,320.914
1070.34,320.654
1067,320.444
1063.69,320.207
1062.14,320.061
1058.84,319.744
1055.62,319.487
1052.34,319.249
1049.2,318.91
1045.95,318.775
1042.82,318.503
1041.11,318.403
1037.98,318.159
1034.86,317.884
1031.63,317.7
1028.43,317.414
1025.4,317.163
1022.27,316.965
1020.72,316.834
1017.62,316.685
1014.49,316.409
1011.39,316.176
1008.35,316.024
1005.4,315.761
1002.32,315.532
1000.7,315.501
997.786,315.278
994.811,315.017
991.701,314.803
988.736,314.599
985.837,314.377
984.319,314.254
981.366,314.073
978.273,313.928
975.405,313.766
972.463,313.527
969.563,313.406
966.525,313.229
965.098,313.071
962.278,312.952
959.332,312.737
956.395,312.602
953.602,312.304
950.701,312.231
947.847,311.98
946.389,311.902
943.598,311.767
940.775,311.577
937.949,311.404
935.092,311.278
932.293,311.064
930.907,311.069
928.108,310.84
925.317,310.723
922.58,310.58
919.718,310.459
917.009,310.286
914.223,310.101
912.83,310.058
910.111,309.865
907.323,309.748
904.615,309.617
902.028,309.382
899.206,309.259
896.481,309.142
895.095,309.095
892.428,308.928
889.756,308.876
887.071,308.675
884.393,308.607
881.706,308.469
880.422,308.353
877.731,308.296
875.035,308.1
872.514,307.984
869.742,307.875
867.154,307.808
864.591,307.662
863.245,307.605
860.606,307.489
858.043,307.308
855.477,307.282
852.831,307.146
850.245,307.072
847.659,306.993
846.254,306.919
843.774,306.793
841.146,306.674
838.611,306.589
836.085,306.446
833.48,306.356
830.949,306.338
829.69,306.265
827.127,306.203
824.535,306.098
822.053,306.019
819.499,305.954
817.023,305.798
815.735,305.833
813.217,305.733
810.714,305.585
808.233,305.502
805.682,305.495
803.25,305.406
800.677,305.282
799.509,305.281
797.043,305.134
794.504,305.054
792.065,305.057
789.577,304.901
787.157,304.859
785.855,304.808
783.428,304.769
780.978,304.672
778.513,304.647
776.117,304.518
773.635,304.518
771.214,304.468
770.017,304.402
767.559,304.362
765.114,304.258
762.68,304.211
760.289,304.225
757.843,304.162
755.432,304.051
754.205,304.097
751.764,304.075
749.334,304.098
746.915,304.013
744.535,303.981
742.164,303.957
739.755,303.902
738.458,304.013
736.092,303.938
733.739,303.87
731.333,303.833
728.981,303.849
726.632,303.789
724.248,303.683
723.081,303.706
720.728,303.639
718.361,303.647
715.947,303.58
713.644,303.496
711.232,303.522
710.061,303.575
707.736,303.476
705.389,303.43
703.029,303.431
700.677,303.386
698.357,303.35
695.958,303.304
694.779,303.304
692.485,303.237
690.099,303.23
687.78,303.239
685.419,303.225
683.143,303.209
681.924,303.219
679.639,303.157
677.283,303.143
674.954,303.19
672.601,303.16
670.338,303.161
667.943,303.138
666.84,303.107
664.496,303.165
662.191,303.1
659.882,303.147
657.559,303.149
655.231,303.125
652.905,303.073
651.715,303.097
649.469,303.111
647.116,303.136
644.813,303.143
642.459,303.103
640.162,303.106
637.884,303.172
636.746,303.174
634.442,303.196
632.102,303.152
629.789,303.227
627.504,303.253
625.155,303.256
624.054,303.228
621.733,303.258
619.406,303.244
617.105,303.302
614.827,303.3
612.522,303.396
610.213,303.348
609.048,303.41
606.726,303.411
604.407,303.481
601.207,311.395
598.894,311.371
596.567,311.389
594.256,311.457
591.954,311.441
590.787,311.469
588.483,311.503
586.178,311.572
583.856,311.581
581.5,311.688
579.201,311.706
576.903,311.74
575.713,311.73
573.432,311.786
571.067,311.842
568.823,311.956
566.475,311.928
564.161,312.047
561.829,312.04
560.677,312.127
558.343,312.12
556.052,312.26
553.711,312.269
551.332,312.322
549.018,312.441
546.768,312.433
545.558,312.479
543.209,312.578
540.899,312.68
538.568,312.737
536.243,312.775
533.896,312.857
531.594,312.942
530.401,312.912
528.029,313.029
525.764,313.135
523.368,313.197
521.015,313.237
518.697,313.34
517.522,313.373
515.159,313.455
512.837,313.517
510.505,313.637
508.17,313.726
505.742,313.837
503.433,313.923
502.186,313.894
499.849,314.015
497.533,314.132
495.089,314.226
492.746,314.347
490.435,314.447
489.188,314.46
486.812,314.54
484.42,314.7
482.08,314.742
479.681,314.826
477.33,314.947
474.953,315.1
473.738,315.072
471.345,315.238
468.909,315.344
466.583,315.427
464.13,315.539
461.725,315.7
459.3,315.784
458.146,315.85
455.706,315.958
453.316,316.073
450.922,316.214
448.485,316.299
446.028,316.494
443.604,316.63
442.434,316.628
440.001,316.765
437.516,316.929
435.043,317.043
432.613,317.162
430.221,317.286
428.98,317.37
426.518,317.536
424.076,317.677
421.665,317.858
419.17,317.943
416.721,318.181
414.257,318.282
413.041,318.413
410.555,318.553
408.063,318.735
405.541,318.802
403.119,319.036
400.659,319.164
398.108,319.34
396.837,319.374
394.371,319.573
391.799,319.714
389.282,319.914
386.782,320.078
384.293,320.275
381.761,320.42
380.452,320.492
377.978,320.654
375.355,320.874
372.847,320.981
370.302,321.201
367.724,321.365
366.485,321.456
363.825,321.698
361.294,321.843
358.681,322.01
356.133,322.214
353.519,322.399
350.962,322.62
349.63,322.657
347.039,322.845
344.411,323.09
341.788,323.293
339.122,323.502
336.52,323.707
335.249,323.802
332.569,324.048
329.887,324.201
327.203,324.451
324.613,324.634
321.972,324.9
319.282,325.095
317.911,325.226
315.289,325.38
312.597,325.614
309.927,325.837
307.151,326.11
304.451,326.332
301.776,326.556
300.403,326.633
297.678,326.911
294.88,327.087
292.236,327.443
289.419,327.651
286.687,327.856
283.926,328.081
282.465,328.185
279.695,328.424
276.982,328.75
274.123,329.016
271.361,329.21
268.558,329.564
267.097,329.567
264.345,329.942
261.482,330.164
258.672,330.474
255.785,330.687
252.906,330.991
250.058,331.21
248.688,331.37
245.729,331.713
242.852,331.974
239.923,332.244
236.998,332.486
234.074,332.786
231.137,333.036
229.685,333.197
226.715,333.535
223.785,333.85
220.812,334.082
217.8,334.382
214.793,334.765
213.393,334.883
210.389,335.213
207.312,335.467
204.352,335.833
201.24,336.139
198.225,336.389
195.164,336.72
193.667,336.86
190.564,337.281
187.47,337.556
184.359,337.908
181.228,338.251
178.209,338.518
175.031,338.909
173.378,339.067
170.304,339.403
167.075,339.72
163.901,340.117
160.685,340.437
157.503,340.824
154.304,341.191
152.72,341.362
149.36,341.725
146.159,342.015
143.001,342.383
139.635,342.792
136.364,343.134
134.723,343.389
131.393,343.715
128.086,344.127
124.725,344.452
121.293,344.833
117.958,345.317
114.55,345.647
113.028,345.929
109.612,346.333
106.265,346.712
102.771,347.129
99.3099,347.571
95.791,347.912
93.9192,348.068
90.3944,348.471
86.7313,348.879
83.0913,349.282
79.3679,349.664
75.8104,350.076
71.9868,350.469
70.0365,350.649
66.2374,351.05
62.5711,351.412
58.7727,351.807
54.9553,352.333
51.1852,352.66
47.3317,353.042
45.3066,353.262
41.4416,353.689
37.5336,354.192
33.6437,354.619
29.6884,354.998
25.858,355.478
21.939,355.93
20.0038,356.254
16.038,356.777
12.1184,357.234
8.12785,357.702
4.29866,358.204
0.300788,358.714
-3.79188,359.252
-5.87728,359.432
-9.88539,360.006
-13.9525,360.431
-18.0309,361.016
-22.0307,361.541
-26.3226,362.104
-28.8993,362.304
-33.1041,362.845
-37.3695,363.297
-41.7993,363.797
-45.5986,364.418
-50.7685,364.774
-53.1494,364.997
-57.3103,365.687
-61.5673,366.282
-66.3646,366.703
-70.4896,367.394
-73.9946,368.236
-79.0181,368.661
-81.2805,368.942
-85.5922,369.659
-89.6201,370.374
-94.3108,370.893
-98.6633,371.566
-103.159,372.228
-107.495,373.02
-109.992,373.217
-114.537,373.958
-119.495,374.47
-123.782,375.315
-130.308,375.538
-133.105,376.691
-137.894,377.414
-139.711,377.805
-144.144,378.587
-149.564,379.304
-153.752,380.07
-159.146,380.627
-163.793,381.467
-168.821,382.207
-171.483,382.533
-176.606,383.329
-181.881,383.947
-186.816,384.718
-191.583,385.658
-196.981,386.33
-198.448,386.916
-203.656,387.795
-209.207,388.498
-214.711,389.336
-222.234,389.687
-233.578,391.208
-245.79,393.637
-261.633,396.364
-268.128,397.163
-267.217,400.008
-282.971,399.331
-298.488,405.127
-304.666,406.051
-310.634,407.071
-316.692,408.016
-322.644,408.957
-328.856,409.997
-331.871,410.554
-338.136,411.596
-344.416,412.582
-350.707,413.623
-357.109,414.687
-363.625,415.664
-369.988,416.8
-373.197,417.327
-379.74,418.338
-386.478,419.521
-393.283,420.58
-400.065,421.701
-406.868,422.824
-413.624,424.048
-416.999,424.594
-424.044,425.788
-431.113,426.853
-438.318,428.16
-445.197,429.372
-452.583,430.563
-460.112,431.808
-463.559,432.51
-470.975,433.682
-478.576,435.045
-486.085,436.317
-493.695,437.613
-501.444,438.872
-509.161,440.133
-513.078,440.832
-520.996,442.264
-528.992,443.564
-536.995,444.959
-545.362,446.352
-553.341,447.784
-557.587,448.499
-565.875,449.895
-574.185,451.343
-582.916,452.918
-591.66,454.35
1313.75,352.778
1308.94,352.23
1304.61,351.709
1299.88,351.145
1295.35,350.765
1290.94,350.183
1288.66,350.009
1284.02,349.622
1279.58,349.011
1275.04,348.604
1270.62,348.175
1266.22,347.716
1261.68,347.357
1259.46,347.129
1255.16,346.754
1250.83,346.308
1246.42,345.905
1242.25,345.474
1237.87,345.047
1235.87,344.971
1231.66,344.484
1227.41,344.14
1223.1,343.767
1219,343.359
1214.96,342.928
1210.84,342.672
1208.77,342.445
1204.59,342.099
1200.67,341.745
1196.63,341.308
1192.6,341.067
1188.57,340.706
1184.7,340.269
1182.71,340.166
1178.75,339.783
1174.91,339.489
1171.09,339.154
1167.16,338.805
1163.46,338.442
1161.64,338.191
1157.84,337.913
1154.11,337.59
1150.47,337.153
1146.63,336.891
1143.1,336.49
1139.43,336.119
1137.55,336.009
1133.9,335.714
1130.39,335.341
1126.76,335.05
1123.29,334.642
1119.67,334.266
1117.97,334.189
1114.39,333.771
1110.76,333.589
1107.31,333.3
1103.84,332.971
1100.42,332.652
1096.87,332.291
1095.24,332.118
1091.95,331.792
1088.52,331.508
1085.19,331.284
1081.79,330.958
1078.34,330.646
1075.07,330.391
1073.33,330.208
1070.08,329.995
1066.67,329.643
1063.52,329.343
1060.12,329.094
1056.91,328.811
1053.67,328.601
1052.01,328.473
1048.78,328.266
1045.53,327.987
1042.35,327.696
1039.14,327.445
1036.03,327.142
1034.49,327.043
1031.24,326.758
1028.12,326.57
1024.96,326.277
1021.92,326.037
1018.72,325.785
1015.69,325.577
1014.12,325.404
1011.07,325.222
1007.99,324.951
1004.97,324.77
1001.91,324.558
998.771,324.299
995.79,324.115
994.369,323.928
991.297,323.72
988.334,323.47
985.241,323.281
982.305,323.061
979.424,322.902
977.87,322.742
974.942,322.623
972.001,322.324
969.081,322.116
966.156,321.957
963.276,321.775
960.32,321.583
958.802,321.465
956.035,321.271
953.127,321.138
950.231,320.93
947.346,320.766
944.468,320.543
941.664,320.419
940.258,320.236
937.438,320.065
934.612,319.964
931.807,319.689
928.963,319.526
926.21,319.388
924.863,319.287
921.973,319.13
919.229,318.962
916.509,318.798
913.753,318.713
910.943,318.52
908.186,318.348
906.846,318.259
904.09,318.086
901.403,317.982
898.747,317.803
895.96,317.699
893.323,317.467
890.571,317.372
889.296,317.348
886.567,317.163
883.851,317.071
881.205,316.862
878.576,316.783
875.824,316.652
873.275,316.485
871.906,316.366
869.28,316.336
866.67,316.208
863.974,316.05
861.339,315.943
858.787,315.815
857.477,315.754
854.821,315.651
852.26,315.528
849.602,315.388
847.104,315.265
844.475,315.182
841.9,315.062
840.641,314.963
838.07,314.9
835.442,314.742
832.92,314.622
830.419,314.618
827.782,314.5
826.555,314.441
824.03,314.361
821.512,314.185
818.982,314.126
816.396,314.087
813.91,313.949
811.363,313.891
810.127,313.753
807.674,313.634
805.184,313.612
802.619,313.535
800.193,313.455
797.692,313.32
795.162,313.204
793.96,313.243
791.503,313.102
788.981,313.011
786.531,312.99
784.038,312.838
781.575,312.787
779.164,312.683
777.954,312.686
775.475,312.692
773.001,312.555
770.6,312.482
768.131,312.451
765.671,312.427
763.254,312.342
762.082,312.394
759.636,312.326
757.223,312.276
754.748,312.219
752.333,312.124
749.935,312.143
748.756,312.101
746.317,312.207
743.929,312.088
741.522,312.048
739.115,312.007
736.702,311.955
734.331,311.948
733.18,311.879
730.751,311.819
728.411,311.821
726.042,311.739
723.649,311.673
721.264,311.649
720.024,311.608
717.674,311.576
715.37,311.609
712.929,311.473
710.559,311.511
708.249,311.469
705.861,311.384
704.66,311.352
702.326,311.334
700.023,311.341
697.598,311.276
695.287,311.276
692.957,311.248
690.603,311.228
689.379,311.23
687.065,311.147
684.775,311.139
682.345,311.162
680.08,311.091
677.693,311.092
675.371,311.041
674.241,311.114
671.84,311.066
669.591,311.043
667.22,311.063
664.873,311.026
662.559,311.03
661.421,311.033
659.112,311.037
656.733,310.988
654.41,311.044
652.06,310.973
649.743,310.986
647.465,311.029
646.323,311.006
643.955,311.029
641.672,310.983
639.312,311.005
637.056,311.077
634.742,311.019
633.564,311.021
631.21,311.099
628.941,311.082
626.578,311.147
624.304,311.13
622.018,311.08
619.69,311.153
618.533,311.151
616.22,311.148
613.909,311.233
611.59,311.255
609.296,311.268
606.98,311.273
604.672,311.291
603.515,311.285
601.114,318.055
598.742,318.068
596.467,318.135
594.164,318.128
592.98,318.107
590.683,318.192
588.351,318.205
586.034,318.253
583.743,318.338
581.395,318.387
579.136,318.381
577.916,318.397
575.629,318.445
573.315,318.53
570.991,318.615
568.686,318.646
566.337,318.64
565.226,318.746
562.872,318.741
560.542,318.88
558.226,318.838
555.86,318.942
553.556,318.992
551.272,319.039
550.076,319.073
547.775,319.14
545.398,319.263
543.078,319.275
540.791,319.397
538.434,319.392
537.287,319.498
534.889,319.475
532.59,319.615
530.276,319.683
527.889,319.732
525.577,319.799
523.24,319.886
522.031,319.956
519.702,320.078
517.355,320.165
514.998,320.161
512.663,320.248
510.345,320.353
507.938,320.495
506.816,320.491
504.451,320.598
502.027,320.722
499.709,320.774
497.353,320.896
494.974,320.962
492.555,321.071
491.383,321.141
489.063,321.25
486.638,321.34
484.277,321.396
481.897,321.504
479.498,321.641
478.289,321.657
475.916,321.816
473.574,321.887
471.162,322.013
468.736,322.162
466.33,322.267
463.871,322.271
462.688,322.427
460.276,322.525
457.968,322.614
455.513,322.759
453.124,322.924
450.665,323.069
448.278,323.139
447.046,323.221
444.637,323.34
442.197,323.528
439.778,323.618
437.282,323.8
434.827,323.878
432.403,324.046
431.2,324.12
428.745,324.246
426.24,324.379
423.878,324.521
421.368,324.671
418.845,324.883
417.633,324.957
415.212,325.123
412.721,325.27
410.259,325.466
407.805,325.583
405.233,325.738
402.831,325.894
401.559,326.061
398.995,326.232
396.554,326.339
394.028,326.586
391.543,326.714
388.985,326.929
387.788,326.984
385.269,327.211
382.662,327.369
380.202,327.485
377.551,327.759
375.05,327.861
372.505,328.126
371.199,328.148
368.715,328.407
366.131,328.562
363.507,328.762
360.912,328.918
358.321,329.13
355.781,329.341
354.49,329.439
351.833,329.581
349.251,329.846
346.674,329.988
344.026,330.237
341.369,330.364
338.785,330.629
337.523,330.714
334.765,330.914
332.175,331.122
329.553,331.358
326.892,331.622
324.204,331.853
322.894,331.891
320.23,332.108
317.474,332.369
314.814,332.642
312.094,332.868
309.472,333.045
306.747,333.264
305.356,333.389
302.64,333.699
299.934,333.905
297.259,334.194
294.487,334.427
291.739,334.649
289.01,334.956
287.607,335.027
284.787,335.324
282.06,335.54
279.26,335.828
276.436,336.115
273.679,336.37
272.224,336.496
269.368,336.786
266.651,336.99
263.778,337.281
260.933,337.618
258.077,337.812
255.175,338.14
253.764,338.315
250.941,338.587
248.062,338.827
245.172,339.159
242.276,339.4
239.324,339.722
236.471,339.997
234.953,340.145
232.12,340.453
229.097,340.754
226.213,341.015
223.241,341.4
220.29,341.653
217.29,341.985
215.797,342.13
212.778,342.464
209.731,342.743
206.75,343.189
203.67,343.477
200.642,343.818
199.178,343.988
196.035,344.291
193.029,344.617
189.849,344.961
186.782,345.29
183.725,345.596
180.565,346.017
179.012,346.11
175.861,346.5
172.752,346.9
169.625,347.194
166.457,347.555
163.264,347.937
161.633,348.119
158.444,348.466
155.219,348.865
151.963,349.284
148.648,349.606
145.478,349.963
142.142,350.332
140.473,350.578
137.243,350.974
133.944,351.367
130.666,351.724
127.228,352.184
123.872,352.583
120.579,352.91
118.773,353.113
115.508,353.528
112.081,353.936
108.601,354.384
105.161,354.856
101.841,355.2
98.3266,355.73
96.6677,355.863
92.9895,356.337
89.6682,356.712
86.2122,357.205
82.6302,357.744
79.0719,358.124
75.5948,358.584
73.7251,358.856
70.1976,359.292
66.6822,359.843
62.8875,360.198
59.2802,360.753
55.4748,361.089
53.4556,361.376
49.7712,361.804
45.8716,362.181
41.9921,362.62
38.1334,363.067
34.3177,363.575
32.3279,363.789
28.3578,364.25
24.4997,364.679
20.5247,365.12
16.5771,365.625
12.5821,366.192
8.50471,366.623
6.42202,366.769
2.33346,367.293
-1.78624,367.855
-5.84182,368.412
-9.96586,368.92
-13.9626,369.382
-18.1589,370.004
-19.9755,370.216
-24.2174,370.856
-28.2387,371.368
-32.3999,372.049
-36.5693,372.59
-41.061,373.076
-45.3956,373.699
-47.4676,373.963
-51.9176,374.421
-56.2189,375.067
-60.625,375.642
-65.2267,376.108
-69.6867,376.739
-74.2745,377.436
-76.6162,377.712
-81.0683,378.283
-85.2479,378.951
-89.7721,379.688
-94.2971,380.355
-98.5845,381.112
-101.207,381.322
-105.514,381.976
-110.474,382.678
-114.598,383.366
-119.143,384.195
-125.676,384.387
-130.002,385.172
-132.141,385.576
-136.342,386.541
-142.588,386.773
-146.031,387.993
-151.014,388.614
-156.788,389.072
-160.84,390.095
-163.312,390.564
-167.381,391.531
-174.049,391.937
-178.552,392.755
-182.668,393.826
-187.822,394.645
-191.007,394.822
-195.369,395.918
-200.376,396.707
-205.321,397.611
-210.549,398.535
-216.048,399.35
-221.371,400.125
-224.322,400.538
-230.319,401.216
-235.853,402.099
-260.067,406.354
-265.828,407.239
-348.052,423.808
-354.264,424.995
-360.91,426.057
-370.38,427.713
-376.863,428.878
-383.755,430.064
-390.219,431.19
-397.016,432.385
-403.848,433.546
-407.131,434.118
-414.061,435.336
-421.168,436.504
-427.947,437.722
-435.028,438.967
-442.361,440.251
-449.3,441.603
-453.059,442.147
-460.265,443.457
-467.657,444.819
-475.151,446.051
-482.68,447.458
-490.224,448.848
-497.902,450.197
-501.906,450.866
-509.538,452.208
-517.501,453.605
-525.458,455.131
-533.361,456.499
1306.31,361.606
1301.56,361.051
1299.09,360.85
1294.57,360.383
1289.84,359.819
1285.19,359.408
1280.69,358.881
1276.14,358.415
1271.76,357.965
1269.33,357.735
1264.84,357.199
1260.45,356.765
1256.2,356.381
1251.74,355.904
1247.35,355.385
1245.13,355.199
1240.87,354.817
1236.67,354.404
1232.43,353.975
1228.21,353.538
1223.91,353.108
1219.79,352.716
1217.9,352.388
1213.81,352.013
1209.76,351.459
1205.69,351.087
1201.6,350.8
1197.65,350.283
1195.46,350.144
1191.39,349.846
1187.53,349.35
1183.67,349.008
1179.72,348.568
1175.96,348.165
1172.11,347.767
1170.16,347.625
1166.3,347.296
1162.55,346.842
1158.8,346.454
1154.97,346.101
1151.31,345.718
1147.62,345.463
1145.74,345.151
1142.07,344.805
1138.49,344.519
1134.94,344.082
1131.29,343.772
1127.8,343.305
1124.18,343.037
1122.44,342.881
1119.02,342.473
1115.42,342.079
1111.84,341.811
1108.3,341.461
1104.94,341.097
1103.1,340.944
1099.71,340.595
1096.27,340.306
1092.85,339.915
1089.41,339.692
1086.07,339.346
1082.65,339.055
1081.08,338.869
1077.68,338.613
1074.25,338.287
1070.96,337.978
1067.68,337.719
1064.38,337.407
1061.14,337.102
1059.5,336.907
1056.16,336.687
1052.95,336.352
1049.77,336.119
1046.42,335.83
1043.27,335.534
1041.75,335.353
1038.54,335.019
1035.44,334.778
1032.17,334.574
1028.95,334.346
1025.78,334.024
1022.67,333.842
1021.11,333.594
1018.02,333.423
1014.93,333.148
1011.79,332.915
1008.71,332.686
1005.68,332.426
1002.63,332.154
1001.11,332.088
998.075,331.818
994.968,331.535
992.086,331.363
988.953,331.111
986.008,330.871
984.553,330.803
981.464,330.607
978.6,330.271
975.597,330.101
972.606,329.943
969.792,329.656
966.776,329.429
965.316,329.329
962.47,329.151
959.444,328.964
956.605,328.812
953.764,328.481
950.798,328.345
948.034,328.134
946.573,328.05
943.663,327.865
940.887,327.658
938.045,327.45
935.177,327.262
932.384,327.081
929.539,326.971
928.186,326.776
925.367,326.616
922.535,326.469
919.767,326.278
916.983,326.075
914.217,325.985
912.892,325.912
910.139,325.715
907.369,325.558
904.639,325.413
901.888,325.204
899.145,324.996
896.497,324.832
895.179,324.805
892.357,324.608
889.66,324.452
887.078,324.318
884.324,324.216
881.696,323.997
880.314,323.928
877.702,323.804
875.015,323.668
872.348,323.502
869.655,323.418
867.009,323.254
864.348,323.133
863.05,323.013
860.465,322.939
857.894,322.793
855.279,322.664
852.686,322.566
850.023,322.4
847.438,322.35
846.068,322.237
843.475,322.131
840.9,322.066
838.395,321.939
835.766,321.808
833.209,321.656
830.695,321.561
829.368,321.549
826.892,321.438
824.274,321.263
821.788,321.141
819.213,321.077
816.684,320.952
814.198,320.884
812.924,320.856
810.439,320.743
807.938,320.602
805.355,320.552
802.901,320.423
800.427,320.372
799.139,320.272
796.69,320.188
794.149,320.078
791.673,319.991
789.259,319.934
786.799,319.831
784.285,319.739
783.012,319.719
780.607,319.61
778.095,319.613
775.65,319.493
773.185,319.437
770.809,319.407
769.467,319.393
767.09,319.267
764.625,319.251
762.195,319.255
759.743,319.114
757.285,319.05
754.895,319.07
753.606,319.036
751.217,319.029
748.729,319.077
746.371,318.969
743.913,318.854
741.518,318.882
739.193,318.802
737.936,318.764
735.557,318.698
733.196,318.675
730.775,318.626
728.412,318.532
726.046,318.469
723.687,318.425
722.417,318.388
720.11,318.432
717.703,318.302
715.371,318.349
713.014,318.234
710.63,318.265
709.42,318.224
707.01,318.127
704.681,318.102
702.37,318.15
699.991,318.089
697.641,318.031
695.246,317.988
694.081,318.004
691.753,317.908
689.364,317.901
687.065,317.913
684.716,317.908
682.337,317.882
681.176,317.844
678.831,317.856
676.573,317.849
674.16,317.806
671.824,317.747
669.494,317.758
667.227,317.733
666.001,317.749
663.658,317.725
661.387,317.773
659.058,317.767
656.722,317.707
654.386,317.755
652.03,317.732
650.908,317.746
648.575,317.704
646.233,317.735
643.899,317.747
641.618,317.741
639.278,317.717
638.15,317.696
635.849,317.726
633.479,317.757
631.193,317.751
628.911,317.763
626.544,317.812
624.267,317.769
623.085,317.803
620.748,317.779
618.45,317.846
616.163,317.894
613.794,317.888
611.503,317.919
609.224,317.949
608.042,317.964
605.76,318.012
603.391,318.025
601.708,323.719
599.427,323.702
597.056,323.772
594.788,323.779
592.382,323.77
590.13,323.808
588.973,323.906
586.618,323.874
584.339,323.924
581.949,323.979
579.674,323.989
577.342,324.087
576.135,324.079
573.85,324.129
571.538,324.202
569.18,324.234
566.897,324.279
564.522,324.406
562.265,324.4
561.099,324.451
558.799,324.54
556.482,324.571
554.091,324.646
551.755,324.625
549.495,324.746
547.131,324.805
545.967,324.832
543.623,324.926
541.273,325.021
538.989,325.051
536.657,325.172
534.3,325.267
531.956,325.322
530.758,325.351
528.405,325.431
526.07,325.528
523.686,325.57
521.377,325.683
519.035,325.813
517.894,325.766
515.496,325.882
513.166,325.973
510.769,326.055
508.435,326.197
506.056,326.216
503.717,326.364
502.553,326.393
500.173,326.5
497.768,326.622
495.421,326.713
493.057,326.825
490.653,326.927
488.27,327.034
487.055,327.086
484.714,327.157
482.289,327.235
479.905,327.373
477.583,327.429
475.207,327.612
472.808,327.655
471.54,327.794
469.128,327.928
466.734,327.955
464.35,328.134
461.887,328.219
459.508,328.314
458.284,328.386
455.823,328.548
453.499,328.661
451.084,328.77
448.605,328.941
446.207,329.012
443.762,329.231
442.543,329.289
440.091,329.433
437.634,329.555
435.238,329.727
432.72,329.808
430.345,329.93
429.069,330.087
426.594,330.224
424.134,330.397
421.648,330.535
419.184,330.651
416.713,330.853
414.219,331.027
413.025,331.029
410.505,331.266
408.016,331.37
405.574,331.627
403.064,331.717
400.611,331.961
398.054,332.058
396.822,332.181
394.302,332.321
391.859,332.53
389.292,332.745
386.769,332.885
384.224,333.077
381.723,333.295
380.452,333.394
377.891,333.621
375.33,333.747
372.844,333.981
370.201,334.186
367.647,334.328
366.457,334.447
363.823,334.662
361.225,334.827
358.662,335.104
356.05,335.236
353.467,335.446
350.864,335.688
349.588,335.749
346.933,335.915
344.326,336.127
341.7,336.43
339.057,336.598
336.435,336.811
333.852,337.024
332.455,337.166
329.728,337.403
327.078,337.607
324.469,337.811
321.73,338.097
319.016,338.247
317.695,338.456
315.028,338.649
312.327,338.904
309.671,339.144
306.949,339.33
304.219,339.619
301.48,339.909
300.087,340.007
297.368,340.228
294.632,340.506
291.879,340.742
289.176,340.997
286.367,341.357
283.589,341.596
282.108,341.681
279.359,342.005
276.556,342.245
273.809,342.513
271.034,342.787
268.116,343.07
265.313,343.355
263.858,343.47
261.139,343.827
258.284,344.065
255.364,344.385
252.582,344.623
249.591,344.962
248.225,345.037
245.265,345.353
242.424,345.657
239.468,346.005
236.633,346.299
233.691,346.552
230.751,346.92
229.239,347.032
226.286,347.401
223.358,347.677
220.383,347.992
217.387,348.358
214.401,348.624
212.788,348.829
209.831,349.122
206.785,349.529
203.827,349.88
200.846,350.247
197.734,350.56
194.603,350.875
193.162,351.12
190.012,351.437
186.839,351.734
183.806,352.057
180.63,352.5
177.553,352.856
174.45,353.22
172.805,353.413
169.651,353.747
166.444,354.056
163.271,354.507
160.085,354.839
156.939,355.319
153.714,355.684
151.968,355.84
148.724,356.178
145.475,356.691
142.233,356.978
138.967,357.493
135.699,357.808
132.333,358.186
130.649,358.433
127.334,358.811
123.968,359.305
120.56,359.717
117.221,360.101
113.834,360.487
112.099,360.767
108.741,361.182
105.318,361.629
101.881,362.103
98.3341,362.503
94.8833,362.957
93.1011,363.243
89.5362,363.593
86.0471,364.074
82.5097,364.621
79.0689,365.05
75.4449,365.549
71.8566,365.991
70.0743,366.221
66.3036,366.763
62.8136,367.191
59.3075,367.702
55.6235,368.199
51.9675,368.763
48.3627,369.267
46.3514,369.491
42.5886,369.919
38.7643,370.489
35.2476,371.036
31.1472,371.547
27.3179,372.029
23.4538,372.535
21.4588,372.843
17.3433,373.24
13.2679,373.781
9.27227,374.3
5.08802,374.856
0.985173,375.325
-3.05844,375.933
-5.20946,376.069
-9.32785,376.681
-13.4615,377.233
-17.7448,377.758
-21.9747,378.252
-26.1825,378.81
-28.5047,379.136
-32.7569,379.681
-37.0307,380.172
-41.3836,380.735
-45.6889,381.417
-50.18,382.07
-54.3027,382.698
-56.5055,382.91
-60.9307,383.513
-65.2668,384.219
-69.5879,384.839
-74.3162,385.434
-78.7657,386.039
-83.2918,386.752
-85.7547,387.083
-90.3209,387.685
-94.8212,388.452
-99.4836,389.089
-103.903,389.839
-108.491,390.5
-110.952,390.868
-116.003,391.446
-120.694,392.118
-125.253,392.895
-130.842,393.429
-135.435,394.231
-140.399,395.033
-142.365,395.481
-147.444,396.198
-157.184,397.768
-161.641,398.564
-167.283,399.332
-174.181,400.64
-178.832,401.489
-184.086,402.296
-189.114,403.171
-194.239,404.017
1306.22,370.04
1301.46,369.48
1296.78,368.884
1292.28,368.335
1289.99,368.097
1285.47,367.687
1280.83,367.179
1276.38,366.675
1271.87,366.16
1267.5,365.571
1265.42,365.319
1260.93,364.919
1256.35,364.545
1252.13,364.027
1247.79,363.515
1243.64,363.006
1239.34,362.479
1237.2,362.288
1233.24,361.819
1228.93,361.338
1224.93,360.933
1220.72,360.462
1216.65,360.004
1212.51,359.604
1210.58,359.351
1206.48,358.86
1202.41,358.543
1198.6,358.017
1194.66,357.559
1190.77,357.058
1186.88,356.736
1184.8,356.478
1180.96,356.045
1177.16,355.71
1173.49,355.191
1169.7,354.765
1165.78,354.425
1163.91,354.174
1160.33,353.714
1156.57,353.367
1152.8,352.973
1149.08,352.545
1145.38,352.284
1141.86,351.791
1140.07,351.553
1136.33,351.27
1132.7,350.894
1129.24,350.498
1125.57,350.09
1122.04,349.81
1118.49,349.445
1116.72,349.278
1113.16,348.795
1109.55,348.461
1106.22,348.193
1102.69,347.746
1099.22,347.421
1097.62,347.319
1094.21,346.965
1090.78,346.644
1087.4,346.293
1084.02,345.941
1080.57,345.571
1077.21,345.288
1075.64,345.095
1072.23,344.848
1068.88,344.542
1065.63,344.162
1062.25,343.951
1058.94,343.625
1055.8,343.27
1054.08,343.159
1050.92,342.86
1047.73,342.572
1044.41,342.257
1041.18,341.964
1038,341.654
1036.53,341.536
1033.23,341.249
1030.18,340.915
1026.89,340.668
1023.81,340.496
1020.69,340.128
1017.61,339.903
1016.09,339.768
1013.05,339.467
1009.86,339.252
1006.85,339.046
1003.84,338.748
1000.76,338.548
997.67,338.233
996.109,338.073
993.106,337.87
990.138,337.563
987.117,337.409
984.177,337.156
981.18,336.939
978.23,336.65
976.683,336.547
973.728,336.272
970.794,336.102
967.857,335.889
964.921,335.642
961.97,335.424
960.575,335.254
957.679,335.112
954.804,334.878
951.972,334.694
949.063,334.42
946.165,334.299
943.379,334.058
941.863,333.937
939.003,333.768
936.163,333.549
933.346,333.328
930.634,333.156
927.704,332.932
926.339,332.921
923.616,332.735
920.803,332.502
917.988,332.319
915.206,332.147
912.496,331.95
909.737,331.779
908.4,331.711
905.612,331.517
902.843,331.399
900.19,331.218
897.411,331.074
894.7,330.894
892.053,330.656
890.625,330.639
887.923,330.484
885.259,330.318
882.579,330.213
879.861,329.98
877.272,329.827
874.56,329.747
873.302,329.659
870.6,329.463
867.908,329.372
865.289,329.258
862.684,329.123
860.022,328.93
857.414,328.827
856.179,328.8
853.464,328.564
850.858,328.465
848.331,328.343
845.697,328.227
843.146,328.087
841.777,328.016
839.217,327.95
836.729,327.827
834.13,327.726
831.506,327.509
829.065,327.475
826.47,327.266
825.18,327.305
822.644,327.17
820.091,327.068
817.555,326.899
815.082,326.756
812.502,326.681
811.26,326.607
808.75,326.575
806.226,326.458
803.797,326.35
801.291,326.281
798.781,326.15
796.295,326.031
795.041,325.968
792.485,325.958
790.036,325.826
787.642,325.744
785.155,325.698
782.667,325.617
780.155,325.516
778.939,325.412
776.43,325.404
773.995,325.303
771.59,325.26
769.116,325.188
766.702,325.194
764.208,325.087
763.019,325.007
760.56,325.051
758.189,324.963
755.692,325.021
753.245,324.908
750.87,324.87
749.661,324.831
747.201,324.79
744.84,324.688
742.466,324.621
740.005,324.561
737.68,324.487
735.202,324.477
734.083,324.442
731.656,324.369
729.292,324.358
726.864,324.286
724.508,324.191
722.149,324.142
720.938,324.077
718.559,324.084
716.197,324.059
713.809,323.995
711.387,323.942
709.096,323.846
706.712,323.863
705.54,323.783
703.191,323.778
700.763,323.75
698.44,323.757
696.09,323.671
693.74,323.667
691.406,323.679
690.161,323.634
687.814,323.565
685.492,323.536
683.183,323.549
680.823,323.513
678.413,323.485
677.305,323.467
674.978,323.502
672.642,323.509
670.216,323.45
667.901,323.401
665.622,323.431
663.295,323.438
662.067,323.427
659.739,323.338
657.46,323.368
655.126,323.336
652.779,323.351
650.457,323.338
648.109,323.353
646.904,323.373
644.628,323.352
642.315,323.41
639.961,323.33
637.616,323.349
635.33,323.415
633.019,323.437
631.895,323.417
629.559,323.436
627.169,323.424
624.884,323.45
622.525,323.52
620.26,323.515
617.912,323.478
616.756,323.541
614.494,323.539
612.118,323.527
609.841,323.644
607.478,323.62
605.209,323.673
603.978,323.674
600.465,329.8
598.093,329.776
595.804,329.809
593.46,329.927
592.352,329.924
590.052,329.914
587.721,329.934
585.365,330.055
583.07,330.059
580.681,330.099
578.41,330.107
577.232,330.179
574.945,330.174
572.568,330.227
570.299,330.334
567.878,330.361
565.552,330.397
564.458,330.433
562.118,330.502
559.785,330.58
557.41,330.611
555.099,330.65
552.779,330.809
550.392,330.862
549.312,330.873
546.947,330.942
544.603,330.986
542.302,331.12
539.912,331.173
537.601,331.268
535.217,331.282
534.057,331.349
531.754,331.422
529.393,331.51
527.023,331.618
524.649,331.624
522.377,331.732
520.021,331.793
518.753,331.866
516.418,331.983
514.07,332.049
511.686,332.107
509.402,332.289
506.968,332.387
505.797,332.405
503.463,332.501
501.041,332.577
498.724,332.735
496.364,332.769
493.959,332.854
491.631,333.028
490.4,333.088
488.02,333.161
485.618,333.292
483.261,333.421
480.886,333.54
478.479,333.572
477.259,333.652
474.819,333.738
472.452,333.936
470.038,334.068
467.651,334.108
465.253,334.229
462.793,334.427
461.667,334.523
459.184,334.573
456.828,334.718
454.389,334.781
451.89,334.982
449.458,335.114
447.073,335.191
445.839,335.319
443.463,335.498
440.944,335.599
438.591,335.754
436.088,335.934
433.668,336.045
431.136,336.192
429.983,336.253
427.503,336.377
424.997,336.569
422.598,336.77
420.036,336.895
417.584,337
416.317,337.095
413.902,337.275
411.35,337.417
408.851,337.632
406.411,337.802
403.876,337.97
401.388,338.155
400.107,338.228
397.676,338.41
395.125,338.608
392.582,338.792
390.03,339.009
387.51,339.202
384.959,339.419
383.79,339.457
381.223,339.702
378.661,339.882
376.092,340.061
373.598,340.225
371.052,340.485
369.705,340.606
367.148,340.791
364.615,340.995
361.979,341.228
359.366,341.372
356.747,341.621
354.245,341.758
352.846,341.872
350.225,342.105
347.668,342.339
345.076,342.581
342.429,342.777
339.836,343.053
337.157,343.185
335.838,343.388
333.184,343.585
330.509,343.856
327.832,344.021
325.141,344.293
322.479,344.524
319.851,344.765
318.47,344.907
315.793,345.122
313.02,345.407
310.362,345.633
307.598,345.844
304.937,346.16
303.505,346.273
300.8,346.452
298.061,346.746
295.27,347.066
292.592,347.234
289.809,347.537
287.002,347.816
285.678,348.004
282.874,348.214
280.087,348.568
277.233,348.8
274.476,349.079
271.583,349.375
270.322,349.479
267.35,349.757
264.616,350.129
261.759,350.339
258.893,350.712
256.053,351.025
253.108,351.326
251.74,351.423
248.783,351.726
245.921,352.077
243.057,352.384
240.015,352.717
237.101,353.013
234.223,353.326
232.755,353.393
229.872,353.817
226.915,354.193
223.926,354.493
220.859,354.803
217.904,355.092
214.847,355.453
213.394,355.584
210.452,355.987
207.407,356.356
204.364,356.675
201.256,356.994
198.299,357.34
195.218,357.688
193.584,357.877
190.594,358.311
187.422,358.692
184.288,359.045
181.244,359.369
177.987,359.783
176.457,359.918
173.412,360.327
170.172,360.744
167.028,361.163
163.837,361.521
160.559,361.92
159.069,362.051
155.874,362.475
152.528,362.958
149.266,363.331
146.011,363.673
142.775,364.1
139.567,364.584
137.866,364.79
134.486,365.158
131.094,365.603
127.848,365.975
124.559,366.435
121.083,366.882
117.779,367.391
116.108,367.551
112.745,368.033
109.168,368.413
105.86,368.956
102.421,369.339
98.9018,369.844
95.3626,370.27
93.7062,370.566
90.053,370.989
86.5941,371.539
83.182,372.017
79.4758,372.485
76.0056,372.951
72.402,373.403
70.5064,373.66
66.9977,374.123
63.3449,374.658
59.489,375.209
55.8918,375.724
52.3593,376.173
50.4157,376.51
46.6838,376.997
43.054,377.517
39.1688,378.07
35.5119,378.594
31.8745,379.225
28.0055,379.743
26.2685,380.003
22.3089,380.599
18.4021,381.213
14.6112,381.778
10.703,382.339
6.66887,382.852
2.76256,383.404
0.780906,383.751
-3.31646,384.355
-7.31783,384.869
-11.5148,385.355
-15.786,385.882
-19.8123,386.565
-22.0665,386.837
-26.2684,387.307
-30.5803,387.955
-34.946,388.61
-39.0127,389.114
-43.4165,389.684
-47.7718,390.342
-50.0004,390.697
-54.5642,391.217
-58.9513,391.856
-63.4073,392.463
-67.741,393.159
-72.394,393.734
-76.9322,394.513
-79.128,394.688
-83.7099,395.388
-88.3557,396.156
-93.0712,396.717
-97.5471,397.47
-102.203,398.157
-107.07,398.842
-109.455,399.142
-114.095,399.936
-118.694,400.694
-123.365,401.434
-128.395,402.104
-133.178,402.846
1298.44,377.954
1293.98,377.27
1289.54,376.752
1284.92,376.148
1280.31,375.693
1275.71,375.097
1271.49,374.541
1269.32,374.252
1264.86,373.818
1260.36,373.235
1255.98,372.805
1251.64,372.237
1247.54,371.673
1245.45,371.536
1241.14,370.858
1236.83,370.426
1232.81,369.915
1228.64,369.41
1224.38,369.011
1220.39,368.555
1218.29,368.308
1214.25,367.814
1210.23,367.322
1206.25,366.789
1202.25,366.254
1198.33,365.87
1194.28,365.398
1192.24,365.108
1188.53,364.735
1184.61,364.201
1180.65,363.824
1177.04,363.347
1173.19,362.867
1171.12,362.635
1167.57,362.269
1163.8,361.807
1160.03,361.362
1156.17,360.956
1152.52,360.488
1148.74,360.077
1147,359.882
1143.48,359.564
1139.66,359.116
1136.08,358.675
1132.55,358.284
1128.66,357.997
1125.28,357.531
1123.56,357.32
1119.78,357.033
1116.45,356.645
1112.84,356.21
1109.35,355.85
1105.85,355.526
1104.3,355.248
1100.78,354.962
1097.17,354.632
1093.81,354.257
1090.41,353.945
1087.03,353.577
1083.57,353.245
1081.87,353.064
1078.65,352.709
1075.13,352.385
1071.83,352.046
1068.64,351.671
1065.16,351.444
1061.94,351.02
1060.3,350.883
1057,350.578
1053.74,350.209
1050.58,349.973
1047.28,349.698
1043.97,349.371
1040.79,349.013
1039.24,348.881
1035.98,348.555
1032.85,348.352
1029.69,348.059
1026.59,347.707
1023.42,347.446
1021.93,347.286
1018.63,347.063
1015.56,346.682
1012.62,346.387
1009.5,346.168
1006.32,345.919
1003.22,345.641
1001.7,345.515
998.687,345.261
995.555,345.02
992.653,344.675
989.615,344.489
986.596,344.207
985.156,344.151
982.086,343.843
979.207,343.602
976.129,343.419
973.15,343.13
970.166,342.916
967.307,342.701
965.852,342.581
962.892,342.249
960.047,342.053
957.108,341.839
954.179,341.633
951.374,341.368
948.471,341.224
946.976,341.125
944.162,340.904
941.286,340.703
938.517,340.436
935.58,340.199
932.791,340.076
929.946,339.872
928.557,339.757
925.723,339.509
922.909,339.299
920.195,339.05
917.334,338.923
914.632,338.774
911.868,338.58
910.461,338.401
907.647,338.276
904.896,338.066
902.26,337.886
899.462,337.752
896.68,337.597
895.348,337.482
892.635,337.327
889.863,337.146
887.293,337.006
884.573,336.776
881.856,336.651
879.177,336.442
877.917,336.358
875.162,336.226
872.511,336.11
869.798,335.946
867.19,335.763
864.55,335.642
863.302,335.542
860.704,335.468
857.977,335.31
855.385,335.163
852.713,335.047
850.129,334.854
847.516,334.691
846.207,334.655
843.663,334.562
841.024,334.436
838.498,334.241
835.912,334.101
833.315,334.01
830.698,333.886
829.44,333.791
826.954,333.7
824.442,333.545
821.865,333.456
819.274,333.292
816.787,333.258
814.25,333.107
813.032,333.049
810.376,332.992
807.922,332.787
805.356,332.718
802.862,332.621
800.345,332.504
799.115,332.495
796.563,332.43
794.136,332.212
791.63,332.182
789.14,332.086
786.696,331.991
784.184,331.908
782.909,331.91
780.491,331.771
777.949,331.859
775.457,331.766
772.995,331.595
770.596,331.581
769.343,331.575
766.892,331.495
764.397,331.484
761.878,331.418
759.507,331.372
757.036,331.327
754.61,331.137
753.428,331.164
751.026,331.075
748.574,331.041
746.143,330.94
743.76,330.92
741.385,330.805
738.92,330.75
737.701,330.702
735.383,330.632
733.015,330.627
730.612,330.47
728.216,330.47
725.794,330.39
724.629,330.318
722.191,330.321
719.804,330.285
717.511,330.247
715.034,330.117
712.732,330.111
710.328,330.021
709.116,330.062
706.789,329.987
704.415,329.981
702.066,329.931
699.728,329.823
697.31,329.864
694.924,329.771
693.816,329.789
691.382,329.759
689.041,329.653
686.762,329.708
684.365,329.623
682.04,329.663
679.63,329.633
678.524,329.622
676.123,329.611
673.825,329.581
671.435,329.552
669.081,329.566
666.768,329.51
664.409,329.524
663.263,329.509
660.952,329.453
658.636,329.458
656.234,329.52
653.959,329.451
651.626,329.486
650.447,329.425
648.052,329.469
645.799,329.465
643.467,329.457
641.152,329.504
638.757,329.429
636.468,329.449
635.272,329.422
632.939,329.527
630.694,329.509
628.326,329.463
625.992,329.475
623.674,329.559
622.535,329.486
620.227,329.514
617.864,329.553
615.574,329.567
613.207,329.641
610.937,329.636
608.563,329.624
607.377,329.696
605.105,329.625
602.736,329.728
601.114,335.498
598.867,335.553
596.533,335.604
594.188,335.579
591.842,335.679
589.494,335.654
588.335,335.73
586.044,335.788
583.665,335.789
581.322,335.797
579.071,335.873
576.77,335.956
574.397,335.962
573.202,336.021
570.854,336.001
568.586,336.123
566.192,336.162
563.903,336.264
561.59,336.241
559.227,336.381
558.03,336.344
555.798,336.515
553.355,336.454
551.012,336.564
548.715,336.63
546.345,336.738
545.194,336.72
542.917,336.872
540.559,336.877
538.235,336.937
535.823,337.08
533.566,337.107
531.173,337.257
529.956,337.25
527.663,337.373
525.256,337.411
522.877,337.479
520.623,337.627
518.229,337.748
517.014,337.702
514.694,337.848
512.304,337.988
509.979,337.97
507.574,338.072
505.226,338.182
502.865,338.358
501.646,338.411
499.278,338.503
496.866,338.605
494.529,338.687
492.122,338.831
489.739,338.923
487.385,339.034
486.217,339.096
483.771,339.157
481.368,339.288
479.078,339.458
476.638,339.548
474.166,339.646
471.844,339.777
470.547,339.879
468.201,339.967
465.819,340.131
463.305,340.188
460.912,340.354
458.552,340.487
457.315,340.561
454.853,340.703
452.482,340.821
449.997,340.934
447.524,341.046
445.067,341.238
442.674,341.357
441.487,341.406
439.051,341.567
436.574,341.76
434.077,341.874
431.608,342.068
429.142,342.23
426.638,342.41
425.421,342.467
422.938,342.654
420.476,342.809
417.993,342.898
415.511,343.144
413.035,343.241
411.785,343.331
409.252,343.556
406.749,343.745
404.377,343.879
401.844,344.121
399.318,344.303
396.77,344.482
395.477,344.528
393.059,344.712
390.455,344.875
387.937,345.166
385.409,345.286
382.855,345.502
380.424,345.679
379.09,345.865
376.523,346.037
374.037,346.246
371.435,346.506
368.798,346.631
366.339,346.895
363.762,347.05
362.444,347.231
359.9,347.392
357.21,347.687
354.593,347.858
352.035,348.092
349.401,348.224
348.058,348.385
345.466,348.594
342.911,348.828
340.134,349.103
337.506,349.293
334.936,349.497
332.211,349.84
330.932,349.909
328.303,350.109
325.556,350.368
322.921,350.612
320.22,350.873
317.459,351.188
316.097,351.255
313.492,351.561
310.785,351.836
308.052,352.015
305.285,352.328
302.599,352.577
299.826,352.826
298.479,352.945
295.687,353.195
293.003,353.455
290.149,353.734
287.443,353.985
284.606,354.328
281.862,354.549
280.474,354.707
277.669,354.99
274.759,355.275
271.964,355.647
269.228,355.935
266.324,356.162
263.496,356.538
262.064,356.666
259.159,356.927
256.341,357.303
253.418,357.622
250.595,357.885
247.645,358.206
244.806,358.584
243.337,358.717
240.408,359.013
237.456,359.336
234.521,359.633
231.607,359.986
228.614,360.347
227.177,360.59
224.214,360.867
221.257,361.224
218.284,361.55
215.307,361.967
212.267,362.276
210.732,362.438
207.753,362.775
204.742,363.196
201.688,363.554
198.553,363.85
195.451,364.329
192.528,364.66
190.864,364.848
187.753,365.165
184.663,365.573
181.516,365.988
178.421,366.303
175.253,366.732
172.04,367.108
170.582,367.402
167.456,367.721
164.263,368.153
160.904,368.571
157.738,369.024
154.504,369.355
151.266,369.782
149.658,370.024
146.37,370.432
143.141,370.872
139.903,371.345
136.493,371.711
133.125,372.19
129.879,372.641
128.123,372.759
124.774,373.296
121.604,373.714
118.029,374.101
114.725,374.586
111.376,375.108
109.523,375.35
105.999,375.852
102.783,376.283
99.0724,376.726
95.6913,377.197
92.3202,377.688
88.6292,378.143
87.0207,378.519
83.3933,379.046
79.7333,379.498
76.3625,379.986
72.6202,380.48
68.9417,380.955
65.4025,381.468
63.5662,381.844
59.8696,382.347
56.3137,382.863
52.6228,383.39
48.9005,383.868
45.1676,384.401
43.2983,384.749
39.5767,385.198
35.7922,385.867
32.0134,386.393
28.1121,386.959
24.312,387.562
20.5214,388.075
18.467,388.351
14.6877,388.942
10.6538,389.577
6.92284,390.194
2.86499,390.737
-1.01238,391.387
-5.05426,392.015
-6.74754,392.292
-10.8616,392.94
-14.8456,393.627
-19.0566,394.218
-23.1112,394.875
-27.0785,395.5
-31.1549,396.159
-33.5203,396.44
-37.8321,397.03
-42.1356,397.695
-46.5197,398.286
-50.9575,399.022
-55.2783,399.582
-59.887,400.298
-62.0974,400.575
-66.5862,401.286
-71.2113,401.913
-75.6711,402.542
-80.3611,403.347
-84.9769,404.027
-89.7545,404.764
-92.0375,405.078
-96.6558,405.687
-101.467,406.459
-106.344,407.224
-110.986,407.938
-116.026,408.633
-118.682,408.942
1285.97,384.432
1281.53,383.891
1277.43,383.274
1272.77,382.65
1268.42,382.074
1264.04,381.499
1261.84,381.36
1257.61,380.752
1253.36,380.189
1248.87,379.766
1244.61,379.185
1240.58,378.528
1238.33,378.393
1234.34,377.841
1230.14,377.268
1226.17,376.667
1222.04,376.156
1218.01,375.629
1213.88,375.15
1212.05,374.861
1207.89,374.359
1203.83,373.927
1200.07,373.435
1196.01,372.918
1192.11,372.402
1188.26,371.949
1186.3,371.751
1182.3,371.264
1178.51,370.877
1174.75,370.393
1170.92,369.914
1167.11,369.415
1165.12,369.214
1161.45,368.9
1157.68,368.327
1153.97,367.949
1150.25,367.517
1146.67,366.978
1142.83,366.663
1140.97,366.4
1137.41,365.984
1133.74,365.683
1130.35,365.244
1126.72,364.752
1123.01,364.346
1119.52,364
1117.86,363.829
1114.23,363.392
1110.78,363.064
1107.2,362.631
1103.65,362.177
1100.3,361.818
1096.79,361.461
1095.05,361.297
1091.73,360.967
1088.29,360.577
1084.88,360.203
1081.52,359.921
1078.2,359.467
1076.43,359.402
1073.12,358.948
1069.83,358.675
1066.49,358.294
1063.11,357.924
1059.94,357.637
1056.51,357.238
1054.99,357.131
1051.77,356.84
1048.5,356.43
1045.18,356.118
1042.03,355.857
1038.76,355.549
1037.28,355.384
1034.06,355.155
1030.88,354.83
1027.72,354.494
1024.55,354.232
1021.5,353.906
1018.37,353.623
1016.79,353.425
1013.68,353.169
1010.62,352.805
1007.4,352.614
1004.42,352.368
1001.33,352.065
998.32,351.732
996.818,351.687
993.792,351.389
990.781,351.081
987.65,350.847
984.685,350.614
981.687,350.284
978.742,349.992
977.292,349.951
974.295,349.597
971.305,349.423
968.368,349.192
965.427,348.962
962.62,348.731
959.705,348.443
958.218,348.374
955.316,348.088
952.377,347.835
949.5,347.609
946.628,347.443
943.777,347.22
942.384,347.064
939.446,346.845
936.625,346.647
933.771,346.401
930.963,346.239
928.12,345.993
925.416,345.77
923.941,345.735
921.165,345.46
918.349,345.273
915.548,345.065
912.787,344.883
910.095,344.661
908.665,344.639
905.891,344.432
903.152,344.24
900.45,344.052
897.66,343.82
894.992,343.691
892.257,343.453
890.926,343.47
888.262,343.307
885.464,343.018
882.799,342.908
880.179,342.705
877.485,342.593
874.822,342.449
873.532,342.359
870.803,342.164
868.142,341.965
865.546,341.872
862.854,341.679
860.227,341.593
857.603,341.39
856.346,341.344
853.705,341.201
851.117,341.052
848.466,340.898
845.839,340.742
843.315,340.57
841.956,340.516
839.429,340.348
836.838,340.208
834.283,340.106
831.658,339.954
829.204,339.787
826.578,339.662
825.35,339.602
822.72,339.464
820.231,339.344
817.704,339.275
815.103,339.124
812.665,338.996
811.339,338.949
808.827,338.813
806.294,338.76
803.759,338.647
801.338,338.561
798.738,338.396
796.26,338.329
795.056,338.261
792.523,338.153
790.044,338.11
787.546,338.05
785.085,337.925
782.647,337.891
780.115,337.729
778.875,337.762
776.407,337.664
773.978,337.599
771.499,337.479
768.985,337.408
766.583,337.425
765.337,337.434
762.947,337.346
760.505,337.3
758.097,337.197
755.614,337.111
753.173,337.057
750.74,336.916
749.561,336.854
747.137,336.83
744.772,336.774
742.283,336.68
739.928,336.559
737.507,336.506
735.092,336.452
733.906,336.45
731.463,336.338
729.094,336.267
726.736,336.246
724.302,336.119
721.901,336.039
719.499,336.061
718.3,335.984
715.928,335.917
713.581,335.868
711.224,335.904
708.838,335.818
706.477,335.733
704.062,335.756
702.9,335.743
700.545,335.714
698.119,335.63
695.752,335.619
693.431,335.534
691.052,335.538
689.893,335.503
687.549,335.538
685.215,335.407
682.797,335.406
680.525,335.39
678.082,335.343
675.772,335.363
674.557,335.376
672.29,335.36
669.948,335.263
667.525,335.311
665.2,335.206
662.84,335.214
661.765,335.302
659.38,335.211
657.048,335.186
654.724,335.27
652.379,335.199
649.991,335.233
647.671,335.192
646.564,335.253
644.23,335.227
641.838,335.256
639.501,335.208
637.173,335.206
634.91,335.223
632.596,335.21
631.339,335.224
629.016,335.268
626.776,335.297
624.42,335.316
622.086,335.313
619.736,335.354
617.394,335.363
616.281,335.367
613.94,335.398
611.601,335.395
609.261,335.416
606.915,335.468
604.675,335.433
603.456,335.523
600.584,342.772
598.225,342.74
595.848,342.77
593.605,342.888
592.433,342.91
590.023,342.878
587.733,342.954
585.36,343.029
583.062,342.983
580.778,343.02
579.54,343.118
577.214,343.148
574.88,343.217
572.613,343.19
570.179,343.228
567.885,343.36
565.568,343.403
564.383,343.444
562.063,343.538
559.765,343.612
557.403,343.587
555.032,343.744
552.694,343.763
550.376,343.875
549.14,343.841
546.862,343.959
544.503,343.99
542.145,344.128
539.863,344.127
537.463,344.26
536.292,344.25
533.974,344.364
531.585,344.446
529.176,344.527
526.911,344.61
524.454,344.726
522.149,344.829
520.937,344.907
518.632,344.92
516.185,345.082
513.88,345.093
511.496,345.209
509.163,345.379
506.761,345.388
505.586,345.486
503.222,345.637
500.771,345.698
498.392,345.767
496.067,345.874
493.632,345.984
491.307,346.138
490.111,346.216
487.725,346.293
485.28,346.45
482.902,346.502
480.528,346.611
478.097,346.809
475.674,346.954
474.478,346.97
472.091,347.112
469.729,347.288
467.291,347.393
464.827,347.525
462.445,347.661
461.198,347.73
458.842,347.905
456.404,347.958
453.936,348.136
451.515,348.299
449.03,348.429
446.574,348.51
445.375,348.631
442.879,348.757
440.484,348.869
438.018,349.046
435.549,349.234
433.13,349.361
431.827,349.466
429.421,349.578
426.933,349.782
424.466,349.945
422.018,350.077
419.584,350.378
416.99,350.5
415.759,350.512
413.315,350.803
410.819,350.932
408.302,351.094
405.746,351.251
403.253,351.456
400.759,351.595
399.505,351.705
396.874,351.86
394.429,352.119
391.836,352.283
389.378,352.46
386.839,352.66
384.263,352.889
382.981,352.955
380.387,353.244
377.845,353.386
375.292,353.588
372.735,353.849
370.182,354.08
368.903,354.204
366.313,354.468
363.744,354.667
361.161,354.817
358.492,355.129
355.929,355.361
353.279,355.563
352.057,355.665
349.392,355.868
346.718,356.131
344.122,356.307
341.513,356.567
338.874,356.802
336.243,357.036
334.908,357.254
332.193,357.461
329.596,357.696
326.838,357.992
324.201,358.226
321.474,358.494
318.854,358.731
317.424,358.809
314.727,359.134
312.065,359.349
309.324,359.644
306.638,359.883
303.87,360.215
302.564,360.346
299.8,360.647
296.95,360.871
294.238,361.112
291.512,361.492
288.668,361.76
285.964,361.991
284.47,362.226
281.745,362.412
278.899,362.717
276.127,363.072
273.3,363.369
270.446,363.681
269.021,363.813
266.258,364.115
263.357,364.472
260.477,364.73
257.646,365.075
254.747,365.453
251.777,365.735
250.355,365.914
247.43,366.254
244.621,366.572
241.629,366.918
238.745,367.207
235.827,367.573
232.835,367.909
231.376,368.118
228.513,368.509
225.368,368.794
222.451,369.189
219.517,369.56
216.446,369.849
213.423,370.251
211.876,370.433
208.874,370.877
205.961,371.294
202.751,371.522
199.722,371.985
196.577,372.246
195.054,372.572
191.987,372.966
188.942,373.209
185.852,373.69
182.718,374.028
179.561,374.517
176.395,374.884
174.75,375.063
171.543,375.445
168.538,375.98
165.332,376.397
162.08,376.76
158.922,377.265
155.66,377.609
154.044,377.864
150.797,378.262
147.517,378.708
144.177,379.192
140.9,379.614
137.626,380.141
136.029,380.283
132.615,380.732
129.357,381.257
125.946,381.726
122.584,382.205
119.225,382.703
115.681,383.068
114.061,383.422
110.607,383.81
107.362,384.33
103.748,384.853
100.322,385.341
96.8219,385.776
93.3618,386.377
91.5825,386.589
88.0946,387.064
84.5008,387.58
81.0557,388.112
77.4134,388.677
73.8106,389.194
70.1256,389.723
68.4006,389.944
64.7589,390.509
61.0829,391.015
57.4188,391.537
53.717,392.133
50.0333,392.683
48.0809,393.009
44.5157,393.491
40.697,394.152
36.9641,394.706
33.0688,395.295
29.2173,395.936
25.5539,396.483
23.3565,396.84
19.6441,397.35
15.798,397.947
11.9108,398.617
7.97904,399.249
4.1873,399.911
2.12419,400.207
-1.9733,400.772
-5.90365,401.501
-10.0157,402.084
-14.0169,402.66
-18.1937,403.402
-22.1036,404.106
-24.1818,404.398
-28.3092,405.062
-32.5741,405.678
-36.6321,406.478
-40.8791,407.04
-44.9351,407.791
-49.1688,408.553
-51.7607,408.756
-56.0045,409.479
-60.3233,410.209
-64.1042,411.068
-68.4383,411.815
-72.8923,412.506
-77.4411,413.173
-79.8433,413.62
-84.0397,414.399
-88.7232,415.089
-93.3475,415.798
-98.4479,416.471
-102.925,417.222
-107.562,418.075
-110.004,418.44
-114.731,419.142
1227.57,386.355
1223.75,385.712
1221.61,385.544
1217.45,384.921
1213.26,384.42
1209.34,383.947
1205.28,383.465
1201.2,382.949
1197.33,382.362
1195.41,382.121
1191.54,381.583
1187.5,381.195
1183.78,380.704
1179.96,380.069
1175.81,379.626
1172.26,379.15
1170.23,378.962
1166.47,378.445
1162.63,378.027
1159.11,377.44
1155.2,377.045
1151.54,376.581
1149.67,376.323
1146.14,375.901
1142.33,375.466
1138.67,375.002
1135.09,374.621
1131.6,374.181
1127.82,373.655
1126.11,373.535
1122.32,373.076
1118.95,372.605
1115.4,372.272
1111.77,371.902
1108.25,371.456
1104.75,370.99
1102.94,370.94
1099.53,370.373
1096.06,370.115
1092.7,369.714
1089.22,369.316
1085.88,368.917
1084.11,368.801
1080.81,368.319
1077.31,368.003
1074.03,367.68
1070.71,367.257
1067.27,366.929
1064.11,366.576
1062.42,366.339
1059.04,366.059
1055.82,365.692
1052.47,365.389
1049.28,365.038
1046.13,364.703
1044.5,364.519
1041.31,364.117
1037.98,363.764
1034.8,363.472
1031.63,363.241
1028.46,362.847
1025.31,362.558
1023.73,362.416
1020.46,362.053
1017.54,361.783
1014.35,361.531
1011.21,361.176
1008.17,360.812
1005.02,360.61
1003.44,360.457
1000.36,360.099
997.278,359.841
994.415,359.531
991.437,359.153
988.354,358.951
985.261,358.738
983.801,358.597
980.717,358.364
977.765,358.064
974.809,357.759
971.864,357.514
968.895,357.317
967.456,357.118
964.43,356.944
961.481,356.667
958.683,356.418
955.709,356.188
952.863,355.85
950.017,355.64
948.425,355.464
945.614,355.3
942.769,355.096
939.937,354.835
937.011,354.636
934.293,354.372
931.457,354.168
929.973,354.065
927.135,353.825
924.349,353.578
921.476,353.415
918.694,353.21
915.945,352.966
914.428,352.886
911.712,352.713
909.008,352.53
906.129,352.261
903.448,352.054
900.716,351.91
897.891,351.697
896.633,351.542
893.769,351.446
891.102,351.162
888.433,350.982
885.731,350.813
883.055,350.694
880.437,350.378
878.933,350.452
876.284,350.252
873.672,349.993
870.937,349.853
868.282,349.714
865.67,349.455
864.257,349.417
861.618,349.309
859.07,349.107
856.358,349.032
853.872,348.744
851.147,348.578
848.558,348.532
847.292,348.374
844.635,348.234
842.082,348.13
839.504,347.906
836.918,347.761
834.278,347.648
831.719,347.526
830.49,347.456
827.898,347.303
825.391,347.167
822.819,347.091
820.224,346.925
817.682,346.745
815.185,346.631
813.873,346.605
811.264,346.509
808.796,346.293
806.295,346.252
803.747,346.118
801.259,346.075
799.952,345.961
797.368,345.92
794.844,345.788
792.354,345.686
789.862,345.587
787.374,345.492
784.894,345.401
783.672,345.427
781.13,345.361
778.679,345.157
776.204,345.14
773.61,345.09
771.128,345.018
769.905,344.911
767.546,344.863
765.015,344.744
762.628,344.685
760.181,344.625
757.677,344.528
755.253,344.421
754.089,344.423
751.698,344.278
749.204,344.202
746.796,344.1
744.385,344.062
742.032,344.012
739.64,343.872
738.347,343.847
735.973,343.727
733.557,343.646
731.209,343.62
728.721,343.586
726.374,343.452
723.97,343.411
722.779,343.381
720.43,343.339
718.005,343.258
715.578,343.219
713.241,343.166
710.819,343.075
708.467,343.086
707.246,343.051
704.914,343.051
702.512,342.996
700.153,342.945
697.727,342.864
695.379,342.838
694.244,342.859
691.883,342.808
689.437,342.815
687.13,342.746
684.788,342.721
682.373,342.665
680.022,342.653
678.912,342.646
676.482,342.633
674.19,342.558
671.787,342.557
669.482,342.547
667.133,342.621
665.958,342.45
663.65,342.525
661.283,342.561
658.916,342.542
656.532,342.436
654.285,342.491
651.848,342.378
650.697,342.494
648.401,342.455
646.017,342.411
643.744,342.447
641.347,342.46
639.021,342.459
636.742,342.464
635.542,342.486
633.212,342.479
630.839,342.504
628.529,342.409
626.214,342.445
623.856,342.509
621.48,342.489
620.398,342.51
618.01,342.567
615.692,342.591
613.327,342.628
611.074,342.608
608.716,342.614
607.531,342.686
605.18,342.667
602.93,342.69
602.584,349.814
600.349,349.905
597.998,349.908
595.617,349.901
593.287,349.968
590.912,350.05
588.641,350.019
587.427,350.039
585.053,350.096
582.734,350.161
580.483,350.245
578.14,350.306
575.729,350.331
574.62,350.416
572.259,350.39
569.864,350.407
567.587,350.5
565.189,350.566
562.889,350.619
560.583,350.673
559.347,350.69
557.072,350.83
554.655,350.83
552.383,350.984
550.017,350.974
547.688,351.125
545.245,351.181
544.154,351.231
541.718,351.226
539.399,351.371
537.086,351.455
534.722,351.547
532.359,351.63
530.02,351.718
528.835,351.76
526.433,351.85
524.08,351.878
521.722,351.997
519.391,352.082
516.943,352.168
514.563,352.34
513.426,352.385
511.01,352.498
508.713,352.582
506.338,352.643
503.923,352.819
501.498,352.844
500.35,352.888
497.932,353.034
495.532,353.176
493.215,353.291
490.786,353.349
488.444,353.55
486.004,353.609
484.836,353.683
482.432,353.799
480.031,353.972
477.526,354.031
475.203,354.234
472.727,354.35
471.574,354.421
469.148,354.512
466.659,354.685
464.354,354.829
461.868,354.976
459.464,355.064
457.027,355.211
455.794,355.284
453.284,355.461
450.972,355.577
448.443,355.697
446.007,355.873
443.595,356.019
441.101,356.169
439.85,356.301
437.347,356.421
434.929,356.569
432.421,356.805
429.967,356.981
427.538,357.018
425.043,357.227
423.794,357.331
421.327,357.509
418.798,357.63
416.275,357.866
413.829,357.991
411.346,358.312
410.041,358.332
407.55,358.513
404.958,358.615
402.538,358.877
399.949,359.03
397.428,359.356
394.916,359.539
393.71,359.584
391.071,359.716
388.608,359.983
385.97,360.14
383.432,360.469
380.841,360.605
378.345,360.795
377.072,360.863
374.481,361.106
371.848,361.38
369.369,361.649
366.77,361.892
364.174,362.071
361.606,362.349
360.268,362.424
357.679,362.65
355.103,362.908
352.417,363.197
349.82,363.359
347.285,363.661
345.98,363.797
343.25,364.07
340.622,364.218
338.022,364.506
335.302,364.744
332.707,365.079
330.003,365.285
328.661,365.445
326.099,365.674
323.286,365.986
320.703,366.273
317.941,366.543
315.142,366.751
313.912,366.862
311.189,367.245
308.417,367.443
305.601,367.718
302.908,367.988
300.105,368.272
297.373,368.639
296.063,368.768
293.247,369.089
290.481,369.328
287.716,369.657
284.937,369.939
282.127,370.22
279.346,370.576
277.874,370.655
275.014,370.981
272.234,371.291
269.396,371.687
266.566,372.027
263.606,372.283
260.837,372.666
259.419,372.842
256.469,373.17
253.625,373.488
250.708,373.831
247.85,374.185
244.775,374.509
243.434,374.718
240.542,375.052
237.507,375.391
234.657,375.778
231.727,376.117
228.646,376.404
225.805,376.848
224.18,376.949
221.226,377.331
218.164,377.713
215.264,378.067
212.171,378.516
209.078,378.834
206.107,379.213
204.586,379.482
201.456,379.808
198.447,380.262
195.383,380.685
192.37,381.065
189.138,381.485
187.616,381.637
184.524,382.037
181.439,382.442
178.299,382.963
175.005,383.316
171.897,383.799
168.746,384.192
167.122,384.454
163.992,384.811
160.791,385.319
157.557,385.755
154.319,386.154
151.121,386.59
147.761,387.071
146.227,387.277
142.887,387.816
139.573,388.263
136.282,388.702
132.899,389.23
129.644,389.724
126.179,390.187
124.517,390.356
121.131,390.846
117.735,391.338
114.266,391.896
110.939,392.351
107.368,392.845
105.719,393.095
102.272,393.606
98.6907,394.135
95.3126,394.732
91.7627,395.184
88.3373,395.772
84.7893,396.24
82.9007,396.593
79.2738,397.067
75.8977,397.592
72.1702,398.234
68.5957,398.781
65.0458,399.316
63.2175,399.63
59.5288,400.13
55.7757,400.762
52.0517,401.301
48.3965,401.937
44.515,402.557
40.9512,403.045
39.0542,403.373
35.1786,403.961
31.3937,404.572
27.6086,405.166
23.6841,405.889
19.8107,406.465
15.9168,407.075
13.9989,407.361
10.1738,407.996
6.08735,408.727
2.23773,409.382
-1.94006,409.953
-5.7517,410.682
-9.83249,411.37
-11.7803,411.644
-15.7439,412.314
-19.7698,413.062
-23.825,413.682
-28.121,414.387
-32.1976,415.169
-36.3957,415.784
-38.659,416.247
-42.6548,416.88
-47.0167,417.612
-51.1558,418.299
-55.4841,419.042
-59.8489,419.838
-61.9529,420.161
-66.2383,421.012
-70.5992,421.767
-75.1257,422.531
-79.567,423.297
-84.052,424.116
-86.2844,424.504
1168.91,387.784
1165.13,387.184
1163.24,386.967
1159.57,386.463
1155.69,386.058
1152.09,385.593
1148.29,385.111
1144.63,384.561
1142.84,384.283
1139.23,383.836
1135.61,383.352
1132.21,382.954
1128.42,382.513
1124.71,382.102
1121.04,381.626
1119.31,381.475
1115.82,381.044
1112.16,380.635
1108.72,380.209
1105.27,379.675
1101.72,379.38
1100.03,379.09
1096.58,378.723
1093.13,378.238
1089.68,377.907
1086.22,377.521
1082.8,377.052
1079.5,376.748
1077.75,376.46
1074.46,376.158
1071.05,375.789
1067.79,375.403
1064.53,374.946
1061.16,374.547
1057.83,374.206
1056.16,374.089
1052.9,373.692
1049.64,373.397
1046.42,373.045
1043.15,372.576
1039.95,372.267
1036.78,371.919
1035.14,371.725
1032.03,371.498
1028.73,371.158
1025.65,370.729
1022.49,370.473
1019.33,370.172
1017.75,370.024
1014.65,369.61
1011.54,369.392
1008.47,368.971
1005.36,368.68
1002.24,368.377
999.244,368.053
997.64,367.94
994.7,367.706
991.544,367.298
988.569,367.097
985.567,366.823
982.632,366.511
979.478,366.213
977.956,366.167
975.076,365.884
972.151,365.551
969.132,365.317
966.175,365.035
963.221,364.729
961.791,364.63
958.923,364.373
956.062,364.022
953.039,363.808
950.151,363.649
947.243,363.277
944.42,363.137
943.02,362.916
940.058,362.683
937.253,362.561
934.358,362.326
931.579,362.035
928.792,361.814
925.939,361.565
924.527,361.487
921.689,361.238
918.937,360.963
916.113,360.791
913.243,360.587
910.533,360.28
909.185,360.182
906.397,360.048
903.625,359.759
900.83,359.532
898.211,359.421
895.433,359.195
892.655,359.015
891.236,358.838
888.557,358.666
885.934,358.434
883.205,358.342
880.547,358.125
877.882,357.897
875.124,357.768
873.796,357.647
871.07,357.432
868.424,357.244
865.82,357.108
863.14,356.914
860.539,356.778
857.91,356.574
856.543,356.43
853.972,356.275
851.391,356.075
848.757,355.932
846.113,355.799
843.502,355.58
842.162,355.548
839.588,355.436
837.013,355.302
834.456,355.082
831.833,355.014
829.251,354.787
826.741,354.636
825.392,354.64
822.906,354.517
820.318,354.305
817.717,354.21
815.254,354.035
812.611,353.975
811.343,353.864
808.837,353.803
806.256,353.707
803.758,353.527
801.24,353.436
798.715,353.317
796.229,353.204
794.971,353.157
792.524,353.073
789.998,352.927
787.477,352.895
784.998,352.888
782.486,352.823
779.995,352.655
778.688,352.61
776.35,352.584
773.817,352.474
771.356,352.337
768.959,352.254
766.422,352.145
764.019,352.004
762.718,351.993
760.273,351.884
757.909,351.801
755.501,351.719
753.016,351.553
750.616,351.528
748.113,351.447
746.951,351.377
744.47,351.268
742.106,351.186
739.614,351.076
737.215,351.023
734.827,350.941
733.596,350.932
731.2,350.848
728.808,350.824
726.348,350.686
724.036,350.72
721.544,350.582
719.227,350.586
718.009,350.52
715.588,350.493
713.238,350.384
710.814,350.332
708.491,350.334
706.02,350.251
704.921,350.239
702.534,350.16
700.125,350.106
697.755,350.057
695.403,350.001
693.033,350.038
690.565,349.983
689.447,350.003
687.107,349.886
684.709,349.926
682.322,349.902
679.93,349.79
677.588,349.764
675.27,349.801
674.069,349.736
671.664,349.709
669.397,349.717
667.024,349.655
664.69,349.661
662.272,349.73
659.956,349.669
658.825,349.656
656.41,349.607
654.086,349.636
651.699,349.634
649.429,349.59
647.017,349.618
645.87,349.635
643.5,349.649
641.211,349.608
638.847,349.594
636.465,349.617
634.217,349.62
631.819,349.601
630.666,349.62
628.286,349.584
626.002,349.621
623.681,349.617
621.317,349.678
619.024,349.749
617.827,349.672
615.476,349.73
613.129,349.702
610.763,349.74
608.415,349.739
606.171,349.862
603.822,349.834
600.794,357.834
598.496,357.868
596.193,357.96
593.788,357.989
592.635,357.948
590.335,358.037
587.907,357.987
585.645,358.152
583.313,358.133
580.967,358.173
578.614,358.222
577.382,358.194
575.058,358.354
572.776,358.411
570.417,358.422
568.009,358.539
565.707,358.526
563.333,358.581
562.187,358.566
559.836,358.677
557.518,358.749
555.146,358.834
552.833,358.894
550.502,358.974
549.334,359.049
546.956,359.087
544.565,359.145
542.2,359.238
539.822,359.382
537.507,359.442
535.166,359.496
534.015,359.577
531.593,359.609
529.262,359.699
526.93,359.79
524.518,359.944
522.16,360.057
521.011,360.08
518.539,360.194
516.17,360.237
513.913,360.385
511.433,360.393
509.144,360.617
506.682,360.709
505.543,360.651
503.159,360.824
500.79,360.945
498.372,361.063
496.006,361.176
493.581,361.294
491.15,361.399
490.03,361.534
487.571,361.597
485.149,361.78
482.838,361.845
480.32,362.051
477.92,362.122
475.557,362.249
474.403,362.315
471.947,362.448
469.501,362.659
467.091,362.802
464.663,362.875
462.304,363.017
461.01,363.025
458.641,363.24
456.169,363.465
453.669,363.601
451.203,363.636
448.797,363.805
446.34,363.961
445.11,364.039
442.713,364.256
440.254,364.418
437.699,364.55
435.281,364.763
432.775,364.951
430.354,365.064
429.051,365.2
426.615,365.321
424.153,365.553
421.645,365.725
419.14,365.881
416.686,366.105
414.131,366.304
412.936,366.33
410.447,366.594
407.828,366.704
405.382,366.929
402.858,367.192
400.311,367.377
399.048,367.4
396.456,367.618
393.96,367.844
391.422,368.102
388.866,368.327
386.301,368.45
383.786,368.677
382.48,368.854
379.993,369.059
377.342,369.289
374.764,369.453
372.222,369.752
369.599,369.902
368.39,370.086
365.799,370.326
363.178,370.495
360.564,370.788
357.902,370.991
355.323,371.298
352.803,371.544
351.395,371.649
348.862,371.848
346.205,372.17
343.48,372.483
340.967,372.726
338.246,372.884
335.592,373.208
334.286,373.337
331.54,373.606
328.942,373.932
326.247,374.136
323.548,374.417
320.818,374.692
318.057,375.055
316.797,375.173
314.013,375.423
311.405,375.759
308.534,376.062
305.928,376.26
303.047,376.641
301.683,376.783
298.976,377.019
296.163,377.312
293.476,377.623
290.714,377.957
287.822,378.243
285.152,378.623
283.687,378.727
280.866,379.115
278.032,379.379
275.361,379.813
272.442,380.072
269.517,380.43
266.713,380.733
265.297,380.908
262.385,381.254
259.495,381.541
256.713,381.866
253.798,382.211
250.873,382.649
249.409,382.759
246.536,383.124
243.645,383.454
240.627,383.878
237.695,384.282
234.751,384.581
231.844,384.933
230.27,385.121
227.334,385.494
224.33,385.961
221.328,386.354
218.389,386.71
215.378,387.054
212.367,387.505
210.732,387.645
207.759,388.128
204.65,388.447
201.612,388.908
198.645,389.317
195.536,389.742
192.402,390.177
190.826,390.329
187.734,390.734
184.609,391.286
181.451,391.65
178.368,392.179
175.199,392.464
173.561,392.843
170.413,393.203
167.103,393.6
164.027,394.107
160.797,394.629
157.507,395.074
154.346,395.558
152.648,395.797
149.39,396.19
146.163,396.655
142.731,397.231
139.584,397.625
136.342,398.108
134.545,398.38
131.251,398.924
127.892,399.373
124.475,399.919
121.135,400.424
117.714,400.868
114.357,401.388
112.671,401.642
109.229,402.24
105.814,402.844
102.191,403.327
98.7798,403.854
95.3349,404.375
91.685,404.884
90.0366,405.295
86.4635,405.763
82.8329,406.33
79.2481,406.811
75.7542,407.52
71.9945,407.98
68.4918,408.691
66.6111,408.927
63.0433,409.57
59.3873,410.166
55.7634,410.737
51.8959,411.295
48.3467,411.91
44.4748,412.592
42.7597,412.812
38.877,413.458
35.0537,414.157
31.2754,414.773
27.3657,415.439
23.6348,416.056
21.6815,416.373
17.7376,417.042
13.9353,417.616
9.97146,418.343
5.94357,418.978
2.09271,419.611
0.146919,419.979
-3.92553,420.669
-8.02529,421.364
-11.9677,422.059
-16.0494,422.854
-20.2621,423.565
-24.3603,424.274
-26.313,424.547
-30.5146,425.277
-34.5988,426.076
-38.7946,426.845
-43.0527,427.481
-47.2961,428.258
1144.81,394.605
1137.55,393.705
1133.8,393.116
1130.21,392.746
1128.46,392.424
1124.92,391.938
1121.32,391.471
1117.54,391.08
1114.19,390.543
1110.6,390.196
1106.93,389.725
1105.35,389.433
1101.77,389.056
1098.49,388.571
1095.03,388.134
1091.5,387.764
1088.11,387.284
1086.35,387.052
1082.99,386.733
1079.52,386.238
1076.15,385.8
1072.75,385.396
1069.47,385.073
1066.07,384.766
1064.48,384.476
1061.15,384.096
1057.85,383.771
1054.56,383.319
1051.37,383.006
1048.1,382.471
1044.88,382.276
1043.25,382.059
1040.07,381.639
1036.8,381.267
1033.57,380.966
1030.44,380.636
1027.21,380.256
1025.7,380.009
1022.47,379.755
1019.48,379.411
1016.2,379.056
1013.1,378.716
1010.03,378.307
1006.87,378.067
1005.36,377.807
1002.19,377.547
999.369,377.226
996.259,376.821
993.146,376.606
990.073,376.284
986.932,376.04
985.592,375.834
982.528,375.443
979.605,375.153
976.59,374.92
973.504,374.688
970.613,374.401
969.209,374.191
966.166,373.963
963.297,373.621
960.29,373.321
957.37,373.037
954.527,372.85
951.515,372.576
950.075,372.503
947.076,372.153
944.247,371.908
941.346,371.711
938.549,371.433
935.653,371.096
932.826,370.869
931.432,370.679
928.495,370.529
925.64,370.287
922.929,370.002
920.135,369.75
917.352,369.562
914.544,369.269
913.131,369.159
910.353,368.989
907.498,368.806
904.879,368.535
902.069,368.292
899.265,368.161
898.051,367.919
895.255,367.828
892.564,367.554
889.737,367.343
886.953,367.112
884.372,366.953
881.66,366.71
880.28,366.682
877.507,366.397
874.941,366.215
872.162,366.056
869.529,365.818
866.899,365.603
865.502,365.52
862.867,365.329
860.343,365.156
857.659,364.981
854.987,364.856
852.411,364.624
849.743,364.448
848.472,364.361
845.846,364.165
843.193,364.131
840.562,363.91
838.016,363.731
835.363,363.573
832.802,363.398
831.569,363.327
828.902,363.237
826.333,363.027
823.837,362.944
821.191,362.71
818.676,362.637
816.161,362.42
814.89,362.436
812.272,362.285
809.739,362.223
807.127,362.066
804.579,361.997
802.132,361.854
799.506,361.667
798.342,361.604
795.784,361.472
793.314,361.421
790.718,361.35
788.128,361.252
785.681,361.177
784.481,361.058
781.925,360.993
779.521,360.839
777.01,360.645
774.584,360.468
772.174,360.425
769.716,360.321
768.436,360.413
765.946,360.23
763.508,360.133
761.008,360.025
758.568,359.892
756.138,359.838
754.937,359.787
752.453,359.637
750.056,359.568
747.599,359.529
745.171,359.439
742.812,359.359
740.369,359.204
739.103,359.17
736.779,359.165
734.287,359.021
731.9,358.993
729.529,358.882
727.054,358.87
724.706,358.806
723.466,358.702
721.047,358.648
718.641,358.573
716.305,358.517
713.856,358.447
711.459,358.38
709.1,358.394
707.885,358.363
705.488,358.317
703.09,358.199
700.759,358.2
698.322,358.109
696.025,358.054
694.825,358.096
692.4,358.005
690.014,358.018
687.679,357.911
685.279,357.883
682.964,357.922
680.562,357.819
679.372,357.873
676.993,357.83
674.664,357.801
672.292,357.77
670,357.695
667.656,357.742
666.394,357.663
664.115,357.648
661.702,357.67
659.412,357.615
657,357.601
654.664,357.628
652.292,357.624
651.154,357.566
648.814,357.552
646.421,357.557
644.116,357.558
641.761,357.54
639.464,357.485
637.135,357.483
635.869,357.5
633.564,357.501
631.268,357.561
628.929,357.641
626.514,357.644
624.219,357.589
623.07,357.604
620.739,357.682
618.367,357.64
616.038,357.715
613.643,357.667
611.344,357.695
609.053,357.728
607.786,357.792
605.495,357.698
603.201,357.864
601.644,363.939
600.455,364.036
598.195,363.995
595.796,364.104
593.404,364.08
591.145,364.103
588.747,364.142
587.637,364.178
585.295,364.212
582.847,364.273
580.603,364.32
578.166,364.311
575.927,364.477
573.486,364.436
572.322,364.5
569.971,364.585
567.619,364.629
565.294,364.647
562.976,364.807
560.619,364.799
559.459,364.925
557.081,364.895
554.7,364.98
552.414,365.108
549.985,365.202
547.717,365.2
545.362,365.343
544.16,365.382
541.749,365.455
539.361,365.566
537.078,365.636
534.694,365.715
532.32,365.803
529.969,365.898
528.786,366.001
526.457,365.968
524.032,366.064
521.704,366.239
519.271,366.335
516.866,366.367
514.509,366.542
513.292,366.591
511.007,366.621
508.523,366.814
506.203,366.909
503.83,366.981
501.472,367.141
500.206,367.197
497.867,367.262
495.391,367.439
493.004,367.512
490.656,367.713
488.217,367.752
485.782,367.89
484.576,368.026
482.228,368.15
479.819,368.223
477.408,368.418
474.902,368.502
472.55,368.72
470.067,368.776
468.834,368.867
466.472,369.001
464.02,369.151
461.661,369.369
459.24,369.516
456.692,369.688
454.222,369.771
453.03,369.901
450.584,370.03
448.154,370.126
445.656,370.416
443.33,370.505
440.724,370.691
439.564,370.773
437.056,370.995
434.575,371.184
432.099,371.283
429.645,371.482
427.178,371.66
424.682,371.839
423.309,371.903
420.825,372.082
418.375,372.34
415.888,372.508
413.364,372.711
410.835,372.915
409.634,373.019
407.058,373.135
404.574,373.407
402.053,373.618
399.533,373.809
396.892,374.057
394.495,374.257
393.184,374.291
390.576,374.584
388.068,374.713
385.427,374.968
382.896,375.245
380.438,375.451
377.796,375.632
376.511,375.747
373.948,376.025
371.44,376.267
368.756,376.465
366.189,376.745
363.571,376.935
360.956,377.166
359.655,377.366
357.023,377.557
354.402,377.789
351.851,378.036
349.122,378.436
346.597,378.628
345.283,378.808
342.621,379.002
339.856,379.302
337.282,379.613
334.66,379.866
331.97,380.021
329.296,380.427
327.864,380.567
325.182,380.783
322.601,381.075
319.811,381.42
317.05,381.71
314.338,382.003
311.74,382.276
310.348,382.368
307.658,382.66
304.957,383.081
302.054,383.344
299.356,383.584
296.586,383.916
295.247,384.098
292.438,384.438
289.528,384.773
286.784,385.072
283.937,385.338
281.174,385.799
278.503,386.057
276.981,386.165
274.151,386.583
271.337,386.974
268.437,387.192
265.578,387.613
262.699,387.882
259.82,388.306
258.376,388.48
255.48,388.773
252.508,389.155
249.659,389.473
246.741,389.933
243.807,390.231
240.867,390.585
239.39,390.841
236.449,391.304
233.621,391.659
230.53,392.001
227.682,392.429
224.664,392.777
223.119,392.971
220.173,393.357
217.12,393.693
213.977,394.248
211.004,394.653
207.995,394.991
204.891,395.47
203.457,395.665
200.412,396.088
197.166,396.473
194.154,396.956
191.116,397.37
187.885,397.754
186.373,397.976
183.252,398.417
179.986,398.869
176.818,399.333
173.668,399.851
170.54,400.286
167.353,400.818
165.766,400.937
162.491,401.366
159.37,401.996
155.934,402.35
152.879,402.8
149.56,403.376
146.306,403.925
144.56,404.099
141.212,404.531
137.991,405.104
134.707,405.651
131.322,406.111
127.867,406.634
124.653,407.139
122.909,407.401
119.544,407.922
116.01,408.449
112.713,409.03
109.257,409.521
105.85,410.036
102.317,410.631
100.557,411.038
97.2506,411.55
93.5452,412.052
90.0844,412.675
86.5579,413.13
82.9153,413.698
81.1759,414.156
77.6189,414.634
74.017,415.301
70.5097,415.877
66.7948,416.502
63.0567,417.131
61.3309,417.452
57.6699,417.936
53.9245,418.622
50.1538,419.162
46.6389,419.849
42.5959,420.45
38.8767,421.098
37.1852,421.515
33.199,422.123
29.43,422.78
25.7016,423.475
21.7561,424.146
17.6472,424.724
13.9518,425.525
12.0053,425.761
1091.72,395.217
1088.31,394.75
1085,394.351
1081.47,393.891
1079.88,393.708
1076.43,393.196
1073.01,392.836
1069.73,392.269
1066.32,392.011
1062.98,391.576
1059.72,391.122
1058.07,390.914
1054.71,390.622
1051.55,390.264
1048.27,389.844
1045.07,389.314
1041.73,389.075
1038.61,388.58
1036.99,388.511
1033.69,388.132
1030.54,387.752
1027.47,387.339
1024.2,387.022
1021,386.595
1019.55,386.403
1016.29,386.128
1013.19,385.755
1010.21,385.436
1007.04,384.988
1003.91,384.746
1000.97,384.413
999.356,384.22
996.325,383.879
993.195,383.511
990.196,383.158
987.183,382.918
984.16,382.652
981.174,382.348
979.648,382.172
976.595,381.87
973.541,381.6
970.646,381.193
967.694,381.022
964.716,380.639
961.747,380.338
960.225,380.178
957.411,379.901
954.407,379.683
951.55,379.457
948.724,379.14
945.775,378.823
944.36,378.779
941.482,378.376
938.585,378.199
935.802,377.87
932.865,377.68
930.071,377.374
927.268,377.151
925.873,377.028
923.046,376.717
920.139,376.577
917.377,376.249
914.54,376.092
911.691,375.746
910.378,375.685
907.688,375.477
904.802,375.303
902.075,374.982
899.34,374.678
896.633,374.545
893.939,374.374
892.468,374.206
889.779,373.962
887.075,373.773
884.33,373.589
881.656,373.25
878.897,373.109
876.349,372.911
875.022,372.818
872.305,372.616
869.55,372.442
866.938,372.237
864.221,371.982
861.571,371.871
858.97,371.668
857.582,371.494
854.963,371.373
852.305,371.188
849.656,371.054
847.08,370.894
844.469,370.699
841.912,370.457
840.505,370.367
837.917,370.26
835.419,370.01
832.823,369.946
830.258,369.775
827.66,369.642
826.348,369.548
823.798,369.443
821.18,369.239
818.627,369.068
816.071,368.98
813.486,368.829
810.989,368.737
809.699,368.604
807.205,368.522
804.591,368.317
802.169,368.175
799.614,368.136
797.023,368.042
795.714,367.964
793.282,367.897
790.72,367.71
788.324,367.552
785.736,367.418
783.228,367.285
780.842,367.238
779.5,367.101
777.065,367.111
774.546,366.878
772.167,366.843
769.62,366.677
767.201,366.498
764.766,366.397
763.557,366.403
761.114,366.313
758.58,366.204
756.105,366.039
753.72,366.015
751.311,365.898
748.79,365.807
747.596,365.77
745.167,365.681
742.716,365.517
740.289,365.428
737.84,365.428
735.454,365.287
734.287,365.246
731.829,365.167
729.37,365.139
727.05,365.017
724.568,364.999
722.213,364.933
719.716,364.79
718.538,364.811
716.214,364.716
713.781,364.716
711.335,364.625
708.929,364.521
706.535,364.465
705.418,364.566
703.071,364.455
700.606,364.389
698.184,364.269
695.829,364.293
693.45,364.236
691.127,364.274
689.949,364.13
687.588,364.137
685.127,364.114
682.741,364.057
680.46,363.968
678.085,363.943
675.709,363.919
674.473,363.959
672.192,363.87
669.77,363.838
667.382,363.901
665.003,363.877
662.699,363.885
661.493,363.828
659.179,363.861
656.788,363.795
654.413,363.836
652.137,363.835
649.742,363.656
647.341,363.803
646.156,363.647
643.878,363.704
641.51,363.743
639.176,363.695
636.789,363.746
634.435,363.773
632.128,363.701
630.942,363.78
628.649,363.771
626.262,363.715
623.933,363.861
621.604,363.809
619.198,363.77
616.921,363.793
615.733,363.784
613.436,363.866
611.076,363.846
608.694,363.868
606.3,363.878
604.034,363.981
601.483,370.93
599.126,370.964
596.796,371.048
594.421,371.129
593.297,371.032
590.924,371.088
588.619,371.159
586.263,371.258
583.913,371.289
581.512,371.235
579.209,371.386
577.948,371.449
575.632,371.489
573.315,371.446
570.889,371.543
568.621,371.53
566.288,371.706
563.912,371.716
562.755,371.728
560.307,371.848
557.978,371.866
555.642,371.937
553.258,372.053
550.869,372.115
549.734,372.198
547.334,372.205
545.031,372.35
542.717,372.368
540.261,372.456
537.979,372.628
535.581,372.639
534.339,372.685
532.062,372.788
529.679,372.981
527.322,373.012
524.906,373.118
522.458,373.269
520.165,373.313
518.972,373.376
516.626,373.4
514.183,373.604
511.851,373.691
509.339,373.778
507.003,373.865
504.579,374.001
503.438,374.05
501.085,374.172
498.646,374.35
496.284,374.464
493.806,374.587
491.402,374.731
490.231,374.732
487.834,374.924
485.35,375.006
483.01,375.176
480.63,375.333
478.226,375.4
475.773,375.546
474.578,375.658
472.154,375.81
469.735,376.028
467.228,376.111
464.845,376.218
462.424,376.335
461.169,376.503
458.689,376.617
456.326,376.814
453.849,376.944
451.32,377.104
448.975,377.317
446.473,377.508
445.195,377.509
442.724,377.681
440.287,377.875
437.861,377.975
435.416,378.281
432.885,378.364
430.343,378.541
429.136,378.739
426.725,378.975
424.16,379
421.661,379.266
419.138,379.391
416.667,379.638
414.078,379.82
412.855,379.909
410.3,380.198
407.828,380.266
405.245,380.574
402.763,380.774
400.346,381.045
399.017,381.08
396.375,381.299
393.882,381.534
391.324,381.754
388.798,381.972
386.299,382.172
383.642,382.452
382.417,382.541
379.7,382.801
377.15,383.022
374.594,383.244
372.077,383.427
369.471,383.74
366.771,383.929
365.503,384.117
362.969,384.302
360.359,384.615
357.705,384.836
355.05,385.179
352.502,385.365
351.064,385.542
348.53,385.762
345.848,385.994
343.12,386.283
340.499,386.598
337.789,386.833
335.236,387.124
333.816,387.352
331.131,387.62
328.468,387.834
325.825,388.196
323.096,388.528
320.444,388.821
317.66,389.123
316.375,389.227
313.618,389.544
310.974,389.855
308.092,390.184
305.435,390.495
302.638,390.821
299.93,391.098
298.62,391.317
295.784,391.565
293.026,391.975
290.164,392.185
287.366,392.612
284.61,392.916
283.144,393.151
280.25,393.393
277.458,393.767
274.641,394.102
271.793,394.482
268.911,394.889
266.181,395.221
264.724,395.409
261.88,395.695
258.915,396.1
256.037,396.565
253.11,396.872
250.312,397.277
248.878,397.474
245.849,397.721
242.95,398.126
239.982,398.598
237.04,398.987
234.083,399.312
231.071,399.683
229.616,399.883
226.539,400.408
223.635,400.777
220.657,401.109
217.587,401.653
214.394,402.004
211.55,402.358
209.975,402.667
206.874,403.076
203.873,403.52
200.803,403.949
197.649,404.369
194.627,404.816
191.484,405.228
189.878,405.428
186.717,405.873
183.657,406.384
180.538,406.851
177.384,407.351
174.088,407.875
171.039,408.321
169.302,408.492
166.167,408.981
162.853,409.542
159.644,409.985
156.322,410.545
153.18,411.075
151.511,411.216
148.152,411.784
144.935,412.203
141.749,412.825
138.327,413.34
135.033,413.862
133.331,414.07
130.076,414.649
126.685,415.117
123.264,415.699
119.846,416.176
116.5,416.709
113.063,417.34
111.382,417.608
107.861,418.194
104.482,418.732
100.863,419.326
97.3756,419.919
93.8467,420.416
90.4334,421.155
88.6459,421.335
85.0736,421.936
81.3524,422.549
77.7873,423.163
74.2758,423.666
70.8544,424.353
1050.8,398.263
1046.08,397.626
1042.79,397.289
1036.33,396.428
1033.28,396.129
1029.83,395.672
1026.85,395.327
1025.28,395.153
1022.07,394.765
1018.79,394.424
1015.77,394.037
1012.57,393.709
1009.47,393.279
1008.02,393.097
1004.84,392.768
1001.68,392.352
998.685,392.027
995.607,391.714
992.515,391.367
989.531,391.072
987.969,390.862
984.954,390.5
981.825,390.174
978.975,389.956
975.902,389.663
972.948,389.283
971.482,389.203
968.446,388.772
965.506,388.615
962.514,388.229
959.663,387.864
956.678,387.557
953.714,387.299
952.3,387.177
949.419,386.884
946.577,386.559
943.588,386.295
940.766,386.086
937.842,385.73
934.983,385.568
933.639,385.293
930.791,385.077
927.823,384.864
925.061,384.637
922.178,384.233
919.394,384.076
916.527,383.758
915.216,383.721
912.36,383.457
909.591,383.176
906.859,382.958
904.093,382.665
901.177,382.417
898.594,382.185
897.248,381.985
894.489,381.83
891.729,381.611
888.955,381.401
886.316,381.196
883.529,380.881
882.146,380.844
879.473,380.601
876.818,380.405
874.193,380.13
871.447,379.972
868.787,379.748
866.067,379.549
864.718,379.404
862.072,379.228
859.413,379.058
856.789,378.864
854.08,378.719
851.489,378.483
850.159,378.368
847.539,378.193
844.958,377.993
842.299,377.868
839.612,377.655
837.066,377.554
834.437,377.361
833.136,377.187
830.562,377.032
827.939,376.875
825.359,376.85
822.698,376.605
820.179,376.488
817.54,376.373
816.27,376.297
813.746,376.145
811.259,375.901
808.618,375.752
806.097,375.712
803.577,375.527
800.838,375.457
799.643,375.436
797.109,375.233
794.725,375.047
792.209,374.896
789.635,374.86
787.099,374.7
785.973,374.674
783.454,374.514
780.888,374.386
778.471,374.232
775.939,374.105
773.475,374.05
771.138,373.816
769.761,373.827
767.304,373.645
764.901,373.492
762.393,373.426
759.879,373.317
757.424,373.279
756.305,373.152
753.8,373.044
751.429,372.984
748.85,372.847
746.409,372.884
744.015,372.765
741.557,372.592
740.377,372.537
737.952,372.574
735.475,372.467
733.013,372.31
730.621,372.266
728.25,372.164
725.88,372.114
724.604,372.012
722.246,371.953
719.767,371.937
717.41,371.878
714.975,371.806
712.618,371.747
711.336,371.743
709.036,371.669
706.559,371.488
704.188,371.512
701.782,371.475
699.402,371.374
697.024,371.379
695.821,371.347
693.391,371.311
691.027,371.245
688.677,371.187
686.285,371.149
683.963,371.098
681.558,371.088
680.398,371
678.037,371.032
675.699,370.912
673.306,370.965
670.948,370.873
668.556,370.93
666.137,370.876
664.981,370.794
662.574,370.779
660.316,370.779
657.96,370.738
655.535,370.727
653.153,370.763
650.871,370.746
649.605,370.66
647.337,370.767
644.953,370.657
642.638,370.65
640.239,370.691
637.824,370.72
636.743,370.691
634.387,370.688
632.013,370.673
629.664,370.704
627.304,370.757
625.015,370.748
622.63,370.81
621.407,370.749
619.035,370.756
616.686,370.787
614.438,370.835
611.984,370.871
609.634,370.834
608.522,370.849
606.177,370.883
603.823,370.871
602.176,375.977
600.904,375.961
598.585,375.965
596.29,376.071
593.868,376.087
591.542,376.095
589.232,376.198
587.993,376.257
585.643,376.282
583.353,376.296
580.969,376.314
578.592,376.411
576.281,376.478
573.874,376.457
572.745,376.456
570.315,376.571
567.943,376.625
565.589,376.77
563.183,376.735
560.86,376.802
558.554,376.925
557.329,376.944
554.971,377.028
552.615,377.118
550.234,377.147
547.92,377.178
545.533,377.285
543.199,377.388
541.938,377.46
539.579,377.509
537.237,377.634
534.889,377.753
532.472,377.841
530.194,377.948
529.026,377.999
526.631,378.121
524.279,378.191
521.786,378.276
519.437,378.345
517.061,378.487
514.681,378.571
513.468,378.663
511.052,378.691
508.67,378.835
506.376,378.956
503.893,379.063
501.519,379.204
500.263,379.275
497.902,379.38
495.512,379.559
493.083,379.684
490.603,379.771
488.228,379.876
485.899,380.073
484.671,380.108
482.275,380.251
479.831,380.468
477.428,380.611
474.888,380.646
472.516,380.789
470.086,381.026
468.914,381.042
466.544,381.257
463.999,381.459
461.546,381.495
459.16,381.691
456.626,381.856
454.255,382.059
452.899,382.099
450.623,382.254
448.089,382.493
445.643,382.663
443.155,382.859
440.677,383.011
439.42,383.052
437.009,383.322
434.496,383.435
431.97,383.637
429.575,383.749
427.081,384.002
424.495,384.13
423.282,384.273
420.708,384.516
418.24,384.69
415.698,384.922
413.083,385.078
410.679,385.264
408.192,385.524
406.885,385.658
404.34,385.841
401.75,385.949
399.24,386.226
396.725,386.51
394.192,386.668
392.869,386.803
390.338,387.112
387.79,387.247
385.17,387.479
382.558,387.68
380.006,387.982
377.41,388.191
376.116,388.272
373.557,388.605
370.96,388.738
368.398,389.012
365.844,389.36
363.087,389.647
360.505,389.907
359.259,390.008
356.629,390.189
354.015,390.558
351.41,390.797
348.699,391.007
345.985,391.271
343.455,391.579
342.13,391.759
339.446,392.039
336.843,392.278
334.026,392.601
331.322,392.843
328.703,393.275
327.358,393.306
324.626,393.685
321.913,393.944
319.252,394.295
316.583,394.58
313.736,394.856
311.043,395.262
309.774,395.453
306.905,395.682
304.15,396.031
301.466,396.367
298.577,396.647
295.916,397.066
294.52,397.105
291.768,397.503
288.966,397.891
286.206,398.152
283.378,398.51
280.48,398.859
277.758,399.272
276.287,399.388
273.375,399.739
270.672,400.13
267.657,400.479
264.862,400.831
262.059,401.236
259.044,401.689
257.578,401.769
254.692,402.186
251.876,402.629
248.91,402.933
245.985,403.375
243.01,403.751
240.133,404.079
238.643,404.338
235.719,404.796
232.541,405.148
229.612,405.571
226.749,405.896
223.697,406.3
220.597,406.837
219.093,406.955
216.209,407.355
213.119,407.747
210.011,408.285
206.989,408.793
203.98,409.247
202.364,409.362
199.383,409.883
196.06,410.326
193.035,410.783
189.899,411.27
186.789,411.684
185.27,411.894
182.135,412.328
178.989,412.838
175.869,413.27
172.638,413.792
169.519,414.279
166.246,414.752
164.694,415.076
161.26,415.5
158.157,415.986
154.874,416.572
151.664,417.11
148.359,417.55
145.005,418.092
143.313,418.364
140.117,418.954
136.684,419.454
133.375,419.953
130.061,420.601
126.8,421.145
121.644,421.976
1006.1,398.606
1003.1,398.253
1001.42,398.045
998.473,397.753
995.457,397.415
992.263,397.094
989.156,396.654
986.185,396.47
983.147,396.093
981.615,395.939
978.62,395.604
975.656,395.255
972.682,394.868
969.721,394.574
966.76,394.188
963.804,393.912
962.325,393.819
959.468,393.429
956.536,393.137
953.688,392.855
950.715,392.503
947.743,392.225
944.861,391.957
943.491,391.84
940.517,391.559
937.719,391.228
934.822,390.975
931.895,390.645
929.055,390.42
927.737,390.327
924.748,389.991
921.983,389.698
919.189,389.56
916.464,389.257
913.631,388.923
910.881,388.687
909.35,388.494
906.615,388.259
903.883,388.024
901.154,387.79
898.348,387.508
895.625,387.343
894.194,387.098
891.481,386.865
888.712,386.655
886.066,386.468
883.343,386.178
880.641,385.958
877.872,385.771
876.578,385.593
873.834,385.488
871.199,385.174
868.469,385.002
865.836,384.843
863.058,384.661
860.499,384.544
859.14,384.396
856.524,384.14
853.797,383.961
851.23,383.762
848.63,383.528
846.04,383.352
843.275,383.127
841.999,383.104
839.317,382.876
836.784,382.739
834.167,382.629
831.583,382.459
828.893,382.308
827.737,382.207
825.085,382.051
822.46,381.911
819.971,381.724
817.434,381.521
814.807,381.47
812.272,381.238
810.914,381.22
808.389,381.086
805.868,380.972
803.296,380.791
800.784,380.671
798.253,380.564
796.97,380.356
794.451,380.346
792.036,380.104
789.477,380.013
786.953,379.899
784.523,379.635
781.96,379.593
780.712,379.491
778.243,379.363
775.711,379.227
773.287,379.031
770.848,379.039
768.366,378.92
765.882,378.771
764.637,378.633
762.18,378.625
759.615,378.42
757.162,378.408
754.757,378.234
752.332,378.081
751.028,378.098
748.62,378.014
746.172,377.865
743.671,377.803
741.249,377.723
738.911,377.568
736.487,377.545
735.217,377.522
732.772,377.333
730.396,377.253
727.922,377.193
725.519,377.114
723.162,377.016
720.727,377.029
719.509,376.99
717.113,376.911
714.699,376.795
712.27,376.772
709.905,376.6
707.425,376.597
704.991,376.539
703.882,376.535
701.487,376.42
699.13,376.378
696.669,376.409
694.247,376.35
691.873,376.178
689.526,376.23
688.284,376.249
685.961,376.13
683.554,376.071
681.237,376.102
678.762,376.062
676.482,375.965
675.183,375.946
672.894,375.921
670.521,375.914
668.113,375.912
665.707,375.859
663.379,375.868
661.046,375.867
659.815,375.809
657.493,375.762
655.084,375.78
652.718,375.814
650.334,375.679
647.985,375.724
646.884,375.761
644.505,375.698
642.1,375.654
639.733,375.744
637.402,375.759
635.091,375.753
632.652,375.749
631.47,375.676
629.197,375.704
626.869,375.774
624.434,375.77
622.14,375.781
619.697,375.797
617.377,375.795
616.241,375.806
613.931,375.876
611.505,375.853
609.207,375.9
606.777,375.876
604.477,376.002
602.17,384.702
599.931,384.778
597.53,384.733
595.16,384.756
594.016,384.879
591.66,384.772
589.226,384.866
586.945,384.889
584.567,385.013
582.175,384.991
579.779,385.14
578.611,385.047
576.373,385.177
573.974,385.124
571.628,385.28
569.217,385.297
566.877,385.319
564.467,385.337
563.36,385.451
560.975,385.578
558.611,385.701
556.162,385.742
553.861,385.836
551.481,385.828
550.277,385.883
547.878,385.954
545.542,385.994
543.136,386.165
540.882,386.327
538.379,386.316
536.068,386.509
534.925,386.489
532.533,386.526
530.152,386.696
527.736,386.762
525.345,386.926
523.023,386.982
520.592,387.044
519.363,387.222
517.089,387.208
514.581,387.335
512.226,387.48
509.798,387.664
507.486,387.691
505.015,387.882
503.871,387.933
501.466,387.965
498.979,388.174
496.641,388.335
494.209,388.436
491.785,388.508
489.432,388.641
488.117,388.752
485.802,388.919
483.312,388.988
480.876,389.184
478.427,389.373
476.034,389.499
474.89,389.595
472.361,389.79
470.023,389.873
467.472,389.974
465.159,390.179
462.669,390.401
460.201,390.474
458.96,390.531
456.579,390.791
454.023,390.987
451.54,391.061
449.137,391.267
446.673,391.492
445.473,391.575
442.956,391.758
440.463,391.901
437.952,392.124
435.573,392.316
433.073,392.459
430.567,392.71
429.347,392.812
426.807,392.961
424.312,393.208
421.773,393.415
419.346,393.568
416.724,393.752
414.173,393.974
413.016,394.133
410.423,394.37
407.944,394.64
405.333,394.779
402.803,395.084
400.298,395.205
397.756,395.422
396.423,395.571
393.952,395.851
391.32,395.912
388.83,396.363
386.157,396.438
383.623,396.791
382.36,396.808
379.819,397.203
377.216,397.313
374.625,397.592
371.952,397.897
369.358,398.156
366.797,398.322
365.396,398.46
362.841,398.826
360.213,399.058
357.555,399.373
354.91,399.607
352.325,399.816
349.637,400.174
348.283,400.369
345.673,400.57
343.034,400.904
340.364,401.221
337.75,401.492
335.032,401.734
332.265,402.15
330.977,402.239
328.281,402.537
325.583,402.89
322.804,403.165
320.182,403.536
317.453,403.804
316.166,403.998
313.258,404.273
310.602,404.659
307.777,404.934
305.139,405.235
302.308,405.604
299.484,405.967
298.21,406.203
295.296,406.41
292.579,406.861
289.734,407.192
287.054,407.605
284.087,407.812
282.809,408.056
279.974,408.347
277.245,408.905
274.305,409.131
271.333,409.558
268.538,409.873
265.773,410.336
264.277,410.549
261.435,410.932
258.543,411.348
255.567,411.72
252.582,412.087
249.729,412.408
246.882,412.887
245.315,413.038
242.419,413.529
239.465,413.886
236.489,414.326
233.454,414.796
230.585,415.284
227.424,415.612
226.159,415.78
222.91,416.262
220.01,416.646
216.947,417.132
213.863,417.57
210.808,418.01
209.368,418.178
206.439,418.76
203.15,419.217
200.132,419.649
196.95,420.11
193.935,420.602
190.69,421.102
189.29,421.316
958.991,403.162
956.05,402.799
953.201,402.45
951.765,402.264
948.785,402.069
945.942,401.613
943.024,401.384
940.11,401.024
937.241,400.778
935.841,400.652
932.965,400.302
930.1,400.073
927.258,399.71
924.251,399.448
921.585,399.12
918.699,398.961
917.368,398.798
914.554,398.506
911.695,398.298
909.037,397.91
906.307,397.666
903.411,397.365
900.771,397.113
899.329,397.067
896.478,396.77
893.727,396.479
891.084,396.321
888.231,396.068
885.503,395.807
884.152,395.673
881.355,395.438
878.825,395.159
876.035,394.912
873.273,394.74
870.722,394.543
867.992,394.217
866.571,394.235
863.97,393.922
861.254,393.691
858.485,393.551
855.962,393.353
853.227,393.143
850.603,392.879
849.328,392.896
846.628,392.669
844.011,392.486
841.48,392.179
838.673,392.046
836.085,391.945
833.426,391.682
832.175,391.569
829.515,391.475
826.931,391.305
824.386,391.148
821.733,390.885
819.157,390.825
817.898,390.673
815.176,390.555
812.732,390.462
810.118,390.213
807.638,390.001
805.072,389.94
802.523,389.685
801.354,389.618
798.822,389.568
796.253,389.341
793.769,389.149
791.276,389.082
788.697,388.904
787.423,388.849
784.963,388.609
782.503,388.525
779.919,388.366
777.498,388.225
774.959,388.078
772.466,387.992
771.22,387.92
768.801,387.751
766.292,387.741
763.856,387.638
761.26,387.478
758.857,387.232
756.402,387.234
755.225,387.224
752.698,387
750.191,386.913
747.877,386.836
745.345,386.708
742.948,386.646
740.491,386.532
739.229,386.507
736.845,386.417
734.379,386.264
732.008,386.241
729.574,386.195
727.135,386.053
724.744,385.991
723.491,385.9
720.95,385.778
718.657,385.696
716.265,385.679
713.763,385.641
711.388,385.491
710.164,385.468
707.813,385.462
705.426,385.289
702.93,385.246
700.601,385.303
698.217,385.18
695.808,385.139
694.602,385.139
692.153,385.019
689.728,385.056
687.402,384.929
684.931,385.03
682.673,384.884
681.461,384.861
679.014,384.731
676.67,384.792
674.317,384.681
671.875,384.689
669.52,384.606
667.146,384.61
666.013,384.628
663.559,384.606
661.212,384.52
658.936,384.515
656.566,384.488
654.09,384.492
651.788,384.534
650.575,384.509
648.252,384.418
645.803,384.492
643.546,384.433
641.105,384.418
638.743,384.541
636.389,384.464
635.218,384.474
632.889,384.488
630.528,384.45
628.155,384.466
625.738,384.451
623.502,384.411
622.258,384.559
619.877,384.551
617.545,384.475
615.247,384.496
612.851,384.605
610.51,384.56
608.122,384.545
606.927,384.738
604.552,384.67
602.182,392.24
599.732,392.238
597.424,392.269
595.131,392.416
592.642,392.422
590.401,392.543
589.126,392.451
586.779,392.489
584.406,392.548
582.046,392.669
579.693,392.625
577.331,392.807
574.908,392.677
573.72,392.813
571.472,392.874
569.049,392.891
566.71,392.911
564.375,392.999
562.04,393.154
559.547,393.259
558.366,393.203
556.114,393.294
553.63,393.315
551.283,393.475
548.922,393.581
546.588,393.606
544.25,393.765
543.06,393.792
540.682,393.896
538.246,393.896
535.841,394.024
533.475,394.214
531.191,394.297
528.673,394.338
527.58,394.385
525.189,394.522
522.841,394.637
520.349,394.691
518.07,394.836
515.618,395.005
514.351,395.032
512.01,395.158
509.696,395.325
507.267,395.472
504.772,395.474
502.375,395.653
500.001,395.812
498.868,395.888
496.347,396.049
494.027,396.079
491.626,396.239
489.164,396.368
486.673,396.484
485.534,396.604
483.153,396.7
480.653,396.929
478.261,397.046
475.777,397.167
473.327,397.344
470.855,397.591
469.635,397.626
467.238,397.805
464.844,397.937
462.391,398.126
459.954,398.302
457.445,398.44
454.971,398.583
453.768,398.755
451.351,398.924
448.904,399.139
446.363,399.267
443.869,399.439
441.361,399.585
438.865,399.895
437.741,399.979
435.255,400.082
432.693,400.377
430.296,400.488
427.722,400.784
425.183,400.965
423.957,401.009
421.486,401.277
419.052,401.5
416.372,401.745
414.002,401.955
411.379,402.077
408.888,402.316
407.572,402.415
404.972,402.708
402.481,402.898
399.937,403.133
397.343,403.446
394.772,403.574
392.125,403.755
390.975,404.041
388.3,404.23
385.767,404.393
383.266,404.792
380.674,405.016
377.987,405.176
375.515,405.556
374.096,405.711
371.491,405.922
368.877,406.128
366.189,406.35
363.719,406.736
360.999,407.059
359.662,407.041
357.15,407.33
354.435,407.588
351.711,407.991
349.26,408.232
346.454,408.535
343.751,408.809
342.573,408.997
339.893,409.301
337.204,409.664
334.518,409.974
331.809,410.195
329.115,410.619
327.753,410.684
325.088,411.056
322.419,411.323
319.657,411.743
316.941,412.063
314.152,412.286
311.331,412.708
309.982,412.878
307.305,413.196
304.565,413.527
301.657,413.854
298.937,414.281
296.245,414.612
293.451,414.989
291.935,415.151
289.104,415.58
286.433,415.863
283.526,416.244
280.875,416.623
277.94,416.91
275.149,417.441
273.632,417.611
270.852,417.942
268.07,418.329
264.942,418.728
262.299,419.251
259.289,419.557
257.998,419.81
255.022,420.253
252.108,420.555
249.268,420.935
246.255,421.339
243.235,421.89
240.4,422.269
238.862,422.454
235.896,422.956
229.907,423.85
918.968,407.155
913.332,406.628
912.033,406.497
909.147,406.183
906.392,405.874
903.649,405.565
900.858,405.352
898.037,405.007
895.246,404.901
894.01,404.709
891.158,404.46
888.413,404.11
885.763,403.846
883.057,403.588
880.273,403.453
877.631,403.189
876.175,403.023
873.542,402.931
870.817,402.512
868.076,402.274
865.46,402.13
862.845,401.928
861.408,401.857
858.739,401.613
856.123,401.422
853.371,401.088
850.661,400.965
848.152,400.658
845.534,400.569
844.081,400.465
841.533,400.268
838.896,400.124
836.324,399.904
833.699,399.75
831.097,399.477
829.81,399.351
827.164,399.291
824.586,399.135
821.974,398.951
819.35,398.85
816.775,398.584
814.27,398.349
813.037,398.239
810.385,398.14
807.918,397.975
805.411,397.844
802.793,397.571
800.266,397.367
797.719,397.327
796.467,397.167
793.903,397.017
791.429,396.887
788.876,396.635
786.426,396.616
783.83,396.387
781.381,396.295
780.126,396.24
777.567,396.059
775.149,395.965
772.713,395.771
770.155,395.693
767.724,395.48
765.152,395.463
763.917,395.306
761.526,395.243
759.02,394.998
756.549,394.972
754.057,394.857
751.581,394.717
750.321,394.641
747.916,394.603
745.508,394.533
743.072,394.375
740.554,394.294
738.126,394.132
735.672,394.074
734.493,393.962
732.035,393.956
729.673,393.888
727.216,393.689
724.78,393.728
722.323,393.449
721.181,393.556
718.632,393.48
716.327,393.282
713.919,393.302
711.417,393.249
709.058,393.103
706.67,393.123
705.436,393.024
703.065,392.993
700.659,392.857
698.181,392.9
695.893,392.741
693.366,392.743
691.078,392.721
689.816,392.654
687.385,392.666
685.079,392.498
682.718,392.508
680.322,392.435
677.93,392.385
675.492,392.342
674.329,392.293
671.984,392.318
669.546,392.306
667.185,392.257
664.76,392.236
662.436,392.226
661.192,392.156
658.922,392.222
656.431,392.125
654.141,392.144
651.728,392.183
649.34,392.083
647.047,392.076
645.882,392.083
643.447,391.995
641.083,392.008
638.793,392.106
636.379,391.942
634.052,392.075
632.847,392.08
630.456,392.025
628.122,391.984
625.756,392.073
623.398,392.013
621.02,392.083
618.721,392.061
617.408,392.051
615.19,392.213
612.784,392.154
610.457,392.242
608.013,392.192
605.706,392.159
603.264,392.244
601.432,400.576
599.026,400.556
596.651,400.622
594.255,400.654
593.106,400.604
590.66,400.602
588.413,400.69
586.001,400.812
583.595,400.844
581.224,400.845
578.948,401.009
577.697,400.988
575.376,401.043
573.028,401.095
570.592,401.21
568.237,401.215
565.813,401.236
564.617,401.328
562.289,401.379
559.936,401.435
557.583,401.446
555.153,401.647
552.818,401.728
550.436,401.767
549.208,401.718
546.864,401.931
544.478,401.916
542.123,402.077
539.646,402.194
537.36,402.27
536.166,402.298
533.794,402.362
531.411,402.587
528.919,402.563
526.599,402.748
524.179,402.762
521.762,402.936
520.546,402.977
518.19,403.171
515.805,403.19
513.39,403.286
510.974,403.46
508.66,403.582
506.182,403.751
504.962,403.773
502.644,403.895
500.156,404.099
497.688,404.223
495.281,404.375
492.977,404.582
490.511,404.695
489.227,404.701
486.849,404.806
484.483,404.943
482.026,405.164
479.63,405.303
477.123,405.474
475.927,405.582
473.469,405.804
471.03,405.892
468.528,406.04
466.145,406.178
463.62,406.327
461.151,406.605
459.996,406.565
457.553,406.885
455.057,407.066
452.615,407.242
450.094,407.458
447.579,407.573
445.18,407.756
443.931,407.8
441.408,408.072
439,408.288
436.462,408.373
433.999,408.651
431.433,408.927
429.009,409.044
427.706,409.206
425.229,409.415
422.72,409.642
420.171,409.77
417.621,410.045
415.056,410.219
413.906,410.422
411.264,410.649
408.764,410.874
406.177,411.05
403.647,411.277
401.199,411.599
398.458,411.821
397.221,411.887
394.795,412.118
392.188,412.339
389.604,412.616
387.025,412.893
384.333,413.166
383.19,413.238
380.511,413.466
377.846,413.797
375.368,414.078
372.798,414.31
370.125,414.641
367.446,414.974
366.156,415.09
363.561,415.323
360.98,415.556
358.297,415.89
355.648,416.175
353.081,416.556
350.336,416.848
349.014,416.967
346.344,417.301
343.672,417.541
340.928,417.835
338.336,418.266
335.529,418.566
331.626,418.918
855.899,410.107
853.203,409.889
851.879,409.805
849.256,409.638
846.554,409.375
843.947,409.209
841.251,408.946
838.714,408.682
835.997,408.521
834.731,408.441
832.01,408.235
829.448,408.174
826.747,407.969
824.27,407.756
821.663,407.501
819.086,407.19
817.736,407.161
815.188,406.955
812.621,406.792
810.152,406.579
807.47,406.433
804.944,406.317
803.709,406.138
801.273,406.029
798.657,405.817
796.166,405.647
793.541,405.461
791.101,405.25
788.623,405.137
787.336,405.068
784.829,404.953
782.282,404.792
779.706,404.696
777.177,404.547
774.761,404.395
773.465,404.345
771.052,404.116
768.597,404.037
765.951,403.892
763.607,403.72
761.082,403.516
758.514,403.531
757.278,403.353
754.914,403.19
752.463,403.18
749.952,403.032
747.478,402.909
745.031,402.853
742.592,402.709
741.304,402.638
738.992,402.558
736.397,402.371
733.985,402.372
731.62,402.189
729.165,402.099
726.737,401.968
725.486,401.964
723.078,401.92
720.67,401.845
718.108,401.758
715.792,401.59
713.366,401.622
712.123,401.587
709.667,401.397
707.348,401.332
704.94,401.272
702.483,401.322
700.119,401.177
697.692,401.159
696.429,401.079
694.082,401.008
691.735,401
689.249,400.852
686.821,400.82
684.416,400.793
683.316,400.793
680.887,400.751
678.453,400.704
676.144,400.626
673.701,400.594
671.334,400.664
668.979,400.593
667.736,400.532
665.414,400.55
663.026,400.505
660.633,400.466
658.172,400.416
655.907,400.368
653.513,400.348
652.342,400.359
649.912,400.398
647.608,400.26
645.191,400.248
642.867,400.344
640.469,400.279
639.188,400.251
636.864,400.258
634.473,400.325
632.097,400.308
629.727,400.229
627.352,400.292
625.039,400.35
623.78,400.264
621.52,400.339
619.081,400.258
616.691,400.328
614.433,400.402
612.019,400.455
609.621,400.391
608.493,400.354
606.095,400.462
603.69,400.442
600.657,407.167
598.314,407.189
595.797,407.204
593.493,407.25
591.101,407.311
588.771,407.388
587.576,407.308
585.197,407.415
582.836,407.44
580.404,407.627
578.051,407.581
575.748,407.642
574.518,407.697
572.195,407.611
569.724,407.764
567.415,407.943
564.974,407.947
562.537,408.019
560.194,408.002
559.019,408.003
556.555,408.138
554.339,408.277
551.841,408.311
549.479,408.39
547.117,408.47
544.702,408.595
543.543,408.651
541.117,408.689
538.755,408.827
536.39,408.906
534.052,409.077
531.556,409.07
529.21,409.24
528.047,409.208
525.581,409.438
523.253,409.575
520.82,409.646
518.464,409.678
516.001,409.908
514.863,409.974
512.442,410.096
510.056,410.132
507.576,410.411
505.22,410.487
502.749,410.513
500.319,410.752
499.136,410.707
496.724,410.837
494.368,411.121
491.921,411.195
489.429,411.327
486.964,411.558
484.674,411.737
483.408,411.751
481.031,411.983
478.427,412.163
476.004,412.293
473.595,412.322
471.287,412.653
468.705,412.73
467.614,412.851
465.192,413.032
462.557,413.163
460.261,413.491
457.717,413.574
455.221,413.802
453.881,413.82
451.592,413.999
449,414.133
446.427,414.366
443.978,414.647
441.655,414.924
438.979,414.915
437.84,415.174
435.33,415.41
432.761,415.497
430.29,415.729
427.781,415.964
425.259,416.101
424.106,416.263
421.473,416.601
418.989,416.735
416.454,416.972
413.883,417.209
411.459,417.445
408.813,417.732
407.502,417.754
404.98,418.038
402.542,418.275
399.981,418.555
812.231,413.755
798.265,412.622
788.1,411.867
785.547,411.785
783.038,411.579
781.871,411.49
779.314,411.374
776.877,411.305
774.394,411.139
771.785,410.925
769.362,410.753
766.815,410.638
765.615,410.504
763.036,410.489
760.62,410.272
758.081,410.156
755.719,410.088
753.154,409.823
751.931,409.94
749.455,409.774
747.037,409.606
744.535,409.494
742.123,409.328
739.711,409.307
737.155,409.147
735.976,409.065
733.435,409.048
731.081,408.98
728.68,408.87
726.238,408.751
723.786,408.639
722.453,408.659
720.025,408.441
717.658,408.327
715.216,408.318
712.744,408.196
710.314,408.142
707.978,408.017
706.69,408.087
704.322,408.016
701.948,407.909
699.419,407.747
697.036,407.784
694.699,407.663
692.267,407.649
691.057,407.623
688.695,407.6
686.294,407.474
683.818,407.476
681.384,407.295
679.123,407.327
677.878,407.257
675.405,407.239
673.021,407.175
670.707,407.203
668.251,407.203
665.88,407.128
663.501,407.053
662.31,407.021
659.988,407.012
657.608,407.07
655.176,407.05
652.863,406.918
650.405,407.074
648.063,406.993
646.894,407.073
644.461,406.954
642.158,406.962
639.752,406.904
637.3,406.931
634.914,406.823
632.576,406.901
631.407,406.944
629.047,406.981
626.708,406.917
624.384,406.996
621.987,406.858
619.606,407.051
617.157,406.875
615.996,406.935
613.657,406.915
611.316,406.994
608.83,406.97
606.48,407.023
604.144,407.15
602.961,407.048
600.905,414.645
598.517,414.625
596.133,414.804
594.92,414.725
592.67,414.706
590.279,414.837
587.899,414.817
585.464,414.904
583.08,414.935
580.675,415.068
579.486,414.983
577.192,415.118
574.825,415.196
572.434,415.178
570.046,415.309
567.66,415.301
566.517,415.412
564.037,415.49
561.713,415.476
559.283,415.66
556.87,415.743
554.571,415.676
552.085,415.856
550.963,415.875
548.607,416.003
546.231,416.075
543.853,416.164
541.355,416.252
538.979,416.333
536.59,416.464
535.464,416.583
532.949,416.672
530.668,416.746
528.278,416.87
525.883,416.873
523.356,417.106
521.021,417.191
519.833,417.306
517.399,417.39
512.567,417.591
510.259,417.832
507.782,417.868
504.142,418.061
499.29,418.385
490.84,418.951
702.317,415.573
700.012,415.487
696.393,415.357
693.861,415.234
691.595,415.114
689.065,415.099
686.683,415.083
684.348,414.909
683.108,414.974
680.693,414.856
678.279,414.888
675.959,414.9
673.578,414.791
671.1,414.72
668.699,414.794
667.557,414.721
665.148,414.603
662.678,414.532
660.286,414.615
657.929,414.49
655.559,414.524
654.409,414.493
652.036,414.517
649.665,414.55
647.263,414.433
644.869,414.365
642.523,414.451
640.151,414.423
638.911,414.436
636.505,414.516
634.182,414.405
631.751,414.434
629.329,414.364
627.058,414.391
625.901,414.411
623.484,414.44
621.121,414.477
618.709,414.506
616.31,414.437
613.897,414.562
611.529,414.503
610.333,414.47
608.09,414.503
605.696,414.67
603.301,414.561
575.048,468.185
558.25,468.758
556.003,468.85
540.24,469.537
537.973,469.655
526.677,470.277
525.552,470.359
523.293,470.484
521.023,470.624
518.754,470.768
