67.829,13.753,2.549,1
76.86,15.84,2.863,1
67.385,13.994,2.536,1
68.182,14.383,2.565,1
67.982,14.564,2.56,1
68.053,14.803,2.564,1
67.848,14.982,2.559,1
67.877,15.212,2.561,1
64.629,14.696,2.45,1
64.475,14.768,2.446,1
64.444,14.974,2.446,1
64.488,15.198,2.449,1
63.777,15.242,2.426,1
63.414,15.366,2.415,1
44.395,11.045,1.756,1
44.358,11.11,1.755,1
55.411,14.07,2.142,1
55.123,14.181,2.134,1
54.742,14.267,2.122,1
54.414,14.364,2.112,1
51.276,13.706,2.004,1
49.625,13.431,1.948,1
49.566,13.499,1.946,1
49.648,13.689,1.951,1
49.353,13.775,1.942,1
49.694,14.038,1.955,1
49.429,14.131,1.948,1
49.547,14.334,1.953,1
49.037,14.269,1.936,1
48.837,14.378,1.931,1
49.129,14.631,1.942,1
49.023,14.768,1.94,1
49.475,15.074,1.958,1
49.516,15.257,1.961,1
49.83,15.525,1.974,1
49.91,15.636,1.978,1
49.901,15.806,1.979,1
45.321,14.509,1.818,1
49.894,16.149,1.982,1
45.125,14.76,1.815,1
45.177,14.934,1.818,1
45.223,15.028,1.821,1
42.605,14.306,1.729,1
40.565,13.761,1.658,1
42.601,14.752,1.734,1
42.25,14.78,1.723,1
41.993,14.838,1.715,1
41.981,14.908,1.716,1
41.762,14.978,1.709,1
41.959,15.198,1.718,1
40.136,14.679,1.654,1
39.975,14.762,1.65,1
39.841,14.855,1.647,1
50.935,19.182,2.05,1
50.157,18.979,2.023,1
50.325,19.223,2.031,1
50.309,19.399,2.032,1
50.227,19.549,2.032,1
50.184,19.714,2.032,1
40.765,16.156,1.692,1
40.804,16.32,1.695,1
40.823,16.402,1.697,1
40.809,16.546,1.698,1
40.797,16.69,1.7,1
40.785,16.835,1.701,1
40.78,16.983,1.703,1
40.782,17.135,1.705,1
40.761,17.277,1.706,1
46.393,19.754,1.914,1
46.272,19.874,1.912,1
40.749,17.65,1.711,1
46.251,20.21,1.916,1
34.687,15.411,1.493,1
34.539,15.41,1.488,1
40.752,18.341,1.72,1
40.73,18.485,1.722,1
40.738,18.643,1.724,1
40.722,18.791,1.726,1
40.703,18.937,1.727,1
40.687,19.085,1.729,1
40.729,19.183,1.731,1
40.719,19.335,1.733,1
40.718,19.492,1.736,1
40.676,19.629,1.736,1
44.088,21.449,1.867,1
43.943,21.549,1.864,1
43.87,21.685,1.864,1
43.941,21.806,1.868,1
43.744,21.88,1.863,1
43.709,22.034,1.864,1
43.308,22.003,1.852,1
43.187,22.112,1.85,1
43.274,22.328,1.856,1
43.418,22.489,1.863,1
43.379,22.642,1.864,1
41.296,21.719,1.787,1
41.262,21.867,1.788,1
41.515,22.169,1.801,1
34.333,18.467,1.527,1
34.15,18.507,1.523,1
33.978,18.483,1.517,1
33.768,18.506,1.511,1
33.571,18.536,1.506,1
33.377,18.565,1.501,1
33.161,18.582,1.495,1
32.979,18.616,1.49,1
32.782,18.641,1.484,1
32.617,18.615,1.479,1
32.432,18.644,1.474,1
32.238,18.668,1.469,1
32.053,18.696,1.464,1
31.87,18.723,1.459,1
31.682,18.747,1.454,1
31.529,18.723,1.449,1
31.355,18.753,1.445,1
31.177,18.779,1.44,1
30.998,18.804,1.435,1
30.811,18.823,1.43,1
30.637,18.85,1.425,1
30.464,18.875,1.421,1
30.318,18.85,1.416,1
30.136,18.869,1.411,1
29.965,18.893,1.407,1
29.805,18.923,1.403,1
29.636,18.946,1.399,1
29.46,18.965,1.394,1
16.179,10.473,0.861,1
16.141,10.485,0.86,1
16.105,10.533,0.86,1
16.122,10.617,0.862,1
25.504,16.929,1.244,1
28.885,19.308,1.384,1
28.727,19.333,1.38,1
28.572,19.359,1.376,1
28.103,19.106,1.358,1
23.247,15.906,1.162,1
23.173,15.962,1.161,1
22.738,15.768,1.145,1
22.635,15.802,1.143,1
27.292,19.187,1.337,1
27.146,19.213,1.334,1
27.017,19.185,1.33,1
26.872,19.209,1.326,1
26.722,19.229,1.322,1
26.584,19.256,1.319,1
26.431,19.273,1.315,1
26.28,19.289,1.311,1
26.162,19.265,1.308,1
26.037,19.3,1.305,1
25.882,19.311,1.301,1
25.746,19.336,1.298,1
25.602,19.354,1.294,1
25.465,19.376,1.291,1
25.326,19.396,1.288,1
25.216,19.375,1.284,1
25.08,19.395,1.281,1
24.94,19.413,1.278,1
24.808,19.435,1.275,1
24.67,19.452,1.271,1
24.535,19.471,1.268,1
24.429,19.45,1.265,1
24.295,19.468,1.262,1
24.164,19.488,1.259,1
24.034,19.508,1.256,1
23.903,19.526,1.253,1
23.769,19.542,1.25,1
23.643,19.563,1.247,1
23.535,19.536,1.243,1
23.422,19.566,1.241,1
23.288,19.579,1.238,1
23.158,19.594,1.235,1
23.031,19.611,1.232,1
22.913,19.635,1.229,1
22.774,19.64,1.226,1
22.689,19.629,1.224,1
22.571,19.651,1.221,1
22.445,19.665,1.218,1
22.317,19.678,1.215,1
22.233,19.728,1.214,1
22.265,19.881,1.218,1
22.248,19.993,1.221,1
20.748,18.701,1.154,1
20.537,18.628,1.147,1
20.123,18.367,1.13,1
20.006,18.376,1.128,1
20.214,18.685,1.14,1
19.991,18.596,1.132,1
20.013,18.734,1.136,1
19.918,18.703,1.133,1
19.689,18.605,1.125,1
19.726,18.758,1.13,1
18.793,17.981,1.089,1
19.773,19.041,1.137,1
19.733,19.123,1.138,1
18.312,17.855,1.074,1
18.305,17.904,1.075,1
18.243,17.956,1.075,1
18.29,18.116,1.08,1
18.177,18.117,1.077,1
19.444,19.505,1.14,1
19.118,19.298,1.128,1
19.308,19.552,1.138,1
19.275,19.641,1.14,1
19.079,19.564,1.133,1
18.807,19.407,1.123,1
18.717,19.436,1.122,1
17.887,18.689,1.084,1
18.368,19.314,1.11,1
18.391,19.399,1.113,1
17.877,18.975,1.091,1
17.823,19.037,1.091,1
17.699,19.024,1.088,1
17.621,19.06,1.087,1
11.931,12.974,0.805,1
11.897,13.019,0.805,1
18.178,19.976,1.122,1
17.812,19.698,1.107,1
17.439,19.407,1.091,1
17.352,19.432,1.09,1
17.328,19.528,1.092,1
17.571,19.929,1.108,1
17.521,19.998,1.108,1
17.015,19.481,1.084,1
15.899,18.317,1.029,1
15.866,18.395,1.031,1
16.784,19.586,1.081,1
16.624,19.523,1.076,1
16.783,19.836,1.088,1
16.897,20.035,1.095,1
16.634,19.849,1.085,1
16.375,19.665,1.074,1
16.271,19.665,1.072,1
16.172,19.671,1.07,1
16.094,19.702,1.069,1
16.223,19.988,1.08,1
16.218,20.047,1.081,1
15.774,19.622,1.06,1
15.882,19.884,1.07,1
15.79,19.898,1.068,1
15.758,19.985,1.07,1
15.684,20.02,1.069,1
15.645,20.101,1.07,1
15.593,20.098,1.069,1
15.609,20.25,1.074,1
15.523,20.271,1.072,1
15.462,20.323,1.073,1
23.518,31.136,1.529,1
23.506,31.325,1.533,1
15.151,20.309,1.066,1
15.265,20.528,1.074,1
15.108,20.451,1.069,1
14.869,20.259,1.059,1
14.927,20.474,1.066,1
15.232,21.031,1.087,1
11.871,16.49,0.896,1
11.795,16.493,0.895,1
11.829,16.596,0.898,1
11.944,16.87,0.908,1
11.93,16.963,0.91,1
11.868,16.988,0.91,1
11.889,17.133,0.914,1
11.272,16.35,0.881,1
12.13,17.659,0.934,1
11.204,16.418,0.881,1
11.192,16.511,0.884,1
11.23,16.681,0.889,1
15.178,22.714,1.133,1
15.017,22.627,1.127,1
10.965,16.622,0.882,1
10.925,16.618,0.882,1
12.232,18.741,0.966,1
11.695,18.039,0.936,1
11.528,17.904,0.929,1
11.412,17.847,0.925,1
11.183,17.61,0.915,1
11.253,17.844,0.922,1
11.247,17.898,0.924,1
11.194,17.938,0.924,1
11.169,18.024,0.926,1
11.118,18.067,0.926,1
15.435,25.28,1.211,1
15.283,25.209,1.206,1
11.232,18.712,0.947,1
15.696,26.357,1.246,1
15.277,25.836,1.224,1
15.168,25.836,1.222,1
15.259,26.181,1.234,1
23.959,41.435,1.828,1
15.716,27.36,1.276,1
8.23,14.355,0.769,1
10.644,18.717,0.937,1
10.633,18.836,0.941,1
8.126,14.488,0.771,1
8.063,14.482,0.77,1
10.459,18.942,0.941,1
8.076,14.723,0.777,1
8.072,14.771,0.778,1
8.027,14.8,0.778,1
7.977,14.818,0.778,1
8.088,15.139,0.79,1
7.907,14.912,0.78,1
7.874,14.963,0.781,1
7.82,14.974,0.78,1
7.752,14.901,0.777,1
7.755,15.023,0.781,1
7.61,14.855,0.774,1
7.233,14.226,0.749,1
7.208,14.288,0.75,1
7.132,14.248,0.748,1
7.816,15.745,0.804,1
7.838,15.852,0.807,1
7.777,15.853,0.806,1
7.622,15.66,0.798,1
7.455,15.439,0.789,1
7.286,15.212,0.779,1
6.927,14.575,0.755,1
7.287,15.526,0.789,1
7.136,15.329,0.781,1
6.625,14.343,0.743,1
6.55,14.299,0.741,1
6.499,14.306,0.74,1
6.46,14.34,0.741,1
6.449,14.375,0.742,1
6.927,15.578,0.786,1
6.705,15.335,0.775,1
6.757,15.589,0.784,1
6.747,15.702,0.787,1
6.557,15.39,0.775,1
6.246,14.721,0.75,1
6.223,14.798,0.752,1
6.212,14.902,0.755,1
6.345,15.358,0.771,1
6.272,15.319,0.769,1
6.279,15.474,0.774,1
6.227,15.486,0.774,1
6.232,15.568,0.776,1
6.197,15.625,0.778,1
6.169,15.696,0.779,1
6.381,16.39,0.804,1
6.325,16.399,0.803,1
6.38,16.699,0.814,1
15.631,41.411,1.706,1
9.906,26.341,1.161,1
9.818,26.357,1.16,1
9.726,26.364,1.159,1
9.619,26.328,1.157,1
9.561,26.428,1.159,1
9.457,26.398,1.157,1
9.415,26.544,1.161,1
15.156,42.991,1.751,1
9.278,26.554,1.16,1
8.966,25.92,1.137,1
8.811,25.732,1.129,1
8.65,25.525,1.12,1
6.699,20.167,0.928,1
6.638,20.086,0.924,1
6.568,20.086,0.924,1
6.508,20.116,0.924,1
6.455,20.169,0.925,1
6.418,20.273,0.928,1
8.128,25.981,1.13,1
8.054,26.031,1.131,1
8.108,26.354,1.141,1
8.111,26.662,1.151,1
8.473,28.175,1.204,1
8.588,28.89,1.228,1
8.47,28.822,1.225,1
8.164,28.106,1.199,1
8.094,28.197,1.201,1
7.819,27.398,1.173,1
7.734,27.426,1.173,1
7.508,26.946,1.155,1
8.591,31.228,1.304,1
7.454,27.417,1.17,1
7.667,28.56,1.209,1
7.439,28.06,1.191,1
7.356,27.925,1.186,1
7.313,28.118,1.192,1
7.133,27.785,1.179,1
6.477,25.555,1.101,1
6.97,27.878,1.181,1
6.241,25.462,1.096,1
6.17,25.516,1.097,1
6.107,25.607,1.099,1
6.023,25.611,1.099,1
5.951,25.67,1.1,1
5.858,25.632,1.098,1
5.794,25.723,1.101,1
5.748,25.709,1.1,1
5.672,25.75,1.101,1
5.622,25.908,1.106,1
5.534,25.897,1.105,1
5.483,26.057,1.11,1
5.406,26.097,1.11,1
5.378,26.384,1.12,1
5.296,26.405,1.12,1
5.256,26.417,1.12,1
5.201,26.579,1.125,1
5.213,27.094,1.142,1
6.998,37.052,1.484,1
6.925,37.309,1.492,1
6.832,37.465,1.497,1
6.729,37.227,1.488,1
6.647,37.445,1.495,1
6.547,37.568,1.499,1
6.438,37.64,1.5,1
6.323,37.682,1.501,1
6.201,37.682,1.5,1
5.584,38.021,1.509,1
5.357,43.628,1.695,1
6.102,-35.913,1.441,1
6.136,-35.775,1.437,1
6.814,-38.981,1.547,1
6.379,-35.836,1.44,1
10.617,-41.84,1.669,1
10.029,-37.548,1.523,1
10.5,-38.816,1.569,1
10.579,-38.625,1.563,1
10.658,-38.678,1.566,1
10.754,-38.554,1.563,1
10.885,-38.554,1.564,1
7.167,-25.117,1.092,1
7.231,-25.042,1.091,1
7.304,-24.998,1.09,1
7.383,-24.977,1.09,1
7.432,-25,1.091,1
5.05,-14.343,0.723,1
5.064,-14.242,0.72,1
5.055,-14.078,0.715,1
5.115,-14.173,0.719,1
5.378,-14.471,0.731,1
5.445,-14.512,0.733,1
5.496,-14.507,0.734,1
5.563,-14.548,0.736,1
8.95,-23.251,1.052,1
23.772,-61.065,2.425,1
24.22,-61.641,2.449,1
29.298,-73.867,2.896,1
24.542,-61.324,2.443,1
24.739,-61.258,2.443,1
28.553,-70.375,2.777,1
28.724,-70.161,2.773,1
25.564,-61.897,2.474,1
25.781,-61.87,2.476,1
26.119,-62.129,2.488,1
29.362,-69.228,2.752,1
26.334,-61.556,2.473,1
26.577,-61.854,2.486,1
23.228,-53.147,2.17,1
23.388,-53.057,2.17,1
11.325,-25.082,1.14,1
11.34,-25.012,1.138,1
11.399,-24.933,1.136,1
11.474,-24.889,1.136,1
11.565,-24.88,1.137,1
11.687,-24.938,1.14,1
24.994,-52.833,2.185,1
25.186,-52.808,2.188,1
22.08,-46.116,1.938,1
22.198,-45.992,1.936,1
21.169,-43.513,1.845,1
21.269,-43.372,1.843,1
21.392,-43.278,1.842,1
21.559,-43.274,1.844,1
27.961,-55.886,2.322,1
28.133,-55.791,2.322,1
31.351,-61.207,2.535,1
31.496,-61.018,2.531,1
31.722,-60.984,2.534,1
12.296,-22.878,1.087,1
12.356,-22.817,1.087,1
12.533,-22.971,1.094,1
35.453,-64.64,2.702,1
27.015,-48.903,2.098,1
38.272,-68.748,2.87,1
31.547,-56.26,2.39,1
31.741,-56.192,2.391,1
14.358,-25.079,1.186,1
14.369,-25.007,1.184,1
14.441,-24.95,1.184,1
14.656,-25.139,1.193,1
27.842,-47.368,2.067,1
27.812,-46.978,2.055,1
10.626,-17.726,0.908,1
10.521,-17.488,0.899,1
10.561,-17.309,0.895,1
10.444,-16.879,0.88,1
10.551,-16.932,0.884,1
21.012,-33.436,1.544,1
21.097,-33.455,1.547,1
10.578,-16.682,0.877,1
10.616,-16.627,0.876,1
10.706,-16.652,0.879,1
10.748,-16.602,0.878,1
10.783,-16.543,0.877,1
10.932,-16.656,0.883,1
30.281,-45.895,2.068,1
30.402,-45.765,2.067,1
30.47,-45.556,2.062,1
30.503,-45.296,2.056,1
30.541,-45.048,2.049,1
30.573,-44.792,2.043,1
30.544,-44.599,2.037,1
30.573,-44.341,2.03,1
30.609,-44.097,2.024,1
30.633,-43.837,2.018,1
30.564,-43.446,2.005,1
30.597,-43.205,1.999,1
30.621,-42.953,1.993,1
30.591,-42.768,1.987,1
30.63,-42.54,1.982,1
30.657,-42.297,1.976,1
30.685,-42.056,1.97,1
30.726,-41.836,1.964,1
30.758,-41.606,1.959,1
30.783,-41.366,1.953,1
30.755,-41.195,1.948,1
30.785,-40.965,1.942,1
30.824,-40.75,1.937,1
30.847,-40.515,1.931,1
30.886,-40.304,1.926,1
30.9,-40.061,1.92,1
30.887,-39.914,1.916,1
30.918,-39.696,1.911,1
30.95,-39.48,1.905,1
30.985,-39.27,1.901,1
31.009,-39.049,1.895,1
31.04,-38.836,1.89,1
21.071,-26.207,1.346,1
21.079,-26.134,1.344,1
21.154,-26.058,1.344,1
21.293,-26.063,1.347,1
21.412,-26.04,1.349,1
31.16,-37.635,1.861,1
31.196,-37.439,1.857,1
10.141,-12.081,0.742,1
10.159,-12.027,0.741,1
10.134,-11.92,0.738,1
10.209,-11.932,0.74,1
10.24,-11.893,0.74,1
10.2,-11.771,0.736,1
10.201,-11.699,0.734,1
10.202,-11.663,0.733,1
10.179,-11.564,0.73,1
10.158,-11.467,0.727,1
10.181,-11.42,0.726,1
10.242,-11.417,0.728,1
10.313,-11.423,0.73,1
10.284,-11.319,0.726,1
10.27,-11.268,0.725,1
10.327,-11.259,0.726,1
10.544,-11.423,0.735,1
10.533,-11.34,0.732,1
10.609,-11.349,0.734,1
31.617,-33.538,1.768,1
31.59,-33.404,1.764,1
10.787,-11.36,0.739,1
10.736,-11.235,0.735,1
10.749,-11.178,0.734,1
10.923,-11.288,0.74,1
10.922,-11.216,0.739,1
10.923,-11.148,0.737,1
10.893,-11.082,0.735,1
10.722,-10.841,0.725,1
10.786,-10.837,0.726,1
10.856,-10.838,0.728,1
10.884,-10.798,0.728,1
10.902,-10.748,0.727,1
11.033,-10.809,0.731,1
11.077,-10.818,0.733,1
11.097,-10.77,0.732,1
11.094,-10.7,0.73,1
11.299,-10.828,0.738,1
11.26,-10.724,0.735,1
11.285,-10.68,0.735,1
11.571,-10.916,0.747,1
11.7,-10.968,0.751,1
11.645,-10.848,0.747,1
11.794,-10.917,0.753,1
11.752,-10.81,0.749,1
11.766,-10.755,0.748,1
11.889,-10.799,0.752,1
11.884,-10.76,0.751,1
11.928,-10.732,0.752,1
12.085,-10.805,0.757,1
12.178,-10.819,0.76,1
12.231,-10.797,0.761,1
12.25,-10.746,0.76,1
12.317,-10.736,0.762,1
19.228,-16.688,1.07,1
19.329,-16.669,1.072,1
24.165,-20.699,1.285,1
19.128,-16.289,1.059,1
19.141,-16.196,1.057,1
19.206,-16.148,1.058,1
19.277,-16.156,1.06,1
19.376,-16.135,1.062,1
32.407,-26.792,1.631,1
23.445,-19.269,1.235,1
12.544,-10.259,0.757,1
22.239,-18.046,1.178,1
14.804,-11.947,0.852,1
13.012,-10.472,0.774,1
12.803,-10.238,0.763,1
13.012,-10.338,0.771,1
12.908,-10.189,0.765,1
13.426,-10.529,0.786,1
13.319,-10.378,0.78,1
13.358,-10.341,0.78,1
13.382,-10.326,0.781,1
13.545,-10.383,0.786,1
13.652,-10.397,0.789,1
13.565,-10.264,0.784,1
13.492,-10.142,0.78,1
13.543,-10.114,0.781,1
13.431,-9.966,0.775,1
13.886,-10.269,0.793,1
19.556,-14.354,1.029,1
19.609,-14.298,1.03,1
19.719,-14.283,1.032,1
19.778,-14.232,1.033,1
19.784,-14.142,1.031,1
19.915,-14.141,1.035,1
20.296,-14.363,1.05,1
20.315,-14.281,1.049,1
20.369,-14.224,1.049,1
20.419,-14.163,1.049,1
20.478,-14.109,1.05,1
20.592,-14.092,1.053,1
23.312,-15.896,1.163,1
23.463,-15.891,1.167,1
23.576,-15.86,1.17,1
24.313,-16.244,1.198,1
33.911,-22.49,1.585,1
33.953,-22.365,1.584,1
33.965,-22.22,1.582,1
23.716,-15.471,1.167,1
23.509,-15.232,1.156,1
24.127,-15.524,1.179,1
23.092,-14.757,1.136,1
23.187,-14.715,1.138,1
23.274,-14.668,1.139,1
23.201,-14.571,1.136,1
23.245,-14.497,1.135,1
23.741,-14.702,1.153,1
23.788,-14.629,1.153,1
23.908,-14.599,1.156,1
24.037,-14.574,1.16,1
25.652,-15.442,1.222,1
25.848,-15.504,1.228,1
25.702,-15.307,1.221,1
25.449,-15.049,1.209,1
25.667,-15.069,1.216,1
32.698,-19.05,1.489,1
32.834,-18.992,1.492,1
33.119,-19.018,1.501,1
33.195,-18.992,1.502,1
33.208,-18.861,1.501,1
33.33,-18.792,1.503,1
33.535,-18.769,1.509,1
33.536,-18.632,1.506,1
33.558,-18.506,1.505,1
33.576,-18.379,1.503,1
33.569,-18.307,1.502,1
33.588,-18.18,1.501,1
33.596,-18.048,1.499,1
36.196,-19.297,1.596,1
36.195,-19.15,1.594,1
33.378,-17.528,1.484,1
33.394,-17.403,1.482,1
29.897,-15.524,1.348,1
29.903,-15.408,1.347,1
30.021,-15.349,1.349,1
29.885,-15.162,1.342,1
29.932,-15.068,1.342,1
30.139,-15.053,1.348,1
30.064,-14.957,1.345,1
30.174,-14.894,1.347,1
30.253,-14.814,1.348,1
30.364,-14.751,1.351,1
34.742,-16.739,1.513,1
35.094,-16.773,1.524,1
35.127,-16.653,1.524,1
35.108,-16.576,1.522,1
35.156,-16.464,1.522,1
35.16,-16.332,1.52,1
30.166,-13.901,1.332,1
29.89,-13.661,1.32,1
29.823,-13.517,1.316,1
29.7,-13.349,1.31,1
29.578,-13.239,1.305,1
29.658,-13.163,1.306,1
29.5,-12.982,1.299,1
29.526,-12.883,1.298,1
29.579,-12.795,1.299,1
29.523,-12.662,1.295,1
29.553,-12.619,1.296,1
29.679,-12.563,1.299,1
29.762,-12.488,1.301,1
29.892,-12.432,1.304,1
29.96,-12.35,1.305,1
30.069,-12.285,1.307,1
30.097,-12.186,1.307,1
30.223,-12.182,1.311,1
30.401,-12.142,1.316,1
30.645,-12.128,1.324,1
30.839,-12.093,1.329,1
31.039,-12.059,1.335,1
33.831,-13.019,1.435,1
33.846,-12.902,1.434,1
33.844,-12.841,1.433,1
33.856,-12.724,1.432,1
33.865,-12.606,1.431,1
33.884,-12.492,1.43,1
33.91,-12.381,1.43,1
33.923,-12.265,1.429,1
33.914,-12.201,1.428,1
33.931,-12.087,1.427,1
33.948,-11.974,1.426,1
33.961,-11.858,1.425,1
33.975,-11.744,1.425,1
33.991,-11.63,1.424,1
34.009,-11.517,1.423,1
34.097,-11.487,1.426,1
34.241,-11.415,1.43,1
34.601,-11.415,1.441,1
34.591,-11.291,1.44,1
34.621,-11.18,1.439,1
34.627,-11.063,1.438,1
34.641,-10.947,1.438,1
34.628,-10.883,1.437,1
34.662,-10.774,1.437,1
34.661,-10.655,1.435,1
34.65,-10.533,1.434,1
34.212,-10.282,1.417,1
33.894,-10.071,1.405,1
33.68,-9.893,1.396,1
33.643,-9.825,1.394,1
33.628,-9.705,1.393,1
31.893,-9.098,1.331,1
34.467,-9.713,1.42,1
35.047,-9.757,1.439,1
35.727,-9.825,1.462,1
36.359,-9.876,1.483,1
37.031,-9.995,1.506,1
37.682,-10.044,1.528,1
31.394,-8.267,1.307,1
31.46,-8.178,1.308,1
31.825,-8.166,1.32,1
40.333,-10.207,1.616,1
32.117,-8.08,1.329,1
32.159,-7.983,1.33,1
43.598,-10.668,1.727,1
44.508,-10.742,1.757,1
45.324,-10.788,1.785,1
50.818,-11.924,1.974,1
50.842,-11.761,1.974,1
50.771,-11.661,1.971,1
66.618,-14.194,2.512,1
68.042,-14.163,2.559,1
48.85,-9.855,1.894,1
48.857,-9.697,1.893,1
72.578,-14.156,2.71,1
63.099,-12.105,2.382,1
51.346,-9.604,1.975,1
38.549,-7.092,1.535,1
38.516,-6.961,1.533,1
38.244,-6.788,1.523,1
35.971,-6.27,1.444,1
35.983,-6.155,1.444,1
36.006,-6.043,1.444,1
38.707,-6.432,1.536,1
38.775,-6.318,1.538,1
38.846,-6.204,1.539,1
39.479,-6.178,1.56,1
39.471,-6.049,1.559,1
37.491,-5.627,1.491,1
57.143,-8.471,2.163,1
37.157,-5.398,1.479,1
37.255,-5.293,1.482,1
38.366,-5.327,1.519,1
37.238,-5.052,1.48,1
37.323,-4.944,1.482,1
35.669,-4.612,1.425,1
37.286,-4.761,1.48,1
37.311,-4.645,1.481,1
37.163,-4.508,1.475,1
37.234,-4.398,1.477,1
37.522,-4.312,1.486,1
37.638,-4.206,1.49,1
37.619,-4.144,1.489,1
41.419,-4.428,1.618,1
41.969,-4.353,1.636,1
42.43,-4.266,1.651,1
41.761,-4.067,1.628,1
41.905,-3.948,1.632,1
41.907,-3.815,1.632,1
54.966,-4.909,2.075,1
38.463,-3.321,1.515,1
38.529,-3.205,1.516,1
38.509,-3.081,1.515,1
38.656,-2.971,1.52,1
55.056,-4.046,2.076,1
55.137,-3.878,2.078,1
55.035,-3.784,2.075,1
55.218,-3.622,2.08,1
55.479,-3.464,2.089,1
55.625,-3.298,2.093,1
55.755,-3.13,2.097,1
55.838,-2.959,2.1,1
55.975,-2.789,2.104,1
56.105,-2.708,2.109,1
56.427,-2.545,2.119,1
57.599,-2.416,2.159,1
58.419,-2.267,2.186,1
57.88,-2.064,2.168,1
58.652,-1.906,2.193,1
58.958,-1.824,2.204,1
58.754,-1.633,2.197,1
67.547,13.386,2.101,1
67.52,13.601,2.101,1
67.55,13.828,2.103,1
67.866,14.115,2.113,1
67.887,14.231,2.115,1
67.72,14.418,2.111,1
67.44,14.58,2.105,1
64.299,14.114,2.017,1
64.207,14.305,2.016,1
64.074,14.487,2.014,1
64.182,14.724,2.018,1
63.351,14.638,1.995,1
63.373,14.853,1.997,1
63.273,15.039,1.996,1
62.953,15.173,1.988,1
44.4,11.004,1.466,1
44.218,11.033,1.461,1
54.697,13.824,1.759,1
50.609,12.962,1.644,1
50.677,13.149,1.647,1
50.583,13.295,1.646,1
50.479,13.437,1.644,1
50.57,13.632,1.648,1
50.415,13.675,1.644,1
53.268,14.627,1.726,1
50.421,14.017,1.647,1
50.584,14.234,1.653,1
50.451,14.367,1.65,1
50.513,14.557,1.653,1
50.087,14.519,1.642,1
50.966,14.947,1.668,1
50.75,15.058,1.663,1
49.197,14.766,1.62,1
49.313,14.97,1.625,1
49.516,15.201,1.632,1
69.684,21.621,2.213,1
49.495,15.451,1.633,1
47.666,15.045,1.582,1
48.976,15.627,1.621,1
44.889,14.481,1.505,1
44.737,14.587,1.502,1
44.246,14.581,1.489,1
44.158,14.706,1.488,1
44.613,14.935,1.501,1
40.567,13.725,1.385,1
42.371,14.483,1.439,1
42.144,14.553,1.434,1
42.611,14.864,1.449,1
41.997,14.798,1.432,1
41.965,14.936,1.433,1
41.586,14.875,1.422,1
42.016,15.177,1.436,1
40.7,14.848,1.399,1
39.959,14.72,1.379,1
39.787,14.799,1.375,1
49.863,18.718,1.672,1
49.952,18.93,1.676,1
50.047,19.056,1.68,1
49.755,19.304,1.675,1
40.781,15.975,1.412,1
40.756,16.113,1.413,1
49.465,19.73,1.672,1
47.771,19.667,1.628,1
49.234,20.449,1.674,1
40.749,17.08,1.423,1
46.413,19.708,1.594,1
46.26,19.815,1.591,1
40.722,17.598,1.428,1
45.081,19.647,1.56,1
34.695,15.387,1.252,1
34.477,15.42,1.246,1
48.235,21.653,1.661,1
42.881,19.577,1.504,1
44.202,20.347,1.546,1
44.299,20.561,1.551,1
44.191,20.68,1.549,1
40.717,19.135,1.445,1
43.652,20.679,1.536,1
40.744,19.461,1.449,1
40.661,19.578,1.449,1
42.966,20.853,1.521,1
42.769,20.923,1.517,1
42.64,21.027,1.515,1
42.566,21.073,1.514,1
42.66,21.287,1.519,1
42.945,21.598,1.529,1
42.934,21.762,1.531,1
42.816,21.871,1.53,1
42.795,22.03,1.531,1
42.827,22.217,1.534,1
43.054,22.42,1.542,1
41.317,21.682,1.491,1
41.27,21.823,1.491,1
41.272,21.99,1.494,1
34.311,18.425,1.279,1
34.12,18.461,1.275,1
33.945,18.435,1.27,1
33.748,18.466,1.266,1
33.543,18.491,1.261,1
33.353,18.524,1.257,1
33.155,18.55,1.253,1
32.963,18.579,1.248,1
32.77,18.606,1.244,1
32.595,18.575,1.239,1
32.405,18.602,1.235,1
32.216,18.628,1.231,1
32.03,18.655,1.227,1
31.835,18.676,1.223,1
31.661,18.708,1.219,1
31.478,18.734,1.215,1
31.333,18.714,1.211,1
31.148,18.737,1.207,1
30.962,18.758,1.203,1
30.789,18.785,1.2,1
30.619,18.814,1.196,1
30.44,18.836,1.192,1
30.262,18.858,1.188,1
30.126,18.839,1.185,1
29.944,18.857,1.181,1
29.775,18.881,1.177,1
29.608,18.906,1.174,1
16.232,10.451,0.739,1
16.14,10.464,0.737,1
16.102,10.511,0.737,1
16.081,10.533,0.737,1
16.133,10.639,0.74,1
25.498,16.913,1.049,1
28.485,19.02,1.15,1
28.323,19.04,1.146,1
28.165,19.063,1.143,1
28.041,19.043,1.14,1
23.243,15.897,0.982,1
23.198,15.974,0.983,1
22.719,15.75,0.968,1
22.681,15.829,0.969,1
27.275,19.156,1.124,1
27.121,19.176,1.121,1
27,19.154,1.118,1
26.848,19.174,1.115,1
26.702,19.196,1.112,1
26.551,19.215,1.109,1
26.409,19.239,1.106,1
26.262,19.258,1.103,1
26.149,19.239,1.101,1
26.015,19.266,1.098,1
25.867,19.284,1.095,1
25.712,19.294,1.092,1
25.583,19.323,1.09,1
25.442,19.343,1.087,1
25.301,19.361,1.084,1
25.196,19.343,1.081,1
25.059,19.364,1.079,1
24.927,19.387,1.076,1
24.781,19.399,1.073,1
24.65,19.422,1.071,1
24.505,19.433,1.068,1
24.379,19.458,1.066,1
24.275,19.438,1.063,1
24.142,19.457,1.061,1
24.014,19.478,1.058,1
23.883,19.497,1.056,1
23.749,19.512,1.053,1
23.626,19.536,1.051,1
23.491,19.549,1.048,1
23.4,19.535,1.046,1
23.278,19.558,1.044,1
23.138,19.565,1.041,1
23.009,19.58,1.039,1
22.889,19.602,1.037,1
22.757,19.614,1.034,1
22.638,19.635,1.032,1
20.761,18.068,0.965,1
20.715,18.142,0.965,1
22.292,19.645,1.025,1
20.71,18.368,0.969,1
20.653,18.435,0.969,1
20.272,18.21,0.957,1
20.236,18.292,0.958,1
20.244,18.358,0.96,1
19.931,18.188,0.95,1
19.901,18.276,0.951,1
19.869,18.362,0.952,1
20.002,18.601,0.959,1
20.057,18.77,0.963,1
19.94,18.72,0.96,1
19.771,18.678,0.956,1
19.649,18.681,0.954,1
19.728,18.874,0.959,1
18.779,18.081,0.925,1
19.251,18.651,0.945,1
19.058,18.581,0.94,1
18.416,18.013,0.916,1
18.245,17.958,0.912,1
18.606,18.427,0.928,1
19.066,19.002,0.948,1
19.018,19.073,0.949,1
19.044,19.219,0.952,1
18.217,18.502,0.922,1
18.011,18.351,0.915,1
18.504,18.971,0.937,1
18.308,18.888,0.931,1
18.125,18.818,0.927,1
17.834,18.633,0.917,1
17.894,18.814,0.922,1
17.656,18.681,0.915,1
17.62,18.702,0.915,1
17.631,18.831,0.917,1
17.609,18.926,0.919,1
11.916,12.982,0.693,1
17.81,19.507,0.934,1
17.599,19.337,0.927,1
17.547,19.403,0.927,1
17.613,19.599,0.933,1
17.414,19.501,0.927,1
17.54,19.766,0.935,1
16.957,19.231,0.913,1
17.044,19.452,0.919,1
15.94,18.253,0.875,1
15.88,18.3,0.874,1
15.836,18.365,0.875,1
17.118,19.975,0.931,1
16.994,19.957,0.929,1
16.672,19.704,0.918,1
16.595,19.739,0.917,1
16.669,19.89,0.922,1
16.206,19.463,0.905,1
16.182,19.558,0.906,1
16.547,20.126,0.925,1
16.419,20.099,0.922,1
16.254,20.026,0.917,1
16.153,20.029,0.916,1
16.008,19.914,0.911,1
16.12,20.183,0.918,1
16.012,20.177,0.916,1
15.809,20.05,0.91,1
15.82,20.194,0.914,1
15.566,19.999,0.905,1
15.476,20.013,0.904,1
15.445,20.039,0.904,1
23.476,30.834,1.273,1
15.226,20.144,0.902,1
15.304,20.38,0.909,1
15.514,20.795,0.922,1
15.388,20.694,0.917,1
15.118,20.465,0.908,1
14.935,20.351,0.902,1
11.894,16.323,0.764,1
11.854,16.377,0.764,1
11.871,16.508,0.767,1
11.976,16.765,0.775,1
11.708,16.445,0.763,1
14.806,20.924,0.913,1
14.736,20.964,0.913,1
14.64,20.967,0.911,1
14.692,21.182,0.917,1
12.158,17.655,0.798,1
12.122,17.721,0.799,1
12.12,17.778,0.8,1
12.047,17.791,0.799,1
11.964,17.789,0.798,1
11.918,17.842,0.798,1
15.038,22.653,0.956,1
15.232,23.102,0.969,1
11.703,17.943,0.797,1
11.567,17.858,0.793,1
11.329,17.612,0.784,1
11.305,17.696,0.786,1
11.214,17.676,0.784,1
11.127,17.662,0.782,1
11.085,17.719,0.783,1
11.14,17.868,0.787,1
11.066,17.874,0.786,1
11.062,17.994,0.789,1
15.392,25.194,1.02,1
15.358,25.317,1.022,1
15.422,25.603,1.03,1
15.43,25.799,1.035,1
15.948,26.759,1.065,1
15.333,25.913,1.036,1
15.561,26.488,1.053,1
15.449,26.487,1.051,1
15.373,26.547,1.052,1
15.561,27.067,1.067,1
15.633,27.391,1.075,1
17.075,30.021,1.158,1
16.937,29.998,1.155,1
16.802,29.978,1.153,1
16.625,29.882,1.148,1
16.417,29.73,1.142,1
16.235,29.618,1.137,1
10.373,19.086,0.806,1
10.354,19.123,0.806,1
16.161,30.04,1.146,1
7.834,14.701,0.666,1
7.783,14.717,0.666,1
7.784,14.831,0.669,1
15.75,30.181,1.144,1
8.223,15.906,0.701,1
7.617,14.794,0.666,1
7.925,15.508,0.687,1
7.685,15.157,0.676,1
15.523,30.799,1.156,1
7.977,15.979,0.699,1
15.508,31.255,1.167,1
15.476,31.314,1.168,1
15.514,31.64,1.177,1
7.752,15.965,0.696,1
7.743,16.076,0.699,1
7.698,16.111,0.699,1
7.503,15.832,0.69,1
7.433,15.812,0.689,1
15.452,32.94,1.208,1
15.324,32.936,1.207,1
6.59,14.316,0.642,1
6.538,14.321,0.641,1
6.498,14.352,0.642,1
7.009,15.738,0.682,1
6.625,15.07,0.661,1
6.564,15.058,0.66,1
6.499,15.038,0.659,1
6.468,15.097,0.66,1
6.352,14.955,0.655,1
6.505,15.45,0.669,1
6.459,15.407,0.668,1
6.356,15.298,0.664,1
6.49,15.758,0.677,1
6.342,15.538,0.67,1
6.319,15.62,0.672,1
6.276,15.657,0.672,1
16.625,41.736,1.443,1
6.108,15.59,0.669,1
6.001,15.461,0.664,1
15.945,41.348,1.426,1
15.809,41.381,1.426,1
5.772,15.298,0.658,1
5.736,15.349,0.659,1
15.446,41.402,1.423,1
15.271,41.331,1.419,1
15.165,41.442,1.421,1
15.307,42.242,1.443,1
15.313,42.675,1.454,1
15.281,43.009,1.463,1
9.015,25.661,0.956,1
9.12,26.09,0.968,1
9.029,26.09,0.967,1
8.941,26.103,0.967,1
6.741,20.111,0.791,1
6.659,20.075,0.79,1
6.574,20.027,0.788,1
6.541,20.034,0.788,1
6.485,20.075,0.788,1
6.434,20.133,0.789,1
6.368,20.146,0.789,1
8.335,26.632,0.975,1
8.171,26.398,0.968,1
8.303,27.125,0.988,1
8.319,27.328,0.994,1
8.2,27.246,0.99,1
8.104,27.238,0.989,1
8.05,27.368,0.993,1
7.981,27.453,0.994,1
8.199,28.533,1.024,1
8.013,28.053,1.01,1
8.074,28.604,1.025,1
7.964,28.56,1.023,1
7.818,28.38,1.018,1
7.495,27.546,0.993,1
8.056,29.973,1.061,1
7.35,27.699,0.996,1
7.865,29.823,1.056,1
7.256,27.875,1,1
6.506,25.328,0.927,1
6.419,25.32,0.926,1
6.343,25.355,0.927,1
6.261,25.367,0.927,1
6.169,25.334,0.925,1
6.093,25.367,0.925,1
6.053,25.377,0.925,1
5.986,25.45,0.927,1
5.911,25.492,0.928,1
5.838,25.542,0.929,1
5.756,25.552,0.928,1
6.304,28.388,1.008,1
6.211,28.179,1.002,1
5.555,25.597,0.928,1
5.48,25.635,0.929,1
5.411,25.707,0.93,1
5.342,25.783,0.932,1
5.27,25.845,0.933,1
5.197,25.9,0.934,1
5.152,25.885,0.934,1
5.109,26.537,0.951,1
5.013,26.488,0.949,1
6.711,37.663,1.26,1
6.62,37.839,1.264,1
6.42,37.389,1.251,1
9.821,58.207,1.831,1
6.218,37.628,1.257,1
6.125,37.803,1.261,1
6.04,38.033,1.267,1
6.556,41.69,1.368,1
11.022,76.176,2.324,1
5.959,42.198,1.38,1
5.826,42.216,1.38,1
5.17,37.919,1.26,1
5.524,42.489,1.386,1
5.868,-36.038,1.212,1
5.965,-35.921,1.209,1
6.068,-35.843,1.208,1
6.175,-35.79,1.207,1
6.316,-36.271,1.22,1
6.382,-35.977,1.213,1
6.574,-35.751,1.207,1
6.711,-35.864,1.211,1
6.805,-35.747,1.209,1
5.492,-22.715,0.851,1
5.576,-22.75,0.852,1
9.026,-36.398,1.239,1
9.367,-37.275,1.265,1
9.373,-36.805,1.252,1
9.43,-36.791,1.252,1
9.903,-37.651,1.278,1
10.104,-37.933,1.287,1
10.187,-37.768,1.283,1
10.426,-37.477,1.278,1
7.107,-25.208,0.928,1
7.157,-25.085,0.925,1
7.22,-25.005,0.924,1
7.293,-24.965,0.923,1
7.374,-24.952,0.924,1
7.425,-24.978,0.925,1
5.002,-14.286,0.625,1
5.011,-14.027,0.618,1
5.016,-13.904,0.615,1
5.068,-13.979,0.617,1
5.203,-14.212,0.624,1
5.243,-14.185,0.624,1
5.3,-14.202,0.625,1
5.364,-14.236,0.627,1
5.428,-14.269,0.628,1
5.483,-14.28,0.629,1
5.556,-14.404,0.633,1
5.545,-14.239,0.629,1
23.982,-61.256,2.016,1
24.945,-63.133,2.074,1
24.591,-61.669,2.033,1
24.588,-61.102,2.018,1
25.217,-62.103,2.05,1
28.419,-69.684,2.276,1
25.497,-61.952,2.049,1
25.733,-61.973,2.052,1
28.698,-68.513,2.25,1
28.917,-68.431,2.25,1
26.405,-61.935,2.059,1
29.424,-68.428,2.255,1
29.46,-68.217,2.25,1
23.178,-53.196,1.803,1
23.331,-53.09,1.802,1
23.527,-53.084,1.804,1
11.319,-25.078,0.965,1
11.327,-24.991,0.963,1
11.389,-24.919,0.961,1
11.467,-24.883,0.961,1
11.557,-24.872,0.962,1
11.672,-24.916,0.965,1
24.927,-52.845,1.814,1
25.107,-52.797,1.815,1
22.149,-46.007,1.612,1
21.153,-43.584,1.54,1
21.234,-43.405,1.536,1
21.363,-43.323,1.536,1
21.509,-43.276,1.537,1
27.884,-55.898,1.925,1
28.077,-55.846,1.926,1
31.419,-61.059,2.095,1
31.62,-60.978,2.096,1
12.291,-22.869,0.922,1
12.359,-22.823,0.922,1
12.548,-23,0.929,1
35.446,-64.589,2.233,1
26.638,-47.988,1.717,1
26.725,-47.791,1.713,1
27.254,-48.379,1.734,1
14.325,-25.035,1.001,1
14.378,-24.944,1,1
14.425,-24.936,1,1
14.628,-25.105,1.007,1
27.665,-47.183,1.712,1
28.364,-48.029,1.741,1
10.376,-17.288,0.763,1
10.466,-17.315,0.765,1
10.551,-17.393,0.768,1
10.487,-17.165,0.761,1
10.621,-17.263,0.766,1
10.549,-17.026,0.759,1
20.896,-33.538,1.294,1
10.486,-16.688,0.75,1
10.516,-16.678,0.75,1
10.717,-16.88,0.758,1
10.813,-16.914,0.76,1
10.964,-17.031,0.765,1
10.978,-16.936,0.763,1
10.822,-16.58,0.753,1
10.85,-16.509,0.751,1
30.215,-45.902,1.719,1
30.343,-45.783,1.718,1
30.408,-45.57,1.714,1
30.451,-45.325,1.709,1
30.492,-45.08,1.704,1
30.52,-44.817,1.699,1
30.527,-44.524,1.692,1
30.463,-44.282,1.686,1
30.468,-43.992,1.679,1
30.495,-43.737,1.674,1
30.454,-43.387,1.665,1
30.561,-43.25,1.664,1
30.594,-43.009,1.659,1
30.568,-42.829,1.654,1
30.594,-42.582,1.649,1
30.622,-42.34,1.644,1
30.664,-42.119,1.64,1
30.691,-41.879,1.635,1
30.725,-41.65,1.631,1
30.756,-41.418,1.626,1
30.726,-41.242,1.622,1
30.754,-41.011,1.617,1
30.79,-40.791,1.613,1
30.82,-40.565,1.608,1
30.851,-40.341,1.604,1
30.877,-40.114,1.6,1
30.917,-39.906,1.596,1
30.878,-39.726,1.591,1
30.916,-39.517,1.587,1
30.947,-39.302,1.583,1
30.985,-39.096,1.579,1
31.016,-38.885,1.575,1
21.073,-26.236,1.133,1
21.107,-26.109,1.131,1
21.144,-26.072,1.131,1
21.194,-25.966,1.13,1
21.397,-26.048,1.135,1
31.227,-37.79,1.556,1
31.256,-37.584,1.552,1
10.218,-12.104,0.644,1
31.283,-37.021,1.54,1
31.307,-36.814,1.537,1
15.51,-18.102,0.864,1
15.526,-18.006,0.862,1
15.581,-17.956,0.862,1
15.652,-17.923,0.862,1
10.228,-11.661,0.635,1
10.243,-11.605,0.634,1
10.177,-11.457,0.63,1
10.217,-11.43,0.63,1
14.474,-16.106,0.804,1
10.213,-11.281,0.627,1
10.252,-11.253,0.627,1
10.324,-11.296,0.629,1
10.329,-11.231,0.628,1
10.538,-11.387,0.635,1
10.517,-11.292,0.633,1
32.599,-34.862,1.52,1
10.943,-11.531,0.645,1
21.269,-22.377,1.057,1
21.29,-22.258,1.055,1
21.329,-22.16,1.054,1
10.935,-11.272,0.64,1
11.007,-11.274,0.642,1
10.968,-11.164,0.639,1
10.911,-11.071,0.636,1
10.872,-10.962,0.633,1
10.79,-10.811,0.628,1
10.822,-10.774,0.628,1
10.904,-10.788,0.63,1
10.986,-10.802,0.632,1
11.038,-10.785,0.633,1
17.888,-17.446,0.895,1
17.939,-17.385,0.895,1
11.284,-10.854,0.639,1
11.296,-10.797,0.638,1
11.478,-10.903,0.644,1
11.426,-10.785,0.64,1
11.587,-10.869,0.645,1
11.766,-11.002,0.651,1
11.683,-10.856,0.647,1
11.723,-10.825,0.647,1
11.979,-10.992,0.655,1
18.529,-16.915,0.898,1
12.038,-10.908,0.655,1
12.072,-10.905,0.656,1
12.165,-10.919,0.658,1
12.273,-10.947,0.661,1
12.312,-10.913,0.661,1
12.474,-10.987,0.665,1
12.564,-10.996,0.667,1
19.129,-16.654,0.906,1
19.196,-16.659,0.907,1
19.262,-16.611,0.908,1
19.264,-16.507,0.906,1
19.306,-16.439,0.905,1
19.257,-16.293,0.902,1
19.142,-16.092,0.896,1
19.361,-16.173,0.902,1
12.579,-10.395,0.657,1
32.413,-26.669,1.362,1
12.562,-10.249,0.654,1
22.207,-18.028,0.995,1
22.502,-18.151,1.003,1
32.481,-26.047,1.353,1
14.882,-11.878,0.732,1
13.259,-10.511,0.674,1
13.429,-10.577,0.678,1
13.347,-10.445,0.674,1
13.251,-10.302,0.67,1
13.242,-10.228,0.668,1
13.386,-10.273,0.672,1
13.425,-10.269,0.673,1
13.624,-10.354,0.679,1
13.505,-10.197,0.674,1
13.548,-10.163,0.674,1
13.654,-10.175,0.677,1
13.738,-10.172,0.678,1
14.484,-10.69,0.703,1
14.527,-10.652,0.704,1
14.627,-10.654,0.706,1
25.198,-18.257,1.064,1
20.332,-14.628,0.897,1
20.301,-14.509,0.894,1
20.049,-14.233,0.884,1
20.298,-14.362,0.892,1
20.335,-14.293,0.892,1
20.388,-14.234,0.892,1
20.45,-14.183,0.892,1
20.539,-14.149,0.894,1
23.251,-15.914,0.983,1
23.354,-15.931,0.985,1
34.35,-23.289,1.349,1
22.895,-15.303,0.965,1
22.936,-15.226,0.965,1
22.974,-15.147,0.965,1
23.041,-15.088,0.965,1
23.181,-15.128,0.969,1
23.166,-15.014,0.967,1
23.072,-14.851,0.963,1
23.127,-14.783,0.963,1
23.266,-14.77,0.966,1
23.26,-14.663,0.964,1
23.299,-14.586,0.964,1
23.681,-14.774,0.976,1
23.767,-14.724,0.977,1
23.387,-14.387,0.963,1
23.54,-14.379,0.967,1
23.267,-14.112,0.956,1
23.337,-14.054,0.957,1
23.402,-13.993,0.958,1
25.821,-15.388,1.035,1
25.749,-15.236,1.031,1
32.654,-19.191,1.249,1
32.682,-19.069,1.248,1
25.956,-15.03,1.033,1
25.966,-14.927,1.032,1
25.996,-14.835,1.031,1
33.197,-18.884,1.258,1
33.319,-18.815,1.26,1
33.512,-18.786,1.264,1
34.742,-19.19,1.299,1
33.521,-18.378,1.259,1
35.393,-19.333,1.317,1
35.7,-19.356,1.324,1
36.026,-19.387,1.333,1
36.168,-19.317,1.335,1
36.172,-19.173,1.334,1
33.356,-17.544,1.244,1
33.382,-17.424,1.243,1
29.885,-15.536,1.134,1
29.951,-15.451,1.135,1
29.992,-15.353,1.134,1
29.957,-15.216,1.132,1
30.019,-15.129,1.132,1
30.055,-15.03,1.132,1
30.034,-14.901,1.13,1
30.101,-14.875,1.131,1
30.278,-14.845,1.135,1
30.274,-14.725,1.134,1
34.754,-16.774,1.269,1
35.12,-16.815,1.279,1
35.122,-16.68,1.277,1
35.108,-16.606,1.276,1
35.148,-16.49,1.275,1
35.151,-16.357,1.274,1
29.883,-13.787,1.113,1
29.775,-13.624,1.108,1
29.667,-13.462,1.104,1
29.658,-13.345,1.102,1
29.843,-13.372,1.107,1
29.51,-13.112,1.096,1
29.579,-13.031,1.097,1
29.605,-12.932,1.096,1
29.605,-12.821,1.095,1
29.616,-12.716,1.094,1
29.716,-12.648,1.096,1
29.657,-12.568,1.094,1
29.754,-12.499,1.095,1
29.863,-12.435,1.097,1
30.175,-12.454,1.106,1
30.101,-12.313,1.102,1
30.308,-12.287,1.107,1
30.255,-12.21,1.105,1
30.654,-12.259,1.116,1
30.857,-12.228,1.121,1
33.803,-13.276,1.207,1
33.819,-13.159,1.206,1
33.83,-13.041,1.205,1
33.852,-12.928,1.204,1
33.837,-12.861,1.203,1
33.855,-12.746,1.203,1
33.882,-12.635,1.202,1
33.878,-12.512,1.201,1
33.898,-12.399,1.2,1
33.926,-12.288,1.2,1
33.927,-12.168,1.199,1
33.921,-12.106,1.198,1
33.952,-11.997,1.198,1
33.951,-11.877,1.197,1
33.97,-11.764,1.196,1
33.984,-11.649,1.196,1
33.996,-11.534,1.195,1
34.124,-11.458,1.198,1
34.296,-11.456,1.202,1
29.02,-9.588,1.048,1
31.208,-10.205,1.111,1
30.812,-9.968,1.098,1
34.618,-11.082,1.207,1
34.628,-10.966,1.207,1
34.615,-10.842,1.205,1
34.649,-10.793,1.206,1
34.667,-10.679,1.205,1
34.66,-10.558,1.204,1
33.945,-10.223,1.183,1
33.316,-9.919,1.164,1
31.681,-9.323,1.116,1
31.868,-9.323,1.121,1
33.531,-9.697,1.168,1
33.894,-9.687,1.177,1
34.474,-9.736,1.193,1
35.061,-9.784,1.209,1
34.165,-9.417,1.182,1
33.272,-9.058,1.156,1
33.617,-9.095,1.166,1
37.681,-10.071,1.28,1
31.404,-8.284,1.101,1
31.839,-8.185,1.112,1
40.348,-10.245,1.352,1
41.078,-10.293,1.372,1
41.434,-10.313,1.382,1
43.609,-10.711,1.443,1
44.494,-10.781,1.467,1
45.315,-10.829,1.489,1
51.061,-12.036,1.65,1
51.155,-11.72,1.651,1
51.033,-11.608,1.647,1
51.138,-11.463,1.649,1
66.713,-14.303,2.083,1
66.808,-14.104,2.085,1
48.826,-9.9,1.578,1
48.855,-9.747,1.578,1
72.656,-14.271,2.243,1
38.504,-7.299,1.285,1
38.244,-7.188,1.278,1
38.569,-7.124,1.286,1
38.416,-6.971,1.281,1
38.072,-6.784,1.271,1
40.108,-7.019,1.327,1
39.617,-6.804,1.313,1
38.588,-6.502,1.284,1
39.956,-6.669,1.322,1
38.754,-6.342,1.288,1
38.713,-6.211,1.286,1
39.224,-6.167,1.3,1
57.102,-8.806,1.796,1
57.09,-8.62,1.795,1
38.429,-5.609,1.276,1
38.064,-5.433,1.265,1
37.295,-5.204,1.243,1
57.424,-7.842,1.801,1
44.11,-5.877,1.431,1
35.647,-4.63,1.196,1
44.125,-5.667,1.431,1
43.934,-5.503,1.425,1
37.183,-4.534,1.238,1
37.102,-4.406,1.235,1
37.207,-4.3,1.238,1
37.645,-4.231,1.25,1
37.716,-4.119,1.251,1
41.878,-4.51,1.366,1
42.982,-4.493,1.396,1
42.192,-4.142,1.374,1
42.292,-4.018,1.376,1
54.981,-5.057,1.726,1
61.2,-5.438,1.897,1
60.737,-5.301,1.884,1
55.075,-4.63,1.727,1
60.139,-4.868,1.867,1
55.139,-4.287,1.728,1
55.288,-4.124,1.732,1
55.971,-3.998,1.75,1
55.951,-3.908,1.75,1
56.021,-3.736,1.751,1
57.285,-3.641,1.786,1
57.219,-3.456,1.784,1
58.656,-3.359,1.823,1
58.644,-3.173,1.822,1
56.532,-2.88,1.764,1
56.035,-2.766,1.75,1
56.125,-2.594,1.752,1
58.025,-2.5,1.804,1
58.518,-2.337,1.818,1
58.455,-2.151,1.816,1
58.152,-1.956,1.807,1
58.293,-1.778,1.811,1
58.43,-1.69,1.815,1
58.447,-1.507,1.815,1
67.084,13.897,1.769,1
66.686,14.033,1.76,1
66.814,14.169,1.764,1
66.642,14.352,1.761,1
62.883,13.955,1.675,1
63.056,14.201,1.68,1
63.184,14.439,1.684,1
65.257,15.237,1.735,1
65.053,15.405,1.731,1
64.993,15.607,1.731,1
62.517,15.219,1.674,1
44.524,10.98,1.253,1
44.404,11.098,1.251,1
44.424,11.177,1.252,1
54.295,13.848,1.484,1
50.976,13.171,1.407,1
50.989,13.345,1.409,1
53.913,14.293,1.479,1
50.068,13.44,1.389,1
50.166,13.721,1.393,1
50.071,13.864,1.392,1
50.383,14.121,1.4,1
50.238,14.251,1.398,1
50.95,14.626,1.416,1
50.465,14.658,1.405,1
50.493,14.839,1.407,1
50.383,14.893,1.405,1
50.965,15.239,1.42,1
49.625,15.178,1.39,1
49.146,15.539,1.382,1
44.988,14.456,1.285,1
44.984,14.611,1.286,1
44.631,14.651,1.278,1
44.486,14.758,1.276,1
44.38,14.878,1.274,1
42.525,14.404,1.231,1
40.574,13.813,1.184,1
42.313,14.555,1.227,1
42.32,14.706,1.229,1
42.04,14.757,1.223,1
39.572,14.029,1.165,1
39.402,14.108,1.161,1
39.227,14.114,1.158,1
39.049,14.189,1.155,1
40.372,14.815,1.188,1
39.96,14.806,1.179,1
39.985,14.958,1.181,1
50.171,18.955,1.43,1
49.446,18.948,1.414,1
49.332,19.082,1.413,1
49.283,19.242,1.413,1
40.799,16.072,1.207,1
51.597,20.521,1.473,1
49.504,19.868,1.423,1
47.683,19.31,1.38,1
49.321,20.065,1.421,1
49.123,20.164,1.418,1
48.788,20.206,1.411,1
48.687,20.343,1.41,1
46.516,19.779,1.36,1
46.382,19.808,1.357,1
46.265,19.93,1.356,1
46.248,20.095,1.357,1
45.144,19.784,1.331,1
47.358,20.933,1.388,1
34.716,15.468,1.074,1
34.687,15.586,1.074,1
42.897,19.689,1.283,1
49.551,22.936,1.452,1
44.766,21.061,1.335,1
45.545,21.603,1.356,1
45.627,21.729,1.359,1
40.738,19.555,1.237,1
45.714,22.125,1.365,1
45.601,22.247,1.364,1
42.162,20.896,1.28,1
42.972,21.551,1.303,1
42.952,21.71,1.304,1
43.021,21.915,1.308,1
42.77,22.297,1.307,1
41.444,21.688,1.274,1
41.321,21.789,1.272,1
41.33,21.96,1.274,1
34.277,18.485,1.095,1
34.077,18.515,1.092,1
33.866,18.538,1.088,1
33.702,18.517,1.084,1
33.509,18.549,1.081,1
33.307,18.574,1.077,1
33.116,18.604,1.073,1
32.924,18.632,1.07,1
32.723,18.654,1.066,1
32.539,18.685,1.063,1
32.385,18.664,1.06,1
32.183,18.682,1.056,1
31.989,18.704,1.052,1
31.813,18.736,1.049,1
31.627,18.76,1.046,1
31.45,18.788,1.043,1
31.267,18.813,1.039,1
31.114,18.787,1.036,1
30.941,18.815,1.033,1
30.766,18.841,1.03,1
30.594,18.869,1.027,1
30.416,18.891,1.024,1
30.241,18.914,1.021,1
30.088,18.884,1.017,1
29.934,18.918,1.015,1
29.754,18.936,1.012,1
29.582,18.957,1.009,1
16.295,10.5,0.65,1
16.203,10.513,0.648,1
16.141,10.546,0.647,1
16.145,10.584,0.648,1
16.06,10.601,0.647,1
28.604,19.035,0.991,1
28.473,19.077,0.989,1
28.312,19.098,0.986,1
28.159,19.124,0.984,1
23.193,15.905,0.849,1
23.249,16.052,0.852,1
22.807,15.852,0.841,1
22.77,15.933,0.841,1
27.261,19.21,0.968,1
27.103,19.226,0.965,1
26.994,19.212,0.963,1
26.838,19.228,0.96,1
26.692,19.251,0.958,1
26.542,19.27,0.955,1
26.409,19.3,0.953,1
26.256,19.315,0.951,1
26.122,19.343,0.949,1
26.001,19.317,0.946,1
25.846,19.328,0.943,1
25.731,19.368,0.942,1
25.573,19.375,0.939,1
25.444,19.403,0.937,1
25.308,19.425,0.935,1
25.168,19.444,0.933,1
25.06,19.423,0.93,1
24.926,19.445,0.928,1
24.782,19.458,0.926,1
24.653,19.482,0.924,1
24.52,19.502,0.922,1
24.382,19.518,0.92,1
24.244,19.533,0.917,1
24.154,19.523,0.916,1
24.011,19.532,0.913,1
23.878,19.549,0.911,1
23.757,19.574,0.909,1
23.62,19.586,0.907,1
23.5,19.612,0.905,1
23.374,19.631,0.903,1
23.259,19.597,0.901,1
23.147,19.627,0.899,1
23.009,19.635,0.897,1
22.879,19.648,0.895,1
22.761,19.672,0.893,1
22.639,19.691,0.892,1
22.528,19.656,0.889,1
22.405,19.673,0.887,1
22.226,19.64,0.884,1
22.299,19.829,0.888,1
20.691,18.514,0.841,1
20.604,18.553,0.84,1
20.45,18.531,0.837,1
20.381,18.526,0.836,1
20.278,18.55,0.834,1
20.026,18.434,0.828,1
19.924,18.456,0.827,1
19.902,18.553,0.828,1
19.809,18.583,0.827,1
19.858,18.746,0.83,1
18.586,17.598,0.791,1
19.359,18.448,0.817,1
19.206,18.417,0.814,1
18.916,18.253,0.807,1
18.637,18.097,0.8,1
18.518,18.095,0.798,1
18.37,18.063,0.795,1
18.308,18.058,0.794,1
18.629,18.492,0.806,1
18.006,17.985,0.788,1
18.335,18.43,0.8,1
18.589,18.804,0.81,1
18.482,18.813,0.809,1
18.19,18.574,0.8,1
18.099,18.598,0.799,1
17.758,18.361,0.79,1
17.645,18.359,0.788,1
17.719,18.553,0.793,1
17.838,18.796,0.798,1
17.765,18.837,0.798,1
17.557,18.674,0.792,1
17.383,18.607,0.788,1
18.103,19.501,0.814,1
11.853,12.917,0.608,1
17.946,19.701,0.815,1
17.018,18.799,0.786,1
17.426,19.311,0.801,1
17.58,19.606,0.808,1
16.738,18.784,0.781,1
16.68,18.838,0.781,1
16.969,19.287,0.793,1
16.818,19.236,0.79,1
15.932,18.337,0.762,1
15.892,18.348,0.761,1
15.872,18.442,0.762,1
17.093,19.992,0.807,1
17.027,20.041,0.807,1
16.989,20.125,0.808,1
16.512,19.683,0.793,1
16.521,19.821,0.796,1
16.578,19.953,0.799,1
16.297,19.739,0.791,1
16.209,19.759,0.79,1
16.842,20.665,0.815,1
16.197,19.999,0.794,1
15.952,19.824,0.788,1
15.905,19.829,0.787,1
15.83,19.863,0.787,1
15.807,19.963,0.788,1
15.7,19.956,0.787,1
15.677,20.055,0.788,1
15.743,20.272,0.793,1
15.637,20.266,0.791,1
15.596,20.279,0.791,1
15.456,20.228,0.788,1
15.384,20.265,0.788,1
15.4,20.419,0.791,1
15.279,20.392,0.789,1
15.389,20.674,0.795,1
15.198,20.552,0.79,1
14.943,20.273,0.782,1
15.104,20.627,0.791,1
14.793,20.336,0.781,1
14.895,20.749,0.79,1
15.342,21.515,0.81,1
15.003,21.18,0.799,1
15.266,21.623,0.811,1
14.741,21.019,0.793,1
14.676,21.067,0.793,1
14.544,21.018,0.79,1
15.037,21.878,0.813,1
12.133,17.764,0.698,1
12.076,17.8,0.698,1
15.564,23.033,0.841,1
15.73,23.437,0.851,1
14.827,22.24,0.817,1
14.771,22.308,0.818,1
11.699,17.903,0.695,1
11.569,17.825,0.692,1
11.42,17.655,0.687,1
11.372,17.703,0.687,1
11.32,17.745,0.688,1
12.045,19.016,0.721,1
11.184,17.777,0.687,1
11.053,17.691,0.683,1
11.187,18.032,0.692,1
11.033,17.845,0.686,1
11.017,17.947,0.688,1
15.54,25.514,0.889,1
15.393,25.452,0.886,1
15.328,25.526,0.886,1
15.912,26.69,0.916,1
15.508,26.198,0.902,1
16.053,27.218,0.928,1
15.55,26.554,0.909,1
15.431,26.542,0.908,1
15.446,26.76,0.912,1
15.648,27.31,0.925,1
16.905,29.724,0.987,1
16.989,30.092,0.995,1
16.939,30.114,0.995,1
16.864,30.202,0.996,1
16.905,30.501,1.003,1
16.386,29.783,0.983,1
16.256,29.768,0.981,1
16.159,29.812,0.981,1
16.134,29.879,0.982,1
16.079,30.002,0.984,1
16.018,30.114,0.985,1
7.822,14.79,0.589,1
15.78,30.122,0.983,1
15.763,30.321,0.987,1
15.652,30.34,0.986,1
7.648,14.854,0.589,1
7.55,14.777,0.586,1
15.645,30.92,0.998,1
15.56,30.994,0.998,1
15.504,31.127,1,1
15.392,31.147,1,1
15.338,31.285,1.002,1
15.426,31.59,1.009,1
7.798,16.067,0.615,1
7.779,16.158,0.617,1
7.67,16.06,0.614,1
7.633,16.113,0.614,1
7.571,16.113,0.614,1
15.25,32.785,1.032,1
15.209,32.831,1.032,1
7.451,16.187,0.614,1
7.103,15.686,0.6,1
6.975,15.533,0.596,1
7.19,16.149,0.611,1
7.132,16.155,0.61,1
7.101,16.154,0.61,1
6.772,15.536,0.594,1
6.761,15.645,0.596,1
6.526,15.23,0.586,1
6.431,15.138,0.583,1
6.436,15.286,0.586,1
6.418,15.378,0.588,1
6.272,15.092,0.581,1
6.296,15.286,0.585,1
6.386,15.646,0.593,1
6.31,15.6,0.592,1
6.175,15.404,0.586,1
6.224,15.671,0.592,1
6.159,15.649,0.591,1
6.143,15.681,0.592,1
6.074,15.648,0.591,1
5.964,15.508,0.587,1
5.882,15.441,0.585,1
5.804,15.379,0.583,1
5.761,15.412,0.583,1
5.733,15.486,0.584,1
5.661,15.366,0.581,1
15.45,42.476,1.238,1
9.561,26.516,0.85,1
9.481,26.557,0.851,1
9.159,25.908,0.834,1
8.946,25.561,0.825,1
14.679,42.418,1.231,1
14.462,42.005,1.22,1
16.511,48.461,1.374,1
6.739,20.147,0.692,1
6.646,20.077,0.69,1
6.572,20.066,0.689,1
6.539,20.07,0.689,1
6.479,20.1,0.689,1
6.517,20.439,0.697,1
6.408,20.318,0.693,1
8.294,26.616,0.843,1
8.393,27.237,0.857,1
8.379,27.498,0.863,1
8.342,27.532,0.864,1
8.305,27.725,0.867,1
8.046,27.168,0.854,1
8.127,27.763,0.867,1
8.055,27.841,0.868,1
8.706,30.46,0.93,1
8.173,28.932,0.893,1
7.956,28.503,0.882,1
8.309,29.955,0.916,1
8.071,29.456,0.904,1
8.021,29.638,0.908,1
6.678,25.288,0.804,1
6.578,25.232,0.802,1
6.525,25.19,0.801,1
6.436,25.171,0.8,1
7.036,27.895,0.864,1
6.907,27.752,0.86,1
6.816,27.758,0.859,1
6.126,25.278,0.801,1
6.069,25.392,0.803,1
6.612,27.869,0.861,1
6.499,27.782,0.858,1
6.486,28.126,0.866,1
5.728,25.557,0.805,1
5.643,25.554,0.804,1
5.558,25.55,0.804,1
5.515,25.549,0.804,1
5.429,25.538,0.803,1
5.346,25.54,0.803,1
5.269,25.574,0.803,1
5.212,25.706,0.806,1
5.13,25.716,0.806,1
5.175,26.376,0.82,1
7.324,37.701,1.083,1
5.054,26.418,0.821,1
5.002,27.069,0.835,1
6.355,37.398,1.072,1
5.036,42.489,1.183,1
6.266,-35.628,1.032,1
6.451,-36.017,1.042,1
6.571,-36.032,1.042,1
6.614,-35.638,1.034,1
6.794,-35.973,1.042,1
7.007,-36.473,1.054,1
7.013,-35.898,1.041,1
7.454,-34.936,1.022,1
7.561,-34.903,1.022,1
7.622,-34.918,1.022,1
8.474,-38.232,1.1,1
5.665,-23.023,0.748,1
10.322,-41.305,1.178,1
9.365,-36.995,1.077,1
9.531,-37.159,1.082,1
9.595,-37.165,1.083,1
9.917,-36.969,1.08,1
10.025,-36.909,1.079,1
10.655,-38.042,1.108,1
7.141,-25.222,0.805,1
7.188,-25.088,0.803,1
7.256,-25.027,0.802,1
7.331,-24.992,0.801,1
7.417,-24.996,0.802,1
7.497,-24.976,0.802,1
13.574,-39.068,1.15,1
5.069,-14.069,0.549,1
5.081,-13.962,0.547,1
5.181,-14.168,0.552,1
5.237,-14.184,0.553,1
5.34,-14.321,0.556,1
5.393,-14.327,0.557,1
5.438,-14.31,0.557,1
8.872,-23.081,0.771,1
5.537,-14.233,0.556,1
5.646,-14.379,0.56,1
24.214,-60.87,1.7,1
24.575,-61.216,1.711,1
24.761,-61.124,1.71,1
28.756,-70.339,1.939,1
26.395,-62.052,1.744,1
23.314,-53.188,1.531,1
23.478,-53.107,1.531,1
11.373,-25.118,0.836,1
11.383,-25.034,0.835,1
11.439,-24.949,0.833,1
11.521,-24.921,0.834,1
11.613,-24.915,0.834,1
11.711,-24.92,0.835,1
25.035,-52.772,1.539,1
31.514,-65.877,1.872,1
22.149,-46.133,1.374,1
22.262,-45.999,1.372,1
21.262,-43.584,1.313,1
21.34,-43.398,1.31,1
21.475,-43.329,1.31,1
21.63,-43.299,1.311,1
28.123,-55.84,1.632,1
31.572,-61.004,1.773,1
31.791,-60.956,1.774,1
12.275,-22.953,0.801,1
12.341,-22.902,0.801,1
12.347,-22.742,0.798,1
12.505,-22.861,0.802,1
26.829,-48.623,1.473,1
26.698,-48.03,1.46,1
27.147,-48.657,1.477,1
27.37,-48.697,1.481,1
27.607,-48.758,1.484,1
14.379,-25.053,0.866,1
14.44,-24.977,0.865,1
14.482,-24.959,0.866,1
14.601,-24.983,0.867,1
28.278,-47.99,1.477,1
28.305,-47.693,1.471,1
28.206,-47.188,1.46,1
10.419,-17.217,0.667,1
10.525,-17.329,0.67,1
10.411,-17.021,0.663,1
10.517,-17.074,0.665,1
10.564,-17.03,0.665,1
10.526,-16.851,0.661,1
10.6,-16.852,0.662,1
10.746,-16.966,0.666,1
10.859,-17.084,0.669,1
10.841,-16.938,0.666,1
10.81,-16.773,0.663,1
30.272,-46.564,1.473,1
30.309,-46.302,1.469,1
30.336,-46.028,1.464,1
30.308,-45.828,1.46,1
30.342,-45.568,1.455,1
30.386,-45.325,1.451,1
30.435,-45.092,1.447,1
30.475,-44.847,1.443,1
30.548,-44.652,1.441,1
30.607,-44.437,1.437,1
30.567,-44.231,1.433,1
30.619,-44.01,1.429,1
30.66,-43.775,1.426,1
30.735,-43.59,1.423,1
30.947,-43.599,1.426,1
31.168,-43.619,1.429,1
31.384,-43.631,1.432,1
31.539,-43.702,1.436,1
31.726,-43.67,1.438,1
31.762,-43.433,1.434,1
31.795,-43.193,1.43,1
31.825,-42.95,1.426,1
31.853,-42.707,1.422,1
31.89,-42.478,1.418,1
31.853,-42.29,1.414,1
31.893,-42.067,1.411,1
31.941,-41.857,1.407,1
31.965,-41.617,1.403,1
31.049,-40.165,1.365,1
31.089,-39.957,1.361,1
31.121,-39.739,1.358,1
31.091,-39.572,1.354,1
31.125,-39.361,1.351,1
31.147,-39.135,1.347,1
31.188,-38.936,1.345,1
21.157,-26.256,0.976,1
21.185,-26.123,0.974,1
21.224,-26.088,0.974,1
21.334,-26.055,0.975,1
21.469,-26.053,0.977,1
31.292,-37.711,1.324,1
31.327,-37.513,1.321,1
31.35,-37.303,1.318,1
31.382,-37.103,1.315,1
31.354,-36.952,1.312,1
31.381,-36.75,1.309,1
15.553,-18.118,0.752,1
15.57,-18.024,0.751,1
15.625,-17.973,0.751,1
15.688,-17.932,0.751,1
14.457,-16.423,0.707,1
14.441,-16.353,0.705,1
14.465,-16.277,0.704,1
14.499,-16.213,0.704,1
14.529,-16.143,0.703,1
14.583,-16.102,0.703,1
14.658,-16.083,0.704,1
14.718,-16.098,0.705,1
15.018,-16.322,0.713,1
32.627,-35.192,1.301,1
32.664,-35.01,1.299,1
32.69,-34.819,1.296,1
32.698,-34.608,1.293,1
32.732,-34.427,1.29,1
21.336,-22.384,0.913,1
21.344,-22.252,0.911,1
10.994,-11.408,0.569,1
11.008,-11.351,0.568,1
11.041,-11.313,0.568,1
11.075,-11.277,0.568,1
11.109,-11.241,0.568,1
31.871,-32.08,1.238,1
31.896,-31.905,1.236,1
18.036,-17.944,0.788,1
18.098,-17.892,0.788,1
18.198,-17.879,0.789,1
18.175,-17.745,0.787,1
18.264,-17.775,0.789,1
11.314,-10.956,0.567,1
11.419,-10.989,0.569,1
11.303,-10.809,0.564,1
11.304,-10.742,0.563,1
11.608,-10.961,0.572,1
11.666,-10.947,0.573,1
11.856,-11.089,0.578,1
11.825,-10.991,0.576,1
11.781,-10.882,0.574,1
18.516,-16.975,0.78,1
18.397,-16.761,0.775,1
18.497,-16.746,0.777,1
12.31,-11.086,0.586,1
12.336,-11.074,0.586,1
12.335,-11.004,0.585,1
12.417,-11.007,0.586,1
12.514,-11.022,0.588,1
12.607,-11.034,0.59,1
12.604,-10.962,0.589,1
12.564,-10.858,0.586,1
12.534,-10.798,0.585,1
19.321,-16.521,0.787,1
12.643,-10.686,0.585,1
12.477,-10.479,0.579,1
12.511,-10.441,0.579,1
12.518,-10.38,0.579,1
12.452,-10.227,0.575,1
12.58,-10.266,0.578,1
22.268,-18.03,0.861,1
12.723,-10.25,0.58,1
32.547,-26.001,1.157,1
32.511,-25.889,1.155,1
32.54,-25.745,1.153,1
13.615,-10.722,0.603,1
13.599,-10.641,0.602,1
13.525,-10.515,0.598,1
13.273,-10.252,0.59,1
13.338,-10.236,0.591,1
13.501,-10.327,0.595,1
13.538,-10.288,0.596,1
13.57,-10.245,0.596,1
13.572,-10.18,0.595,1
13.617,-10.147,0.595,1
13.602,-10.07,0.594,1
13.574,-10.016,0.592,1
25.283,-18.506,0.922,1
25.134,-18.276,0.916,1
25.159,-18.173,0.915,1
20.367,-14.621,0.779,1
20.347,-14.511,0.777,1
20.357,-14.421,0.776,1
20.362,-14.377,0.776,1
20.397,-14.306,0.776,1
20.451,-14.248,0.776,1
20.534,-14.21,0.777,1
20.537,-14.117,0.776,1
25.392,-17.33,0.908,1
25.398,-17.217,0.907,1
34.389,-23.222,1.153,1
34.151,-22.906,1.145,1
34.066,-22.694,1.141,1
24.011,-15.897,0.864,1
23.157,-15.228,0.84,1
23.286,-15.208,0.842,1
23.641,-15.334,0.85,1
23.089,-14.925,0.834,1
22.93,-14.721,0.829,1
22.987,-14.655,0.829,1
23.131,-14.645,0.832,1
23.28,-14.637,0.835,1
23.195,-14.482,0.831,1
23.302,-14.447,0.833,1
23.383,-14.345,0.833,1
23.703,-14.439,0.84,1
23.361,-14.131,0.83,1
33.408,-20.052,1.096,1
23.498,-14.013,0.831,1
33.504,-19.895,1.096,1
25.711,-15.166,0.888,1
32.751,-19.034,1.071,1
32.978,-19.028,1.075,1
33.236,-19.037,1.081,1
33.256,-18.91,1.08,1
33.273,-18.851,1.079,1
33.484,-18.831,1.083,1
33.565,-18.739,1.084,1
33.617,-18.629,1.084,1
33.637,-18.502,1.083,1
33.584,-18.336,1.08,1
33.652,-18.237,1.08,1
33.653,-18.168,1.079,1
33.666,-18.039,1.078,1
33.411,-17.5,1.067,1
29.895,-15.542,0.976,1
29.887,-15.478,0.975,1
29.937,-15.385,0.975,1
30.035,-15.316,0.976,1
30.073,-15.216,0.976,1
30.058,-15.091,0.974,1
30.143,-15.015,0.975,1
30.116,-14.884,0.973,1
30.287,-14.909,0.977,1
30.242,-14.769,0.975,1
30.407,-14.731,0.978,1
30.53,-14.673,0.98,1
35.139,-16.748,1.095,1
35.161,-16.623,1.094,1
35.191,-16.502,1.094,1
35.217,-16.447,1.094,1
35.205,-16.306,1.092,1
29.854,-13.719,0.957,1
29.819,-13.589,0.955,1
29.665,-13.407,0.95,1
29.803,-13.357,0.952,1
29.702,-13.256,0.949,1
29.67,-13.13,0.947,1
29.761,-13.058,0.948,1
29.84,-12.981,0.949,1
29.971,-12.926,0.952,1
29.733,-12.714,0.945,1
29.805,-12.633,0.946,1
29.797,-12.575,0.945,1
29.86,-12.491,0.945,1
29.931,-12.41,0.946,1
29.986,-12.323,0.947,1
30.019,-12.227,0.947,1
30.247,-12.208,0.951,1
30.454,-12.181,0.955,1
30.683,-12.216,0.96,1
31.008,-12.233,0.967,1
33.846,-13.227,1.036,1
33.863,-13.111,1.035,1
33.891,-13,1.035,1
33.896,-12.88,1.034,1
33.904,-12.761,1.033,1
33.911,-12.703,1.033,1
33.917,-12.584,1.032,1
33.938,-12.471,1.032,1
33.958,-12.357,1.031,1
33.97,-12.241,1.031,1
33.996,-12.129,1.03,1
28.216,-9.972,0.89,1
33.975,-11.942,1.028,1
33.905,-11.798,1.026,1
34.015,-11.716,1.028,1
28.303,-9.654,0.889,1
27.937,-9.432,0.88,1
29.924,-9.996,0.927,1
29.021,-9.645,0.905,1
29.122,-9.577,0.906,1
31,-10.085,0.951,1
29.294,-9.43,0.909,1
30.861,-9.826,0.946,1
30.924,-9.739,0.947,1
30.804,-9.595,0.943,1
29.976,-9.286,0.923,1
29.925,-9.168,0.921,1
31.433,-9.52,0.956,1
31.434,-9.413,0.956,1
31.32,-9.272,0.952,1
31.324,-9.166,0.952,1
31.8,-9.197,0.962,1
33.431,-9.61,1.001,1
33.796,-9.6,1.008,1
33.504,-9.403,1.001,1
33.37,-9.253,0.997,1
33.379,-9.143,0.997,1
36.684,-9.921,1.074,1
31.616,-8.448,0.954,1
31.467,-8.355,0.95,1
31.497,-8.258,0.95,1
39.612,-10.245,1.14,1
31.878,-8.143,0.958,1
40.381,-10.173,1.157,1
41.347,-10.278,1.179,1
30.335,-7.447,0.92,1
43.942,-10.702,1.238,1
44.938,-10.794,1.261,1
31.924,-7.57,0.956,1
51.152,-11.944,1.405,1
30.488,-7.029,0.921,1
66.859,-14.171,1.765,1
30.302,-6.189,0.913,1
38.48,-7.6,1.102,1
38.494,-7.477,1.101,1
39.199,-7.486,1.117,1
38.786,-7.281,1.107,1
38.77,-7.215,1.106,1
39.133,-7.156,1.114,1
38.006,-6.827,1.088,1
40.179,-7.086,1.138,1
58.908,-10.186,1.57,1
57.734,-9.796,1.542,1
57.407,-9.556,1.534,1
38.805,-6.28,1.104,1
39.048,-6.193,1.109,1
39.438,-6.128,1.117,1
59.316,-9.013,1.575,1
38.649,-5.633,1.098,1
37.386,-5.39,1.069,1
38.786,-5.467,1.1,1
57.111,-7.854,1.521,1
56.484,-7.588,1.506,1
56.089,-7.355,1.497,1
35.671,-4.573,1.027,1
37.093,-4.577,1.06,1
37.111,-4.461,1.06,1
44.128,-5.159,1.22,1
46.979,-5.341,1.285,1
41.755,-4.617,1.165,1
58.076,-6.135,1.538,1
43.065,-4.419,1.194,1
61.118,-6.067,1.607,1
61.383,-5.899,1.613,1
54.975,-5.111,1.466,1
61.702,-5.538,1.619,1
59.671,-5.168,1.572,1
58.498,-4.974,1.545,1
61.765,-5.055,1.62,1
61.045,-4.803,1.603,1
61.321,-4.631,1.609,1
57.192,-3.96,1.514,1
57.723,-3.814,1.526,1
58.166,-3.752,1.536,1
56.433,-3.463,1.496,1
57.476,-3.345,1.52,1
56.939,-3.134,1.507,1
56.949,-2.956,1.507,1
58.344,-2.844,1.539,1
58.284,-2.657,1.537,1
57.855,-2.547,1.527,1
57.893,-2.366,1.528,1
58.777,-2.217,1.548,1
58.618,-2.027,1.544,1
58.124,-1.827,1.533,1
58.662,-1.567,1.545,1
58.558,-1.38,1.542,1
63.695,14.104,1.2,1
63.364,14.24,1.196,1
63.237,14.42,1.194,1
63.107,14.6,1.193,1
63.022,14.684,1.192,1
62.799,14.84,1.189,1
62.693,15.024,1.188,1
62.457,15.175,1.185,1
44.491,10.966,0.905,1
44.284,11.062,0.902,1
54.732,13.849,1.067,1
54.993,14.007,1.071,1
61.967,15.987,1.181,1
55.502,14.508,1.08,1
54.269,14.369,1.062,1
51.523,13.816,1.019,1
53.284,14.467,1.048,1
52.986,14.565,1.044,1
52.849,14.617,1.042,1
52.855,14.797,1.043,1
52.86,14.978,1.044,1
51.617,14.802,1.025,1
51.567,14.963,1.025,1
52.959,15.546,1.047,1
51.011,15.15,1.017,1
50.955,15.22,1.017,1
53.859,16.271,1.064,1
49.584,15.152,0.996,1
49.015,15.146,0.988,1
48.433,15.134,0.98,1
47.731,15.079,0.969,1
47.491,15.086,0.966,1
44.73,14.365,0.922,1
44.839,14.556,0.925,1
44.937,14.744,0.927,1
44.942,14.902,0.928,1
44.757,14.997,0.926,1
40.564,13.736,0.859,1
42.565,14.487,0.892,1
42.377,14.572,0.889,1
42.242,14.674,0.888,1
42.485,14.908,0.893,1
42.164,14.945,0.888,1
41.609,14.895,0.88,1
41.53,15.015,0.88,1
40.85,14.842,0.869,1
40.107,14.715,0.858,1
39.963,14.805,0.856,1
39.89,14.921,0.856,1
39.949,15.086,0.857,1
49.561,18.887,1.015,1
53.206,20.562,1.075,1
53.276,20.781,1.078,1
40.771,16.057,0.874,1
40.776,16.208,0.875,1
49.448,19.829,1.018,1
49.156,19.891,1.014,1
48.75,19.816,1.008,1
52.369,21.67,1.07,1
48.916,20.604,1.015,1
46.457,19.742,0.976,1
46.301,19.847,0.974,1
40.76,17.551,0.883,1
46.22,20.071,0.974,1
45.052,19.733,0.956,1
34.717,15.473,0.786,1
34.55,15.529,0.784,1
43.043,19.583,0.927,1
42.855,19.661,0.925,1
42.47,19.646,0.92,1
42.243,19.703,0.917,1
42.027,19.763,0.914,1
41.895,19.862,0.913,1
40.729,19.546,0.895,1
41.845,20.242,0.915,1
41.868,20.416,0.916,1
41.886,20.588,0.918,1
41.871,20.744,0.919,1
41.921,20.933,0.921,1
41.832,20.971,0.92,1
41.672,21.054,0.918,1
41.675,21.22,0.919,1
41.823,21.462,0.923,1
15.545,8.119,0.474,1
15.456,8.135,0.473,1
14.711,7.832,0.461,1
14.746,7.97,0.463,1
14.824,8.073,0.464,1
14.832,8.138,0.465,1
14.74,8.147,0.464,1
14.799,8.21,0.465,1
14.694,8.213,0.464,1
14.67,8.26,0.464,1
14.611,8.287,0.463,1
14.622,8.354,0.464,1
14.604,8.405,0.464,1
14.62,8.445,0.465,1
14.58,8.483,0.464,1
14.574,8.541,0.465,1
14.574,8.602,0.465,1
14.566,8.659,0.465,1
14.582,8.731,0.466,1
31.178,18.766,0.761,1
31.054,18.758,0.76,1
30.865,18.777,0.757,1
30.671,18.791,0.755,1
30.522,18.832,0.753,1
30.347,18.856,0.751,1
24.897,15.584,0.655,1
24.776,15.563,0.653,1
29.893,18.901,0.746,1
24.668,15.711,0.653,1
16.295,10.461,0.502,1
16.206,10.476,0.501,1
16.153,10.514,0.501,1
16.122,10.566,0.501,1
16.147,10.619,0.502,1
25.559,16.905,0.674,1
28.559,19.015,0.73,1
28.401,19.039,0.728,1
28.25,19.067,0.726,1
28.082,19.082,0.724,1
23.284,15.935,0.637,1
23.28,15.986,0.637,1
27.65,19.108,0.719,1
22.83,15.889,0.631,1
22.798,15.973,0.631,1
27.184,19.167,0.714,1
27.048,19.2,0.712,1
26.892,19.216,0.711,1
26.774,19.195,0.709,1
26.628,19.217,0.707,1
26.48,19.238,0.706,1
26.343,19.265,0.704,1
26.179,19.272,0.702,1
26.062,19.313,0.701,1
25.889,19.311,0.699,1
25.798,19.306,0.698,1
25.646,19.318,0.696,1
25.499,19.334,0.695,1
25.364,19.357,0.693,1
25.23,19.38,0.692,1
25.082,19.392,0.69,1
24.95,19.416,0.689,1
24.832,19.387,0.687,1
24.708,19.416,0.686,1
24.575,19.436,0.684,1
24.429,19.446,0.683,1
24.298,19.467,0.681,1
24.174,19.493,0.68,1
24.069,19.47,0.679,1
23.931,19.484,0.677,1
23.811,19.511,0.676,1
23.67,19.52,0.674,1
23.548,19.544,0.673,1
23.419,19.562,0.672,1
23.275,19.566,0.67,1
23.189,19.556,0.669,1
23.066,19.577,0.668,1
22.924,19.581,0.666,1
22.82,19.616,0.665,1
22.69,19.629,0.664,1
22.554,19.636,0.663,1
22.438,19.659,0.662,1
20.48,18.004,0.623,1
20.385,18.033,0.622,1
22.286,19.838,0.662,1
19.977,17.899,0.616,1
22.188,20.001,0.662,1
20.308,18.425,0.625,1
20.228,18.469,0.624,1
20.073,18.386,0.622,1
20.04,18.472,0.622,1
20.05,18.597,0.624,1
20.115,18.776,0.626,1
20.046,18.829,0.626,1
20,18.905,0.626,1
19.212,18.218,0.61,1
18.909,18.044,0.605,1
18.413,17.683,0.596,1
18.464,17.843,0.598,1
18.314,17.811,0.596,1
18.247,17.857,0.596,1
18.318,18.039,0.599,1
18.144,17.925,0.596,1
18.062,17.956,0.595,1
18.037,18.044,0.596,1
17.997,18.117,0.596,1
18.62,18.862,0.611,1
18.435,18.792,0.608,1
17.86,18.322,0.597,1
17.883,18.403,0.598,1
17.916,18.553,0.6,1
17.487,18.224,0.592,1
17.728,18.591,0.598,1
17.671,18.648,0.599,1
17.686,18.782,0.6,1
17.484,18.684,0.597,1
17.472,18.731,0.597,1
11.936,12.97,0.476,1
16.858,18.535,0.589,1
16.891,18.689,0.591,1
16.966,18.89,0.594,1
16.688,18.64,0.588,1
16.532,18.583,0.586,1
16.579,18.754,0.588,1
16.82,19.146,0.595,1
15.965,18.291,0.577,1
15.904,18.337,0.577,1
15.827,18.306,0.576,1
17.22,20.041,0.61,1
17.198,20.143,0.611,1
16.981,20.016,0.607,1
16.917,20.068,0.607,1
16.879,20.151,0.608,1
16.736,20.109,0.606,1
16.65,20.069,0.604,1
17.132,20.781,0.617,1
16.879,20.606,0.613,1
15.839,19.464,0.589,1
15.803,19.545,0.59,1
15.78,19.641,0.591,1
15.81,19.806,0.593,1
15.723,19.761,0.592,1
15.64,19.784,0.591,1
15.631,19.9,0.593,1
15.712,20.133,0.596,1
15.629,20.157,0.596,1
15.596,20.246,0.596,1
15.727,20.549,0.601,1
17.247,22.604,0.64,1
15.465,20.405,0.597,1
15.298,20.317,0.595,1
15.474,20.685,0.601,1
15.182,20.429,0.595,1
15.069,20.411,0.594,1
15.04,20.506,0.595,1
14.819,20.272,0.59,1
15.048,20.721,0.597,1
14.877,20.621,0.595,1
14.827,20.688,0.595,1
14.841,20.846,0.597,1
14.831,20.97,0.598,1
14.981,21.324,0.604,1
15.095,21.557,0.608,1
15.058,21.795,0.611,1
15.059,21.942,0.613,1
15.081,22.123,0.615,1
12.042,17.794,0.535,1
14.951,22.231,0.615,1
15.33,22.872,0.627,1
15.246,22.902,0.626,1
15.434,23.341,0.633,1
15.299,23.296,0.632,1
11.307,17.348,0.523,1
11.32,17.487,0.525,1
11.263,17.519,0.525,1
11.291,17.625,0.526,1
11.289,17.743,0.528,1
12.023,19.025,0.55,1
15.379,24.492,0.648,1
15.479,24.824,0.653,1
15.291,24.695,0.65,1
11.476,18.677,0.541,1
15.248,24.887,0.652,1
15.25,25.066,0.654,1
15.497,25.652,0.664,1
15.576,25.967,0.668,1
15.463,25.962,0.667,1
15.618,26.41,0.674,1
15.524,26.347,0.673,1
15.578,26.628,0.677,1
15.598,26.855,0.68,1
15.645,27.131,0.684,1
15.629,27.501,0.689,1
16.598,29.526,0.723,1
16.796,30.098,0.732,1
16.438,29.675,0.724,1
16.302,29.65,0.722,1
16.191,29.667,0.722,1
16.158,29.831,0.724,1
16.238,30.203,0.729,1
16.043,29.954,0.725,1
15.936,29.98,0.724,1
15.884,30.109,0.726,1
15.897,30.364,0.729,1
15.855,30.517,0.731,1
15.696,30.446,0.729,1
15.565,30.426,0.728,1
15.591,30.594,0.73,1
15.539,30.73,0.732,1
15.495,30.885,0.733,1
15.414,30.965,0.734,1
15.387,31.155,0.736,1
15.354,31.336,0.739,1
15.38,31.64,0.743,1
7.388,15.29,0.466,1
15.468,32.204,0.751,1
15.452,32.433,0.754,1
15.408,32.602,0.756,1
15.394,32.839,0.759,1
7.204,15.656,0.47,1
7.097,15.617,0.469,1
7.256,16.098,0.476,1
7.2,16.11,0.476,1
7.161,16.158,0.477,1
7.101,16.158,0.476,1
6.794,15.664,0.467,1
6.84,15.903,0.471,1
6.627,15.544,0.465,1
6.511,15.409,0.462,1
6.362,15.189,0.458,1
6.244,15.041,0.455,1
6.196,15.059,0.455,1
6.739,16.446,0.478,1
6.71,16.523,0.479,1
17.096,42.369,0.903,1
16.716,41.806,0.893,1
6.152,15.571,0.462,1
16.444,41.886,0.892,1
5.973,15.402,0.459,1
5.952,15.419,0.459,1
5.899,15.426,0.459,1
5.88,15.523,0.46,1
5.777,15.396,0.458,1
15.644,41.968,0.889,1
15.303,41.45,0.88,1
5.708,15.583,0.46,1
10.263,28.233,0.665,1
10.224,28.402,0.667,1
10.163,28.513,0.668,1
10.06,28.507,0.668,1
9.982,28.571,0.668,1
9.89,28.596,0.668,1
8.647,25.399,0.616,1
6.66,19.989,0.528,1
6.584,19.97,0.528,1
6.518,19.983,0.527,1
6.456,20.003,0.527,1
6.415,20.094,0.529,1
6.496,20.455,0.534,1
17.531,55.666,1.096,1
8.626,27.736,0.65,1
8.519,27.7,0.649,1
8.402,27.627,0.647,1
8.344,27.751,0.649,1
8.32,27.827,0.65,1
8.261,27.949,0.651,1
8.141,27.867,0.649,1
8.084,27.997,0.651,1
8.108,28.412,0.657,1
8.451,29.967,0.681,1
7.701,27.648,0.644,1
7.707,27.835,0.647,1
7.598,27.782,0.646,1
6.603,24.768,0.598,1
6.556,24.904,0.599,1
7.175,27.597,0.641,1
7.144,27.832,0.645,1
7.113,27.896,0.646,1
7.007,27.846,0.645,1
6.918,27.86,0.644,1
6.771,27.639,0.641,1
6.636,27.462,0.637,1
5.998,25.18,0.601,1
7.522,31.992,0.708,1
5.872,25.177,0.601,1
5.78,25.137,0.6,1
5.695,25.13,0.6,1
5.625,25.186,0.6,1
5.521,25.093,0.599,1
6.16,28.404,0.65,1
7.717,36.1,0.769,1
5.342,25.219,0.6,1
5.265,25.248,0.6,1
5.164,25.16,0.598,1
5.072,25.114,0.597,1
5.015,25.237,0.599,1
5.094,26.057,0.612,1
7.162,37.518,0.789,1
6.264,38.343,0.799,1
6.146,38.374,0.799,1
5.974,38.069,0.794,1
5.918,38.499,0.8,1
9.812,65.079,1.209,1
9.85,70.571,1.292,1
5.835,42.861,0.866,1
5.586,43.05,0.868,1
5.27,42.181,0.854,1
5.167,42.435,0.858,1
5.19,43.768,0.878,1
5.056,43.812,0.879,1
5.202,-35.381,0.752,1
5.14,-34.206,0.734,1
5.826,-36.076,0.764,1
5.953,-36.139,0.765,1
5.968,-35.534,0.756,1
6.078,-35.503,0.756,1
6.209,-35.596,0.757,1
6.315,-35.545,0.757,1
6.396,-35.675,0.759,1
6.519,-35.717,0.76,1
6.654,-35.817,0.762,1
6.75,-35.709,0.761,1
6.864,-35.7,0.761,1
7.31,-37.389,0.787,1
7.379,-37.433,0.788,1
7.508,-37.464,0.789,1
7.262,-35.647,0.761,1
7.342,-35.474,0.759,1
7.56,-34.863,0.75,1
7.631,-34.928,0.752,1
8.102,-36.538,0.777,1
8.242,-36.625,0.779,1
8.411,-36.835,0.782,1
5.379,-22.848,0.565,1
5.435,-22.767,0.564,1
5.465,-22.735,0.563,1
5.537,-22.718,0.563,1
5.598,-22.658,0.563,1
5.716,-22.83,0.566,1
9.287,-36.67,0.783,1
9.373,-36.526,0.781,1
9.601,-36.932,0.788,1
9.636,-36.828,0.787,1
9.801,-36.987,0.79,1
9.987,-37.217,0.794,1
10.216,-37.596,0.8,1
10.219,-37.145,0.794,1
10.299,-36.982,0.792,1
10.318,-36.825,0.789,1
7.139,-25.145,0.605,1
7.189,-25.022,0.604,1
7.255,-24.954,0.603,1
7.334,-24.933,0.603,1
7.415,-24.921,0.603,1
7.479,-24.848,0.602,1
11.526,-38.127,0.814,1
11.632,-38.047,0.813,1
5.054,-13.791,0.431,1
5.314,-14.435,0.442,1
8.577,-23.121,0.583,1
8.642,-23.074,0.583,1
8.71,-23.035,0.582,1
5.406,-14.133,0.438,1
5.47,-14.167,0.439,1
5.475,-14.049,0.437,1
5.511,-14.076,0.438,1
5.621,-14.226,0.44,1
5.658,-14.188,0.44,1
5.718,-14.081,0.439,1
5.953,-14.53,0.447,1
28.074,-68.474,1.334,1
28.25,-68.293,1.332,1
28.426,-68.11,1.33,1
28.632,-68.001,1.33,1
28.797,-67.797,1.328,1
28.899,-67.449,1.324,1
29.219,-67.607,1.328,1
29.407,-67.75,1.331,1
23.31,-53.231,1.092,1
23.463,-53.126,1.091,1
23.656,-53.111,1.092,1
11.36,-25.047,0.626,1
11.411,-24.951,0.625,1
11.427,-24.882,0.624,1
11.514,-24.864,0.625,1
11.603,-24.851,0.625,1
11.724,-24.907,0.626,1
25.012,-52.774,1.096,1
31.473,-65.886,1.318,1
22.197,-46.076,0.986,1
22.236,-45.973,0.985,1
21.24,-43.56,0.945,1
21.337,-43.412,0.944,1
21.457,-43.313,0.943,1
21.612,-43.283,0.944,1
21.813,-43.345,0.946,1
35.338,-69.438,1.393,1
35.276,-68.78,1.384,1
31.52,-60.977,1.252,1
31.729,-60.913,1.253,1
12.273,-22.908,0.603,1
12.339,-22.859,0.603,1
12.373,-22.75,0.602,1
26.324,-48.101,1.042,1
26.63,-48.3,1.047,1
26.799,-48.248,1.047,1
26.933,-48.309,1.049,1
31.598,-56.269,1.189,1
31.773,-56.168,1.189,1
14.301,-25.068,0.647,1
14.352,-24.974,0.646,1
14.413,-24.9,0.645,1
14.634,-25.1,0.65,1
27.844,-47.63,1.047,1
28.014,-47.577,1.048,1
28.216,-47.578,1.049,1
28.955,-48.478,1.067,1
28.74,-47.775,1.056,1
28.372,-46.829,1.041,1
10.384,-17.046,0.511,1
10.442,-17.022,0.511,1
28.876,-46.828,1.045,1
20.937,-33.701,0.811,1
20.983,-33.54,0.81,1
21.07,-33.445,0.809,1
21.194,-33.408,0.81,1
10.958,-17.19,0.518,1
30.247,-47.206,1.061,1
30.298,-46.96,1.058,1
28.23,-43.451,0.996,1
28.432,-43.462,0.998,1
30.415,-46.179,1.049,1
30.45,-45.918,1.046,1
30.397,-45.682,1.042,1
30.444,-45.442,1.04,1
30.476,-45.182,1.037,1
30.512,-44.93,1.034,1
30.542,-44.671,1.031,1
30.578,-44.423,1.028,1
30.62,-44.187,1.026,1
30.578,-43.978,1.023,1
30.609,-43.729,1.02,1
30.715,-43.589,1.019,1
30.922,-43.59,1.021,1
31.133,-43.597,1.023,1
31.356,-43.619,1.025,1
31.576,-43.635,1.027,1
31.684,-43.641,1.028,1
31.721,-43.404,1.026,1
31.836,-43.275,1.025,1
31.91,-43.091,1.023,1
31.949,-42.862,1.021,1
31.986,-42.63,1.018,1
31.953,-42.447,1.016,1
31.985,-42.213,1.013,1
32.025,-41.991,1.011,1
32.039,-41.736,1.008,1
30.997,-40.116,0.979,1
31.04,-39.912,0.977,1
31.093,-39.722,0.975,1
31.145,-39.66,0.975,1
31.177,-39.445,0.973,1
31.21,-39.232,0.97,1
31.238,-39.015,0.968,1
21.149,-26.232,0.72,1
21.189,-26.113,0.719,1
21.262,-26.035,0.719,1
21.322,-26.025,0.72,1
21.43,-25.99,0.72,1
31.276,-37.707,0.953,1
31.447,-37.672,0.954,1
31.542,-37.545,0.954,1
31.538,-37.303,0.951,1
31.555,-37.204,0.95,1
15.523,-18.05,0.57,1
15.552,-17.969,0.569,1
15.601,-17.911,0.569,1
15.671,-17.879,0.569,1
14.467,-16.398,0.54,1
14.44,-16.315,0.539,1
14.466,-16.241,0.539,1
14.497,-16.173,0.538,1
14.536,-16.114,0.538,1
14.593,-16.076,0.538,1
14.678,-16.068,0.539,1
14.945,-16.258,0.544,1
33.012,-35.845,0.949,1
33.059,-35.671,0.948,1
33.081,-35.47,0.946,1
32.78,-34.927,0.936,1
10.643,-11.243,0.443,1
10.688,-11.22,0.443,1
10.788,-11.29,0.445,1
10.894,-11.33,0.447,1
10.902,-11.267,0.446,1
10.924,-11.218,0.446,1
11.026,-11.252,0.447,1
11.27,-11.43,0.452,1
31.849,-32.167,0.896,1
11.167,-11.219,0.449,1
31.851,-31.866,0.893,1
31.881,-31.697,0.892,1
31.901,-31.518,0.89,1
31.926,-31.344,0.888,1
31.951,-31.173,0.887,1
31.98,-31.005,0.885,1
31.962,-30.891,0.884,1
11.43,-10.955,0.449,1
11.475,-10.928,0.449,1
11.597,-10.976,0.451,1
11.61,-10.919,0.45,1
11.609,-10.85,0.449,1
11.825,-10.982,0.453,1
11.821,-10.945,0.453,1
11.776,-10.834,0.451,1
12.123,-11.084,0.458,1
31.664,-28.824,0.859,1
12.137,-10.958,0.456,1
12.112,-10.866,0.455,1
12.169,-10.848,0.456,1
12.229,-10.867,0.457,1
12.263,-10.829,0.457,1
12.293,-10.786,0.456,1
18.985,-16.572,0.591,1
12.577,-10.898,0.461,1
12.61,-10.857,0.461,1
12.619,-10.831,0.461,1
12.36,-10.54,0.455,1
19.301,-16.374,0.593,1
12.414,-10.452,0.455,1
12.428,-10.397,0.454,1
12.378,-10.289,0.453,1
12.427,-10.264,0.453,1
12.499,-10.29,0.454,1
22.118,-18.12,0.643,1
12.576,-10.222,0.454,1
12.642,-10.21,0.455,1
12.713,-10.201,0.456,1
32.496,-25.961,0.84,1
32.467,-25.854,0.839,1
32.513,-25.724,0.838,1
13.27,-10.412,0.464,1
13.275,-10.348,0.464,1
13.282,-10.287,0.463,1
13.335,-10.261,0.464,1
13.483,-10.308,0.466,1
13.474,-10.267,0.465,1
13.482,-10.207,0.465,1
13.541,-10.185,0.465,1
13.586,-10.152,0.466,1
13.666,-10.145,0.467,1
13.694,-10.1,0.467,1
25.178,-18.474,0.683,1
25.113,-18.366,0.681,1
25.059,-18.206,0.679,1
20.365,-14.691,0.59,1
20.303,-14.55,0.588,1
20.323,-14.468,0.587,1
20.342,-14.386,0.587,1
20.376,-14.314,0.587,1
20.408,-14.288,0.587,1
20.469,-14.236,0.587,1
20.767,-14.347,0.592,1
20.707,-14.209,0.59,1
34.361,-23.441,0.84,1
34.37,-23.289,0.839,1
34.382,-23.139,0.838,1
23.876,-16.005,0.645,1
23.946,-15.943,0.645,1
24.013,-15.879,0.646,1
23.948,-15.728,0.644,1
24.223,-15.8,0.648,1
29.071,-18.839,0.735,1
29.187,-18.849,0.736,1
24.812,-15.909,0.656,1
24.943,-15.882,0.658,1
32.975,-20.861,0.801,1
23.814,-14.952,0.635,1
23.833,-14.86,0.635,1
23.836,-14.758,0.634,1
23.855,-14.718,0.634,1
23.922,-14.656,0.634,1
24.057,-14.635,0.636,1
31.023,-18.748,0.759,1
31.272,-18.765,0.762,1
30.753,-18.322,0.752,1
30.752,-18.191,0.751,1
32.202,-18.981,0.776,1
32.477,-19.006,0.78,1
32.73,-19.017,0.784,1
32.971,-19.019,0.787,1
33.194,-19.009,0.79,1
33.226,-18.889,0.789,1
33.243,-18.829,0.789,1
33.421,-18.792,0.791,1
33.542,-18.722,0.792,1
33.566,-18.597,0.791,1
33.559,-18.456,0.79,1
33.607,-18.344,0.79,1
33.636,-18.223,0.79,1
33.617,-18.145,0.789,1
33.639,-18.02,0.788,1
33.647,-17.889,0.787,1
33.396,-17.621,0.782,1
33.384,-17.48,0.781,1
30.072,-15.623,0.723,1
29.97,-15.45,0.721,1
29.996,-15.404,0.721,1
29.965,-15.27,0.719,1
29.983,-15.16,0.719,1
30.059,-15.08,0.719,1
30.124,-14.995,0.72,1
30.04,-14.835,0.717,1
30.238,-14.874,0.72,1
30.13,-14.703,0.718,1
30.456,-14.745,0.722,1
30.605,-14.698,0.724,1
35.109,-16.73,0.799,1
35.131,-16.605,0.799,1
35.181,-16.494,0.799,1
35.17,-16.422,0.798,1
29.722,-13.759,0.706,1
29.683,-13.628,0.705,1
29.667,-13.508,0.704,1
29.671,-13.398,0.703,1
29.576,-13.243,0.701,1
29.607,-13.145,0.7,1
29.596,-13.085,0.7,1
29.599,-12.975,0.699,1
29.636,-12.88,0.699,1
29.711,-12.802,0.7,1
29.81,-12.734,0.701,1
30.246,-12.808,0.707,1
30.85,-12.951,0.717,1
30.027,-12.549,0.703,1
29.967,-12.413,0.701,1
30.117,-12.365,0.703,1
30.202,-12.289,0.704,1
27.891,-11.245,0.665,1
33.976,-13.456,0.764,1
27.88,-10.986,0.664,1
27.957,-10.915,0.664,1
28.293,-10.945,0.669,1
33.84,-12.974,0.759,1
27.905,-10.593,0.662,1
27.946,-10.508,0.662,1
27.989,-10.474,0.662,1
28.351,-10.509,0.668,1
28.372,-10.314,0.667,1
33.96,-12.23,0.757,1
28.242,-10.066,0.664,1
28.028,-9.891,0.66,1
27.814,-9.766,0.656,1
27.907,-9.7,0.657,1
27.971,-9.624,0.658,1
27.681,-9.427,0.653,1
28.237,-9.518,0.661,1
28.172,-9.397,0.659,1
28.779,-9.5,0.669,1
29.088,-9.552,0.673,1
29.162,-9.474,0.674,1
28.99,-9.318,0.671,1
28.849,-9.172,0.668,1
29.669,-9.331,0.681,1
29.855,-9.287,0.683,1
29.752,-9.152,0.681,1
30.065,-9.197,0.686,1
31.295,-9.467,0.705,1
30.024,-8.979,0.684,1
29.857,-8.826,0.681,1
31.654,-9.251,0.709,1
31.56,-9.116,0.707,1
33.449,-9.55,0.737,1
33.376,-9.472,0.735,1
31.584,-8.855,0.707,1
33.124,-9.176,0.731,1
33.251,-9.099,0.732,1
31.518,-8.517,0.704,1
31.575,-8.426,0.705,1
31.322,-8.305,0.701,1
30.647,-8.023,0.69,1
31.867,-8.236,0.708,1
32.127,-8.196,0.712,1
32.057,-8.071,0.711,1
41.371,-10.286,0.856,1
30.201,-7.401,0.681,1
44.021,-10.726,0.897,1
30.721,-7.375,0.688,1
31.775,-7.524,0.704,1
31.425,-7.336,0.699,1
30.337,-6.981,0.681,1
31.714,-7.194,0.702,1
31.895,-7.183,0.705,1
31.64,-7.021,0.701,1
32.122,-6.917,0.708,1
59.779,-12.698,1.137,1
59.734,-12.493,1.136,1
30.374,-6.24,0.679,1
48.87,-9.976,0.966,1
48.854,-9.813,0.966,1
39.518,-7.803,0.82,1
38.871,-7.548,0.81,1
38.682,-7.385,0.807,1
39.533,-7.42,0.82,1
59.501,-10.987,1.128,1
59.667,-10.921,1.13,1
37.795,-6.786,0.792,1
64.093,-11.317,1.198,1
57.786,-10.014,1.1,1
57.88,-9.843,1.101,1
58.064,-9.687,1.103,1
38.862,-6.349,0.807,1
38.923,-6.297,0.808,1
39.174,-6.211,0.811,1
39.422,-6.124,0.815,1
38.61,-5.749,0.802,1
38.629,-5.628,0.802,1
38.569,-5.557,0.8,1
38.61,-5.439,0.801,1
56.57,-7.8,1.076,1
56.592,-7.622,1.076,1
35.654,-4.678,0.755,1
35.657,-4.565,0.755,1
48.75,-6.017,0.955,1
48.82,-5.87,0.956,1
67.978,-7.968,1.249,1
58.733,-6.694,1.107,1
59.467,-6.588,1.118,1
59.426,-6.395,1.117,1
58.356,-6.094,1.1,1
58.94,-6.062,1.109,1
61.54,-6.135,1.149,1
59.226,-5.715,1.113,1
59.126,-5.518,1.111,1
58.838,-5.305,1.106,1
59.524,-5.178,1.117,1
59.676,-4.72,1.118,1
59.665,-4.53,1.118,1
59.585,-4.336,1.117,1
57.117,-3.975,1.079,1
57.201,-3.8,1.08,1
57.494,-3.729,1.084,1
57.735,-3.563,1.088,1
58.105,-3.403,1.093,1
58,-3.214,1.091,1
58.048,-3.033,1.092,1
57.702,-2.833,1.087,1
57.722,-2.653,1.087,1
59.444,-2.639,1.113,1
78.999,10.222,1.012,1
79.003,10.349,1.012,1
78.966,10.597,1.012,1
67.379,15.382,0.906,1
62.468,14.569,0.855,1
62.356,14.75,0.855,1
62.212,14.922,0.854,1
44.493,10.961,0.67,1
44.408,11.088,0.67,1
62.095,15.722,0.854,1
62.239,15.863,0.856,1
55.701,14.38,0.788,1
55.522,14.52,0.787,1
53.727,14.23,0.769,1
53.299,14.296,0.765,1
53.262,14.466,0.765,1
53.087,14.507,0.763,1
52.971,14.655,0.763,1
52.879,14.808,0.762,1
53.011,15.025,0.764,1
52.937,15.184,0.764,1
52.9,15.354,0.764,1
52.903,15.535,0.764,1
50.906,15.208,0.744,1
49.595,15.156,0.731,1
46.915,14.497,0.703,1
47.709,15.072,0.713,1
45.172,14.817,0.688,1
45.203,14.985,0.688,1
44.884,15.036,0.686,1
42.757,14.546,0.664,1
42.567,14.631,0.662,1
42.143,14.633,0.658,1
42.673,14.968,0.664,1
42.038,14.893,0.658,1
41.785,14.952,0.656,1
39.269,14.119,0.629,1
40.904,14.854,0.647,1
40.608,14.89,0.644,1
39.98,14.802,0.638,1
39.895,14.914,0.638,1
39.86,15.043,0.638,1
40.746,16.04,0.65,1
40.735,16.184,0.65,1
49.452,19.833,0.746,1
46.433,19.731,0.717,1
46.314,19.766,0.716,1
40.748,17.539,0.655,1
15.836,6.858,0.382,1
15.717,6.865,0.381,1
15.579,6.863,0.379,1
15.42,6.85,0.378,1
15.243,6.829,0.376,1
15.134,6.809,0.375,1
14.998,6.804,0.374,1
14.828,6.782,0.372,1
14.71,6.784,0.371,1
14.678,6.826,0.371,1
14.625,6.857,0.37,1
14.597,6.9,0.37,1
14.588,6.923,0.37,1
14.562,6.967,0.37,1
14.567,7.026,0.371,1
14.558,7.078,0.371,1
14.546,7.129,0.371,1
14.543,7.185,0.371,1
14.546,7.243,0.371,1
14.534,7.266,0.371,1
14.536,7.324,0.372,1
14.531,7.379,0.372,1
14.519,7.43,0.372,1
14.515,7.485,0.372,1
14.523,7.548,0.373,1
14.508,7.568,0.373,1
14.517,7.632,0.373,1
14.507,7.685,0.373,1
14.504,7.742,0.373,1
14.494,7.795,0.374,1
14.491,7.852,0.374,1
14.496,7.914,0.374,1
14.499,7.945,0.374,1
14.497,8.003,0.375,1
14.484,8.056,0.375,1
14.479,8.113,0.375,1
14.475,8.17,0.375,1
14.463,8.223,0.375,1
14.459,8.282,0.376,1
14.472,8.319,0.376,1
14.462,8.374,0.376,1
14.47,8.439,0.377,1
14.481,8.507,0.377,1
14.463,8.558,0.377,1
14.45,8.611,0.377,1
14.472,8.656,0.378,1
14.462,8.711,0.378,1
14.467,8.777,0.378,1
14.463,8.837,0.379,1
14.371,8.842,0.378,1
24.778,15.375,0.502,1
24.643,15.399,0.501,1
24.565,15.403,0.5,1
24.459,15.444,0.5,1
24.344,15.479,0.499,1
24.353,15.592,0.499,1
16.277,10.484,0.403,1
16.2,10.506,0.402,1
16.152,10.547,0.402,1
16.127,10.567,0.402,1
16.036,10.579,0.401,1
24.366,16.201,0.503,1
28.422,19.033,0.553,1
28.281,19.067,0.552,1
28.095,19.07,0.55,1
23.332,15.886,0.492,1
23.277,15.955,0.492,1
27.642,19.081,0.547,1
22.835,15.864,0.488,1
22.81,15.953,0.489,1
27.213,19.166,0.544,1
27.063,19.187,0.542,1
26.944,19.167,0.541,1
26.791,19.185,0.54,1
26.681,19.233,0.54,1
26.51,19.237,0.538,1
24.214,17.684,0.51,1
24.271,17.843,0.512,1
24.066,17.809,0.51,1
23.99,17.811,0.509,1
23.765,17.76,0.507,1
23.767,17.878,0.508,1
23.645,17.903,0.507,1
25.395,19.356,0.53,1
23.674,18.16,0.509,1
25.125,19.401,0.528,1
25.003,19.37,0.527,1
24.87,19.392,0.526,1
24.725,19.404,0.525,1
24.603,19.433,0.524,1
24.447,19.435,0.523,1
24.331,19.467,0.522,1
24.19,19.48,0.521,1
24.08,19.454,0.52,1
23.962,19.482,0.519,1
23.84,19.508,0.519,1
23.684,19.505,0.517,1
23.558,19.526,0.516,1
23.449,19.56,0.516,1
23.35,19.539,0.515,1
23.226,19.56,0.514,1
23.089,19.569,0.513,1
22.974,19.596,0.512,1
22.857,19.62,0.512,1
22.733,19.638,0.511,1
20.189,17.547,0.478,1
20.515,17.888,0.482,1
20.184,17.711,0.479,1
20.053,17.708,0.478,1
19.914,17.696,0.476,1
20.088,17.964,0.48,1
20.486,18.437,0.486,1
19.665,17.753,0.475,1
20.684,18.793,0.49,1
20.61,18.845,0.489,1
20.22,18.604,0.485,1
20.073,18.586,0.484,1
20.031,18.664,0.484,1
20.058,18.808,0.485,1
19.864,18.684,0.483,1
19.303,18.27,0.476,1
19.198,18.285,0.475,1
18.64,17.865,0.468,1
18.463,17.807,0.466,1
18.308,17.768,0.465,1
18.371,17.942,0.467,1
18.305,17.934,0.466,1
18.205,17.948,0.466,1
18.121,17.979,0.465,1
18.134,18.105,0.466,1
18.107,18.191,0.467,1
17.964,18.161,0.465,1
17.873,18.183,0.465,1
17.896,18.264,0.466,1
17.623,18.098,0.463,1
17.621,18.211,0.463,1
17.711,18.419,0.465,1
17.551,18.368,0.464,1
17.508,18.439,0.464,1
17.754,18.817,0.469,1
17.347,18.442,0.463,1
17.219,18.422,0.462,1
17.368,18.699,0.465,1
11.857,12.916,0.384,1
11.891,13.034,0.386,1
17.147,18.932,0.465,1
16.992,18.821,0.463,1
16.996,18.944,0.464,1
16.612,18.633,0.459,1
16.584,18.719,0.46,1
17.074,19.397,0.468,1
16.555,18.926,0.461,1
15.978,18.323,0.453,1
15.907,18.358,0.453,1
15.883,18.447,0.453,1
16.542,19.336,0.464,1
16.634,19.568,0.467,1
16.75,19.831,0.47,1
16.2,19.301,0.462,1
16.234,19.403,0.463,1
16.221,19.513,0.464,1
16.408,19.865,0.468,1
16.426,20.015,0.469,1
16.409,20.122,0.47,1
16.456,20.311,0.471,1
16.45,20.434,0.472,1
16.507,20.571,0.474,1
21.733,27.272,0.56,1
15.537,19.612,0.46,1
15.776,20.043,0.465,1
15.517,19.842,0.462,1
15.523,19.979,0.463,1
15.485,20.059,0.463,1
15.501,20.145,0.464,1
17.205,22.511,0.494,1
15.247,20.075,0.462,1
15.147,20.073,0.461,1
15.293,20.401,0.465,1
15.286,20.526,0.466,1
15.002,20.343,0.463,1
14.779,20.172,0.46,1
15.195,20.879,0.468,1
15.132,20.93,0.468,1
15.509,21.595,0.476,1
14.878,20.853,0.466,1
14.833,20.859,0.466,1
14.819,20.979,0.467,1
14.798,21.089,0.468,1
14.743,21.152,0.468,1
14.687,21.215,0.468,1
14.65,21.303,0.469,1
14.556,21.31,0.468,1
14.98,22.006,0.476,1
14.499,21.443,0.469,1
14.392,21.428,0.468,1
15.056,22.572,0.481,1
15.547,23.47,0.492,1
15.105,22.957,0.485,1
15.008,22.968,0.484,1
16.08,24.697,0.505,1
12.198,18.853,0.434,1
12.108,18.842,0.434,1
12.05,18.882,0.434,1
11.252,17.751,0.42,1
11.144,17.703,0.419,1
15.22,24.366,0.498,1
15.243,24.488,0.499,1
15.346,24.829,0.502,1
15.476,25.216,0.506,1
15.792,25.914,0.514,1
15.526,25.659,0.51,1
15.4,25.632,0.509,1
15.385,25.699,0.51,1
15.369,25.856,0.511,1
15.561,26.367,0.517,1
15.512,26.475,0.517,1
15.493,26.634,0.519,1
19.94,34.544,0.61,1
15.704,27.392,0.526,1
15.672,27.436,0.527,1
15.68,27.652,0.528,1
16.685,29.645,0.551,1
16.696,29.884,0.553,1
16.683,30.082,0.555,1
16.359,29.717,0.55,1
16.206,29.66,0.549,1
16.084,29.546,0.547,1
16.085,29.771,0.549,1
15.944,29.733,0.548,1
15.903,29.882,0.549,1
15.896,30.096,0.551,1
15.886,30.307,0.553,1
15.73,30.24,0.552,1
15.677,30.254,0.552,1
15.6,30.339,0.552,1
15.534,30.446,0.553,1
15.49,30.597,0.554,1
15.489,30.835,0.556,1
15.455,31.01,0.557,1
15.529,31.405,0.561,1
15.496,31.463,0.562,1
15.497,31.717,0.564,1
15.61,32.204,0.569,1
15.463,32.158,0.568,1
7.253,15.299,0.378,1
7.208,15.327,0.378,1
7.166,15.3,0.378,1
7.104,15.292,0.378,1
7.048,15.298,0.377,1
7.003,15.327,0.378,1
16.128,35.676,0.603,1
15.997,35.684,0.602,1
15.895,35.758,0.603,1
15.854,35.816,0.603,1
6.789,15.7,0.38,1
6.731,15.701,0.38,1
6.628,15.732,0.38,1
6.646,15.844,0.381,1
6.271,15.081,0.372,1
6.216,15.08,0.372,1
6.741,16.508,0.387,1
16.525,40.938,0.653,1
16.544,41.36,0.657,1
16.449,41.499,0.658,1
16.374,41.5,0.658,1
16.479,42.155,0.665,1
5.945,15.305,0.373,1
15.546,40.515,0.646,1
16.446,43.272,0.675,1
10.655,28.276,0.513,1
5.857,15.583,0.375,1
16.07,43.302,0.674,1
15.622,42.502,0.665,1
15.421,42.364,0.663,1
15.372,42.648,0.665,1
10.21,28.584,0.514,1
10.141,28.674,0.515,1
10.103,28.711,0.515,1
10.011,28.735,0.515,1
9.933,28.804,0.515,1
9.814,28.752,0.514,1
9.756,28.877,0.515,1
6.617,19.973,0.42,1
6.572,19.944,0.419,1
6.508,19.961,0.419,1
6.451,19.996,0.42,1
6.395,20.039,0.42,1
6.376,20.2,0.421,1
8.359,26.801,0.491,1
17.081,55.475,0.794,1
8.771,28.602,0.51,1
8.669,28.591,0.509,1
9.145,30.509,0.529,1
8.984,30.317,0.527,1
16.299,55.724,0.794,1
8.681,29.985,0.523,1
8.092,28.277,0.504,1
8.382,29.47,0.517,1
8.236,29.305,0.515,1
6.807,24.804,0.467,1
7.851,28.98,0.511,1
7.535,28.162,0.502,1
7.443,28.17,0.502,1
7.705,29.356,0.514,1
7.298,28.16,0.501,1
7.09,27.714,0.496,1
7.067,27.988,0.499,1
6.94,27.857,0.497,1
6.855,27.886,0.497,1
6.008,24.937,0.466,1
5.917,24.903,0.466,1
5.858,25.002,0.467,1
6.521,28.246,0.5,1
6.416,28.196,0.499,1
6.355,28.337,0.501,1
5.547,25.093,0.467,1
5.476,24.953,0.465,1
7.715,35.747,0.577,1
8.942,42.093,0.642,1
9.318,44.56,0.667,1
8.635,41.942,0.64,1
9.076,44.806,0.669,1
8.704,44.775,0.668,1
7.132,37.29,0.591,1
6.88,37.907,0.597,1
6.586,37.985,0.597,1
6.537,38.416,0.601,1
10.387,64.842,0.871,1
5.876,37.753,0.593,1
5.785,37.952,0.595,1
5.92,42.429,0.64,1
5.817,42.671,0.642,1
5.73,42.53,0.641,1
5.215,-34.084,0.556,1
5.969,-35.628,0.572,1
6.072,-35.561,0.572,1
6.198,-35.621,0.573,1
6.257,-35.627,0.573,1
6.373,-35.631,0.573,1
6.495,-35.67,0.574,1
6.603,-35.623,0.573,1
6.703,-35.544,0.573,1
7.117,-35.583,0.574,1
7.232,-35.575,0.574,1
7.249,-35.095,0.569,1
7.326,-34.918,0.568,1
7.423,-34.832,0.567,1
7.486,-34.861,0.568,1
7.62,-34.949,0.569,1
8.092,-36.557,0.586,1
8.187,-36.44,0.585,1
8.721,-38.252,0.604,1
8.403,-36.335,0.584,1
5.357,-22.88,0.445,1
5.375,-22.794,0.444,1
5.444,-22.767,0.444,1
5.514,-22.744,0.444,1
5.656,-23.014,0.447,1
9.072,-36.355,0.586,1
9.214,-36.435,0.587,1
11.323,-44.167,0.668,1
9.548,-37.021,0.594,1
9.624,-36.836,0.592,1
9.713,-36.705,0.591,1
9.858,-36.784,0.592,1
10,-36.849,0.593,1
10.157,-36.968,0.595,1
10.219,-36.743,0.593,1
10.388,-37.124,0.597,1
7.109,-25.133,0.471,1
7.17,-25.049,0.471,1
7.228,-24.953,0.47,1
7.31,-24.942,0.47,1
7.393,-24.936,0.47,1
7.394,-24.798,0.469,1
7.548,-25.025,0.471,1
11.578,-37.907,0.608,1
5.027,-13.962,0.357,1
5.011,-13.783,0.355,1
5.352,-14.644,0.365,1
5.335,-14.458,0.363,1
8.617,-23.083,0.456,1
5.451,-14.49,0.364,1
5.498,-14.476,0.364,1
5.486,-14.312,0.362,1
5.548,-14.404,0.363,1
5.499,-14.146,0.361,1
5.541,-14.123,0.361,1
5.596,-14.132,0.361,1
5.8,-14.511,0.365,1
5.644,-13.996,0.36,1
5.712,-14.036,0.36,1
25.328,-61.179,0.876,1
29.397,-69.757,0.972,1
23.327,-53.252,0.795,1
23.468,-53.118,0.794,1
23.679,-53.144,0.795,1
11.331,-25.04,0.485,1
11.386,-24.954,0.484,1
11.403,-24.887,0.484,1
11.477,-24.842,0.484,1
11.581,-24.862,0.484,1
11.687,-24.885,0.485,1
24.995,-52.72,0.797,1
22.106,-46.072,0.724,1
22.239,-45.978,0.723,1
21.249,-43.585,0.697,1
21.344,-43.432,0.696,1
21.46,-43.324,0.696,1
21.617,-43.299,0.696,1
21.817,-43.358,0.698,1
31.518,-60.934,0.9,1
31.737,-60.888,0.901,1
12.244,-22.908,0.47,1
12.316,-22.869,0.47,1
12.413,-22.876,0.47,1
26.278,-48.008,0.76,1
27.043,-49.039,0.773,1
26.68,-48.024,0.762,1
26.766,-48.001,0.763,1
27.662,-49.242,0.778,1
14.275,-25.067,0.499,1
14.324,-24.97,0.498,1
14.395,-24.913,0.498,1
14.452,-24.921,0.498,1
28.103,-47.719,0.767,1
27.959,-47.137,0.761,1
28.172,-47.157,0.762,1
28.334,-47.092,0.763,1
28.447,-46.945,0.762,1
28.513,-46.888,0.762,1
28.71,-46.878,0.763,1
27.921,-45.272,0.745,1
27.89,-44.905,0.741,1
20.98,-33.557,0.607,1
21.055,-33.442,0.607,1
21.114,-33.419,0.607,1
21.268,-33.43,0.608,1
30.241,-47.186,0.774,1
30.376,-47.071,0.773,1
30.746,-47.317,0.777,1
28.358,-43.347,0.731,1
28.658,-43.358,0.732,1
30.372,-45.637,0.761,1
30.417,-45.395,0.759,1
30.44,-45.122,0.757,1
30.482,-44.88,0.755,1
30.524,-44.639,0.754,1
30.563,-44.396,0.752,1
30.511,-44.172,0.75,1
30.564,-43.953,0.748,1
30.599,-43.709,0.746,1
30.714,-43.582,0.746,1
30.928,-43.595,0.747,1
31.149,-43.614,0.749,1
31.358,-43.617,0.75,1
31.526,-43.705,0.752,1
31.664,-43.608,0.752,1
31.69,-43.356,0.75,1
31.83,-43.261,0.75,1
31.895,-43.066,0.749,1
31.925,-42.825,0.747,1
31.971,-42.606,0.745,1
31.934,-42.419,0.744,1
31.97,-42.191,0.742,1
31.996,-41.95,0.74,1
32.028,-41.719,0.739,1
30.983,-40.098,0.719,1
31.024,-39.892,0.718,1
31.024,-39.763,0.717,1
31.109,-39.615,0.716,1
31.146,-39.407,0.715,1
31.178,-39.193,0.713,1
31.198,-38.967,0.712,1
30.706,-38.108,0.702,1
21.196,-26.149,0.547,1
21.203,-26.074,0.547,1
21.281,-26.002,0.547,1
21.414,-25.999,0.548,1
31.294,-37.733,0.703,1
31.421,-37.644,0.703,1
31.536,-37.542,0.703,1
31.477,-37.233,0.7,1
31.482,-37.121,0.699,1
15.506,-18.073,0.448,1
15.517,-17.971,0.447,1
15.568,-17.916,0.447,1
15.628,-17.871,0.447,1
14.435,-16.458,0.428,1
14.447,-16.367,0.428,1
14.473,-16.293,0.427,1
14.504,-16.225,0.427,1
14.553,-16.178,0.427,1
14.601,-16.13,0.427,1
14.703,-16.14,0.428,1
14.66,-16.041,0.427,1
32.989,-35.824,0.699,1
33.03,-35.642,0.698,1
33.055,-35.446,0.697,1
32.756,-34.905,0.691,1
32.779,-34.71,0.69,1
10.653,-11.236,0.364,1
10.682,-11.231,0.364,1
21.295,-22.211,0.518,1
10.912,-11.329,0.366,1
21.479,-22.123,0.519,1
21.619,-22.128,0.52,1
31.798,-32.325,0.665,1
31.815,-32.14,0.664,1
31.789,-32.014,0.663,1
31.829,-31.853,0.662,1
31.854,-31.678,0.661,1
31.858,-31.484,0.66,1
31.908,-31.336,0.659,1
31.922,-31.153,0.658,1
31.93,-30.966,0.657,1
31.917,-30.856,0.656,1
11.426,-11.001,0.368,1
11.412,-10.918,0.367,1
18.398,-17.47,0.464,1
11.524,-10.887,0.367,1
11.571,-10.863,0.368,1
11.584,-10.841,0.368,1
11.603,-10.791,0.367,1
11.697,-10.81,0.368,1
11.678,-10.724,0.367,1
11.664,-10.645,0.367,1
12.39,-11.163,0.376,1
12.309,-11.055,0.374,1
12.359,-11.03,0.375,1
12.405,-11.002,0.375,1
12.542,-11.053,0.376,1
12.437,-10.891,0.374,1
12.468,-10.849,0.374,1
12.431,-10.748,0.373,1
12.627,-10.883,0.376,1
19.237,-16.458,0.463,1
12.693,-10.802,0.376,1
12.611,-10.664,0.374,1
12.494,-10.498,0.372,1
12.505,-10.441,0.372,1
12.417,-10.335,0.371,1
12.433,-10.282,0.37,1
12.497,-10.269,0.371,1
12.467,-10.179,0.37,1
12.558,-10.188,0.371,1
12.603,-10.158,0.371,1
12.635,-10.119,0.371,1
32.438,-25.843,0.626,1
32.461,-25.695,0.626,1
32.493,-25.555,0.625,1
32.511,-25.405,0.624,1
32.536,-25.26,0.623,1
32.567,-25.121,0.623,1
32.575,-24.963,0.622,1
24.945,-19.062,0.524,1
25.092,-19.05,0.526,1
13.468,-10.107,0.377,1
25.245,-18.794,0.525,1
25.322,-18.727,0.525,1
25.366,-18.698,0.526,1
25.387,-18.591,0.525,1
25.193,-18.328,0.522,1
20.349,-14.713,0.461,1
20.312,-14.589,0.46,1
20.332,-14.507,0.46,1
20.346,-14.421,0.459,1
20.354,-14.379,0.459,1
20.416,-14.326,0.459,1
20.487,-14.28,0.46,1
20.775,-14.384,0.463,1
25.447,-17.494,0.519,1
34.34,-23.438,0.627,1
34.35,-23.287,0.627,1
34.326,-23.192,0.626,1
34.013,-22.825,0.621,1
28.745,-19.165,0.556,1
28.787,-19.062,0.556,1
23.915,-15.733,0.497,1
28.863,-18.852,0.556,1
28.924,-18.763,0.556,1
28.711,-18.561,0.553,1
28.939,-18.58,0.555,1
28.96,-18.465,0.554,1
23.827,-14.988,0.492,1
23.816,-14.877,0.491,1
23.829,-14.781,0.491,1
23.86,-14.749,0.491,1
23.913,-14.678,0.491,1
24.009,-14.633,0.491,1
30.94,-18.716,0.573,1
31.12,-18.691,0.574,1
31.308,-18.67,0.576,1
33.339,-19.809,0.599,1
32.578,-19.219,0.589,1
32.6,-19.094,0.589,1
32.72,-19.027,0.59,1
32.969,-19.033,0.592,1
33.164,-19.006,0.593,1
33.209,-18.894,0.593,1
33.223,-18.833,0.593,1
33.363,-18.774,0.594,1
34.33,-19.175,0.605,1
34.663,-19.219,0.608,1
34.742,-19.12,0.608,1
35.148,-19.2,0.612,1
35.529,-19.335,0.616,1
35.506,-19.178,0.615,1
35.529,-19.047,0.615,1
33.713,-17.938,0.593,1
33.385,-17.63,0.589,1
33.36,-17.483,0.588,1
30.032,-15.622,0.549,1
29.954,-15.522,0.548,1
29.879,-15.364,0.547,1
29.878,-15.245,0.546,1
29.856,-15.116,0.545,1
29.941,-15.041,0.546,1
30.049,-14.977,0.546,1
29.957,-14.814,0.545,1
29.991,-14.773,0.545,1
30.126,-14.721,0.546,1
30.437,-14.755,0.549,1
30.587,-14.709,0.55,1
35.066,-16.723,0.6,1
35.092,-16.6,0.599,1
35.129,-16.483,0.599,1
35.121,-16.412,0.599,1
35.058,-16.249,0.598,1
34.685,-15.944,0.593,1
29.622,-13.508,0.536,1
29.684,-13.424,0.536,1
29.569,-13.261,0.535,1
29.519,-13.127,0.534,1
29.596,-13.106,0.534,1
29.645,-13.016,0.534,1
29.66,-12.912,0.534,1
29.755,-12.842,0.535,1
29.786,-12.745,0.535,1
29.909,-12.686,0.536,1
30.303,-12.797,0.54,1
30.192,-12.638,0.538,1
30.814,-12.784,0.544,1
27.177,-11.179,0.504,1
27.229,-11.1,0.504,1
30.792,-12.436,0.543,1
27.213,-10.895,0.503,1
27.293,-10.877,0.504,1
27.398,-10.819,0.505,1
27.465,-10.746,0.505,1
27.258,-10.567,0.503,1
27.317,-10.491,0.503,1
27.227,-10.358,0.502,1
27.261,-10.274,0.502,1
28.159,-10.561,0.511,1
28.342,-10.528,0.513,1
28.259,-10.396,0.512,1
28.297,-10.309,0.512,1
28.041,-10.117,0.508,1
27.828,-9.941,0.506,1
27.928,-9.928,0.507,1
27.782,-9.778,0.505,1
27.73,-9.661,0.504,1
27.747,-9.57,0.504,1
27.828,-9.5,0.504,1
27.982,-9.455,0.506,1
27.61,-9.232,0.501,1
28.473,-9.471,0.51,1
28.383,-9.342,0.509,1
28.146,-9.166,0.506,1
28.61,-9.218,0.511,1
28.809,-9.182,0.513,1
28.99,-9.139,0.514,1
29.118,-9.079,0.515,1
29.711,-9.212,0.522,1
28.552,-8.756,0.509,1
29.95,-9.08,0.523,1
29.929,-8.971,0.523,1
30.208,-8.951,0.526,1
31.839,-9.324,0.542,1
30.843,-8.981,0.532,1
30.081,-8.657,0.524,1
33.035,-9.393,0.554,1
32.748,-9.2,0.551,1
31.478,-8.738,0.537,1
31.108,-8.53,0.533,1
31.127,-8.43,0.533,1
30.74,-8.274,0.529,1
30.505,-8.109,0.526,1
30.631,-8.039,0.527,1
30.784,-7.976,0.529,1
30.987,-7.924,0.53,1
30.628,-7.73,0.526,1
31.18,-7.765,0.532,1
30.602,-7.571,0.526,1
31.063,-7.581,0.53,1
30.729,-7.397,0.527,1
31.536,-7.486,0.535,1
31.283,-7.323,0.532,1
30.006,-6.926,0.518,1
31.254,-7.109,0.531,1
31.148,-7.034,0.53,1
31.352,-6.976,0.532,1
30.26,-6.634,0.52,1
31.148,-6.726,0.529,1
31.484,-6.695,0.532,1
30.403,-6.366,0.521,1
49.177,-10.12,0.715,1
48.844,-9.971,0.711,1
48.854,-9.814,0.711,1
59.286,-11.71,0.818,1
59.567,-11.571,0.82,1
59.531,-11.37,0.82,1
59.767,-11.221,0.822,1
59.446,-11.064,0.818,1
59.656,-10.909,0.82,1
59.804,-10.742,0.821,1
58.155,-9.882,0.803,1
58.289,-9.716,0.804,1
64.25,-10.603,0.865,1
38.904,-6.305,0.605,1
38.963,-6.189,0.606,1
39.133,-6.09,0.607,1
38.474,-5.864,0.6,1
38.393,-5.729,0.599,1
38.088,-5.561,0.596,1
38.499,-5.559,0.6,1
38.552,-5.443,0.601,1
56.872,-7.835,0.787,1
35.623,-4.69,0.57,1
35.623,-4.576,0.57,1
48.815,-6.105,0.704,1
48.749,-6.019,0.704,1
48.834,-5.874,0.704,1
62.362,-7.295,0.842,1
62.408,-7.102,0.842,1
62.374,-6.9,0.841,1
62.257,-6.689,0.84,1
58.687,-6.12,0.803,1
59.06,-6.065,0.807,1
58.994,-5.871,0.806,1
55.734,-5.018,0.773,1
55.781,-4.846,0.773,1
55.629,-4.745,0.771,1
59.877,-4.726,0.814,1
59.973,-4.544,0.815,1
59.911,-4.35,0.814,1
59.849,-4.157,0.813,1
57.451,-3.81,0.789,1
57.509,-3.723,0.79,1
57.735,-3.374,0.792,1
58.378,-3.227,0.798,1
58.072,-3.027,0.795,1
57.912,-2.836,0.793,1
58.443,-2.77,0.798,1
78.843,8.493,0.457,1
78.812,8.74,0.457,1
78.816,8.866,0.457,1
78.823,9.118,0.457,1
78.156,16.995,0.459,1
77.942,17.206,0.458,1
65.639,14.71,0.419,1
65.762,14.955,0.419,1
65.894,15.203,0.42,1
66.041,15.346,0.421,1
65.021,15.325,0.417,1
64.405,15.393,0.416,1
44.428,10.923,0.351,1
44.417,11.068,0.351,1
61.489,15.517,0.407,1
61.542,15.633,0.407,1
55.285,14.231,0.387,1
55.294,14.419,0.387,1
54.03,14.272,0.383,1
55.766,14.917,0.389,1
53.626,14.526,0.382,1
55.492,15.218,0.388,1
53.266,14.699,0.381,1
52.927,14.784,0.38,1
52.911,14.959,0.38,1
51.427,14.715,0.375,1
48.768,14.121,0.367,1
48.262,14.14,0.365,1
47.669,14.129,0.364,1
47.126,14.049,0.362,1
46.867,14.132,0.361,1
46.874,14.295,0.361,1
46.735,14.413,0.361,1
46.817,14.6,0.361,1
47.643,15.021,0.364,1
47.324,15.003,0.363,1
43.854,14.056,0.352,1
46.262,14.987,0.36,1
43.662,14.298,0.352,1
45.162,14.946,0.357,1
44.833,14.993,0.356,1
40.506,13.69,0.342,1
40.492,13.757,0.342,1
42.449,14.569,0.348,1
42.792,14.837,0.35,1
42.553,14.904,0.349,1
42.143,14.91,0.348,1
41.678,14.893,0.346,1
40.773,14.787,0.344,1
39.938,14.769,0.341,1
39.848,14.878,0.341,1
39.734,14.978,0.341,1
51.42,19.56,0.38,1
73.668,28.144,0.455,1
20.099,7.844,0.275,1
19.91,7.843,0.274,1
19.735,7.845,0.274,1
19.536,7.838,0.273,1
15.57,6.309,0.26,1
15.367,6.255,0.259,1
15.206,6.246,0.259,1
15.067,6.244,0.258,1
14.956,6.254,0.258,1
14.876,6.275,0.258,1
14.788,6.293,0.257,1
14.695,6.308,0.257,1
14.642,6.313,0.257,1
14.582,6.341,0.257,1
14.531,6.374,0.257,1
14.522,6.424,0.257,1
14.492,6.466,0.257,1
14.488,6.518,0.257,1
14.49,6.574,0.257,1
14.481,6.597,0.257,1
14.48,6.652,0.257,1
14.481,6.708,0.257,1
14.422,6.735,0.257,1
14.47,6.813,0.257,1
14.472,6.869,0.257,1
14.47,6.896,0.257,1
14.448,6.942,0.257,1
14.459,7.003,0.257,1
14.451,7.055,0.257,1
14.459,7.115,0.258,1
14.446,7.165,0.258,1
14.438,7.218,0.258,1
14.432,7.243,0.258,1
14.436,7.302,0.258,1
14.42,7.351,0.258,1
14.416,7.406,0.258,1
14.416,7.463,0.258,1
14.408,7.517,0.258,1
14.399,7.57,0.258,1
14.419,7.609,0.258,1
14.397,7.655,0.258,1
14.395,7.713,0.258,1
14.398,7.772,0.258,1
14.385,7.824,0.258,1
14.391,7.885,0.259,1
14.394,7.916,0.259,1
14.386,7.971,0.259,1
14.384,8.029,0.259,1
14.388,8.091,0.259,1
14.377,8.144,0.259,1
14.37,8.2,0.259,1
14.376,8.263,0.259,1
14.382,8.296,0.259,1
14.378,8.355,0.259,1
14.378,8.415,0.259,1
14.365,8.468,0.259,1
14.373,8.534,0.259,1
14.37,8.593,0.26,1
14.36,8.648,0.26,1
14.369,8.684,0.26,1
14.369,8.746,0.26,1
14.374,8.811,0.26,1
14.371,8.872,0.26,1
14.372,8.935,0.26,1
14.366,8.994,0.26,1
14.393,9.042,0.26,1
24.172,15.27,0.297,1
24.19,15.388,0.297,1
16.242,10.414,0.268,1
16.16,10.433,0.267,1
16.11,10.473,0.267,1
16.092,10.533,0.267,1
16.079,10.561,0.267,1
24.187,15.98,0.298,1
28.494,18.948,0.315,1
28.345,18.978,0.314,1
28.197,19.007,0.314,1
28.043,19.032,0.314,1
23.249,15.891,0.296,1
23.031,15.795,0.295,1
22.85,15.777,0.294,1
22.818,15.861,0.294,1
27.292,19.092,0.312,1
27.142,19.114,0.311,1
24.32,17.245,0.301,1
24.2,17.274,0.301,1
24.173,17.312,0.301,1
24.021,17.318,0.3,1
23.983,17.405,0.3,1
23.975,17.515,0.3,1
23.923,17.592,0.3,1
23.63,17.492,0.299,1
23.533,17.535,0.299,1
23.526,17.587,0.299,1
23.503,17.685,0.3,1
23.543,17.831,0.3,1
23.436,17.866,0.3,1
23.502,18.033,0.3,1
23.494,18.145,0.3,1
24.932,19.316,0.306,1
24.802,19.34,0.306,1
24.665,19.359,0.306,1
24.534,19.381,0.305,1
24.399,19.399,0.305,1
24.271,19.422,0.305,1
24.135,19.438,0.304,1
24.031,19.417,0.304,1
23.902,19.437,0.304,1
23.76,19.446,0.304,1
23.637,19.47,0.303,1
23.509,19.489,0.303,1
23.391,19.516,0.303,1
23.285,19.489,0.303,1
23.112,19.468,0.302,1
20.646,17.506,0.292,1
20.313,17.334,0.291,1
20.342,17.469,0.291,1
20.096,17.368,0.291,1
20.183,17.554,0.291,1
20.555,17.934,0.293,1
20.197,17.734,0.292,1
20.1,17.761,0.291,1
19.967,17.755,0.291,1
19.999,17.897,0.291,1
19.966,17.981,0.292,1
20.181,18.289,0.293,1
20.367,18.515,0.294,1
19.691,18.016,0.291,1
19.828,18.255,0.292,1
20.642,19.123,0.296,1
20.748,19.342,0.296,1
18.769,17.611,0.288,1
18.744,17.699,0.288,1
18.739,17.75,0.288,1
18.814,17.933,0.289,1
18.75,17.985,0.289,1
18.538,17.894,0.288,1
18.466,17.937,0.288,1
18.421,18.006,0.288,1
18.154,17.858,0.287,1
18.069,17.83,0.287,1
18.182,18.054,0.288,1
17.982,17.969,0.287,1
17.756,17.855,0.286,1
17.731,17.942,0.286,1
17.722,18.046,0.287,1
17.832,18.272,0.287,1
17.771,18.267,0.287,1
18.003,18.621,0.288,1
17.795,18.522,0.288,1
17.738,18.58,0.288,1
17.732,18.69,0.288,1
17.599,18.667,0.288,1
17.568,18.694,0.288,1
17.276,18.499,0.287,1
17.231,18.568,0.287,1
11.901,12.917,0.262,1
11.86,12.954,0.262,1
16.761,18.407,0.285,1
17.073,18.867,0.287,1
16.873,18.706,0.286,1
16.793,18.735,0.286,1
16.771,18.829,0.286,1
16.786,18.966,0.287,1
16.734,19.027,0.287,1
15.952,18.255,0.283,1
15.898,18.308,0.283,1
15.872,18.336,0.283,1
16.532,19.219,0.287,1
16.334,19.11,0.286,1
16.512,19.441,0.287,1
15.978,18.934,0.285,1
15.997,19.078,0.285,1
16.009,19.214,0.286,1
16.158,19.454,0.287,1
16.236,19.673,0.287,1
16.39,19.987,0.288,1
14.834,18.21,0.281,1
16.11,19.9,0.288,1
15.845,19.699,0.286,1
16.084,20.06,0.288,1
14.889,18.692,0.282,1
15.705,19.842,0.287,1
15.547,19.77,0.286,1
15.651,20.032,0.287,1
15.509,19.978,0.287,1
15.328,19.875,0.286,1
15.267,19.859,0.286,1
15.001,19.642,0.285,1
14.841,19.56,0.284,1
14.887,19.749,0.285,1
14.806,19.77,0.285,1
14.9,20.026,0.285,1
14.662,19.837,0.285,1
14.7,19.953,0.285,1
14.841,20.276,0.286,1
14.586,20.061,0.285,1
14.958,20.708,0.287,1
15.486,21.58,0.291,1
14.829,20.803,0.287,1
14.837,20.954,0.288,1
14.82,20.998,0.288,1
14.808,21.122,0.288,1
14.711,21.126,0.288,1
14.552,21.037,0.287,1
14.635,21.3,0.288,1
14.757,21.621,0.289,1
14.366,21.193,0.288,1
15.126,22.386,0.292,1
15.102,22.503,0.292,1
15.002,22.508,0.292,1
15.033,22.708,0.293,1
15.048,22.885,0.293,1
15.144,23.19,0.294,1
12.121,18.762,0.277,1
12.042,18.768,0.277,1
11.983,18.806,0.277,1
11.983,18.938,0.277,1
15.179,24.142,0.297,1
15.297,24.587,0.298,1
15.338,24.825,0.299,1
15.248,24.855,0.299,1
15.222,24.988,0.299,1
15.473,25.579,0.301,1
15.388,25.619,0.301,1
15.324,25.695,0.301,1
15.478,26.045,0.302,1
15.431,26.154,0.303,1
15.365,26.23,0.303,1
15.619,26.855,0.305,1
15.683,27.161,0.306,1
15.673,27.341,0.306,1
15.423,27.102,0.305,1
15.511,27.356,0.306,1
15.421,27.398,0.306,1
16.513,29.55,0.314,1
16.473,29.698,0.314,1
16.276,29.561,0.313,1
16.156,29.563,0.313,1
16.188,29.844,0.314,1
16.114,29.82,0.314,1
16.06,29.944,0.314,1
15.876,29.825,0.313,1
15.806,29.921,0.313,1
15.749,30.041,0.314,1
15.739,30.252,0.314,1
15.632,30.278,0.314,1
15.534,30.205,0.314,1
15.526,30.423,0.314,1
15.523,30.655,0.315,1
15.486,30.821,0.316,1
15.742,31.577,0.318,1
15.714,31.769,0.319,1
15.608,31.806,0.318,1
15.541,31.796,0.318,1
15.515,31.996,0.319,1
15.409,32.034,0.319,1
15.41,32.295,0.32,1
7.187,15.217,0.26,1
15.373,32.744,0.321,1
15.316,32.892,0.321,1
16.293,35.129,0.329,1
16.169,35.151,0.329,1
15.964,34.994,0.328,1
16.202,35.813,0.331,1
16.356,36.456,0.333,1
16.245,36.515,0.333,1
16.333,37.025,0.334,1
6.794,15.637,0.261,1
6.76,15.693,0.261,1
6.631,15.666,0.26,1
6.568,15.653,0.26,1
6.56,15.704,0.26,1
16.296,39.253,0.341,1
16.704,40.595,0.345,1
16.605,40.717,0.345,1
16.485,40.788,0.345,1
16.413,40.98,0.346,1
16.261,40.974,0.346,1
16.245,41.121,0.346,1
16.148,41.253,0.346,1
16.042,41.365,0.347,1
18.882,49.132,0.373,1
10.747,28.261,0.302,1
10.648,28.268,0.302,1
10.68,28.624,0.303,1
10.577,28.485,0.303,1
5.749,15.666,0.259,1
5.724,15.751,0.26,1
10.35,28.698,0.303,1
10.287,28.806,0.303,1
10.253,28.998,0.304,1
10.226,29.213,0.304,1
10.154,29.154,0.304,1
9.736,28.242,0.301,1
16.805,49.19,0.371,1
9.556,28.295,0.301,1
6.643,19.9,0.273,1
6.564,19.873,0.273,1
6.499,19.886,0.273,1
6.465,19.887,0.273,1
6.421,19.964,0.273,1
6.36,19.988,0.273,1
8.967,28.458,0.301,1
17.402,55.75,0.391,1
17.286,55.998,0.392,1
17.003,55.702,0.39,1
9.151,30.189,0.306,1
9.054,30.212,0.306,1
8.359,28.219,0.3,1
8.289,28.309,0.3,1
8.181,28.271,0.3,1
8.608,30.092,0.305,1
8.497,30.061,0.305,1
7.735,27.54,0.297,1
8.055,29.024,0.302,1
8.014,29.233,0.302,1
8.552,31.574,0.31,1
8.411,31.446,0.309,1
8.755,33.144,0.315,1
8.657,33.195,0.315,1
7.293,28.162,0.299,1
7.156,27.993,0.298,1
7.01,27.787,0.297,1
6.927,27.828,0.297,1
6.837,27.838,0.297,1
6.69,27.616,0.296,1
6.549,27.41,0.296,1
7.627,32.124,0.311,1
6.471,27.658,0.296,1
6.408,27.782,0.297,1
6.285,27.648,0.296,1
6.006,27.21,0.295,1
5.949,27.153,0.294,1
5.851,27.113,0.294,1
5.765,27.131,0.294,1
5.66,27.055,0.294,1
9.344,45.285,0.353,1
9.207,45.344,0.353,1
5.369,26.925,0.293,1
10.032,50.61,0.369,1
8.725,44.771,0.351,1
7.173,37.455,0.327,1
7.206,38.277,0.33,1
6.664,38.018,0.328,1
6.946,41.53,0.34,1
6.183,38.465,0.33,1
11.36,71.97,0.436,1
5.968,38.279,0.329,1
5.706,38.171,0.328,1
5.425,37.923,0.328,1
5.303,37.914,0.327,1
5.178,37.889,0.327,1
5.066,37.515,0.326,1
5.389,42.92,0.343,1
5.295,52.022,0.372,1
5.014,-35.004,0.318,1
5.142,-35.109,0.319,1
5.121,-34.212,0.316,1
5.205,-34.044,0.315,1
5.311,-34.023,0.315,1
5.359,-33.975,0.315,1
5.486,-34.089,0.316,1
5.896,-35.925,0.322,1
5.962,-35.622,0.321,1
6.069,-35.577,0.321,1
6.175,-35.523,0.32,1
6.263,-35.698,0.321,1
6.369,-35.647,0.321,1
6.383,-35.081,0.319,1
6.515,-35.181,0.32,1
6.611,-35.086,0.319,1
6.776,-35.35,0.32,1
6.771,-34.731,0.318,1
6.859,-34.891,0.319,1
6.992,-34.985,0.319,1
7.506,-36.963,0.326,1
7.21,-34.935,0.319,1
7.306,-34.847,0.319,1
7.414,-34.817,0.319,1
7.529,-34.82,0.319,1
7.68,-35.252,0.321,1
7.831,-35.41,0.321,1
8.385,-37.362,0.328,1
8.519,-37.409,0.328,1
8.395,-36.336,0.324,1
5.357,-22.815,0.281,1
5.415,-22.741,0.28,1
5.442,-22.696,0.28,1
5.518,-22.698,0.28,1
5.663,-22.984,0.281,1
9.427,-37.814,0.33,1
9.133,-36.149,0.324,1
9.274,-36.225,0.325,1
11.41,-44.303,0.351,1
9.582,-36.242,0.325,1
9.771,-36.494,0.326,1
9.964,-36.752,0.327,1
10.566,-38.498,0.333,1
10.232,-36.824,0.327,1
7.486,-24.925,0.289,1
11.393,-37.766,0.331,1
11.894,-38.985,0.335,1
12.126,-39.303,0.336,1
12.303,-39.439,0.337,1
5.034,-13.9,0.253,1
5.216,-14.262,0.255,1
5.254,-14.298,0.255,1
5.221,-14.07,0.254,1
5.308,-14.168,0.254,1
5.335,-14.106,0.254,1
5.402,-14.147,0.255,1
5.458,-14.16,0.255,1
5.542,-14.247,0.255,1
5.679,-14.531,0.256,1
5.744,-14.563,0.256,1
5.527,-13.883,0.254,1
5.695,-14.176,0.255,1
27.505,-68.111,0.438,1
24.946,-61.213,0.415,1
25.058,-60.938,0.415,1
25.103,-60.777,0.414,1
25.27,-60.64,0.414,1
25.456,-60.552,0.414,1
29.374,-69.27,0.444,1
29.538,-69.053,0.444,1
29.802,-69.07,0.444,1
30.591,-70.594,0.449,1
23.266,-53.215,0.39,1
23.402,-53.071,0.39,1
23.586,-53.037,0.39,1
11.306,-24.966,0.293,1
11.343,-24.84,0.293,1
11.371,-24.798,0.293,1
11.449,-24.762,0.293,1
11.538,-24.75,0.293,1
11.769,-25.041,0.294,1
31.228,-66.004,0.437,1
31.435,-65.906,0.437,1
22.119,-45.984,0.368,1
22.162,-45.888,0.367,1
21.213,-43.569,0.36,1
21.292,-43.386,0.359,1
21.423,-43.308,0.359,1
21.565,-43.251,0.359,1
21.759,-43.299,0.36,1
35.059,-68.456,0.449,1
31.452,-60.934,0.423,1
31.634,-60.816,0.423,1
12.181,-22.942,0.289,1
12.232,-22.863,0.289,1
12.437,-23.073,0.289,1
12.404,-22.838,0.289,1
26.276,-48.08,0.38,1
26.418,-47.981,0.379,1
26.624,-47.998,0.38,1
26.662,-47.889,0.38,1
31.515,-56.2,0.41,1
14.171,-25.056,0.298,1
14.209,-24.94,0.297,1
14.274,-24.872,0.297,1
14.349,-24.822,0.297,1
14.38,-24.786,0.297,1
27.41,-46.95,0.378,1
27.554,-46.858,0.378,1
28.536,-48.183,0.383,1
28.108,-47.12,0.38,1
28.32,-47.138,0.38,1
28.788,-47.58,0.382,1
28.882,-47.565,0.382,1
29.453,-48.165,0.385,1
27.78,-45.107,0.374,1
29.302,-47.248,0.382,1
20.948,-33.527,0.331,1
21.012,-33.395,0.331,1
21.121,-33.336,0.331,1
21.187,-33.324,0.331,1
30.136,-47.092,0.383,1
30.234,-46.92,0.383,1
30.678,-47.283,0.384,1
28.267,-43.265,0.37,1
28.361,-43.113,0.369,1
28.661,-43.272,0.37,1
30.309,-45.606,0.379,1
30.345,-45.351,0.379,1
30.37,-45.082,0.378,1
30.442,-44.883,0.378,1
30.439,-44.576,0.377,1
30.477,-44.332,0.376,1
30.519,-44.096,0.376,1
30.478,-43.889,0.375,1
30.523,-43.66,0.375,1
30.642,-43.539,0.375,1
30.875,-43.578,0.375,1
31.086,-43.585,0.376,1
31.296,-43.59,0.376,1
31.452,-43.662,0.376,1
31.587,-43.56,0.376,1
31.625,-43.325,0.376,1
31.767,-43.233,0.376,1
31.804,-43,0.375,1
31.844,-42.773,0.375,1
31.891,-42.556,0.374,1
31.85,-42.362,0.374,1
31.874,-42.118,0.373,1
31.924,-41.909,0.373,1
31.953,-41.675,0.372,1
30.913,-40.056,0.366,1
30.942,-39.834,0.366,1
30.974,-39.618,0.365,1
31.037,-39.569,0.365,1
31.072,-39.359,0.365,1
31.097,-39.137,0.364,1
31.135,-38.933,0.364,1
30.615,-38.037,0.361,1
21.162,-26.11,0.313,1
21.168,-26.034,0.313,1
21.252,-25.97,0.313,1
21.348,-25.922,0.313,1
21.471,-25.904,0.313,1
31.37,-37.625,0.361,1
31.425,-37.451,0.361,1
31.428,-37.216,0.36,1
31.405,-37.071,0.36,1
15.453,-17.989,0.282,1
15.49,-17.918,0.281,1
15.526,-17.847,0.281,1
15.599,-17.817,0.281,1
14.438,-16.383,0.276,1
14.429,-16.322,0.275,1
14.466,-16.26,0.275,1
14.506,-16.202,0.275,1
14.547,-16.146,0.275,1
14.624,-16.129,0.275,1
14.728,-16.142,0.276,1
14.848,-16.171,0.276,1
32.902,-35.768,0.36,1
32.942,-35.586,0.36,1
32.971,-35.393,0.359,1
32.663,-34.843,0.357,1
32.734,-34.699,0.357,1
21.243,-22.364,0.304,1
21.262,-22.244,0.304,1
21.265,-22.177,0.304,1
21.339,-22.114,0.304,1
21.395,-22.033,0.304,1
21.578,-22.083,0.304,1
31.725,-32.281,0.349,1
31.742,-32.096,0.349,1
31.728,-31.981,0.349,1
31.752,-31.804,0.348,1
31.772,-31.625,0.348,1
31.795,-31.449,0.348,1
31.825,-31.282,0.347,1
31.845,-31.105,0.347,1
31.878,-30.942,0.347,1
31.846,-30.814,0.346,1
31.875,-30.649,0.346,1
31.903,-30.483,0.346,1
31.968,-30.354,0.346,1
32.095,-30.284,0.346,1
32.224,-30.214,0.346,1
11.727,-10.904,0.257,1
11.696,-10.841,0.257,1
11.842,-10.907,0.258,1
11.88,-10.874,0.258,1
12,-10.915,0.258,1
11.997,-10.843,0.258,1
12.244,-10.997,0.259,1
27.679,-24.826,0.324,1
27.727,-24.712,0.324,1
12.416,-10.978,0.259,1
27.685,-24.364,0.323,1
12.454,-10.872,0.259,1
27.723,-24.09,0.323,1
12.591,-10.853,0.259,1
12.596,-10.823,0.259,1
12.642,-10.794,0.259,1
12.668,-10.748,0.259,1
19.231,-16.229,0.286,1
28.276,-23.726,0.323,1
19.269,-16.055,0.286,1
19.323,-15.997,0.286,1
19.355,-15.973,0.286,1
19.404,-15.911,0.286,1
22.052,-17.971,0.296,1
22.138,-17.926,0.297,1
32.368,-26.057,0.338,1
32.398,-25.914,0.338,1
32.377,-25.813,0.337,1
32.39,-25.658,0.337,1
32.419,-25.515,0.337,1
32.429,-25.359,0.337,1
32.455,-25.215,0.336,1
32.481,-25.071,0.336,1
32.48,-24.908,0.336,1
32.481,-24.828,0.336,1
32.509,-24.688,0.335,1
13.461,-10.137,0.26,1
13.509,-10.107,0.26,1
32.766,-24.4,0.336,1
33.404,-24.712,0.338,1
33.586,-24.684,0.338,1
33.47,-24.518,0.338,1
33.217,-24.172,0.336,1
20.249,-14.626,0.286,1
20.255,-14.533,0.285,1
20.271,-14.449,0.285,1
20.303,-14.376,0.285,1
20.353,-14.315,0.285,1
20.395,-14.297,0.285,1
20.476,-14.258,0.285,1
20.605,-14.252,0.286,1
33.9,-23.311,0.336,1
33.757,-23.056,0.336,1
33.94,-23.026,0.336,1
33.791,-22.77,0.335,1
33.824,-22.715,0.335,1
28.377,-18.923,0.314,1
28.726,-19.026,0.315,1
28.502,-18.748,0.314,1
28.592,-18.679,0.314,1
28.862,-18.727,0.315,1
29.011,-18.759,0.316,1
28.994,-18.619,0.315,1
29.3,-18.686,0.316,1
23.736,-14.923,0.295,1
23.744,-14.824,0.295,1
23.77,-14.736,0.295,1
23.81,-14.709,0.295,1
23.883,-14.651,0.295,1
24.03,-14.638,0.295,1
30.943,-18.724,0.321,1
31.132,-18.705,0.321,1
32.888,-19.622,0.328,1
31.715,-18.853,0.323,1
32.326,-19.08,0.325,1
32.346,-18.955,0.325,1
32.641,-18.99,0.326,1
32.917,-19.013,0.327,1
32.98,-18.911,0.327,1
33.016,-18.795,0.327,1
32.983,-18.707,0.326,1
33.012,-18.587,0.326,1
33.029,-18.46,0.326,1
33.039,-18.33,0.326,1
33.062,-18.207,0.326,1
33.08,-18.081,0.326,1
33.091,-17.953,0.325,1
33.089,-17.884,0.325,1
33.101,-17.757,0.325,1
33.111,-17.628,0.325,1
33.129,-17.504,0.325,1
33.148,-17.382,0.325,1
29.906,-15.559,0.313,1
29.905,-15.439,0.313,1
29.872,-15.363,0.313,1
29.876,-15.246,0.313,1
29.84,-15.11,0.312,1
29.878,-15.011,0.312,1
30.143,-15.026,0.313,1
30.072,-14.873,0.313,1
30.02,-14.73,0.312,1
30.117,-14.719,0.312,1
30.404,-14.741,0.313,1
34.994,-16.835,0.329,1
34.98,-16.694,0.329,1
34.998,-16.567,0.329,1
35.061,-16.462,0.329,1
35.018,-16.375,0.329,1
34.363,-15.937,0.326,1
34.353,-15.801,0.326,1
29.608,-13.502,0.309,1
29.761,-13.459,0.31,1
34.44,-15.45,0.326,1
29.624,-13.174,0.309,1
29.654,-13.131,0.309,1
29.768,-13.07,0.309,1
29.915,-13.023,0.31,1
34.6,-14.938,0.326,1
30.188,-12.917,0.31,1
26.669,-11.309,0.298,1
26.717,-11.23,0.298,1
28.033,-11.733,0.303,1
28.888,-11.985,0.305,1
27.261,-11.208,0.3,1
26.72,-10.887,0.298,1
26.877,-10.853,0.298,1
27.347,-10.943,0.3,1
27.507,-10.958,0.3,1
26.842,-10.594,0.298,1
26.734,-10.454,0.297,1
26.951,-10.442,0.298,1
27.155,-10.424,0.298,1
27.033,-10.279,0.298,1
27.434,-10.333,0.299,1
27.639,-10.361,0.3,1
27.426,-10.183,0.299,1
27.33,-10.05,0.299,1
27.198,-9.904,0.298,1
28.181,-10.163,0.301,1
27.625,-9.864,0.299,1
27.552,-9.74,0.299,1
27.524,-9.682,0.299,1
27.662,-9.633,0.299,1
27.618,-9.52,0.299,1
27.641,-9.431,0.299,1
27.691,-9.351,0.299,1
27.546,-9.205,0.298,1
28.048,-9.325,0.3,1
27.462,-9.034,0.298,1
27.469,-8.94,0.298,1
27.824,-8.96,0.299,1
27.947,-8.903,0.299,1
28.507,-8.983,0.301,1
28.461,-8.87,0.301,1
28.026,-8.686,0.299,1
28.254,-8.66,0.3,1
28.203,-8.547,0.3,1
29.375,-8.803,0.303,1
29.766,-8.819,0.305,1
29.775,-8.719,0.305,1
29.039,-8.404,0.302,1
29.614,-8.521,0.304,1
30.492,-8.671,0.307,1
31.211,-8.664,0.309,1
30.891,-8.47,0.308,1
30.601,-8.287,0.307,1
29.765,-7.96,0.304,1
30.1,-7.999,0.305,1
30.386,-7.973,0.306,1
30.588,-7.924,0.306,1
30.151,-7.709,0.305,1
30.423,-7.677,0.306,1
30.393,-7.568,0.306,1
30.269,-7.436,0.305,1
30.254,-7.382,0.305,1
30.23,-7.276,0.305,1
29.932,-7.104,0.304,1
30.304,-7.092,0.305,1
30.367,-7.007,0.305,1
30.344,-6.901,0.305,1
31.087,-7.019,0.307,1
30.008,-6.676,0.304,1
31.357,-6.874,0.308,1
30.884,-6.668,0.306,1
31.305,-6.656,0.308,1
31.96,-6.691,0.31,1
29.85,-6.15,0.303,1
48.768,-9.984,0.364,1
48.832,-9.838,0.364,1
49.298,-9.771,0.365,1
49.046,-9.561,0.364,1
59.632,-11.436,0.398,1
59.847,-11.282,0.399,1
59.589,-11.04,0.398,1
59.563,-10.938,0.398,1
59.776,-10.783,0.398,1
63.886,-11.319,0.411,1
64.018,-11.135,0.412,1
64.068,-10.937,0.412,1
38.791,-6.298,0.331,1
38.86,-6.184,0.331,1
39.16,-6.106,0.332,1
38.339,-5.731,0.329,1
38.335,-5.607,0.329,1
38.822,-5.554,0.33,1
78.501,-11.133,0.457,1
79.238,-10.73,0.459,1
35.526,-4.683,0.32,1
48.714,-6.12,0.362,1
48.738,-6.045,0.362,1
48.786,-5.895,0.362,1
67.83,-7.991,0.422,1
67.966,-7.79,0.422,1
62.26,-6.54,0.404,1
58.987,-5.914,0.394,1
58.982,-5.726,0.394,1
55.534,-4.774,0.383,1
60.692,-4.261,0.399,1
60.483,-4.055,0.398,1
67.371,-3.989,0.42,1
69.909,7.123,0.098,1
60.134,6.792,0.113,1
60.104,6.98,0.113,1
60.104,7.172,0.113,1
39.778,8.922,0.143,1
39.81,9.061,0.143,1
39.75,9.179,0.143,1
39.788,9.319,0.143,1
39.753,9.377,0.143,1
39.722,9.502,0.143,1
64.874,15.751,0.103,1
39.661,9.751,0.143,1
39.605,9.869,0.143,1
39.582,9.996,0.143,1
39.587,10.129,0.143,1
39.589,10.196,0.143,1
39.554,10.32,0.143,1
39.56,10.454,0.143,1
39.545,10.583,0.143,1
39.513,10.708,0.143,1
39.491,10.835,0.143,1
39.501,10.905,0.143,1
39.582,11.061,0.143,1
39.407,11.146,0.143,1
39.391,11.275,0.143,1
39.418,11.417,0.143,1
39.373,11.538,0.143,1
39.344,11.664,0.143,1
39.349,11.732,0.143,1
39.329,11.861,0.143,1
39.362,12.006,0.143,1
39.389,12.15,0.143,1
39.385,12.284,0.143,1
45.254,14.275,0.133,1
44.889,14.237,0.134,1
44.625,14.308,0.134,1
43.95,14.244,0.135,1
43.74,14.327,0.135,1
43.814,14.504,0.135,1
42.739,14.297,0.137,1
42.809,14.47,0.136,1
40.613,13.797,0.14,1
42.383,14.549,0.137,1
41.156,14.272,0.139,1
41.243,14.447,0.139,1
41.873,14.816,0.138,1
41.879,14.966,0.138,1
39.296,14.181,0.142,1
41.244,14.959,0.138,1
40.828,14.953,0.139,1
21.321,7.948,0.171,1
21.098,7.94,0.172,1
20.888,7.936,0.172,1
20.719,7.946,0.172,1
20.546,7.916,0.172,1
20.341,7.91,0.173,1
20.17,7.917,0.173,1
15.837,6.268,0.18,1
15.586,6.224,0.18,1
15.399,6.206,0.181,1
15.252,6.202,0.181,1
15.131,6.18,0.181,1
15.038,6.197,0.181,1
14.929,6.207,0.181,1
14.855,6.231,0.182,1
14.761,6.246,0.182,1
14.661,6.258,0.182,1
14.64,6.276,0.182,1
14.598,6.313,0.182,1
14.576,6.358,0.182,1
14.58,6.414,0.182,1
14.58,6.469,0.182,1
14.574,6.521,0.182,1
14.565,6.572,0.182,1
14.569,6.601,0.182,1
14.552,6.649,0.182,1
14.54,6.699,0.182,1
14.553,6.76,0.182,1
14.541,6.81,0.182,1
14.536,6.864,0.182,1
14.55,6.926,0.181,1
14.526,6.943,0.182,1
14.526,6.999,0.181,1
14.513,7.049,0.181,1
14.539,7.119,0.181,1
14.495,7.154,0.181,1
14.496,7.211,0.181,1
16.04,8.752,0.178,1
16.016,8.804,0.178,1
14.464,8.097,0.181,1
14.488,8.23,0.181,1
14.486,8.29,0.181,1
14.498,8.326,0.181,1
14.483,8.379,0.181,1
14.483,8.44,0.18,1
14.479,8.498,0.18,1
14.48,8.56,0.18,1
14.473,8.618,0.18,1
14.47,8.678,0.18,1
14.48,8.715,0.18,1
14.482,8.778,0.18,1
14.471,8.834,0.18,1
14.527,8.931,0.18,1
14.437,9.064,0.18,1
14.443,9.099,0.18,1
14.435,9.158,0.18,1
24.145,15.445,0.162,1
16.291,10.483,0.176,1
16.233,10.518,0.176,1
16.183,10.558,0.177,1
16.171,10.623,0.176,1
16.186,10.67,0.176,1
24.096,16.008,0.162,1
24.006,16.057,0.162,1
28.372,19.112,0.153,1
28.207,19.13,0.154,1
28.046,19.15,0.154,1
23.24,15.97,0.163,1
22.967,15.835,0.163,1
22.943,15.925,0.163,1
27.457,19.193,0.155,1
27.309,19.217,0.155,1
27.173,19.25,0.155,1
24.196,17.252,0.16,1
24.031,17.191,0.161,1
23.981,17.27,0.161,1
24.073,17.451,0.16,1
23.803,17.369,0.161,1
23.695,17.405,0.161,1
23.859,17.641,0.16,1
24.081,17.923,0.16,1
23.326,17.417,0.161,1
22.961,17.256,0.162,1
22.889,17.315,0.162,1
22.947,17.473,0.162,1
22.624,17.339,0.162,1
22.578,17.416,0.162,1
25.096,19.426,0.157,1
24.964,19.45,0.157,1
24.828,19.469,0.158,1
24.686,19.483,0.158,1
24.551,19.502,0.158,1
24.415,19.519,0.158,1
24.294,19.548,0.158,1
24.183,19.521,0.158,1
24.055,19.542,0.158,1
23.914,19.553,0.159,1
23.803,19.588,0.159,1
23.689,19.619,0.159,1
20.706,17.254,0.165,1
23.413,19.639,0.159,1
20.761,17.466,0.164,1
20.555,17.403,0.165,1
20.34,17.331,0.165,1
20.424,17.514,0.165,1
20.499,17.69,0.165,1
20.159,17.508,0.165,1
20.137,17.6,0.165,1
19.839,17.394,0.166,1
19.924,17.579,0.165,1
20.09,17.839,0.165,1
20.068,17.932,0.165,1
20.154,18.124,0.164,1
19.98,18.081,0.165,1
20.133,18.335,0.164,1
19.641,17.943,0.165,1
19.596,18.015,0.165,1
19.566,18.101,0.165,1
19.542,18.194,0.165,1
20.814,19.502,0.162,1
20.232,19.076,0.163,1
20.762,19.7,0.162,1
19.063,18.143,0.166,1
18.686,17.895,0.166,1
18.55,17.877,0.167,1
18.572,18.011,0.166,1
18.481,18.035,0.166,1
18.344,18.015,0.167,1
18.31,18.038,0.167,1
18.199,18.042,0.167,1
18.158,18.114,0.167,1
17.923,17.993,0.167,1
17.752,17.932,0.167,1
17.956,18.253,0.167,1
18.155,18.573,0.166,1
18.201,18.679,0.166,1
17.931,18.517,0.167,1
18.025,18.732,0.166,1
17.743,18.555,0.167,1
17.65,18.574,0.167,1
17.589,18.626,0.167,1
17.551,18.703,0.167,1
17.61,18.826,0.167,1
17.434,18.755,0.167,1
11.95,13.006,0.179,1
11.878,13.01,0.179,1
16.8,18.534,0.168,1
16.77,18.677,0.168,1
17.465,19.576,0.166,1
16.745,18.887,0.167,1
17.136,19.451,0.166,1
16.22,18.527,0.168,1
15.984,18.373,0.169,1
15.961,18.406,0.169,1
15.874,18.421,0.169,1
16.177,18.893,0.168,1
16.256,19.107,0.168,1
16.044,18.978,0.168,1
15.852,18.87,0.168,1
16.028,19.203,0.168,1
16.239,19.644,0.167,1
14.977,18.231,0.17,1
14.897,18.25,0.17,1
14.861,18.323,0.17,1
15.048,18.674,0.169,1
14.918,18.632,0.169,1
14.947,18.729,0.169,1
15.583,19.654,0.168,1
15.855,20.128,0.167,1
15.513,19.819,0.167,1
16.171,20.797,0.166,1
15.984,20.69,0.166,1
14.831,19.32,0.169,1
14.944,19.531,0.168,1
14.948,19.664,0.168,1
14.865,19.682,0.168,1
14.791,19.713,0.168,1
14.873,19.953,0.168,1
14.708,19.861,0.168,1
14.669,19.94,0.168,1
14.656,19.987,0.168,1
14.769,20.276,0.168,1
15.312,21.162,0.166,1
14.483,20.147,0.168,1
14.842,20.785,0.167,1
14.744,20.786,0.167,1
14.924,21.11,0.166,1
14.72,20.96,0.167,1
14.784,21.194,0.166,1
15.559,22.457,0.164,1
15.06,21.883,0.165,1
14.796,21.642,0.166,1
14.766,21.745,0.166,1
15.21,22.478,0.164,1
15.079,22.434,0.165,1
15.027,22.51,0.165,1
14.749,22.243,0.165,1
14.679,22.289,0.165,1
14.748,22.55,0.165,1
15.094,23.239,0.164,1
12.23,18.884,0.172,1
12.124,18.85,0.172,1
12.047,18.861,0.172,1
12.032,18.968,0.172,1
11.987,19.03,0.172,1
15.278,24.438,0.162,1
15.143,24.392,0.162,1
15.208,24.583,0.162,1
15.176,24.705,0.162,1
15.004,24.597,0.162,1
15.309,25.276,0.161,1
15.487,25.754,0.16,1
15.45,25.877,0.16,1
15.488,26.127,0.159,1
15.487,26.218,0.159,1
15.516,26.458,0.159,1
15.527,26.668,0.159,1
15.497,26.81,0.158,1
15.637,27.251,0.158,1
15.588,27.364,0.158,1
15.596,27.58,0.157,1
16.602,29.47,0.154,1
16.52,29.541,0.154,1
16.499,29.722,0.154,1
16.388,29.742,0.154,1
16.439,30.059,0.153,1
16.115,29.687,0.154,1
16.05,29.79,0.154,1
16.052,29.905,0.154,1
15.933,29.909,0.154,1
15.847,29.973,0.154,1
15.781,30.078,0.154,1
15.66,30.076,0.154,1
15.518,30.034,0.154,1
15.707,30.637,0.153,1
15.575,30.495,0.153,1
15.714,31.008,0.153,1
15.537,30.9,0.153,1
15.525,31.119,0.153,1
15.655,31.63,0.152,1
15.537,31.64,0.152,1
15.451,31.717,0.152,1
15.438,31.817,0.152,1
15.403,32.001,0.151,1
15.419,32.294,0.151,1
15.52,32.771,0.15,1
15.371,32.722,0.15,1
15.426,33.109,0.15,1
15.43,33.253,0.15,1
16.167,35.135,0.147,1
15.981,35.018,0.147,1
16.567,36.61,0.144,1
17.114,38.141,0.142,1
16.802,37.761,0.142,1
16.309,36.964,0.144,1
16.178,36.823,0.144,1
6.877,15.751,0.18,1
6.818,15.75,0.18,1
6.807,15.862,0.18,1
6.659,15.788,0.18,1
6.596,15.777,0.18,1
6.704,16.107,0.179,1
16.704,40.596,0.138,1
16.552,40.589,0.139,1
16.417,40.625,0.139,1
16.341,40.804,0.138,1
16.192,40.803,0.138,1
16.055,40.831,0.138,1
16.231,41.471,0.137,1
15.88,40.951,0.138,1
15.736,40.962,0.138,1
15.6,40.992,0.139,1
16.297,43.235,0.135,1
10.638,28.468,0.159,1
10.571,28.563,0.159,1
15.526,42.188,0.137,1
10.503,28.795,0.159,1
10.358,28.677,0.159,1
10.46,29.248,0.158,1
9.987,28.2,0.16,1
9.831,28.041,0.16,1
9.699,27.945,0.161,1
9.648,27.938,0.161,1
16.612,48.659,0.127,1
6.717,20.039,0.174,1
6.631,19.989,0.174,1
6.559,19.982,0.174,1
6.491,19.987,0.174,1
6.458,19.993,0.174,1
6.417,20.08,0.174,1
6.386,20.203,0.174,1
9.103,29.156,0.159,1
8.845,28.642,0.16,1
8.778,28.746,0.16,1
8.61,28.517,0.16,1
8.368,27.869,0.161,1
8.246,27.781,0.162,1
8.271,28.19,0.161,1
8.587,29.617,0.159,1
8.267,28.847,0.16,1
8.486,29.972,0.158,1
7.708,27.546,0.162,1
8.034,28.89,0.16,1
7.931,28.869,0.16,1
8.975,33.093,0.153,1
8.901,33.233,0.153,1
8.857,33.491,0.153,1
8.855,33.915,0.152,1
7.375,28.413,0.161,1
7.279,28.407,0.161,1
7.195,28.453,0.161,1
7.049,28.246,0.161,1
6.88,27.942,0.162,1
6.84,28.16,0.162,1
6.662,27.808,0.162,1
6.569,27.61,0.162,1
6.527,27.823,0.162,1
6.482,28.027,0.162,1
6.297,27.618,0.163,1
6.353,28.276,0.162,1
6.307,28.491,0.161,1
5.942,27.661,0.163,1
6.043,28.352,0.162,1
5.814,27.701,0.163,1
5.764,27.897,0.162,1
5.701,28.041,0.162,1
10.003,50.104,0.127,1
8.894,45.279,0.135,1
8.773,45.036,0.135,1
7.217,37.657,0.147,1
7.096,37.666,0.147,1
6.943,37.497,0.147,1
6.796,37.359,0.148,1
10.217,64.919,0.105,1
10.062,65.273,0.104,1
9.94,65.157,0.104,1
5.604,38.276,0.147,1
5.485,38.306,0.147,1
5.188,-34.727,0.152,1
5.236,-34.315,0.153,1
5.327,-34.192,0.153,1
5.375,-34.146,0.153,1
5.491,-34.184,0.153,1
5.89,-35.937,0.15,1
5.999,-35.897,0.15,1
6.044,-35.477,0.151,1
6.156,-35.462,0.151,1
6.279,-35.508,0.151,1
6.288,-35.24,0.151,1
6.47,-35.608,0.15,1
6.588,-35.624,0.15,1
6.651,-35.34,0.151,1
6.811,-35.578,0.15,1
6.911,-35.496,0.15,1
6.95,-35.109,0.151,1
7.305,-36.593,0.149,1
7.103,-35.013,0.151,1
7.331,-35.009,0.151,1
7.433,-34.947,0.151,1
7.54,-34.91,0.151,1
7.613,-34.982,0.151,1
7.923,-35.86,0.15,1
8.048,-35.891,0.149,1
8.152,-35.829,0.15,1
8.298,-35.945,0.149,1
8.448,-36.077,0.149,1
5.438,-22.941,0.17,1
5.459,-22.868,0.17,1
5.523,-22.818,0.17,1
5.597,-22.81,0.17,1
5.678,-22.831,0.17,1
5.797,-22.999,0.17,1
9.169,-35.842,0.149,1
11.577,-44.648,0.135,1
9.928,-38.057,0.146,1
9.561,-36.189,0.148,1
9.723,-36.34,0.148,1
9.811,-36.211,0.148,1
9.933,-36.213,0.148,1
10.971,-39.499,0.143,1
7.471,-24.946,0.166,1
5.003,-14.334,0.183,1
5.029,-13.984,0.183,1
5.09,-14.017,0.183,1
5.136,-14.005,0.183,1
5.238,-14.214,0.183,1
5.267,-14.154,0.183,1
5.587,-14.726,0.182,1
8.872,-23.125,0.168,1
5.599,-14.486,0.182,1
5.58,-14.369,0.183,1
5.597,-14.281,0.183,1
5.677,-14.351,0.183,1
5.705,-14.292,0.183,1
5.839,-14.493,0.182,1
5.85,-14.263,0.183,1
5.868,-14.243,0.183,1
28.425,-68.122,0.092,1
29.904,-70.418,0.088,1
31.087,-72.566,0.084,1
30.553,-70.708,0.087,1
30.686,-70.406,0.087,1
23.505,-53.258,0.116,1
23.656,-53.148,0.116,1
23.83,-53.09,0.116,1
11.419,-25.051,0.164,1
11.457,-24.926,0.164,1
11.484,-24.882,0.164,1
11.556,-24.833,0.164,1
11.655,-24.842,0.164,1
11.696,-24.726,0.164,1
31.528,-66.014,0.093,1
22.247,-46.041,0.127,1
22.365,-45.915,0.127,1
21.425,-43.641,0.131,1
21.498,-43.444,0.131,1
21.626,-43.359,0.131,1
21.781,-43.328,0.131,1
21.978,-43.381,0.131,1
35.396,-68.491,0.087,1
31.708,-60.891,0.1,1
31.918,-60.827,0.1,1
12.292,-23.018,0.166,1
12.346,-22.946,0.166,1
12.382,-22.84,0.166,1
26.221,-47.949,0.122,1
26.301,-47.739,0.122,1
26.46,-47.674,0.122,1
26.989,-48.446,0.121,1
27.47,-48.947,0.12,1
14.289,-25.114,0.162,1
14.327,-24.998,0.162,1
14.386,-24.92,0.162,1
14.454,-24.858,0.162,1
14.562,-24.952,0.162,1
28,-47.588,0.121,1
28.233,-47.641,0.121,1
28.419,-47.612,0.121,1
28.555,-47.5,0.121,1
26.944,-44.506,0.126,1
28.895,-47.39,0.12,1
27.286,-44.595,0.125,1
27.916,-45.304,0.124,1
30.074,-48.461,0.118,1
27.078,-43.334,0.127,1
21.115,-33.568,0.145,1
21.177,-33.432,0.145,1
21.295,-33.385,0.145,1
21.351,-33.359,0.145,1
21.533,-33.411,0.145,1
30.54,-47.04,0.12,1
28.337,-43.353,0.126,1
31.153,-47.33,0.119,1
28.579,-43.129,0.126,1
27.051,-40.686,0.131,1
27.437,-40.987,0.13,1
30.531,-45.295,0.122,1
30.564,-45.039,0.122,1
30.611,-44.804,0.122,1
30.627,-44.526,0.123,1
30.665,-44.284,0.123,1
30.634,-44.091,0.123,1
30.675,-43.855,0.124,1
30.715,-43.62,0.124,1
30.88,-43.564,0.124,1
31.124,-43.616,0.123,1
31.325,-43.608,0.123,1
31.553,-43.635,0.123,1
31.696,-43.688,0.123,1
31.766,-43.496,0.123,1
31.823,-43.288,0.123,1
31.969,-43.202,0.123,1
32.008,-42.972,0.123,1
32.035,-42.727,0.124,1
32.013,-42.558,0.124,1
32.038,-42.314,0.124,1
32.07,-42.081,0.124,1
32.109,-41.86,0.125,1
32.07,-41.537,0.125,1
31.096,-40.017,0.128,1
31.14,-39.815,0.128,1
31.169,-39.724,0.128,1
31.306,-39.641,0.128,1
31.385,-39.485,0.128,1
31.342,-39.178,0.129,1
31.229,-38.787,0.129,1
30.799,-38.008,0.131,1
21.332,-26.17,0.154,1
21.339,-26.094,0.154,1
21.408,-26.012,0.154,1
21.504,-25.961,0.154,1
21.63,-25.947,0.154,1
31.532,-37.567,0.13,1
31.542,-37.339,0.131,1
31.558,-37.121,0.131,1
31.525,-36.965,0.131,1
15.578,-18.055,0.17,1
15.6,-17.967,0.17,1
15.65,-17.91,0.17,1
14.594,-16.599,0.172,1
14.572,-16.47,0.172,1
14.566,-16.411,0.172,1
14.593,-16.338,0.173,1
14.64,-16.288,0.173,1
14.694,-16.245,0.173,1
14.773,-16.229,0.172,1
14.872,-16.235,0.172,1
15.152,-16.488,0.172,1
33.084,-35.729,0.131,1
33.097,-35.519,0.131,1
32.818,-34.779,0.132,1
31.909,-33.605,0.135,1
21.403,-22.412,0.158,1
21.38,-22.318,0.159,1
21.416,-22.215,0.159,1
21.487,-22.149,0.159,1
21.6,-22.125,0.159,1
31.864,-32.418,0.136,1
31.875,-32.226,0.136,1
31.935,-32.084,0.136,1
31.912,-31.961,0.136,1
31.932,-31.781,0.137,1
31.952,-31.602,0.137,1
31.977,-31.429,0.137,1
32.006,-31.26,0.137,1
32.022,-31.08,0.137,1
31.989,-30.95,0.138,1
32.028,-30.794,0.138,1
32.039,-30.612,0.138,1
31.984,-30.368,0.138,1
32.004,-30.196,0.138,1
32.014,-30.016,0.138,1
32.014,-29.828,0.139,1
32.006,-29.726,0.139,1
32.027,-29.559,0.139,1
32.043,-29.388,0.139,1
32.07,-29.228,0.139,1
31.755,-28.759,0.14,1
31.783,-28.603,0.14,1
27.847,-24.907,0.149,1
27.893,-24.87,0.149,1
12.431,-11.033,0.181,1
12.468,-10.996,0.181,1
12.581,-11.025,0.181,1
27.861,-24.22,0.149,1
12.635,-10.933,0.181,1
12.875,-11.105,0.18,1
12.705,-10.889,0.181,1
28.07,-23.866,0.149,1
28.153,-23.784,0.149,1
28.229,-23.696,0.149,1
28.472,-23.748,0.149,1
19.364,-16.059,0.167,1
19.397,-16.035,0.167,1
19.467,-15.99,0.167,1
19.486,-15.904,0.167,1
19.625,-15.914,0.167,1
22.304,-17.967,0.162,1
32.548,-26.036,0.142,1
32.577,-25.891,0.142,1
32.539,-25.778,0.142,1
32.566,-25.634,0.142,1
32.59,-25.487,0.142,1
32.6,-25.33,0.143,1
32.628,-25.187,0.143,1
32.652,-25.044,0.143,1
32.664,-24.89,0.143,1
32.643,-24.793,0.143,1
32.676,-24.656,0.143,1
13.584,-10.202,0.18,1
13.585,-10.137,0.18,1
33.315,-24.649,0.142,1
32.93,-24.205,0.143,1
33.048,-24.132,0.143,1
33.131,-24.113,0.143,1
20.448,-14.797,0.167,1
20.402,-14.666,0.168,1
20.407,-14.573,0.168,1
20.417,-14.483,0.168,1
20.463,-14.419,0.168,1
20.492,-14.391,0.168,1
20.568,-14.349,0.168,1
20.565,-14.251,0.168,1
20.805,-14.32,0.167,1
33.903,-23.16,0.143,1
33.935,-23.025,0.143,1
33.935,-22.87,0.143,1
33.91,-22.776,0.143,1
28.961,-19.325,0.153,1
28.78,-19.074,0.153,1
28.846,-18.987,0.153,1
28.706,-18.767,0.153,1
28.564,-18.546,0.154,1
28.727,-18.588,0.153,1
28.801,-18.507,0.153,1
28.999,-18.506,0.153,1
29.292,-18.563,0.153,1
23.917,-14.953,0.163,1
23.899,-14.838,0.163,1
23.916,-14.796,0.163,1
23.974,-14.728,0.163,1
24.063,-14.679,0.163,1
24.215,-14.667,0.163,1
30.961,-18.612,0.15,1
31.28,-18.67,0.15,1
31.466,-18.647,0.15,1
31.84,-18.801,0.149,1
32.044,-18.786,0.149,1
32.272,-18.783,0.149,1
32.707,-18.899,0.148,1
33.124,-19.001,0.147,1
33.164,-18.886,0.147,1
33.176,-18.755,0.147,1
33.15,-18.671,0.148,1
33.182,-18.553,0.148,1
33.195,-18.423,0.148,1
33.205,-18.293,0.148,1
33.224,-18.167,0.148,1
33.253,-18.047,0.148,1
33.279,-17.927,0.148,1
33.256,-17.847,0.148,1
33.259,-17.714,0.148,1
33.272,-17.587,0.148,1
33.297,-17.467,0.148,1
33.323,-17.348,0.148,1
30.048,-15.526,0.154,1
29.982,-15.432,0.154,1
30.046,-15.346,0.154,1
30.03,-15.219,0.154,1
30.082,-15.126,0.154,1
30.107,-15.021,0.154,1
30.154,-14.926,0.154,1
30.12,-14.792,0.154,1
30.241,-14.792,0.154,1
30.328,-14.717,0.154,1
30.634,-14.746,0.154,1
35.158,-16.784,0.146,1
35.129,-16.635,0.146,1
35.186,-16.527,0.146,1
35.229,-16.412,0.146,1
34.43,-15.844,0.148,1
34.461,-15.727,0.148,1
34.478,-15.604,0.148,1
34.428,-15.451,0.148,1
34.202,-15.221,0.148,1
34.676,-15.367,0.148,1
34.695,-15.245,0.148,1
34.723,-15.127,0.148,1
34.415,-14.865,0.148,1
30.457,-12.932,0.155,1
27.261,-11.477,0.161,1
26.886,-11.27,0.161,1
26.884,-11.17,0.161,1
27.189,-11.196,0.161,1
27.228,-11.112,0.161,1
26.847,-10.859,0.162,1
26.933,-10.796,0.162,1
27.174,-10.793,0.161,1
27.419,-10.84,0.161,1
27.15,-10.635,0.161,1
27.078,-10.51,0.161,1
27.052,-10.402,0.162,1
27.314,-10.404,0.161,1
27.242,-10.279,0.161,1
27.618,-10.371,0.161,1
27.5,-10.228,0.161,1
27.556,-10.151,0.161,1
27.534,-10.044,0.161,1
27.627,-9.98,0.161,1
28.06,-10.036,0.16,1
27.87,-9.87,0.161,1
27.761,-9.783,0.161,1
27.522,-9.601,0.161,1
27.839,-9.614,0.161,1
27.841,-9.517,0.161,1
27.74,-9.385,0.161,1
27.485,-9.203,0.162,1
27.772,-9.202,0.161,1
27.691,-9.127,0.161,1
27.722,-9.04,0.161,1
27.773,-8.961,0.161,1
27.843,-8.887,0.161,1
28.048,-8.855,0.161,1
28.33,-8.846,0.16,1
28.302,-8.74,0.161,1
28.512,-8.756,0.16,1
28.427,-8.632,0.16,1
29.596,-8.884,0.159,1
29.67,-8.805,0.159,1
29.1,-8.537,0.159,1
29.765,-8.63,0.158,1
29.18,-8.362,0.159,1
29.505,-8.404,0.159,1
29.417,-8.28,0.159,1
29.445,-8.188,0.159,1
29.587,-8.127,0.159,1
29.556,-8.019,0.159,1
29.66,-7.947,0.159,1
29.74,-7.919,0.159,1
29.953,-7.874,0.158,1
30.171,-7.83,0.158,1
29.926,-7.667,0.159,1
30.059,-7.6,0.158,1
29.89,-7.458,0.159,1
30.333,-7.467,0.158,1
30.131,-7.367,0.158,1
30.306,-7.309,0.158,1
30.169,-7.176,0.158,1
30.425,-7.135,0.158,1
30.438,-7.037,0.158,1
30.374,-6.922,0.158,1
30.274,-6.8,0.158,1
30.215,-6.737,0.159,1
30.562,-6.713,0.158,1
30.857,-6.676,0.158,1
31.204,-6.648,0.157,1
31.748,-6.66,0.156,1
31.982,-6.604,0.156,1
31.473,-6.396,0.157,1
32.23,-6.497,0.156,1
31.232,-6.194,0.157,1
32.901,-6.416,0.155,1
59.628,-11.413,0.112,1
59.534,-11.201,0.113,1
59.937,-11.082,0.112,1
59.81,-10.864,0.112,1
59.819,-10.769,0.112,1
59.951,-10.598,0.112,1
62.912,-10.917,0.108,1
53.642,-9.139,0.122,1
53.662,-8.969,0.122,1
53.688,-8.8,0.122,1
53.708,-8.716,0.122,1
53.723,-8.546,0.122,1
39.024,-6.089,0.145,1
39.336,-6.011,0.145,1
39.02,-5.838,0.145,1
38.926,-5.699,0.146,1
38.979,-5.581,0.145,1
53.869,-7.617,0.122,1
53.865,-7.444,0.122,1
53.89,-7.275,0.122,1
53.875,-7.101,0.122,1
35.721,-4.603,0.151,1
48.847,-6.051,0.13,1
48.894,-5.901,0.13,1
53.956,-6.337,0.122,1
53.971,-6.167,0.122,1
53.978,-5.996,0.122,1
54.053,-5.832,0.122,1
59.087,-5.716,0.114,1
59.146,-5.535,0.114,1
60.756,-4.244,0.112,1
60.937,-4.064,0.112,1
60.786,-3.862,0.112,1
51.097,-1.481,0.127,1
51.069,-1.32,0.127,1
51.063,-1.239,0.127,1
73.656,5.924,-0.377,1
73.017,6.104,-0.372,1
72.721,6.309,-0.37,1
72.44,6.514,-0.368,1
72.283,6.729,-0.366,1
69.881,6.617,-0.348,1
69.777,6.829,-0.347,1
60.061,6.453,-0.27,1
59.895,6.626,-0.269,1
59.882,6.815,-0.269,1
59.881,6.91,-0.269,1
59.865,7.099,-0.269,1
55.522,6.763,-0.235,1
39.783,5.361,-0.111,1
39.297,5.359,-0.107,1
39.276,5.482,-0.107,1
39.289,5.61,-0.107,1
39.257,5.731,-0.107,1
39.26,5.857,-0.107,1
39.244,5.981,-0.107,1
39.25,6.045,-0.107,1
39.261,6.173,-0.107,1
39.265,6.3,-0.108,1
39.223,6.42,-0.107,1
39.228,6.547,-0.108,1
39.774,6.895,-0.112,1
39.272,6.872,-0.108,1
39.272,6.999,-0.109,1
39.272,7.127,-0.109,1
39.286,7.257,-0.109,1
39.305,7.388,-0.109,1
39.275,7.51,-0.109,1
39.285,7.64,-0.11,1
39.338,7.714,-0.11,1
39.333,7.842,-0.11,1
34.746,7.044,-0.074,1
33.658,7.045,-0.065,1
33.647,7.153,-0.065,1
33.47,7.225,-0.064,1
33.633,7.316,-0.065,1
29.047,6.417,-0.029,1
33.611,7.643,-0.066,1
29.007,6.696,-0.029,1
28.978,6.785,-0.029,1
28.984,6.835,-0.029,1
28.988,6.932,-0.029,1
31.215,7.566,-0.047,1
31.106,7.643,-0.047,1
31.086,7.742,-0.047,1
31.05,7.836,-0.047,1
31.052,7.941,-0.047,1
31.043,7.991,-0.047,1
31.039,8.094,-0.047,1
31.043,8.199,-0.047,1
31.032,8.3,-0.047,1
31.039,8.407,-0.048,1
31.061,8.517,-0.048,1
31.213,8.612,-0.049,1
39.64,11.063,-0.119,1
39.301,11.102,-0.116,1
39.281,11.23,-0.116,1
39.277,11.362,-0.116,1
39.264,11.492,-0.117,1
39.277,11.63,-0.117,1
39.28,11.698,-0.117,1
39.281,11.833,-0.118,1
39.292,11.971,-0.118,1
39.315,12.113,-0.118,1
45.278,14.102,-0.168,1
44.516,14.019,-0.162,1
43.909,13.98,-0.157,1
43.679,13.982,-0.156,1
43.102,13.947,-0.151,1
42.851,14.015,-0.15,1
42.532,14.059,-0.147,1
42.335,14.142,-0.146,1
41.737,14.088,-0.141,1
40.564,13.835,-0.132,1
41.163,14.111,-0.137,1
40.949,14.182,-0.136,1
40.959,14.329,-0.136,1
40.917,14.459,-0.136,1
40.988,14.629,-0.137,1
39.264,14.154,-0.123,1
40.79,14.921,-0.137,1
21.272,7.946,0.027,1
21.054,7.941,0.029,1
20.881,7.951,0.03,1
20.69,7.953,0.031,1
15.724,6.079,0.073,1
15.501,6.049,0.075,1
15.328,6.037,0.076,1
14.52,6.173,0.082,1
14.561,6.245,0.081,1
14.393,6.226,0.082,1
14.508,6.303,0.081,1
16.006,7.01,0.068,1
15.694,7.052,0.07,1
15.596,7.066,0.071,1
15.736,7.159,0.07,1
16.051,7.363,0.067,1
16.066,7.431,0.066,1
16.05,7.485,0.066,1
14.482,6.812,0.08,1
14.475,6.864,0.08,1
14.44,6.904,0.08,1
16.041,7.821,0.065,1
16.032,7.879,0.065,1
16.029,7.94,0.065,1
16.043,8.01,0.065,1
16.011,8.057,0.065,1
16.038,8.229,0.064,1
15.996,8.271,0.064,1
16.016,8.345,0.064,1
16.018,8.41,0.063,1
16.017,8.442,0.063,1
15.989,8.491,0.063,1
15.867,8.49,0.064,1
15.759,8.497,0.065,1
15.98,8.68,0.063,1
15.981,8.746,0.062,1
15.973,8.806,0.062,1
14.367,8.072,0.076,1
14.407,8.214,0.075,1
14.437,8.291,0.075,1
14.43,8.347,0.075,1
14.415,8.368,0.075,1
14.428,8.437,0.074,1
14.431,8.499,0.074,1
14.397,8.541,0.074,1
14.418,8.614,0.074,1
14.407,8.669,0.073,1
14.42,8.739,0.073,1
14.396,8.755,0.073,1
14.415,8.829,0.073,1
14.396,8.879,0.073,1
14.364,9.047,0.072,1
14.362,9.11,0.072,1
14.382,9.154,0.072,1
16.263,10.418,0.054,1
16.2,10.45,0.054,1
16.148,10.489,0.054,1
16.135,10.553,0.054,1
16.134,10.624,0.054,1
24.229,15.994,-0.023,1
24.23,16.104,-0.023,1
24.197,16.192,-0.024,1
28.319,19.074,-0.063,1
23.178,15.723,-0.015,1
23.102,15.777,-0.015,1
23.011,15.822,-0.014,1
22.991,15.861,-0.014,1
23.061,16.017,-0.015,1
27.409,19.158,-0.058,1
27.333,19.233,-0.058,1
24.225,17.164,-0.028,1
24.194,17.256,-0.028,1
23.984,17.164,-0.027,1
23.901,17.218,-0.026,1
26.531,19.236,-0.052,1
24.305,17.741,-0.031,1
24.314,17.865,-0.032,1
23.002,17.015,-0.02,1
22.766,16.951,-0.018,1
22.624,16.901,-0.017,1
22.447,16.879,-0.015,1
22.423,16.971,-0.016,1
22.448,17.101,-0.017,1
22.371,17.154,-0.016,1
22.3,17.211,-0.016,1
22.415,17.412,-0.018,1
24.894,19.397,-0.043,1
22.311,17.5,-0.018,1
24.624,19.437,-0.041,1
24.485,19.452,-0.041,1
24.349,19.469,-0.04,1
24.228,19.498,-0.039,1
24.089,19.511,-0.038,1
23.985,19.49,-0.038,1
23.857,19.511,-0.037,1
23.729,19.531,-0.036,1
23.505,19.47,-0.035,1
20.678,17.242,-0.006,1
20.593,17.282,-0.006,1
20.594,17.393,-0.007,1
20.389,17.275,-0.005,1
20.339,17.343,-0.005,1
22.853,19.607,-0.031,1
20.013,17.284,-0.003,1
20.143,17.506,-0.004,1
19.838,17.351,-0.002,1
19.882,17.501,-0.003,1
20.074,17.725,-0.005,1
19.981,17.755,-0.005,1
19.759,17.67,-0.003,1
19.665,17.697,-0.003,1
19.762,17.897,-0.004,1
22.002,20.047,-0.029,1
19.735,18.042,-0.005,1
19.622,18.053,-0.004,1
19.535,18.086,-0.004,1
19.586,18.248,-0.005,1
20.567,19.281,-0.016,1
20.163,19.022,-0.013,1
21.173,20.099,-0.024,1
21.102,20.095,-0.024,1
19.045,18.253,-0.002,1
18.964,18.291,-0.002,1
18.616,18.069,0.001,1
18.348,17.921,0.004,1
18.063,17.754,0.006,1
18.071,17.874,0.006,1
18.205,18.063,0.004,1
18.066,18.038,0.005,1
18.027,18.113,0.004,1
17.92,18.119,0.005,1
17.839,18.151,0.005,1
17.952,18.381,0.003,1
17.879,18.422,0.004,1
17.788,18.385,0.004,1
17.703,18.414,0.005,1
17.651,18.475,0.005,1
17.596,18.533,0.004,1
17.612,18.667,0.004,1
17.58,18.751,0.003,1
17.51,18.735,0.004,1
17.543,18.889,0.003,1
11.934,12.943,0.067,1
11.942,13.034,0.067,1
17.061,18.722,0.006,1
18.827,20.786,-0.015,1
18.003,20.003,-0.006,1
16.887,18.825,0.007,1
16.621,18.647,0.009,1
16.943,19.128,0.004,1
17.013,19.329,0.003,1
16.011,18.308,0.014,1
15.948,18.352,0.014,1
15.901,18.414,0.014,1
15.387,17.877,0.02,1
15.322,17.915,0.02,1
15.439,18.167,0.018,1
15.094,17.875,0.022,1
14.962,17.832,0.022,1
14.84,17.801,0.023,1
14.818,17.887,0.023,1
14.804,17.928,0.023,1
14.803,18.042,0.022,1
14.74,18.081,0.022,1
14.744,18.201,0.021,1
14.636,18.185,0.022,1
14.633,18.298,0.021,1
14.65,18.438,0.02,1
14.737,18.607,0.019,1
14.659,18.629,0.019,1
16.183,20.829,-0.002,1
16.081,20.833,-0.002,1
14.921,19.459,0.013,1
15.135,19.802,0.009,1
14.88,19.596,0.012,1
14.748,19.549,0.013,1
14.752,19.683,0.012,1
14.797,19.872,0.011,1
14.669,19.83,0.011,1
14.637,19.918,0.011,1
14.677,20.037,0.01,1
14.668,20.158,0.009,1
14.622,20.228,0.009,1
14.699,20.468,0.007,1
14.768,20.702,0.005,1
14.683,20.72,0.006,1
14.836,21.075,0.003,1
14.75,21.023,0.003,1
14.798,21.233,0.002,1
14.907,21.533,-0.001,1
14.908,21.678,-0.001,1
14.784,21.644,-0.001,1
14.813,21.833,-0.002,1
14.763,21.907,-0.002,1
14.785,22.013,-0.003,1
14.905,22.344,-0.006,1
15.439,23.301,-0.014,1
15.304,23.255,-0.014,1
14.868,22.75,-0.008,1
15.113,23.282,-0.013,1
12.124,18.816,0.029,1
12.074,18.803,0.03,1
12.03,18.864,0.03,1
12.111,19.123,0.028,1
11.936,18.98,0.029,1
15.105,24.174,-0.019,1
15.152,24.418,-0.021,1
15.171,24.621,-0.022,1
15.151,24.675,-0.022,1
15.051,24.687,-0.022,1
15.359,25.368,-0.028,1
15.264,25.392,-0.028,1
15.202,25.469,-0.028,1
15.346,25.894,-0.031,1
15.195,25.825,-0.03,1
15.429,26.316,-0.035,1
15.503,26.634,-0.037,1
15.853,27.43,-0.044,1
15.593,27.178,-0.041,1
15.501,27.216,-0.041,1
15.716,27.794,-0.046,1
16.379,29.178,-0.058,1
16.368,29.267,-0.058,1
16.324,29.404,-0.059,1
16.301,29.581,-0.06,1
16.294,29.788,-0.062,1
16.17,29.785,-0.061,1
16.114,29.904,-0.062,1
15.91,29.75,-0.06,1
15.903,29.849,-0.061,1
15.788,29.858,-0.06,1
15.875,30.485,-0.065,1
16.477,31.881,-0.077,1
15.672,30.561,-0.065,1
15.654,30.645,-0.065,1
15.863,31.296,-0.071,1
15.808,31.432,-0.071,1
15.796,31.655,-0.073,1
15.913,32.141,-0.077,1
15.737,32.039,-0.075,1
16.051,32.936,-0.083,1
16.164,33.301,-0.086,1
15.982,33.192,-0.085,1
16.171,33.855,-0.09,1
16.56,34.948,-0.099,1
16.51,35.127,-0.1,1
16.453,35.294,-0.101,1
16.489,35.663,-0.104,1
16.412,35.644,-0.103,1
16.717,36.606,-0.111,1
16.643,36.748,-0.112,1
16.566,36.886,-0.113,1
16.504,37.06,-0.114,1
16.596,37.584,-0.118,1
6.826,15.696,0.071,1
6.78,15.724,0.071,1
6.665,15.73,0.071,1
6.6,15.714,0.072,1
6.568,15.775,0.071,1
16.329,39.466,-0.131,1
16.24,39.427,-0.13,1
16.3,39.928,-0.134,1
16.229,40.112,-0.135,1
16.144,40.265,-0.136,1
16.095,40.511,-0.138,1
16.101,40.9,-0.141,1
16.098,41.271,-0.143,1
15.976,41.15,-0.142,1
15.835,41.171,-0.142,1
15.754,41.345,-0.143,1
16.225,42.985,-0.156,1
16.214,43.367,-0.159,1
10.191,27.547,-0.026,1
10.125,27.637,-0.026,1
16.216,44.432,-0.167,1
9.931,27.78,-0.027,1
9.921,28.027,-0.028,1
9.846,28.096,-0.029,1
9.784,28.204,-0.029,1
16.243,47.249,-0.188,1
8.983,26.572,-0.015,1
6.663,19.936,0.04,1
6.583,19.903,0.041,1
6.516,19.912,0.041,1
6.448,19.914,0.041,1
6.395,19.964,0.041,1
6.456,20.262,0.038,1
16.092,50.933,-0.215,1
8.908,28.546,-0.03,1
8.796,28.499,-0.029,1
8.653,28.354,-0.028,1
8.61,28.533,-0.029,1
8.426,28.083,-0.025,1
8.217,27.703,-0.022,1
8.18,27.901,-0.023,1
7.956,27.456,-0.019,1
7.855,27.431,-0.019,1
7.726,27.303,-0.018,1
8.114,29.016,-0.032,1
8.068,29.027,-0.032,1
7.848,28.588,-0.028,1
7.655,28.232,-0.025,1
7.547,28.184,-0.024,1
7.424,28.078,-0.023,1
7.327,28.067,-0.023,1
7.242,28.103,-0.023,1
7.185,28.25,-0.024,1
7.163,28.348,-0.025,1
8.543,34.239,-0.072,1
6.854,27.863,-0.02,1
6.752,27.824,-0.02,1
6.633,27.713,-0.019,1
6.515,27.603,-0.018,1
6.552,27.956,-0.02,1
6.464,27.976,-0.02,1
6.16,27.447,-0.016,1
10.13,45.73,-0.163,1
6.022,27.643,-0.017,1
5.945,27.707,-0.017,1
5.922,27.814,-0.018,1
7.895,37.617,-0.097,1
7.772,37.617,-0.097,1
7.663,37.686,-0.097,1
7.476,37.369,-0.095,1
7.4,37.604,-0.096,1
8.705,44.956,-0.155,1
7.093,36.963,-0.091,1
6.979,36.999,-0.091,1
6.857,36.991,-0.091,1
6.939,38.092,-0.099,1
6.807,38.047,-0.099,1
6.687,38.066,-0.099,1
6.575,38.128,-0.099,1
6.52,38.172,-0.099,1
11.992,71.424,-0.365,1
6.275,38.181,-0.099,1
10.471,64.869,-0.312,1
10.245,64.763,-0.311,1
5.896,38.118,-0.098,1
9.867,65.02,-0.313,1
5.742,38.311,-0.099,1
5.1,34.791,-0.071,1
5.009,34.936,-0.072,1
5.293,38.62,-0.101,1
5.943,-42.594,-0.133,1
5.359,-35.905,-0.08,1
5.187,-34.008,-0.065,1
5.308,-34.084,-0.066,1
5.421,-34.109,-0.066,1
5.48,-34.13,-0.067,1
5.602,-34.204,-0.067,1
5.894,-35.296,-0.076,1
6.046,-35.52,-0.078,1
6.091,-35.115,-0.075,1
6.176,-34.956,-0.074,1
6.215,-34.855,-0.073,1
6.463,-35.603,-0.079,1
6.551,-35.453,-0.078,1
6.524,-34.691,-0.072,1
6.652,-34.773,-0.073,1
6.807,-34.987,-0.075,1
7.052,-35.65,-0.081,1
6.995,-35.07,-0.076,1
7.107,-35.06,-0.076,1
7.222,-35.057,-0.076,1
7.308,-34.923,-0.075,1
7.409,-34.858,-0.075,1
7.521,-34.845,-0.075,1
7.655,-34.936,-0.076,1
7.849,-35.029,-0.077,1
8.118,-35.706,-0.083,1
8.261,-35.817,-0.084,1
8.344,-35.664,-0.083,1
5.443,-22.899,0.02,1
5.494,-22.793,0.021,1
5.523,-22.759,0.021,1
5.601,-22.765,0.021,1
5.676,-22.763,0.021,1
5.765,-22.814,0.02,1
9.058,-35.436,-0.082,1
9.22,-35.605,-0.084,1
9.32,-35.759,-0.085,1
10.065,-37.653,-0.101,1
10.223,-37.768,-0.103,1
10.03,-36.595,-0.093,1
10.571,-38.102,-0.106,1
10.375,-36.942,-0.097,1
7.16,-25.011,0.001,1
7.228,-24.952,0.001,1
7.3,-24.908,0.001,1
7.379,-24.887,0.001,1
7.467,-24.898,0.001,1
7.572,-24.96,0,1
5.088,-14.064,0.088,1
5.206,-14.251,0.086,1
5.296,-14.358,0.085,1
5.339,-14.406,0.085,1
5.336,-14.26,0.086,1
5.438,-14.395,0.085,1
8.771,-23.043,0.012,1
8.877,-23.103,0.011,1
5.596,-14.401,0.084,1
5.748,-14.657,0.082,1
24.274,-61.843,-0.318,1
5.672,-14.134,0.086,1
5.789,-14.296,0.084,1
28.04,-68.272,-0.376,1
28.266,-68.213,-0.376,1
20.876,-50.138,-0.222,1
27.945,-66.547,-0.363,1
21.371,-50.431,-0.226,1
22.231,-52.008,-0.24,1
30.701,-71.229,-0.406,1
29.762,-68.454,-0.383,1
29.903,-68.484,-0.383,1
22.669,-51.459,-0.237,1
23.589,-53.096,-0.252,1
23.756,-53.024,-0.252,1
11.399,-24.986,-0.011,1
11.44,-24.87,-0.01,1
11.464,-24.82,-0.01,1
11.54,-24.778,-0.01,1
11.632,-24.772,-0.01,1
11.851,-25.034,-0.012,1
31.453,-66.007,-0.371,1
31.675,-65.939,-0.371,1
22.19,-45.989,-0.197,1
22.318,-45.887,-0.196,1
22.462,-45.817,-0.196,1
21.464,-43.431,-0.176,1
21.594,-43.35,-0.176,1
21.734,-43.291,-0.176,1
21.911,-43.303,-0.177,1
35.423,-69.232,-0.407,1
35.249,-68.359,-0.401,1
31.624,-60.854,-0.335,1
31.816,-60.756,-0.335,1
12.276,-22.966,0.001,1
12.352,-22.935,0.001,1
12.355,-22.769,0.002,1
26.303,-48.173,-0.227,1
26.236,-47.693,-0.223,1
26.382,-47.603,-0.223,1
26.475,-47.418,-0.222,1
26.424,-47.153,-0.22,1
26.578,-47.081,-0.22,1
14.245,-25.025,-0.021,1
14.295,-24.93,-0.021,1
14.363,-24.867,-0.02,1
14.409,-24.767,-0.02,1
27.631,-47.199,-0.225,1
27.753,-47.237,-0.226,1
27.982,-47.286,-0.227,1
26.684,-44.769,-0.205,1
26.75,-44.56,-0.204,1
26.961,-44.594,-0.205,1
28.725,-47.18,-0.23,1
28.732,-47.024,-0.229,1
27.864,-45.282,-0.213,1
29.328,-47.329,-0.233,1
27.025,-43.304,-0.197,1
21.088,-33.545,-0.106,1
21.149,-33.408,-0.106,1
21.237,-33.316,-0.106,1
21.318,-33.326,-0.106,1
21.482,-33.352,-0.107,1
27.263,-42.05,-0.189,1
27.406,-41.981,-0.189,1
27.017,-41.1,-0.182,1
27.248,-41.17,-0.183,1
27.386,-41.098,-0.183,1
27.4,-40.978,-0.183,1
30.479,-45.28,-0.224,1
30.498,-45.002,-0.223,1
30.543,-44.765,-0.221,1
30.559,-44.488,-0.22,1
30.609,-44.262,-0.218,1
30.57,-44.057,-0.217,1
30.616,-43.828,-0.216,1
30.657,-43.594,-0.214,1
27.463,-38.789,-0.169,1
27.527,-38.621,-0.168,1
27.688,-38.589,-0.169,1
28.179,-39.015,-0.174,1
28.398,-39.189,-0.176,1
31.703,-43.467,-0.218,1
31.725,-43.211,-0.217,1
31.76,-42.974,-0.215,1
31.792,-42.736,-0.214,1
31.845,-42.527,-0.213,1
31.858,-42.267,-0.211,1
31.825,-42.086,-0.21,1
31.862,-41.86,-0.209,1
31.9,-41.638,-0.208,1
30.893,-40.061,-0.193,1
30.918,-39.834,-0.192,1
30.946,-39.612,-0.19,1
30.984,-39.404,-0.189,1
30.948,-39.232,-0.188,1
30.979,-39.018,-0.187,1
31.009,-38.805,-0.186,1
30.911,-38.435,-0.183,1
30.741,-37.978,-0.179,1
21.298,-26.131,-0.06,1
21.337,-26.011,-0.059,1
21.358,-25.953,-0.059,1
21.444,-25.892,-0.059,1
21.523,-25.821,-0.059,1
31.166,-37.17,-0.177,1
31.19,-36.962,-0.175,1
31.229,-36.774,-0.174,1
31.216,-36.641,-0.174,1
15.538,-17.988,0.019,1
15.566,-17.906,0.019,1
15.618,-17.852,0.019,1
14.562,-16.538,0.032,1
14.56,-16.431,0.033,1
14.563,-16.382,0.033,1
14.604,-16.324,0.033,1
14.651,-16.274,0.033,1
14.702,-16.228,0.033,1
14.781,-16.213,0.033,1
14.812,-16.144,0.033,1
32.869,-35.646,-0.176,1
33.003,-35.679,-0.177,1
32.531,-34.728,-0.169,1
32.636,-34.621,-0.169,1
32.639,-34.407,-0.168,1
21.345,-22.347,-0.038,1
21.337,-22.269,-0.037,1
21.384,-22.177,-0.037,1
21.462,-22.119,-0.037,1
21.513,-22.032,-0.037,1
31.608,-32.186,-0.15,1
31.701,-32.078,-0.15,1
31.648,-31.823,-0.148,1
31.764,-31.84,-0.149,1
31.851,-31.728,-0.149,1
31.847,-31.525,-0.147,1
31.899,-31.378,-0.147,1
31.938,-31.22,-0.146,1
31.958,-31.043,-0.145,1
31.987,-30.877,-0.145,1
31.965,-30.759,-0.144,1
31.995,-30.595,-0.143,1
31.894,-30.307,-0.141,1
31.915,-30.136,-0.14,1
31.943,-29.973,-0.139,1
31.963,-29.804,-0.139,1
31.938,-29.687,-0.138,1
31.963,-29.523,-0.137,1
31.98,-29.353,-0.136,1
31.989,-29.177,-0.135,1
31.688,-28.72,-0.131,1
31.71,-28.559,-0.131,1
31.755,-28.419,-0.13,1
27.76,-24.761,-0.087,1
27.711,-24.561,-0.086,1
27.772,-24.46,-0.086,1
27.811,-24.339,-0.085,1
27.735,-24.119,-0.084,1
27.841,-24.058,-0.084,1
27.895,-23.952,-0.084,1
27.955,-23.928,-0.084,1
28.026,-23.836,-0.084,1
28.096,-23.744,-0.084,1
28.294,-23.76,-0.085,1
28.378,-23.679,-0.085,1
28.414,-23.557,-0.085,1
28.554,-23.523,-0.086,1
22.061,-18.108,-0.019,1
22.103,-18.026,-0.019,1
22.15,-17.949,-0.019,1
32.431,-26.128,-0.122,1
32.477,-25.997,-0.122,1
32.49,-25.84,-0.121,1
32.519,-25.697,-0.121,1
32.5,-25.599,-0.12,1
32.517,-25.447,-0.12,1
32.536,-25.297,-0.119,1
32.56,-25.152,-0.118,1
32.572,-24.998,-0.118,1
32.587,-24.847,-0.117,1
32.584,-24.765,-0.117,1
13.459,-10.077,0.073,1
13.603,-10.119,0.072,1
32.66,-24.181,-0.114,1
32.844,-24.157,-0.116,1
32.776,-23.949,-0.114,1
33.004,-24.036,-0.116,1
20.396,-14.744,0.008,1
20.368,-14.626,0.008,1
20.371,-14.532,0.009,1
20.396,-14.453,0.009,1
20.449,-14.395,0.009,1
20.485,-14.372,0.009,1
20.568,-14.334,0.008,1
20.688,-14.321,0.008,1
33.823,-23.277,-0.118,1
33.089,-22.618,-0.11,1
33.077,-22.458,-0.109,1
33.217,-22.401,-0.11,1
28.512,-19.158,-0.065,1
28.355,-18.923,-0.063,1
28.426,-18.842,-0.063,1
28.618,-18.84,-0.064,1
28.401,-18.57,-0.062,1
28.471,-18.488,-0.062,1
28.885,-18.629,-0.065,1
28.815,-18.519,-0.064,1
28.907,-18.45,-0.064,1
29.147,-18.475,-0.066,1
23.907,-15.043,-0.017,1
23.882,-14.923,-0.016,1
23.89,-14.823,-0.016,1
23.923,-14.74,-0.016,1
23.953,-14.707,-0.016,1
24.066,-14.672,-0.016,1
24.204,-14.652,-0.017,1
30.887,-18.574,-0.078,1
30.608,-18.275,-0.075,1
33.028,-19.582,-0.097,1
31.818,-18.729,-0.085,1
31.899,-18.709,-0.086,1
32.171,-18.733,-0.088,1
32.816,-18.971,-0.093,1
33.025,-18.954,-0.094,1
33.082,-18.849,-0.094,1
33.108,-18.726,-0.094,1
33.08,-18.642,-0.093,1
33.111,-18.522,-0.093,1
33.125,-18.394,-0.093,1
33.139,-18.265,-0.092,1
33.159,-18.141,-0.092,1
33.17,-18.012,-0.092,1
33.204,-17.895,-0.091,1
33.179,-17.815,-0.091,1
33.2,-17.691,-0.091,1
33.213,-17.565,-0.09,1
33.248,-17.45,-0.09,1
33.25,-17.318,-0.09,1
30.027,-15.517,-0.061,1
29.983,-15.375,-0.06,1
29.931,-15.288,-0.059,1
29.993,-15.202,-0.059,1
30.062,-15.118,-0.059,1
30.05,-14.994,-0.059,1
30.103,-14.902,-0.059,1
30.176,-14.821,-0.059,1
30.289,-14.817,-0.06,1
30.407,-14.757,-0.061,1
34.645,-16.684,-0.097,1
35.105,-16.77,-0.101,1
35.071,-16.618,-0.1,1
35.143,-16.517,-0.1,1
35.175,-16.397,-0.1,1
35.086,-16.289,-0.099,1
30.319,-13.956,-0.057,1
30.341,-13.851,-0.057,1
34.437,-15.594,-0.092,1
34.582,-15.529,-0.093,1
34.366,-15.302,-0.091,1
34.562,-15.26,-0.092,1
34.56,-15.194,-0.092,1
34.579,-15.073,-0.091,1
34.409,-14.87,-0.09,1
34.71,-14.871,-0.092,1
26.81,-11.381,-0.024,1
26.514,-11.156,-0.021,1
26.528,-11.113,-0.021,1
26.856,-11.152,-0.023,1
27.094,-11.151,-0.025,1
27.109,-11.058,-0.025,1
27.088,-10.95,-0.024,1
26.747,-10.714,-0.021,1
26.508,-10.522,-0.019,1
27.024,-10.678,-0.023,1
26.922,-10.54,-0.022,1
26.897,-10.433,-0.021,1
27.014,-10.381,-0.022,1
27.225,-10.364,-0.024,1
27.278,-10.286,-0.024,1
27.243,-10.175,-0.023,1
27.345,-10.165,-0.024,1
27.386,-10.082,-0.024,1
27.234,-9.929,-0.023,1
27.312,-9.86,-0.023,1
27.548,-9.848,-0.025,1
27.46,-9.719,-0.024,1
27.46,-9.622,-0.023,1
27.581,-9.616,-0.024,1
27.517,-9.497,-0.024,1
27.471,-9.384,-0.023,1
27.572,-9.322,-0.024,1
27.759,-9.288,-0.025,1
27.81,-9.209,-0.025,1
27.621,-9.05,-0.023,1
27.641,-9.008,-0.023,1
27.821,-8.97,-0.025,1
27.811,-8.871,-0.024,1
27.476,-8.669,-0.021,1
28.047,-8.753,-0.026,1
28.182,-8.698,-0.027,1
28.302,-8.686,-0.027,1
28.452,-8.635,-0.028,1
28.749,-8.626,-0.031,1
28.874,-8.565,-0.031,1
28.697,-8.415,-0.03,1
28.814,-8.351,-0.031,1
28.872,-8.269,-0.031,1
29.068,-8.276,-0.032,1
28.9,-8.13,-0.031,1
29.168,-8.107,-0.033,1
28.95,-7.948,-0.031,1
29.272,-7.938,-0.033,1
29.335,-7.857,-0.033,1
29.147,-7.708,-0.032,1
29.573,-7.771,-0.035,1
29.45,-7.64,-0.034,1
29.755,-7.62,-0.036,1
29.713,-7.509,-0.036,1
30.119,-7.512,-0.039,1
29.764,-7.323,-0.036,1
30.027,-7.289,-0.038,1
30.175,-7.274,-0.039,1
30.017,-7.136,-0.037,1
30.093,-7.055,-0.038,1
30.125,-6.963,-0.038,1
30.162,-6.871,-0.038,1
30.045,-6.745,-0.037,1
30.336,-6.711,-0.039,1
30.466,-6.689,-0.04,1
30.281,-6.549,-0.038,1
30.556,-6.508,-0.04,1
31.085,-6.519,-0.044,1
31.685,-6.542,-0.049,1
31.359,-6.372,-0.046,1
31.688,-6.387,-0.049,1
32.022,-6.35,-0.051,1
32.269,-6.294,-0.053,1
53.628,-10.302,-0.225,1
53.631,-10.128,-0.224,1
32.532,-6.028,-0.055,1
32.537,-5.923,-0.055,1
59.886,-10.826,-0.274,1
59.876,-10.63,-0.274,1
53.581,-9.163,-0.223,1
53.601,-8.993,-0.223,1
53.627,-8.825,-0.223,1
53.627,-8.738,-0.222,1
53.655,-8.57,-0.222,1
38.974,-6.092,-0.105,1
39.003,-5.971,-0.105,1
38.976,-5.842,-0.105,1
38.992,-5.719,-0.105,1
53.747,-7.721,-0.222,1
53.779,-7.639,-0.222,1
53.765,-7.465,-0.222,1
53.78,-7.295,-0.222,1
53.801,-7.126,-0.222,1
35.62,-4.595,-0.077,1
48.818,-5.996,-0.182,1
48.861,-5.923,-0.182,1
53.87,-6.361,-0.222,1
53.898,-6.193,-0.222,1
53.901,-6.022,-0.222,1
53.95,-5.856,-0.222,1
59.051,-5.755,-0.262,1
59.098,-5.573,-0.262,1
51.414,-4.519,-0.201,1
51.442,-4.359,-0.201,1
51.545,-4.286,-0.202,1
53.49,-4.279,-0.217,1
72.535,-5.583,-0.368,1
60.763,-4.481,-0.274,1
60.715,-4.286,-0.274,1
60.685,-4.092,-0.274,1
60.547,-3.891,-0.272,1
72.531,-3.638,-0.367,1
75.113,-3.532,-0.387,1
50.855,-0.783,-0.195,1
72.957,5.822,-0.82,1
72.578,6.021,-0.815,1
72.377,6.234,-0.813,1
72.256,6.452,-0.811,1
72.309,6.686,-0.812,1
62.719,6.193,-0.678,1
62.389,6.259,-0.673,1
57.578,6.323,-0.606,1
57.503,6.498,-0.606,1
57.464,6.677,-0.605,1
57.378,6.758,-0.604,1
49.903,6.351,-0.5,1
49.875,6.507,-0.5,1
24.321,3.238,-0.138,1
24.26,3.307,-0.138,1
24.175,3.334,-0.137,1
39.17,5.544,-0.349,1
39.18,5.671,-0.349,1
39.162,5.794,-0.349,1
39.181,5.922,-0.35,1
39.166,6.046,-0.35,1
39.165,6.172,-0.35,1
39.193,6.239,-0.351,1
39.203,6.367,-0.351,1
39.21,6.495,-0.352,1
39.852,6.859,-0.361,1
39.268,7.076,-0.354,1
39.265,7.203,-0.354,1
39.25,7.328,-0.354,1
39.535,7.51,-0.359,1
28.994,5.595,-0.208,1
28.781,5.648,-0.206,1
28.518,5.829,-0.202,1
28.507,5.92,-0.203,1
28.488,6.01,-0.203,1
28.477,6.101,-0.203,1
26.607,6.093,-0.177,1
26.311,6.112,-0.173,1
25.918,6.235,-0.168,1
25.91,6.32,-0.168,1
25.91,6.406,-0.169,1
25.882,6.485,-0.168,1
26.123,6.633,-0.172,1
25.893,6.661,-0.169,1
25.867,7.046,-0.17,1
26.063,7.188,-0.173,1
25.75,7.67,-0.171,1
25.856,7.79,-0.173,1
39.242,11.905,-0.369,1
39.185,12.023,-0.369,1
39.287,12.189,-0.371,1
44.737,14.038,-0.452,1
43.978,13.951,-0.441,1
43.399,13.917,-0.433,1
43.17,13.994,-0.431,1
43.088,14.042,-0.43,1
42.654,14.049,-0.424,1
42.304,14.081,-0.419,1
41.653,14.009,-0.41,1
41.391,14.066,-0.407,1
41.131,14.122,-0.404,1
41.064,14.17,-0.403,1
41.008,14.295,-0.403,1
41.01,14.441,-0.404,1
40.891,14.543,-0.403,1
39.272,14.106,-0.379,1
40.77,14.79,-0.402,1
40.782,14.939,-0.403,1
40.755,15.002,-0.403,1
21.196,7.94,-0.112,1
15.956,6.028,-0.034,1
15.584,5.943,-0.028,1
15.412,5.933,-0.026,1
15.237,5.92,-0.024,1
15.112,5.899,-0.022,1
14.988,5.904,-0.02,1
14.902,5.924,-0.019,1
14.593,6.095,-0.016,1
14.618,6.16,-0.017,1
14.459,6.146,-0.015,1
16.054,6.887,-0.039,1
16.001,6.923,-0.039,1
12.755,5.537,0.011,1
15.999,7.012,-0.039,1
15.71,7.003,-0.036,1
15.599,7.012,-0.034,1
15.551,7.05,-0.034,1
15.556,7.111,-0.034,1
12.883,5.908,0.007,1
12.84,5.938,0.007,1
12.773,5.955,0.008,1
12.68,5.96,0.009,1
12.618,5.98,0.01,1
12.548,5.995,0.011,1
12.514,6.003,0.011,1
12.455,6.023,0.012,1
12.418,6.053,0.012,1
12.383,6.084,0.012,1
12.348,6.115,0.012,1
12.323,6.151,0.013,1
12.3,6.188,0.013,1
12.28,6.202,0.013,1
12.257,6.238,0.013,1
12.235,6.276,0.013,1
12.203,6.308,0.013,1
12.199,6.354,0.013,1
12.184,6.396,0.013,1
12.178,6.441,0.012,1
12.179,6.466,0.012,1
12.159,6.504,0.012,1
12.164,6.557,0.012,1
12.156,6.602,0.012,1
12.158,6.652,0.011,1
12.144,6.694,0.011,1
12.133,6.738,0.011,1
12.158,6.777,0.01,1
12.187,6.844,0.01,1
12.181,6.891,0.009,1
12.232,6.971,0.008,1
12.26,7.038,0.007,1
12.235,7.074,0.007,1
14.386,8.384,-0.028,1
14.395,8.42,-0.028,1
14.386,8.475,-0.028,1
14.39,8.539,-0.029,1
14.387,8.598,-0.029,1
14.377,8.654,-0.03,1
14.376,8.714,-0.03,1
14.396,8.758,-0.031,1
14.384,8.813,-0.031,1
14.373,8.868,-0.031,1
14.396,8.945,-0.032,1
14.351,9.106,-0.033,1
14.352,9.138,-0.033,1
14.367,9.211,-0.034,1
16.186,10.454,-0.065,1
16.143,10.498,-0.064,1
16.117,10.553,-0.064,1
16.125,10.631,-0.065,1
24.177,16.01,-0.201,1
24.238,16.16,-0.203,1
24.166,16.222,-0.202,1
28.216,19.075,-0.272,1
23.196,15.782,-0.188,1
23.112,15.831,-0.187,1
23.035,15.885,-0.187,1
23.076,15.967,-0.188,1
23.174,16.142,-0.19,1
23.015,16.139,-0.188,1
27.166,19.184,-0.261,1
24.294,17.267,-0.212,1
24.12,17.257,-0.21,1
23.854,17.181,-0.207,1
23.8,17.198,-0.206,1
23.822,17.328,-0.207,1
24.157,17.689,-0.214,1
22.887,16.979,-0.194,1
25.879,19.33,-0.247,1
23.861,17.937,-0.213,1
22.895,17.266,-0.196,1
23.678,17.974,-0.211,1
25.33,19.357,-0.241,1
22.364,17.198,-0.19,1
22.332,17.285,-0.19,1
22.148,17.254,-0.188,1
22.216,17.42,-0.19,1
24.688,19.424,-0.235,1
24.545,19.437,-0.233,1
24.409,19.454,-0.232,1
24.279,19.476,-0.231,1
24.132,19.483,-0.229,1
24.009,19.508,-0.228,1
23.883,19.53,-0.227,1
23.764,19.495,-0.225,1
23.635,19.514,-0.224,1
23.532,19.553,-0.223,1
20.467,17.111,-0.168,1
20.554,17.294,-0.171,1
20.351,17.233,-0.168,1
20.358,17.294,-0.169,1
20.237,17.3,-0.168,1
20.005,17.211,-0.164,1
19.89,17.221,-0.163,1
19.943,17.377,-0.165,1
20.051,17.582,-0.168,1
19.446,17.159,-0.158,1
19.668,17.411,-0.163,1
19.739,17.585,-0.165,1
19.663,17.628,-0.165,1
19.569,17.655,-0.164,1
19.592,17.787,-0.165,1
19.901,18.184,-0.172,1
19.606,18.027,-0.168,1
19.576,18.056,-0.168,1
20.903,19.527,-0.195,1
20.033,18.831,-0.18,1
19.815,18.744,-0.177,1
19.951,18.992,-0.181,1
19.413,18.595,-0.171,1
19.268,18.514,-0.169,1
19.142,18.51,-0.168,1
18.732,18.226,-0.161,1
18.609,18.22,-0.16,1
18.49,18.218,-0.158,1
18.351,18.195,-0.157,1
18.263,18.164,-0.156,1
18.073,18.088,-0.153,1
18.044,18.173,-0.153,1
17.828,18.069,-0.15,1
17.868,18.224,-0.152,1
17.82,18.29,-0.152,1
18.176,18.773,-0.161,1
17.867,18.512,-0.155,1
17.722,18.477,-0.153,1
17.635,18.502,-0.153,1
17.537,18.515,-0.152,1
17.533,18.628,-0.153,1
17.4,18.603,-0.151,1
17.337,18.653,-0.151,1
17.195,18.558,-0.149,1
11.935,12.952,-0.041,1
11.877,12.97,-0.041,1
16.894,18.582,-0.146,1
17.744,19.642,-0.165,1
16.656,18.552,-0.144,1
17.022,19.081,-0.153,1
16.64,18.711,-0.145,1
16.051,18.278,-0.135,1
15.916,18.24,-0.134,1
15.612,18.004,-0.128,1
15.491,17.979,-0.127,1
15.452,18.047,-0.127,1
15.121,17.716,-0.121,1
15.041,17.735,-0.12,1
14.917,17.701,-0.119,1
14.929,17.829,-0.12,1
14.778,17.762,-0.118,1
14.654,17.725,-0.117,1
14.674,17.807,-0.118,1
14.694,17.946,-0.12,1
14.686,18.051,-0.121,1
14.59,18.048,-0.12,1
14.534,18.096,-0.12,1
14.55,18.232,-0.121,1
14.541,18.339,-0.123,1
14.763,18.68,-0.128,1
14.697,18.717,-0.128,1
16.151,20.842,-0.164,1
16.03,20.82,-0.163,1
15.853,20.724,-0.16,1
15.105,19.873,-0.144,1
14.889,19.653,-0.14,1
14.795,19.656,-0.139,1
14.769,19.751,-0.14,1
14.685,19.768,-0.14,1
14.678,19.888,-0.141,1
14.607,19.923,-0.141,1
14.693,20.174,-0.144,1
14.43,20.01,-0.14,1
14.551,20.312,-0.145,1
17.246,24.243,-0.211,1
14.676,20.762,-0.151,1
14.661,21.02,-0.154,1
17.57,25.284,-0.226,1
14.867,21.532,-0.161,1
14.909,21.738,-0.164,1
14.819,21.754,-0.163,1
14.693,21.714,-0.162,1
14.843,22.086,-0.167,1
14.782,22.145,-0.168,1
14.83,22.294,-0.17,1
14.882,22.525,-0.173,1
14.876,22.671,-0.175,1
15.75,24.171,-0.199,1
12.164,18.786,-0.108,1
12.07,18.77,-0.107,1
12.032,18.84,-0.108,1
12.01,18.871,-0.108,1
11.989,18.969,-0.109,1
15.457,24.643,-0.202,1
16.122,25.885,-0.222,1
15.72,25.417,-0.213,1
15.928,25.935,-0.221,1
15.312,25.107,-0.207,1
15.986,26.307,-0.226,1
15.408,25.717,-0.215,1
15.875,26.689,-0.23,1
15.472,26.198,-0.221,1
15.548,26.517,-0.225,1
15.614,26.919,-0.231,1
15.751,27.354,-0.237,1
15.541,27.187,-0.233,1
15.529,27.364,-0.235,1
15.506,27.526,-0.237,1
16.214,28.998,-0.26,1
16.161,29.009,-0.26,1
16.073,29.067,-0.26,1
16.076,29.289,-0.263,1
16.025,29.415,-0.264,1
15.974,29.541,-0.265,1
15.967,29.751,-0.268,1
15.765,29.598,-0.265,1
15.859,29.888,-0.269,1
15.844,30.088,-0.271,1
15.808,30.25,-0.273,1
15.702,30.278,-0.273,1
16.347,31.77,-0.295,1
16.173,31.675,-0.293,1
15.662,30.912,-0.28,1
16.312,32.322,-0.302,1
16.296,32.545,-0.305,1
16.199,32.607,-0.305,1
16.154,32.774,-0.307,1
16.076,32.877,-0.307,1
15.912,32.801,-0.305,1
16.004,33.258,-0.312,1
15.961,33.301,-0.312,1
15.867,33.375,-0.312,1
15.811,33.528,-0.314,1
15.731,33.632,-0.315,1
15.633,33.699,-0.315,1
15.515,33.721,-0.315,1
15.318,33.569,-0.312,1
15.329,33.735,-0.314,1
15.332,34.024,-0.318,1
15.141,33.884,-0.315,1
15.119,34.123,-0.318,1
6.864,15.724,-0.035,1
6.801,15.714,-0.034,1
6.798,15.774,-0.035,1
6.653,15.708,-0.034,1
6.595,15.708,-0.033,1
6.653,15.988,-0.037,1
14.862,36.12,-0.342,1
14.871,36.467,-0.346,1
14.873,36.639,-0.349,1
14.835,36.876,-0.352,1
14.821,37.179,-0.355,1
14.808,37.49,-0.359,1
14.749,37.687,-0.362,1
14.673,37.841,-0.363,1
14.615,38.046,-0.366,1
14.474,37.858,-0.363,1
14.576,38.487,-0.371,1
14.464,38.556,-0.372,1
14.523,39.087,-0.379,1
14.515,39.446,-0.384,1
14.485,39.749,-0.387,1
9.987,27.653,-0.207,1
9.963,27.722,-0.207,1
9.87,28.016,-0.211,1
14.63,41.988,-0.418,1
14.56,42.212,-0.42,1
14.53,42.56,-0.425,1
14.617,43.037,-0.432,1
6.725,19.962,-0.09,1
6.624,19.869,-0.088,1
6.559,19.882,-0.088,1
6.488,19.876,-0.088,1
6.426,19.898,-0.088,1
6.38,19.97,-0.088,1
6.367,20.039,-0.089,1
8.802,28.038,-0.206,1
8.874,28.584,-0.214,1
8.793,28.642,-0.214,1
8.914,29.366,-0.225,1
8.841,29.457,-0.226,1
7.898,26.921,-0.188,1
7.906,27.106,-0.19,1
7.759,26.916,-0.187,1
14.432,50.747,-0.534,1
7.76,27.911,-0.201,1
7.651,27.856,-0.199,1
7.574,27.744,-0.198,1
7.619,28.262,-0.205,1
7.154,26.865,-0.184,1
7.202,27.75,-0.196,1
6.882,26.862,-0.183,1
6.741,26.658,-0.18,1
7.039,28.025,-0.199,1
6.602,26.636,-0.179,1
6.521,26.666,-0.179,1
6.704,27.799,-0.195,1
6.388,26.854,-0.181,1
6.471,27.591,-0.192,1
6.474,27.999,-0.197,1
6.162,26.837,-0.18,1
6.21,27.444,-0.189,1
6.115,27.422,-0.188,1
5.933,27.007,-0.182,1
5.82,26.895,-0.18,1
5.85,27.451,-0.188,1
7.674,36.615,-0.319,1
7.622,36.653,-0.319,1
7.544,36.859,-0.322,1
7.419,36.841,-0.321,1
7.281,36.75,-0.32,1
7.205,36.975,-0.323,1
7.171,37.43,-0.329,1
6.919,36.735,-0.318,1
8.4,45.019,-0.436,1
11.513,62.852,-0.69,1
6.865,38.093,-0.337,1
6.742,38.097,-0.337,1
10.893,62.798,-0.688,1
10.695,62.828,-0.688,1
10.52,62.996,-0.69,1
10.495,63.464,-0.696,1
6.219,38.287,-0.338,1
6.102,38.33,-0.339,1
5.979,38.331,-0.338,1
5.872,38.441,-0.34,1
9.598,64.301,-0.706,1
6.187,42.294,-0.394,1
9.349,64.72,-0.711,1
9.179,64.985,-0.714,1
5,-33.819,-0.274,1
5.123,-33.918,-0.275,1
5.262,-34.111,-0.278,1
5.36,-34.035,-0.277,1
5.48,-34.101,-0.279,1
5.543,-34.15,-0.279,1
5.665,-34.219,-0.281,1
5.959,-35.303,-0.296,1
6.04,-35.111,-0.294,1
6.104,-34.826,-0.29,1
6.278,-35.171,-0.295,1
6.344,-34.907,-0.292,1
6.452,-35.182,-0.296,1
6.587,-35.293,-0.298,1
6.589,-34.701,-0.29,1
6.694,-34.662,-0.289,1
6.795,-34.6,-0.289,1
6.902,-34.571,-0.289,1
7.031,-34.651,-0.29,1
7.097,-34.694,-0.291,1
7.256,-34.913,-0.294,1
7.353,-34.827,-0.293,1
7.468,-34.831,-0.294,1
7.502,-34.464,-0.289,1
7.554,-34.186,-0.285,1
7.572,-34.014,-0.283,1
7.853,-34.759,-0.294,1
8.079,-35.241,-0.301,1
8.093,-34.802,-0.295,1
8.181,-34.685,-0.294,1
5.458,-22.857,-0.124,1
5.515,-22.78,-0.123,1
5.545,-22.748,-0.123,1
5.617,-22.73,-0.123,1
5.694,-22.738,-0.123,1
5.843,-23.022,-0.127,1
9.258,-35.485,-0.309,1
9.434,-35.701,-0.312,1
9.46,-35.57,-0.31,1
9.971,-37.021,-0.332,1
10.025,-36.76,-0.329,1
10.219,-36.566,-0.327,1
10.362,-36.635,-0.328,1
7.166,-25.065,-0.16,1
7.18,-24.966,-0.159,1
7.25,-24.912,-0.158,1
7.323,-24.874,-0.158,1
8.605,-23.074,-0.14,1
8.632,-23.036,-0.139,1
5.415,-14.341,-0.009,1
5.527,-14.499,-0.012,1
5.537,-14.388,-0.011,1
5.579,-14.363,-0.01,1
5.629,-14.359,-0.011,1
5.664,-14.382,-0.011,1
5.713,-14.373,-0.011,1
5.855,-14.596,-0.015,1
20.427,-50.293,-0.555,1
20.601,-50.265,-0.556,1
20.721,-50.11,-0.555,1
20.942,-50.198,-0.557,1
20.91,-49.899,-0.553,1
21.012,-49.706,-0.551,1
21.062,-49.39,-0.547,1
21.107,-49.068,-0.543,1
21.299,-49.09,-0.545,1
21.456,-49.03,-0.545,1
21.621,-49.195,-0.548,1
21.909,-49.427,-0.552,1
22.179,-49.615,-0.556,1
22.301,-49.471,-0.555,1
11.408,-24.918,-0.179,1
11.456,-24.817,-0.178,1
11.479,-24.765,-0.177,1
11.556,-24.727,-0.177,1
11.651,-24.728,-0.178,1
11.762,-24.762,-0.179,1
31.617,-65.923,-0.819,1
22.243,-46.024,-0.511,1
22.333,-45.843,-0.509,1
22.397,-45.791,-0.509,1
21.472,-43.555,-0.475,1
21.562,-43.394,-0.474,1
21.682,-43.294,-0.473,1
21.84,-43.268,-0.474,1
22.009,-43.265,-0.475,1
34.973,-68.185,-0.869,1
35.078,-68.126,-0.869,1
31.603,-60.913,-0.756,1
31.741,-60.711,-0.755,1
31.963,-60.671,-0.756,1
12.282,-22.997,-0.16,1
12.339,-22.93,-0.159,1
12.329,-22.825,-0.158,1
12.469,-22.912,-0.16,1
26.615,-48.48,-0.57,1
26.257,-47.476,-0.555,1
26.436,-47.447,-0.556,1
26.53,-47.264,-0.554,1
26.711,-47.413,-0.557,1
14.201,-25.048,-0.198,1
14.244,-24.941,-0.197,1
14.301,-24.859,-0.196,1
14.387,-24.828,-0.197,1
14.651,-25.1,-0.202,1
26.775,-45.5,-0.534,1
27.858,-47.169,-0.562,1
28.006,-47.081,-0.562,1
26.879,-44.868,-0.528,1
26.783,-44.391,-0.521,1
26.91,-44.286,-0.521,1
27.245,-44.522,-0.526,1
27.345,-44.372,-0.525,1
27.017,-43.686,-0.514,1
26.773,-42.99,-0.504,1
26.925,-42.933,-0.505,1
21.125,-33.462,-0.349,1
21.199,-33.346,-0.348,1
21.292,-33.261,-0.348,1
21.38,-33.283,-0.349,1
21.542,-33.305,-0.35,1
27.402,-42.061,-0.498,1
27.122,-41.348,-0.488,1
27.142,-41.096,-0.485,1
27.226,-40.944,-0.484,1
27.36,-40.866,-0.484,1
30.475,-45.358,-0.56,1
30.504,-45.095,-0.558,1
28.63,-42.043,-0.507,1
28.533,-41.62,-0.502,1
27.969,-40.525,-0.485,1
28.195,-40.578,-0.487,1
28.813,-41.19,-0.499,1
30.64,-43.653,-0.542,1
30.745,-43.511,-0.541,1
27.458,-38.607,-0.459,1
31.153,-43.505,-0.545,1
28.163,-39.074,-0.47,1
31.55,-43.48,-0.548,1
28.323,-38.78,-0.468,1
31.703,-43.26,-0.546,1
31.756,-43.049,-0.544,1
31.795,-42.819,-0.542,1
31.836,-42.594,-0.54,1
31.872,-42.365,-0.538,1
31.902,-42.129,-0.535,1
31.931,-41.893,-0.533,1
31.902,-41.719,-0.531,1
30.868,-40.106,-0.504,1
30.911,-39.903,-0.502,1
30.936,-39.676,-0.5,1
30.972,-39.467,-0.498,1
30.999,-39.248,-0.496,1
30.967,-39.08,-0.493,1
31.003,-38.874,-0.491,1
31.032,-38.662,-0.489,1
30.726,-38.035,-0.48,1
30.77,-37.845,-0.478,1
21.341,-26.093,-0.267,1
21.369,-25.961,-0.266,1
21.392,-25.906,-0.265,1
21.486,-25.854,-0.266,1
21.53,-25.742,-0.265,1
30.798,-36.571,-0.465,1
31.094,-36.688,-0.469,1
31.25,-36.638,-0.469,1
31.283,-36.445,-0.468,1
15.53,-18.056,-0.128,1
15.545,-17.958,-0.127,1
15.562,-17.864,-0.127,1
15.617,-17.814,-0.127,1
14.561,-16.508,-0.103,1
14.59,-16.436,-0.103,1
14.583,-16.376,-0.102,1
14.628,-16.323,-0.102,1
14.667,-16.263,-0.101,1
14.743,-16.245,-0.102,1
14.808,-16.214,-0.102,1
15.069,-16.395,-0.107,1
33.057,-35.696,-0.476,1
33.023,-35.323,-0.472,1
32.624,-34.678,-0.462,1
21.358,-22.291,-0.227,1
21.379,-22.174,-0.226,1
21.402,-22.128,-0.226,1
21.5,-22.09,-0.227,1
21.622,-22.076,-0.228,1
31.453,-31.896,-0.422,1
31.522,-31.766,-0.422,1
31.724,-31.768,-0.424,1
31.765,-31.71,-0.424,1
31.71,-31.457,-0.421,1
31.837,-31.385,-0.421,1
31.934,-31.283,-0.421,1
31.966,-31.119,-0.42,1
31.982,-30.939,-0.418,1
32.001,-30.764,-0.417,1
31.986,-30.652,-0.415,1
31.937,-30.414,-0.413,1
31.894,-30.183,-0.41,1
31.932,-30.029,-0.409,1
31.934,-29.843,-0.407,1
31.974,-29.692,-0.406,1
31.976,-29.507,-0.404,1
31.966,-29.406,-0.403,1
31.989,-29.242,-0.402,1
31.735,-28.828,-0.395,1
31.701,-28.616,-0.393,1
31.727,-28.459,-0.392,1
27.846,-24.824,-0.317,1
27.84,-24.663,-0.316,1
27.679,-24.443,-0.312,1
27.772,-24.37,-0.312,1
27.758,-24.204,-0.311,1
27.783,-24.072,-0.31,1
27.849,-23.977,-0.31,1
27.918,-23.884,-0.309,1
27.976,-23.782,-0.309,1
28.039,-23.76,-0.31,1
28.094,-23.655,-0.309,1
28.194,-23.589,-0.31,1
28.345,-23.564,-0.311,1
28.572,-23.601,-0.314,1
28.732,-23.582,-0.315,1
22.068,-18.062,-0.194,1
22.077,-17.954,-0.193,1
22.163,-17.908,-0.194,1
32.468,-26.052,-0.378,1
32.488,-25.9,-0.377,1
32.495,-25.74,-0.376,1
32.533,-25.604,-0.375,1
32.509,-25.502,-0.374,1
32.531,-25.355,-0.373,1
32.558,-25.212,-0.372,1
32.567,-25.056,-0.37,1
32.584,-24.906,-0.369,1
32.601,-24.758,-0.368,1
32.589,-24.668,-0.367,1
13.57,-10.157,-0.032,1
13.586,-10.103,-0.032,1
32.787,-24.176,-0.365,1
32.874,-24.081,-0.366,1
32.692,-23.791,-0.361,1
33.199,-24.079,-0.369,1
20.373,-14.692,-0.147,1
20.372,-14.594,-0.146,1
20.388,-14.509,-0.145,1
20.421,-14.435,-0.145,1
20.487,-14.386,-0.145,1
20.544,-14.33,-0.146,1
20.604,-14.324,-0.146,1
20.695,-14.291,-0.147,1
33.583,-23.015,-0.365,1
33.041,-22.492,-0.355,1
33.148,-22.413,-0.355,1
33.154,-22.265,-0.354,1
33.145,-22.109,-0.353,1
28.645,-19.046,-0.277,1
28.299,-18.689,-0.27,1
28.321,-18.576,-0.269,1
28.449,-18.532,-0.27,1
28.67,-18.548,-0.273,1
28.855,-18.539,-0.275,1
28.904,-18.443,-0.275,1
28.972,-18.422,-0.276,1
29.182,-18.427,-0.278,1
23.9,-14.993,-0.19,1
23.881,-14.876,-0.189,1
23.899,-14.783,-0.188,1
23.945,-14.708,-0.188,1
23.99,-14.684,-0.189,1
24.028,-14.603,-0.189,1
30.832,-18.598,-0.299,1
31.108,-18.631,-0.303,1
31.014,-18.443,-0.3,1
30.97,-18.285,-0.299,1
31.847,-18.667,-0.312,1
31.975,-18.675,-0.314,1
32.362,-18.765,-0.319,1
32.946,-18.965,-0.327,1
33.056,-18.89,-0.328,1
33.084,-18.768,-0.328,1
33.097,-18.639,-0.327,1
33.112,-18.51,-0.326,1
33.101,-18.436,-0.326,1
33.111,-18.306,-0.325,1
33.135,-18.183,-0.324,1
33.157,-18.06,-0.324,1
33.173,-17.934,-0.323,1
33.176,-17.801,-0.322,1
30.745,-16.437,-0.283,1
30.802,-16.343,-0.283,1
33.206,-17.483,-0.32,1
33.219,-17.357,-0.32,1
33.192,-17.21,-0.319,1
33.264,-17.115,-0.319,1
29.895,-15.266,-0.265,1
29.94,-15.23,-0.265,1
29.888,-15.085,-0.264,1
30.125,-15.086,-0.267,1
30.158,-14.984,-0.266,1
30.174,-14.874,-0.266,1
30.267,-14.802,-0.267,1
30.458,-14.777,-0.269,1
34.665,-16.747,-0.334,1
34.701,-16.63,-0.334,1
34.734,-16.512,-0.334,1
34.764,-16.392,-0.333,1
34.78,-16.267,-0.333,1
34.732,-16.111,-0.331,1
34.775,-16.065,-0.331,1
30.241,-13.859,-0.261,1
34.567,-15.707,-0.327,1
34.553,-15.569,-0.326,1
34.048,-15.214,-0.317,1
34.665,-15.359,-0.326,1
34.632,-15.214,-0.325,1
34.016,-14.881,-0.315,1
31.618,-13.715,-0.278,1
31.597,-13.588,-0.277,1
30.324,-12.929,-0.257,1
30.342,-12.825,-0.256,1
27.436,-11.497,-0.211,1
27.143,-11.275,-0.206,1
26.58,-10.993,-0.198,1
26.838,-11.001,-0.201,1
26.934,-10.941,-0.202,1
26.823,-10.798,-0.2,1
26.798,-10.69,-0.199,1
26.695,-10.553,-0.197,1
26.984,-10.568,-0.201,1
26.875,-10.478,-0.199,1
26.867,-10.377,-0.198,1
26.692,-10.214,-0.195,1
26.741,-10.136,-0.195,1
26.982,-10.131,-0.198,1
27.151,-10.096,-0.2,1
27.128,-9.991,-0.2,1
27.211,-9.973,-0.201,1
27.182,-9.866,-0.2,1
27.366,-9.835,-0.202,1
27.282,-9.708,-0.2,1
27.386,-9.648,-0.201,1
27.266,-9.51,-0.199,1
27.376,-9.5,-0.201,1
27.587,-9.476,-0.203,1
27.384,-9.311,-0.2,1
27.606,-9.29,-0.203,1
27.706,-9.226,-0.204,1
27.683,-9.122,-0.203,1
27.75,-9.048,-0.204,1
27.773,-9.007,-0.204,1
27.602,-8.856,-0.201,1
27.748,-8.806,-0.203,1
18.603,-5.849,-0.068,1
18.552,-5.769,-0.067,1
18.492,-5.687,-0.066,1
18.471,-5.617,-0.065,1
18.467,-5.584,-0.065,1
18.461,-5.519,-0.065,1
18.455,-5.454,-0.064,1
18.449,-5.39,-0.064,1
18.43,-5.321,-0.063,1
18.444,-5.263,-0.063,1
18.44,-5.199,-0.063,1
18.423,-5.163,-0.063,1
18.429,-5.102,-0.062,1
18.447,-5.045,-0.063,1
18.432,-4.978,-0.062,1
18.428,-4.915,-0.062,1
18.436,-4.855,-0.062,1
18.435,-4.794,-0.061,1
18.422,-4.759,-0.061,1
18.417,-4.696,-0.061,1
18.412,-4.634,-0.061,1
18.419,-4.574,-0.06,1
18.433,-4.516,-0.06,1
18.42,-4.451,-0.06,1
18.412,-4.419,-0.06,1
18.414,-4.358,-0.06,1
18.414,-4.297,-0.059,1
18.408,-4.235,-0.059,1
18.421,-4.177,-0.059,1
18.401,-4.112,-0.059,1
18.437,-4.059,-0.059,1
18.435,-4.028,-0.059,1
18.589,-4,-0.061,1
18.764,-3.976,-0.063,1
19.003,-3.964,-0.067,1
19.214,-3.945,-0.069,1
31.872,-6.422,-0.25,1
31.971,-6.39,-0.251,1
31.969,-6.285,-0.251,1
32.215,-6.228,-0.254,1
53.63,-10.176,-0.56,1
53.628,-10.002,-0.559,1
53.799,-9.859,-0.561,1
59.856,-10.674,-0.647,1
63.999,-11.204,-0.705,1
53.565,-9.208,-0.556,1
53.572,-9.036,-0.556,1
53.614,-8.87,-0.556,1
53.612,-8.697,-0.556,1
53.655,-8.531,-0.556,1
53.637,-8.442,-0.556,1
38.902,-6.005,-0.346,1
38.956,-5.888,-0.347,1
38.86,-5.749,-0.345,1
53.727,-7.766,-0.555,1
53.737,-7.595,-0.555,1
53.747,-7.424,-0.555,1
53.754,-7.339,-0.555,1
53.777,-7.17,-0.555,1
35.601,-4.642,-0.298,1
53.817,-6.832,-0.555,1
48.779,-6.039,-0.483,1
48.83,-5.889,-0.484,1
53.873,-6.409,-0.555,1
53.865,-6.237,-0.555,1
53.871,-6.066,-0.554,1
53.911,-5.899,-0.555,1
48.906,-5.043,-0.484,1
55.521,-5.545,-0.577,1
55.45,-5.45,-0.575,1
55.459,-5.275,-0.575,1
55.475,-5.101,-0.575,1
51.124,-4.541,-0.514,1
51.371,-4.4,-0.517,1
51.437,-4.243,-0.518,1
53.34,-4.231,-0.545,1
31.84,-2.486,-0.242,1
31.702,-2.375,-0.24,1
31.502,-1.962,-0.237,1
32.059,-1.34,-0.244,1
64.423,-0.641,-0.698,1
64.295,-0.438,-0.696,1
71.654,5.31,-1.301,1
71.355,5.514,-1.296,1
70.892,5.59,-1.286,1
70.326,5.768,-1.274,1
70.228,5.982,-1.273,1
64.842,6.45,-1.161,1
57.683,6.107,-1.011,1
57.635,6.285,-1.011,1
57.494,6.452,-1.008,1
57.486,6.634,-1.008,1
24.463,3.111,-0.312,1
24.457,3.189,-0.312,1
24.453,3.266,-0.312,1
24.445,3.343,-0.312,1
24.442,3.421,-0.312,1
24.429,3.458,-0.312,1
24.426,3.536,-0.312,1
39.226,5.789,-0.626,1
39.228,5.915,-0.627,1
39.237,6.043,-0.627,1
39.245,6.17,-0.628,1
39.253,6.235,-0.628,1
39.204,6.353,-0.628,1
39.284,6.493,-0.63,1
42.819,7.213,-0.705,1
42.81,7.35,-0.706,1
29.224,5.12,-0.417,1
28.968,5.169,-0.412,1
28.488,5.594,-0.404,1
28.463,5.635,-0.403,1
28.457,5.727,-0.404,1
28.464,5.822,-0.404,1
25.891,6.022,-0.352,1
25.874,6.104,-0.352,1
25.866,6.188,-0.353,1
25.878,6.234,-0.353,1
26.113,6.377,-0.359,1
25.854,6.4,-0.353,1
26.834,7,-0.376,1
26.836,7.046,-0.377,1
25.735,7.105,-0.355,1
25.827,7.217,-0.357,1
25.771,7.905,-0.36,1
25.843,8.016,-0.362,1
32.023,10.036,-0.499,1
31.791,10.074,-0.494,1
31.519,10.097,-0.489,1
30.903,10.007,-0.476,1
30.084,9.795,-0.458,1
30.019,9.878,-0.458,1
29.927,9.953,-0.456,1
30.042,10.095,-0.459,1
29.984,10.181,-0.459,1
30.071,10.316,-0.462,1
30.883,10.702,-0.48,1
30.859,10.748,-0.48,1
28.445,10.01,-0.427,1
30.472,10.829,-0.473,1
29.815,10.701,-0.459,1
29.724,10.775,-0.458,1
28.445,10.413,-0.43,1
15.958,5.883,-0.152,1
15.644,5.823,-0.145,1
15.444,5.804,-0.141,1
14.53,5.963,-0.124,1
14.769,6.115,-0.13,1
12.965,5.395,-0.089,1
12.863,5.4,-0.087,1
12.774,5.411,-0.086,1
12.7,5.426,-0.084,1
12.633,5.445,-0.083,1
12.587,5.472,-0.083,1
12.527,5.469,-0.082,1
12.482,5.497,-0.081,1
12.421,5.516,-0.08,1
12.391,5.55,-0.08,1
12.346,5.576,-0.079,1
12.213,5.985,-0.08,1
12.169,6.202,-0.081,1
12.179,6.232,-0.082,1
12.17,6.275,-0.082,1
12.163,6.32,-0.082,1
12.105,6.706,-0.085,1
12.074,7.065,-0.088,1
12.054,7.232,-0.09,1
14.409,8.794,-0.149,1
14.413,8.859,-0.15,1
14.408,8.918,-0.15,1
14.402,8.977,-0.151,1
14.364,9.142,-0.152,1
14.388,9.189,-0.153,1
14.408,9.266,-0.154,1
16.193,10.482,-0.199,1
16.187,10.55,-0.2,1
16.199,10.63,-0.201,1
24.327,16.058,-0.406,1
24.51,16.29,-0.412,1
24.488,16.33,-0.412,1
24.496,16.447,-0.414,1
28.29,19.119,-0.511,1
28.101,19.12,-0.508,1
23.183,15.886,-0.384,1
23.13,15.956,-0.384,1
23.178,16.097,-0.387,1
27.49,19.15,-0.497,1
27.374,19.197,-0.496,1
27.21,19.211,-0.493,1
27.06,19.232,-0.491,1
26.922,19.262,-0.489,1
26.775,19.284,-0.487,1
26.624,19.303,-0.484,1
24.103,17.536,-0.42,1
24.326,17.815,-0.427,1
24.16,17.81,-0.424,1
23.961,17.78,-0.421,1
25.942,19.375,-0.474,1
22.547,16.954,-0.386,1
22.538,17.058,-0.388,1
22.602,17.162,-0.39,1
22.561,17.243,-0.39,1
22.421,17.248,-0.388,1
23.401,18.118,-0.415,1
24.975,19.46,-0.459,1
24.844,19.484,-0.457,1
24.733,19.46,-0.455,1
24.603,19.483,-0.453,1
24.465,19.499,-0.451,1
24.332,19.518,-0.449,1
24.197,19.536,-0.447,1
24.072,19.56,-0.445,1
23.91,19.553,-0.443,1
23.834,19.554,-0.441,1
23.554,19.448,-0.435,1
20.541,17.073,-0.355,1
20.579,17.215,-0.357,1
20.618,17.358,-0.36,1
20.327,17.222,-0.354,1
20.171,17.199,-0.351,1
20.145,17.232,-0.351,1
20.017,17.232,-0.349,1
20.114,17.425,-0.353,1
20.002,17.438,-0.351,1
20.091,17.628,-0.355,1
20.135,17.778,-0.358,1
19.71,17.57,-0.349,1
19.723,17.693,-0.35,1
19.375,17.491,-0.342,1
19.789,17.978,-0.356,1
19.666,17.979,-0.354,1
19.566,18,-0.352,1
19.579,18.069,-0.354,1
19.652,18.251,-0.357,1
20.019,18.708,-0.369,1
19.868,18.685,-0.367,1
19.728,18.67,-0.364,1
19.589,18.656,-0.362,1
19.476,18.665,-0.361,1
19.484,18.732,-0.362,1
19.306,18.678,-0.358,1
18.782,18.287,-0.345,1
18.56,18.185,-0.34,1
18.64,18.378,-0.344,1
18.566,18.421,-0.343,1
18.521,18.492,-0.344,1
18.817,18.846,-0.353,1
18.263,18.407,-0.339,1
17.952,18.209,-0.331,1
17.912,18.282,-0.332,1
17.804,18.287,-0.33,1
17.787,18.384,-0.331,1
17.765,18.477,-0.332,1
17.94,18.717,-0.339,1
18.14,19.045,-0.346,1
18.166,19.192,-0.349,1
18.068,19.21,-0.348,1
17.949,19.204,-0.346,1
17.932,19.307,-0.347,1
12.101,13.165,-0.17,1
17.194,18.807,-0.329,1
17.071,18.792,-0.327,1
16.892,18.712,-0.323,1
16.787,18.714,-0.322,1
16.748,18.789,-0.323,1
16.582,18.662,-0.318,1
16.132,18.272,-0.306,1
16.06,18.306,-0.306,1
16.02,18.376,-0.306,1
15.813,18.254,-0.301,1
15.521,18.033,-0.294,1
15.459,18.075,-0.294,1
15.124,17.741,-0.284,1
15.074,17.794,-0.284,1
14.956,17.768,-0.282,1
15.153,18.117,-0.29,1
14.717,17.71,-0.278,1
14.705,17.808,-0.279,1
14.648,17.853,-0.279,1
14.664,17.93,-0.281,1
14.653,18.032,-0.282,1
14.8,18.329,-0.289,1
14.541,18.125,-0.282,1
14.577,18.288,-0.285,1
14.655,18.504,-0.29,1
14.601,18.555,-0.29,1
15.641,19.937,-0.326,1
15.531,19.927,-0.325,1
16.035,20.705,-0.344,1
15.928,20.702,-0.343,1
15.655,20.48,-0.335,1
14.932,19.664,-0.313,1
14.828,19.655,-0.311,1
14.846,19.743,-0.313,1
14.787,19.793,-0.313,1
14.72,19.833,-0.313,1
14.732,19.98,-0.315,1
14.673,20.031,-0.316,1
14.506,19.935,-0.312,1
14.599,20.196,-0.317,1
15.029,20.858,-0.334,1
15.322,21.405,-0.347,1
15.343,21.577,-0.35,1
14.816,20.976,-0.333,1
14.799,21.092,-0.335,1
14.869,21.334,-0.34,1
15.349,22.169,-0.36,1
15.076,21.849,-0.352,1
15.024,21.92,-0.352,1
15.259,22.413,-0.363,1
15.294,22.616,-0.367,1
15.156,22.565,-0.365,1
15.209,22.798,-0.37,1
15.22,22.971,-0.373,1
15.245,23.086,-0.375,1
15.168,23.128,-0.375,1
12.203,18.745,-0.264,1
12.123,18.749,-0.263,1
12.065,18.789,-0.263,1
12.036,18.874,-0.264,1
12.036,19.004,-0.267,1
15.23,24.12,-0.393,1
15.195,24.232,-0.395,1
15.177,24.373,-0.397,1
15.183,24.554,-0.4,1
15.149,24.672,-0.402,1
15.155,24.856,-0.405,1
15.199,25.016,-0.409,1
15.17,25.146,-0.411,1
15.115,25.233,-0.412,1
14.971,25.172,-0.409,1
15.078,25.534,-0.417,1
14.982,25.555,-0.416,1
15.026,25.815,-0.421,1
15.079,25.999,-0.425,1
14.905,25.887,-0.421,1
14.949,26.152,-0.427,1
14.846,26.163,-0.426,1
14.777,26.232,-0.426,1
14.822,26.507,-0.432,1
14.771,26.611,-0.433,1
14.853,26.858,-0.438,1
14.813,26.985,-0.44,1
14.701,26.982,-0.439,1
14.695,27.172,-0.443,1
14.575,27.155,-0.441,1
14.538,27.29,-0.443,1
14.456,27.343,-0.443,1
14.802,28.103,-0.461,1
14.809,28.332,-0.465,1
14.744,28.425,-0.466,1
14.718,28.593,-0.469,1
14.68,28.741,-0.472,1
14.577,28.762,-0.471,1
14.518,28.87,-0.472,1
14.508,28.964,-0.474,1
14.493,29.162,-0.478,1
14.372,29.148,-0.476,1
14.361,29.358,-0.48,1
14.211,29.285,-0.477,1
14.389,29.887,-0.49,1
14.367,30.084,-0.494,1
14.325,30.117,-0.494,1
14.22,30.14,-0.494,1
14.216,30.379,-0.498,1
14.242,30.684,-0.504,1
14.175,30.792,-0.506,1
14.14,30.971,-0.509,1
14.198,31.358,-0.517,1
14.148,31.38,-0.517,1
14.047,31.419,-0.517,1
14.13,31.872,-0.526,1
6.84,15.727,-0.155,1
6.893,15.985,-0.16,1
6.712,15.769,-0.154,1
6.646,15.753,-0.153,1
6.56,15.686,-0.151,1
13.516,32.534,-0.534,1
13.687,33.238,-0.549,1
13.694,33.555,-0.555,1
13.672,33.804,-0.559,1
13.692,34.005,-0.564,1
13.662,34.241,-0.568,1
13.652,34.531,-0.573,1
13.679,34.918,-0.581,1
13.624,35.102,-0.584,1
13.624,35.43,-0.591,1
13.644,35.648,-0.595,1
13.598,35.866,-0.599,1
13.535,36.042,-0.602,1
13.517,36.339,-0.608,1
13.507,36.662,-0.614,1
13.431,36.812,-0.617,1
13.384,37.044,-0.621,1
13.409,37.296,-0.626,1
13.375,37.571,-0.631,1
13.356,37.894,-0.637,1
13.323,38.183,-0.643,1
13.278,38.44,-0.648,1
13.254,38.764,-0.654,1
6.655,19.911,-0.235,1
6.606,19.868,-0.234,1
6.539,19.875,-0.234,1
6.474,19.888,-0.233,1
6.424,19.948,-0.234,1
6.457,20.265,-0.241,1
6.336,20.106,-0.237,1
13.16,41.896,-0.716,1
13.143,42.304,-0.724,1
13.066,42.528,-0.728,1
8.093,26.976,-0.385,1
8.829,29.759,-0.446,1
8.338,28.436,-0.416,1
12.786,43.812,-0.752,1
12.749,44.198,-0.759,1
12.681,44.488,-0.765,1
12.575,44.645,-0.767,1
12.517,44.981,-0.774,1
7.254,26.758,-0.376,1
7.199,26.721,-0.375,1
7.009,26.347,-0.367,1
6.867,26.143,-0.362,1
6.777,26.136,-0.361,1
6.759,26.407,-0.366,1
6.647,26.311,-0.364,1
6.577,26.383,-0.365,1
6.503,26.263,-0.362,1
6.473,26.499,-0.367,1
6.373,26.449,-0.365,1
6.295,26.488,-0.366,1
6.215,26.523,-0.366,1
6.141,26.582,-0.367,1
6.061,26.617,-0.367,1
6.088,26.93,-0.374,1
9.863,44.197,-0.744,1
10.824,49.219,-0.852,1
9.707,44.823,-0.757,1
9.572,44.878,-0.757,1
10.363,49.332,-0.852,1
10.192,49.29,-0.85,1
5.666,27.676,-0.387,1
5.571,27.656,-0.386,1
5.528,27.891,-0.391,1
8.771,44.913,-0.754,1
8.629,44.939,-0.754,1
8.484,44.946,-0.754,1
8.353,45.028,-0.755,1
9.201,50.019,-0.861,1
6.833,37.85,-0.601,1
8.947,50.413,-0.868,1
8.834,50.705,-0.874,1
8.618,50.401,-0.867,1
8.551,50.97,-0.879,1
8.456,51.393,-0.887,1
8.381,51.44,-0.888,1
8.266,51.754,-0.894,1
8.113,51.843,-0.895,1
7.952,51.882,-0.895,1
7.78,51.85,-0.894,1
7.617,51.87,-0.894,1
7.486,52.117,-0.899,1
7.464,52.547,-0.908,1
7.333,52.816,-0.913,1
7.169,52.856,-0.913,1
6.906,52.147,-0.898,1
6.756,52.278,-0.9,1
5.437,51.611,-0.883,1
6.084,-42.632,-0.698,1
6.154,-42.645,-0.698,1
5.01,-33.92,-0.514,1
6.435,-42.69,-0.7,1
5.27,-34.201,-0.52,1
5.369,-34.129,-0.519,1
5.448,-33.934,-0.516,1
5.535,-33.796,-0.513,1
5.759,-34.827,-0.535,1
5.949,-35.288,-0.545,1
6.003,-34.938,-0.538,1
6.065,-34.643,-0.532,1
6.183,-34.675,-0.533,1
6.258,-34.471,-0.53,1
6.317,-34.486,-0.53,1
6.546,-35.115,-0.544,1
6.554,-34.556,-0.532,1
6.822,-35.362,-0.55,1
6.772,-34.518,-0.532,1
6.887,-34.53,-0.533,1
6.96,-34.332,-0.529,1
7.047,-34.483,-0.533,1
7.219,-34.771,-0.54,1
7.243,-34.339,-0.531,1
7.336,-34.247,-0.529,1
7.418,-34.105,-0.527,1
7.496,-33.951,-0.524,1
7.664,-34.204,-0.53,1
7.722,-34.209,-0.53,1
7.828,-34.177,-0.53,1
7.924,-34.104,-0.529,1
8.072,-34.254,-0.533,1
5.477,-22.88,-0.288,1
5.537,-22.816,-0.287,1
5.603,-22.776,-0.287,1
5.643,-22.782,-0.287,1
5.725,-22.807,-0.288,1
5.805,-22.822,-0.289,1
9.64,-37.475,-0.606,1
9.507,-36.479,-0.585,1
9.603,-36.378,-0.584,1
9.583,-36.074,-0.578,1
9.735,-36.187,-0.581,1
9.966,-36.589,-0.59,1
10.089,-36.586,-0.591,1
10.832,-38.81,-0.64,1
10.886,-38.535,-0.635,1
7.176,-25.067,-0.342,1
7.197,-24.993,-0.34,1
7.269,-24.949,-0.34,1
7.517,-24.921,-0.341,1
5.091,-13.733,-0.102,1
5.292,-14.141,-0.111,1
5.328,-14.17,-0.112,1
5.375,-14.161,-0.112,1
5.417,-14.138,-0.112,1
5.474,-14.153,-0.113,1
5.477,-14.029,-0.111,1
24.212,-61.686,-1.184,1
20.482,-51.932,-0.965,1
20.599,-51.751,-0.963,1
20.801,-51.786,-0.965,1
20.922,-51.617,-0.963,1
20.424,-49.935,-0.926,1
20.634,-50,-0.929,1
20.763,-49.866,-0.928,1
20.975,-50.155,-0.935,1
21.08,-49.965,-0.932,1
21.201,-49.814,-0.93,1
21.45,-49.962,-0.935,1
21.887,-50.542,-0.95,1
21.555,-49.35,-0.924,1
22.083,-50.129,-0.944,1
21.912,-49.529,-0.931,1
22.013,-49.338,-0.928,1
22.195,-49.329,-0.929,1
11.425,-24.94,-0.37,1
11.465,-24.822,-0.368,1
11.53,-24.757,-0.368,1
11.574,-24.75,-0.368,1
11.677,-24.767,-0.369,1
11.789,-24.803,-0.371,1
31.582,-66.012,-1.329,1
22.213,-46.038,-0.867,1
22.316,-45.884,-0.865,1
22.459,-45.81,-0.865,1
21.577,-43.489,-0.813,1
21.691,-43.376,-0.812,1
21.838,-43.329,-0.812,1
22.008,-43.326,-0.814,1
22.185,-43.339,-0.816,1
35.121,-68.377,-1.407,1
31.545,-60.936,-1.234,1
31.706,-60.778,-1.232,1
31.898,-60.682,-1.232,1
12.306,-23.024,-0.342,1
12.367,-22.964,-0.342,1
12.552,-23.221,-0.348,1
36.292,-66.738,-1.388,1
35.642,-64.572,-1.341,1
26.543,-47.718,-0.94,1
26.671,-47.595,-0.939,1
26.782,-47.443,-0.937,1
14.206,-25.048,-0.399,1
14.25,-24.944,-0.397,1
14.325,-24.892,-0.397,1
14.546,-25.094,-0.403,1
14.528,-24.883,-0.399,1
26.68,-45.41,-0.899,1
26.711,-45.3,-0.898,1
26.826,-45.169,-0.896,1
26.896,-44.964,-0.894,1
26.923,-44.691,-0.889,1
26.877,-44.299,-0.881,1
26.976,-44.147,-0.88,1
26.841,-43.618,-0.869,1
26.915,-43.584,-0.869,1
27.079,-43.543,-0.87,1
27.045,-43.185,-0.863,1
21.159,-33.541,-0.626,1
21.216,-33.398,-0.625,1
21.322,-33.333,-0.625,1
21.444,-33.293,-0.625,1
21.538,-33.325,-0.627,1
27.735,-42.631,-0.861,1
27.172,-41.48,-0.835,1
27.318,-41.417,-0.835,1
27.27,-41.063,-0.828,1
27.168,-40.631,-0.82,1
27.204,-40.41,-0.816,1
27.243,-40.332,-0.815,1
27.351,-40.218,-0.815,1
27.522,-40.198,-0.816,1
27.986,-40.602,-0.829,1
28.159,-40.58,-0.831,1
28.283,-40.486,-0.83,1
27.424,-38.993,-0.794,1
27.311,-38.703,-0.788,1
27.338,-38.484,-0.785,1
27.363,-38.264,-0.781,1
27.417,-38.086,-0.779,1
27.535,-37.998,-0.779,1
27.884,-38.226,-0.787,1
27.89,-38.108,-0.785,1
28.073,-38.107,-0.787,1
28.16,-37.974,-0.786,1
28.266,-37.867,-0.786,1
28.476,-37.9,-0.789,1
28.625,-37.85,-0.79,1
28.796,-37.829,-0.792,1
28.85,-37.777,-0.792,1
29.034,-37.772,-0.794,1
30.92,-39.967,-0.854,1
30.943,-39.738,-0.851,1
29.733,-37.936,-0.806,1
29.846,-37.834,-0.805,1
30.04,-37.836,-0.808,1
30.197,-37.911,-0.811,1
30.4,-37.92,-0.814,1
30.586,-37.909,-0.816,1
30.596,-37.677,-0.813,1
21.382,-26.15,-0.503,1
21.408,-26.014,-0.501,1
21.425,-25.951,-0.501,1
21.509,-25.887,-0.501,1
21.619,-25.855,-0.502,1
21.76,-25.857,-0.504,1
30.85,-36.443,-0.796,1
30.566,-35.878,-0.783,1
30.606,-35.697,-0.781,1
15.548,-18.057,-0.295,1
15.564,-17.961,-0.293,1
15.614,-17.905,-0.293,1
14.633,-16.672,-0.26,1
14.61,-16.54,-0.258,1
14.634,-16.463,-0.257,1
14.663,-16.391,-0.256,1
14.68,-16.358,-0.256,1
14.743,-16.325,-0.256,1
14.807,-16.292,-0.257,1
14.913,-16.306,-0.258,1
15.201,-16.517,-0.266,1
32.736,-35.391,-0.806,1
31.815,-34.071,-0.772,1
32.457,-34.541,-0.789,1
32.491,-34.36,-0.786,1
21.384,-22.459,-0.445,1
21.374,-22.308,-0.443,1
21.411,-22.206,-0.442,1
21.442,-22.168,-0.442,1
21.492,-22.081,-0.441,1
21.667,-22.122,-0.444,1
31.249,-31.721,-0.729,1
31.141,-31.412,-0.722,1
31.197,-31.272,-0.721,1
31.398,-31.277,-0.724,1
31.155,-30.937,-0.716,1
31.285,-30.871,-0.717,1
31.877,-31.259,-0.731,1
31.975,-31.159,-0.731,1
31.991,-30.979,-0.729,1
32.026,-30.818,-0.727,1
32.038,-30.636,-0.724,1
31.944,-30.45,-0.72,1
31.935,-30.251,-0.717,1
31.943,-30.068,-0.715,1
31.971,-29.906,-0.713,1
31.989,-29.735,-0.711,1
31.999,-29.557,-0.708,1
32.035,-29.405,-0.707,1
32.021,-29.299,-0.705,1
31.72,-28.84,-0.694,1
31.715,-28.654,-0.691,1
31.756,-28.51,-0.69,1
27.846,-24.838,-0.577,1
27.873,-24.705,-0.576,1
27.891,-24.643,-0.575,1
27.711,-24.329,-0.568,1
27.691,-24.158,-0.565,1
27.786,-24.088,-0.566,1
27.924,-24.054,-0.568,1
27.91,-23.889,-0.565,1
28.002,-23.816,-0.566,1
28.153,-23.869,-0.569,1
28.184,-23.743,-0.568,1
28.266,-23.661,-0.568,1
28.369,-23.596,-0.569,1
28.534,-23.582,-0.571,1
28.767,-23.623,-0.575,1
22.101,-18.083,-0.394,1
22.115,-17.979,-0.393,1
22.217,-17.946,-0.394,1
32.477,-26.081,-0.668,1
32.527,-25.954,-0.667,1
32.533,-25.792,-0.665,1
32.575,-25.658,-0.664,1
30.336,-23.815,-0.604,1
32.546,-25.388,-0.66,1
32.583,-25.252,-0.659,1
32.597,-25.1,-0.658,1
32.622,-24.956,-0.656,1
30.173,-22.93,-0.59,1
30.279,-22.861,-0.59,1
13.557,-10.184,-0.15,1
13.605,-10.154,-0.151,1
32.615,-24.227,-0.647,1
32.736,-24.158,-0.648,1
32.802,-24.048,-0.648,1
32.668,-23.792,-0.642,1
20.484,-14.808,-0.325,1
20.417,-14.711,-0.323,1
20.413,-14.61,-0.321,1
20.431,-14.526,-0.321,1
20.488,-14.47,-0.321,1
20.544,-14.414,-0.321,1
20.619,-14.37,-0.322,1
20.736,-14.355,-0.324,1
20.844,-14.382,-0.326,1
30.667,-21.031,-0.575,1
32.773,-22.327,-0.626,1
32.795,-22.191,-0.625,1
30.668,-20.61,-0.57,1
30.684,-20.481,-0.568,1
28.489,-18.82,-0.511,1
28.41,-18.639,-0.507,1
28.512,-18.578,-0.508,1
28.566,-18.487,-0.508,1
28.855,-18.545,-0.514,1
29.076,-18.559,-0.518,1
29.087,-18.501,-0.518,1
29.184,-18.434,-0.519,1
23.956,-15.021,-0.388,1
23.938,-14.906,-0.386,1
23.965,-14.818,-0.386,1
24.016,-14.746,-0.386,1
24.078,-14.68,-0.386,1
24.073,-14.625,-0.386,1
30.774,-18.572,-0.549,1
30.69,-18.39,-0.545,1
31.096,-18.501,-0.554,1
31.137,-18.393,-0.553,1
31.229,-18.316,-0.554,1
31.04,-18.139,-0.549,1
29.484,-17.104,-0.51,1
31.178,-17.958,-0.549,1
31.3,-17.898,-0.551,1
31.191,-17.705,-0.547,1
30.796,-17.353,-0.536,1
29.4,-16.444,-0.501,1
29.308,-16.331,-0.498,1
31.125,-17.218,-0.541,1
31.226,-17.146,-0.542,1
33.211,-18.102,-0.588,1
33.227,-17.975,-0.587,1
30.758,-16.513,-0.527,1
30.818,-16.421,-0.527,1
30.791,-16.344,-0.526,1
30.618,-16.129,-0.521,1
30.867,-16.137,-0.525,1
33.311,-17.283,-0.582,1
29.483,-15.06,-0.489,1
30.009,-15.269,-0.501,1
30.255,-15.275,-0.506,1
30.242,-15.15,-0.504,1
30.256,-15.038,-0.503,1
30.331,-14.957,-0.504,1
30.491,-14.917,-0.507,1
31.306,-15.194,-0.525,1
31.349,-15.155,-0.525,1
30.262,-14.394,-0.498,1
30.339,-14.314,-0.498,1
30.48,-14.264,-0.501,1
33.471,-15.538,-0.569,1
30.46,-14.022,-0.498,1
30.422,-13.946,-0.497,1
33.517,-15.241,-0.567,1
33.421,-15.07,-0.564,1
33.549,-15.001,-0.565,1
31.333,-13.891,-0.514,1
30.636,-13.466,-0.497,1
30.509,-13.296,-0.493,1
29.94,-12.991,-0.479,1
30.041,-12.923,-0.481,1
29.932,-12.765,-0.477,1
26.918,-11.377,-0.408,1
27.123,-11.364,-0.412,1
27.083,-11.247,-0.41,1
27.124,-11.164,-0.41,1
27.003,-11.064,-0.407,1
26.806,-10.885,-0.402,1
27.059,-10.889,-0.406,1
26.939,-10.743,-0.403,1
27.065,-10.695,-0.405,1
27.009,-10.575,-0.403,1
26.951,-10.503,-0.401,1
26.859,-10.37,-0.399,1
26.614,-10.179,-0.392,1
26.569,-10.066,-0.391,1
27.059,-10.155,-0.401,1
27.085,-10.068,-0.401,1
27.06,-9.962,-0.4,1
26.886,-9.85,-0.395,1
27.033,-9.808,-0.398,1
27.07,-9.725,-0.398,1
27.181,-9.669,-0.4,1
27.14,-9.558,-0.398,1
27.341,-9.533,-0.402,1
27.324,-9.43,-0.401,1
27.316,-9.379,-0.4,1
27.332,-9.289,-0.4,1
27.598,-9.283,-0.405,1
18.548,-6.165,-0.205,1
18.474,-6.076,-0.203,1
18.499,-6.02,-0.203,1
18.495,-5.954,-0.202,1
18.455,-5.909,-0.201,1
18.462,-5.848,-0.201,1
18.467,-5.785,-0.201,1
18.443,-5.714,-0.2,1
18.439,-5.65,-0.199,1
18.436,-5.586,-0.199,1
18.44,-5.524,-0.199,1
18.412,-5.484,-0.198,1
18.437,-5.428,-0.198,1
18.456,-5.371,-0.198,1
18.44,-5.303,-0.197,1
18.451,-5.244,-0.197,1
18.439,-5.178,-0.196,1
18.431,-5.144,-0.196,1
18.428,-5.081,-0.196,1
18.421,-5.017,-0.195,1
18.423,-4.955,-0.195,1
18.434,-4.772,-0.194,1
18.4,-4.212,-0.191,1
18.382,-4.147,-0.19,1
18.403,-4.091,-0.19,1
18.65,-4.085,-0.195,1
18.431,-4.006,-0.19,1
31.509,-6.248,-0.468,1
31.654,-6.225,-0.471,1
32.188,-6.226,-0.482,1
32.003,-6.086,-0.478,1
53.691,-10.053,-0.94,1
53.915,-9.92,-0.944,1
54.371,-9.827,-0.953,1
59.931,-10.641,-1.071,1
64.231,-11.302,-1.162,1
53.609,-9.255,-0.936,1
53.61,-9.082,-0.935,1
53.636,-8.913,-0.935,1
53.658,-8.744,-0.935,1
53.709,-8.579,-0.935,1
40.795,-6.444,-0.661,1
40.724,-6.302,-0.659,1
39.091,-5.922,-0.624,1
39.137,-5.804,-0.625,1
40.809,-5.922,-0.66,1
40.889,-5.802,-0.661,1
53.796,-7.47,-0.934,1
53.798,-7.384,-0.934,1
53.836,-7.217,-0.934,1
35.657,-4.657,-0.549,1
40.368,-5.147,-0.648,1
40.39,-5.021,-0.648,1
40.287,-4.879,-0.646,1
40.351,-4.759,-0.647,1
40.686,-4.734,-0.654,1
41.597,-4.708,-0.673,1
42.272,-4.65,-0.687,1
43.789,-4.679,-0.718,1
43.843,-4.545,-0.719,1
44.806,-4.503,-0.739,1
46.012,-4.479,-0.764,1
47.57,-4.556,-0.797,1
48.81,-4.521,-0.823,1
50.085,-4.481,-0.849,1
51.19,-4.419,-0.872,1
45.688,-1.42,-0.753,1
45.684,-1.276,-0.753,1
59.112,5.176,-1.343,1
58.972,5.35,-1.339,1
58.658,5.508,-1.332,1
58.326,5.661,-1.323,1
57.976,5.811,-1.315,1
57.717,5.968,-1.308,1
57.576,6.045,-1.305,1
57.342,6.203,-1.299,1
57.195,6.368,-1.296,1
57.058,6.535,-1.293,1
56.789,6.685,-1.286,1
43.591,5.333,-0.941,1
24.436,3.056,-0.437,1
24.428,3.133,-0.438,1
24.487,3.219,-0.439,1
24.446,3.292,-0.439,1
24.465,3.373,-0.439,1
24.452,3.449,-0.439,1
24.447,3.488,-0.439,1
24.289,3.543,-0.435,1
39.239,5.866,-0.83,1
39.248,5.993,-0.831,1
39.267,6.122,-0.832,1
39.271,6.249,-0.832,1
39.253,6.373,-0.832,1
28.959,4.741,-0.561,1
28.711,4.793,-0.554,1
28.546,4.858,-0.55,1
28.482,4.939,-0.549,1
28.448,5.025,-0.549,1
28.426,5.114,-0.548,1
28.416,5.158,-0.548,1
28.431,5.253,-0.549,1
28.393,5.338,-0.549,1
28.361,5.424,-0.548,1
26.658,5.184,-0.503,1
26.432,5.226,-0.498,1
26.258,5.277,-0.494,1
26.164,5.301,-0.491,1
26.057,5.365,-0.489,1
26.001,5.438,-0.488,1
25.982,5.519,-0.488,1
25.953,5.598,-0.488,1
25.931,5.679,-0.488,1
25.867,5.793,-0.487,1
25.85,5.875,-0.487,1
25.844,5.958,-0.487,1
25.827,6.04,-0.487,1
25.817,6.124,-0.487,1
25.81,6.207,-0.488,1
25.798,6.29,-0.488,1
25.819,6.511,-0.49,1
26.754,7.017,-0.517,1
26.665,7.083,-0.515,1
25.784,7.152,-0.493,1
26.036,7.311,-0.5,1
25.611,7.979,-0.495,1
25.781,8.121,-0.5,1
25.797,8.215,-0.501,1
25.845,8.32,-0.503,1
25.887,8.424,-0.505,1
25.906,8.52,-0.506,1
25.948,8.579,-0.508,1
26,8.687,-0.51,1
26.054,8.796,-0.512,1
26.102,8.904,-0.514,1
26.146,9.011,-0.516,1
28.33,9.865,-0.578,1
27.874,9.805,-0.566,1
27.795,9.826,-0.564,1
27.881,9.955,-0.567,1
27.524,9.925,-0.558,1
16.018,5.821,-0.24,1
15.649,5.742,-0.23,1
15.497,5.742,-0.226,1
15.335,5.709,-0.222,1
14.719,5.797,-0.208,1
14.554,5.811,-0.204,1
13.163,5.3,-0.165,1
12.988,5.278,-0.161,1
12.7,5.253,-0.154,1
12.602,5.235,-0.151,1
12.53,5.252,-0.15,1
12.187,5.797,-0.147,1
12.162,5.832,-0.147,1
12.153,5.946,-0.148,1
13.398,6.663,-0.185,1
12.149,6.086,-0.15,1
12.135,6.127,-0.15,1
12.137,6.176,-0.15,1
12.123,6.217,-0.151,1
12.129,6.244,-0.151,1
12.129,6.292,-0.152,1
12.109,6.33,-0.152,1
12.098,6.373,-0.152,1
12.108,6.427,-0.153,1
12.086,6.464,-0.153,1
12.046,6.664,-0.154,1
12.032,6.705,-0.154,1
13.239,7.518,-0.192,1
13.25,7.58,-0.193,1
11.99,7.34,-0.162,1
11.992,7.419,-0.163,1
14.365,9.145,-0.239,1
14.351,9.2,-0.24,1
14.364,9.24,-0.241,1
16.187,10.489,-0.298,1
16.152,10.538,-0.298,1
16.172,10.624,-0.3,1
24.098,15.955,-0.549,1
23.979,15.985,-0.547,1
24.437,16.401,-0.563,1
27.82,18.74,-0.67,1
27.883,18.911,-0.674,1
23.181,15.93,-0.529,1
23.12,15.995,-0.528,1
23.125,16.106,-0.53,1
23.214,16.223,-0.534,1
26.614,18.728,-0.644,1
26.476,18.755,-0.641,1
26.537,18.924,-0.645,1
26.315,18.891,-0.64,1
26.019,18.802,-0.632,1
22.37,17.257,-0.532,1
24.114,18.848,-0.593,1
23.939,18.832,-0.59,1
23.767,18.817,-0.586,1
23.582,18.731,-0.581,1
23.317,18.64,-0.574,1
23.094,18.581,-0.568,1
22.936,18.572,-0.565,1
22.754,18.543,-0.561,1
22.63,18.561,-0.559,1
22.435,18.519,-0.554,1
22.329,18.49,-0.551,1
22.197,18.499,-0.549,1
22.076,18.516,-0.547,1
21.953,18.531,-0.544,1
21.845,18.557,-0.543,1
20.033,17.123,-0.483,1
20.227,17.345,-0.49,1
20.044,17.297,-0.486,1
20.02,17.386,-0.487,1
19.992,17.473,-0.488,1
20.081,17.663,-0.493,1
19.862,17.581,-0.487,1
19.825,17.659,-0.488,1
20.156,18.012,-0.5,1
19.793,17.799,-0.489,1
20.112,18.201,-0.503,1
19.696,17.937,-0.49,1
19.822,18.166,-0.496,1
19.699,18.167,-0.494,1
19.76,18.281,-0.497,1
19.635,18.28,-0.495,1
19.527,18.294,-0.493,1
19.489,18.375,-0.494,1
19.378,18.385,-0.492,1
19.352,18.476,-0.493,1
19.245,18.49,-0.491,1
19.239,18.542,-0.492,1
19.142,18.565,-0.491,1
18.926,18.471,-0.485,1
18.68,18.345,-0.478,1
18.672,18.453,-0.48,1
18.624,18.522,-0.48,1
18.486,18.501,-0.477,1
18.447,18.52,-0.477,1
18.331,18.519,-0.475,1
18.242,18.545,-0.474,1
18.163,18.581,-0.473,1
17.857,18.383,-0.464,1
17.986,18.633,-0.471,1
17.897,18.658,-0.469,1
17.767,18.58,-0.466,1
17.758,18.688,-0.468,1
17.727,18.773,-0.469,1
17.233,18.364,-0.452,1
17.075,18.31,-0.448,1
16.98,18.324,-0.447,1
11.942,12.998,-0.256,1
11.901,13.035,-0.256,1
16.952,18.702,-0.454,1
16.829,18.684,-0.451,1
16.72,18.68,-0.449,1
16.645,18.715,-0.448,1
16.573,18.752,-0.448,1
16.133,18.311,-0.432,1
16.073,18.359,-0.432,1
16.011,18.404,-0.431,1
15.941,18.441,-0.431,1
15.656,18.225,-0.422,1
15.451,18.101,-0.416,1
15.272,17.948,-0.41,1
15.079,17.834,-0.404,1
14.903,17.739,-0.399,1
14.877,17.821,-0.401,1
14.774,17.811,-0.399,1
14.705,17.842,-0.398,1
14.868,18.156,-0.407,1
14.659,17.957,-0.4,1
14.722,18.151,-0.405,1
14.656,18.186,-0.404,1
14.542,18.162,-0.402,1
14.531,18.265,-0.404,1
14.517,18.366,-0.406,1
15.371,19.574,-0.444,1
15.351,19.613,-0.445,1
15.255,19.617,-0.443,1
15.182,19.65,-0.443,1
15.114,19.69,-0.443,1
15.039,19.72,-0.442,1
14.993,19.788,-0.443,1
14.869,19.753,-0.44,1
14.826,19.76,-0.439,1
14.767,19.81,-0.44,1
14.754,19.924,-0.442,1
14.701,19.983,-0.442,1
14.733,20.16,-0.446,1
14.735,20.295,-0.449,1
14.732,20.359,-0.451,1
14.684,20.428,-0.451,1
14.692,20.575,-0.455,1
14.618,20.608,-0.454,1
14.585,20.699,-0.456,1
14.619,20.886,-0.46,1
14.583,20.975,-0.461,1
14.559,21.011,-0.462,1
14.591,21.2,-0.466,1
14.599,21.354,-0.47,1
14.546,21.422,-0.471,1
14.528,21.54,-0.473,1
14.606,21.804,-0.48,1
14.605,21.951,-0.483,1
14.571,21.976,-0.483,1
14.567,22.12,-0.486,1
14.524,22.206,-0.487,1
12.185,18.751,-0.378,1
12.097,18.744,-0.377,1
12.039,18.784,-0.377,1
12.006,18.862,-0.378,1
12.036,18.976,-0.381,1
14.444,22.941,-0.502,1
14.386,23.008,-0.503,1
14.368,23.142,-0.506,1
14.324,23.233,-0.507,1
14.364,23.463,-0.513,1
14.263,23.464,-0.511,1
14.297,23.603,-0.515,1
14.3,23.776,-0.519,1
14.277,23.909,-0.521,1
14.252,24.038,-0.524,1
14.298,24.289,-0.53,1
14.251,24.384,-0.532,1
14.258,24.484,-0.534,1
14.286,24.711,-0.54,1
14.262,24.849,-0.542,1
14.146,24.828,-0.54,1
14.208,25.121,-0.548,1
14.153,25.207,-0.549,1
14.108,25.313,-0.551,1
14.157,25.496,-0.556,1
13.964,25.335,-0.55,1
14.031,25.648,-0.558,1
14.048,25.873,-0.563,1
14.024,26.022,-0.566,1
13.904,25.996,-0.564,1
13.929,26.241,-0.57,1
13.966,26.411,-0.574,1
13.857,26.405,-0.573,1
13.873,26.638,-0.578,1
13.852,26.803,-0.582,1
13.841,26.99,-0.586,1
13.819,27.156,-0.59,1
13.809,27.35,-0.594,1
13.883,27.605,-0.601,1
13.902,27.86,-0.607,1
13.888,28.052,-0.612,1
13.819,28.135,-0.613,1
13.673,28.06,-0.609,1
13.618,28.173,-0.611,1
13.563,28.286,-0.613,1
13.545,28.361,-0.615,1
13.542,28.586,-0.62,1
13.485,28.699,-0.622,1
13.473,28.91,-0.627,1
13.357,28.898,-0.625,1
13.381,29.191,-0.633,1
13.317,29.293,-0.634,1
13.327,29.437,-0.638,1
13.31,29.649,-0.643,1
13.245,29.755,-0.645,1
13.116,29.714,-0.642,1
13.084,29.896,-0.646,1
6.861,15.782,-0.244,1
6.793,15.761,-0.243,1
6.78,15.799,-0.244,1
6.662,15.797,-0.242,1
6.627,15.853,-0.243,1
6.561,15.833,-0.242,1
12.957,31.617,-0.686,1
12.953,31.893,-0.693,1
12.985,32.117,-0.699,1
12.936,32.288,-0.702,1
12.944,32.605,-0.71,1
12.886,32.757,-0.713,1
12.846,32.962,-0.718,1
12.836,33.244,-0.725,1
12.802,33.468,-0.73,1
12.875,33.82,-0.739,1
12.827,34.016,-0.743,1
12.779,34.213,-0.748,1
12.695,34.315,-0.749,1
12.618,34.441,-0.752,1
12.587,34.693,-0.758,1
12.632,34.989,-0.765,1
12.593,35.227,-0.771,1
12.562,35.492,-0.777,1
12.5,35.673,-0.781,1
12.412,35.784,-0.783,1
12.352,35.974,-0.787,1
12.312,36.231,-0.793,1
6.682,19.933,-0.344,1
6.593,19.874,-0.341,1
6.536,19.912,-0.342,1
6.461,19.895,-0.341,1
6.405,19.934,-0.341,1
6.363,20.021,-0.343,1
6.355,20.105,-0.345,1
12.172,39.014,-0.861,1
12.148,39.373,-0.87,1
8.083,26.765,-0.524,1
8.006,26.815,-0.525,1
8.401,28.469,-0.569,1
8.397,28.622,-0.573,1
11.617,40.101,-0.884,1
11.603,40.528,-0.895,1
8.179,28.885,-0.578,1
11.468,41.03,-0.906,1
11.392,41.258,-0.911,1
7.081,26.089,-0.5,1
6.993,26.086,-0.5,1
6.948,26.249,-0.503,1
6.98,26.71,-0.515,1
6.672,25.861,-0.492,1
6.625,26.017,-0.495,1
6.599,26.261,-0.501,1
6.593,26.411,-0.505,1
6.491,26.358,-0.503,1
6.407,26.37,-0.503,1
6.319,26.369,-0.502,1
6.228,26.353,-0.501,1
6.154,26.414,-0.503,1
6.439,28.041,-0.546,1
6.37,27.94,-0.543,1
6.222,27.692,-0.535,1
9.686,43.82,-0.966,1
9.548,43.852,-0.966,1
9.416,43.909,-0.966,1
9.294,44.013,-0.968,1
5.699,27.366,-0.524,1
5.641,27.3,-0.522,1
5.557,27.328,-0.522,1
5.472,27.349,-0.523,1
5.392,27.399,-0.523,1
5.336,27.569,-0.528,1
5.29,27.804,-0.533,1
5.206,27.834,-0.534,1
5.172,27.899,-0.535,1
8.127,44.702,-0.98,1
8.004,44.83,-0.983,1
7.893,45.026,-0.987,1
7.8,45.333,-0.995,1
7.683,45.505,-0.999,1
7.655,45.779,-1.006,1
7.547,46.026,-1.012,1
7.411,46.099,-1.013,1
7.321,46.475,-1.022,1
7.19,46.597,-1.025,1
7.049,46.653,-1.026,1
6.896,46.631,-1.025,1
6.848,46.812,-1.029,1
6.696,46.8,-1.028,1
6.52,46.617,-1.023,1
6.37,46.607,-1.022,1
5.618,42.073,-0.902,1
5.482,-42.589,-0.915,1
6.03,-42.613,-0.918,1
6.168,-42.62,-0.918,1
6.174,-41.738,-0.896,1
6.38,-42.663,-0.92,1
5.166,-33.857,-0.688,1
5.34,-34.269,-0.7,1
5.435,-34.177,-0.698,1
5.543,-34.164,-0.698,1
5.679,-34.32,-0.702,1
5.885,-35.212,-0.726,1
7.132,-41.837,-0.902,1
6.013,-34.641,-0.712,1
6.082,-34.397,-0.706,1
6.256,-34.744,-0.716,1
6.312,-34.435,-0.708,1
6.384,-34.224,-0.703,1
6.474,-34.405,-0.708,1
6.742,-35.217,-0.73,1
6.919,-35.533,-0.739,1
6.6,-33.348,-0.682,1
6.712,-33.36,-0.683,1
6.786,-33.19,-0.679,1
6.966,-33.533,-0.688,1
7.178,-34.277,-0.709,1
7.191,-33.813,-0.697,1
7.222,-33.444,-0.688,1
7.305,-33.322,-0.685,1
8.374,-37.617,-0.8,1
8.469,-37.487,-0.797,1
8.509,-37.391,-0.795,1
7.959,-34.482,-0.718,1
8.083,-34.523,-0.72,1
5.5,-22.883,-0.409,1
5.557,-22.801,-0.407,1
5.627,-22.778,-0.407,1
5.669,-22.794,-0.408,1
5.752,-22.823,-0.409,1
8.892,-34.765,-0.731,1
9.026,-34.832,-0.734,1
9.136,-34.803,-0.734,1
9.488,-35.684,-0.758,1
9.65,-35.841,-0.763,1
9.81,-36.208,-0.774,1
9.989,-36.414,-0.78,1
10.151,-36.552,-0.785,1
10.862,-38.637,-0.842,1
7.136,-25.114,-0.476,1
7.195,-25.022,-0.474,1
7.258,-24.947,-0.473,1
7.299,-24.94,-0.473,1
7.384,-24.94,-0.474,1
7.467,-24.932,-0.474,1
7.548,-24.92,-0.474,1
10.976,-35.789,-0.771,1
11.068,-35.689,-0.77,1
11.176,-35.838,-0.774,1
11.268,-35.739,-0.773,1
11.371,-35.675,-0.772,1
11.558,-35.872,-0.778,1
13.021,-39.969,-0.891,1
13.201,-40.093,-0.896,1
5.012,-14.146,-0.187,1
5.005,-13.919,-0.181,1
5.051,-13.909,-0.181,1
5.107,-13.927,-0.182,1
5.304,-14.186,-0.19,1
5.357,-14.19,-0.191,1
8.789,-23.126,-0.44,1
5.5,-14.362,-0.196,1
5.466,-14.142,-0.191,1
24.255,-61.934,-1.53,1
24.757,-62.634,-1.552,1
26.492,-66.407,-1.66,1
26.448,-65.996,-1.649,1
26.738,-66.117,-1.655,1
21.093,-51.705,-1.252,1
20.648,-50.165,-1.21,1
20.849,-50.205,-1.213,1
20.911,-49.911,-1.206,1
20.903,-49.456,-1.195,1
20.933,-49.311,-1.192,1
21.021,-49.089,-1.188,1
21.193,-49.065,-1.189,1
21.321,-48.938,-1.187,1
21.438,-48.788,-1.185,1
21.684,-48.929,-1.191,1
22.02,-49.267,-1.203,1
22.056,-49.142,-1.2,1
11.391,-24.989,-0.511,1
11.423,-24.852,-0.509,1
11.482,-24.776,-0.507,1
11.561,-24.742,-0.507,1
11.645,-24.72,-0.508,1
11.834,-25.017,-0.517,1
31.522,-66.001,-1.703,1
22.275,-45.915,-1.126,1
22.409,-45.823,-1.126,1
22.564,-45.776,-1.126,1
21.552,-43.553,-1.063,1
21.656,-43.419,-1.061,1
21.782,-43.329,-1.06,1
21.943,-43.311,-1.061,1
22.121,-43.323,-1.064,1
35.164,-68.304,-1.799,1
35.391,-68.218,-1.799,1
31.639,-60.759,-1.582,1
31.815,-60.631,-1.581,1
12.28,-23.083,-0.477,1
12.331,-23.005,-0.476,1
12.522,-23.186,-0.482,1
36.347,-66.693,-1.776,1
35.573,-64.548,-1.717,1
26.532,-47.802,-1.221,1
26.431,-47.27,-1.208,1
26.485,-47.02,-1.203,1
14.202,-25.053,-0.546,1
14.244,-24.944,-0.544,1
14.269,-24.898,-0.544,1
14.326,-24.816,-0.543,1
14.481,-24.903,-0.546,1
26.751,-45.631,-1.175,1
26.869,-45.504,-1.173,1
26.965,-45.34,-1.171,1
27.03,-45.287,-1.171,1
27.02,-44.949,-1.163,1
26.964,-44.539,-1.153,1
27.062,-44.386,-1.151,1
27.213,-44.319,-1.152,1
27.339,-44.213,-1.151,1
26.886,-43.177,-1.122,1
26.645,-42.641,-1.107,1
21.141,-33.609,-0.831,1
21.191,-33.454,-0.828,1
21.28,-33.362,-0.827,1
21.387,-33.298,-0.827,1
21.533,-33.295,-0.829,1
27.008,-41.606,-1.089,1
27.094,-41.453,-1.087,1
27.028,-41.07,-1.077,1
27.386,-41.33,-1.088,1
27.301,-40.923,-1.078,1
27.094,-40.337,-1.062,1
27.217,-40.247,-1.062,1
27.235,-40.138,-1.06,1
27.366,-40.059,-1.06,1
27.743,-40.338,-1.072,1
27.951,-40.368,-1.076,1
27.201,-39.024,-1.036,1
27.338,-38.959,-1.036,1
27.412,-38.805,-1.034,1
27.344,-38.579,-1.028,1
27.33,-38.304,-1.022,1
27.381,-38.122,-1.019,1
27.525,-38.07,-1.02,1
27.58,-37.895,-1.018,1
27.648,-37.738,-1.015,1
27.849,-37.762,-1.019,1
27.917,-37.731,-1.019,1
28.069,-37.688,-1.021,1
28.22,-37.643,-1.022,1
28.469,-37.728,-1.028,1
28.656,-37.728,-1.031,1
28.82,-37.698,-1.033,1
28.938,-37.607,-1.033,1
28.99,-37.552,-1.032,1
29.062,-37.403,-1.031,1
29.124,-37.24,-1.028,1
29.161,-37.046,-1.025,1
29.16,-36.807,-1.02,1
29.151,-36.559,-1.015,1
29.062,-36.331,-1.009,1
29.134,-36.187,-1.007,1
29.132,-35.954,-1.002,1
29.137,-35.729,-0.998,1
21.397,-26.081,-0.675,1
21.44,-25.968,-0.673,1
21.492,-25.865,-0.672,1
21.545,-25.845,-0.673,1
21.657,-25.814,-0.674,1
29.298,-34.686,-0.979,1
29.232,-34.388,-0.972,1
29.235,-34.174,-0.968,1
15.581,-18.002,-0.416,1
15.57,-17.932,-0.415,1
14.655,-16.775,-0.376,1
14.625,-16.634,-0.373,1
14.635,-16.54,-0.371,1
14.657,-16.461,-0.37,1
14.697,-16.402,-0.37,1
14.732,-16.389,-0.37,1
14.794,-16.355,-0.37,1
14.874,-16.339,-0.371,1
14.924,-16.291,-0.371,1
29.356,-31.807,-0.924,1
29.495,-31.757,-0.926,1
29.389,-31.444,-0.918,1
29.394,-31.351,-0.916,1
29.538,-31.307,-0.918,1
29.602,-31.178,-0.916,1
21.356,-22.363,-0.602,1
21.389,-22.257,-0.6,1
21.445,-22.175,-0.6,1
21.518,-22.112,-0.6,1
21.55,-22.075,-0.6,1
29.604,-30.121,-0.897,1
29.658,-29.987,-0.895,1
29.597,-29.738,-0.889,1
29.389,-29.344,-0.878,1
29.489,-29.26,-0.879,1
29.516,-29.103,-0.876,1
29.71,-29.202,-0.882,1
29.698,-29.008,-0.878,1
29.7,-28.828,-0.875,1
29.501,-28.456,-0.864,1
29.803,-28.566,-0.872,1
29.668,-28.259,-0.864,1
29.652,-28.067,-0.86,1
29.715,-28.038,-0.861,1
29.782,-27.925,-0.86,1
29.832,-27.796,-0.859,1
29.614,-27.42,-0.848,1
29.625,-27.258,-0.845,1
29.719,-27.173,-0.845,1
29.698,-27.068,-0.843,1
29.621,-26.829,-0.837,1
29.809,-26.829,-0.841,1
29.75,-26.607,-0.836,1
27.838,-24.742,-0.767,1
27.969,-24.702,-0.768,1
27.833,-24.427,-0.761,1
27.841,-24.357,-0.76,1
27.987,-24.33,-0.762,1
27.986,-24.175,-0.76,1
27.904,-23.952,-0.754,1
27.999,-23.881,-0.755,1
28.027,-23.753,-0.753,1
28.106,-23.668,-0.753,1
28.2,-23.672,-0.755,1
28.352,-23.648,-0.758,1
28.511,-23.629,-0.761,1
28.63,-23.576,-0.762,1
22.087,-18.08,-0.54,1
22.109,-17.982,-0.538,1
22.151,-17.959,-0.539,1
29.188,-23.502,-0.773,1
29.331,-23.465,-0.775,1
29.562,-23.498,-0.78,1
29.926,-23.634,-0.79,1
30.032,-23.565,-0.791,1
30.084,-23.453,-0.79,1
30.095,-23.386,-0.789,1
30.08,-23.223,-0.786,1
30.08,-23.073,-0.784,1
30.076,-22.92,-0.781,1
30.151,-22.828,-0.781,1
13.789,-10.322,-0.244,1
13.611,-10.156,-0.238,1
30.096,-22.27,-0.772,1
30.142,-22.158,-0.771,1
30.284,-22.116,-0.773,1
30.424,-22.072,-0.775,1
20.476,-14.768,-0.454,1
20.429,-14.685,-0.451,1
20.461,-14.611,-0.451,1
20.487,-14.532,-0.45,1
20.549,-14.48,-0.451,1
20.609,-14.425,-0.451,1
20.672,-14.373,-0.452,1
20.79,-14.358,-0.454,1
30.371,-20.89,-0.757,1
30.361,-20.743,-0.754,1
30.383,-20.618,-0.753,1
30.406,-20.495,-0.752,1
30.402,-20.353,-0.749,1
30.392,-20.209,-0.747,1
30.437,-20.101,-0.746,1
28.22,-18.576,-0.676,1
28.389,-18.559,-0.68,1
28.608,-18.574,-0.685,1
28.74,-18.532,-0.687,1
28.861,-18.481,-0.689,1
28.925,-18.395,-0.689,1
29.062,-18.354,-0.692,1
23.984,-15.099,-0.534,1
23.97,-14.986,-0.532,1
23.968,-14.88,-0.531,1
23.992,-14.791,-0.53,1
24.054,-14.725,-0.531,1
24.132,-14.669,-0.532,1
24.262,-14.644,-0.534,1
29.534,-17.756,-0.694,1
29.437,-17.572,-0.689,1
29.356,-17.399,-0.685,1
29.519,-17.37,-0.688,1
29.482,-17.224,-0.686,1
29.372,-17.036,-0.681,1
29.425,-17.005,-0.682,1
29.393,-16.864,-0.679,1
29.767,-16.954,-0.689,1
29.958,-16.938,-0.693,1
30.203,-16.952,-0.698,1
30.396,-16.934,-0.703,1
29.484,-16.306,-0.674,1
29.519,-16.265,-0.674,1
29.542,-16.157,-0.673,1
29.624,-16.081,-0.674,1
29.688,-15.995,-0.675,1
29.693,-15.878,-0.673,1
29.62,-15.72,-0.67,1
29.771,-15.739,-0.673,1
29.827,-15.649,-0.674,1
29.745,-15.487,-0.67,1
29.722,-15.357,-0.668,1
29.763,-15.26,-0.668,1
29.617,-15.068,-0.662,1
29.857,-15.072,-0.667,1
29.862,-15.016,-0.667,1
29.986,-14.961,-0.669,1
30.051,-14.875,-0.67,1
29.981,-14.723,-0.666,1
29.874,-14.555,-0.662,1
29.792,-14.399,-0.658,1
29.902,-14.337,-0.66,1
29.93,-14.292,-0.66,1
30.065,-14.241,-0.663,1
30.086,-14.135,-0.662,1
30.194,-14.07,-0.664,1
30.227,-13.97,-0.664,1
30.334,-13.904,-0.665,1
30.336,-13.79,-0.664,1
30.194,-13.668,-0.66,1
30.127,-13.524,-0.656,1
30.069,-13.385,-0.654,1
30.109,-13.29,-0.654,1
30.114,-13.179,-0.652,1
30.045,-13.037,-0.649,1
29.805,-12.821,-0.641,1
29.692,-12.718,-0.638,1
29.771,-12.641,-0.639,1
29.735,-12.516,-0.637,1
28.309,-11.812,-0.595,1
27.858,-11.522,-0.581,1
26.983,-11.062,-0.556,1
27.058,-11.043,-0.557,1
27.094,-10.959,-0.557,1
26.507,-10.625,-0.54,1
26.661,-10.589,-0.543,1
26.807,-10.55,-0.547,1
27.03,-10.54,-0.552,1
26.922,-10.4,-0.548,1
26.777,-10.296,-0.543,1
27.131,-10.334,-0.552,1
27.147,-10.243,-0.552,1
27.248,-10.183,-0.554,1
27.197,-10.067,-0.552,1
27.067,-9.923,-0.547,1
27.096,-9.837,-0.547,1
27.084,-9.784,-0.546,1
27.08,-9.687,-0.545,1
27.122,-9.606,-0.546,1
27.331,-9.583,-0.551,1
27.388,-9.506,-0.551,1
27.561,-9.47,-0.555,1
18.461,-6.255,-0.304,1
18.454,-6.188,-0.303,1
18.437,-6.118,-0.302,1
18.399,-5.565,-0.297,1
18.342,-5.485,-0.294,1
18.41,-5.474,-0.296,1
18.281,-5.373,-0.292,1
18.413,-4.758,-0.291,1
18.335,-4.708,-0.289,1
18.374,-4.137,-0.286,1
18.381,-4.078,-0.286,1
18.591,-4.063,-0.292,1
18.418,-3.965,-0.287,1
31.798,-6.254,-0.64,1
49.051,-9.473,-1.098,1
53.773,-10.295,-1.223,1
53.745,-10.114,-1.221,1
59.403,-10.983,-1.371,1
59.422,-10.794,-1.37,1
59.564,-10.626,-1.373,1
59.616,-10.443,-1.374,1
53.589,-9.303,-1.214,1
53.606,-9.132,-1.213,1
53.638,-8.964,-1.213,1
53.648,-8.793,-1.213,1
53.66,-8.622,-1.213,1
53.679,-8.452,-1.212,1
40.712,-6.286,-0.87,1
39.157,-5.984,-0.828,1
39.098,-5.849,-0.826,1
39.219,-5.741,-0.829,1
40.739,-5.832,-0.869,1
40.809,-5.711,-0.87,1
53.791,-7.347,-1.211,1
53.815,-7.179,-1.211,1
35.649,-4.707,-0.733,1
35.669,-4.596,-0.733,1
40.179,-5.045,-0.851,1
40.108,-4.909,-0.849,1
40.164,-4.788,-0.85,1
40.271,-4.672,-0.852,1
40.981,-4.623,-0.871,1
41.719,-4.64,-0.89,1
41.026,-4.433,-0.871,1
41.085,-4.309,-0.873,1
44.142,-4.487,-0.952,1
45.821,-4.511,-0.996,1
46.998,-4.478,-1.026,1
48.557,-4.471,-1.067,1
49.625,-4.49,-1.095,1
51.027,-4.455,-1.131,1
30.8,-2.407,-0.601,1
30.768,-2.307,-0.6,1
30.693,-2.253,-0.598,1
30.635,-2.152,-0.596,1
30.577,-2.052,-0.594,1
30.55,-1.954,-0.594,1
30.52,-1.856,-0.593,1
30.507,-1.759,-0.592,1
30.499,-1.662,-0.592,1
30.493,-1.614,-0.592,1
30.53,-1.52,-0.592,1
30.593,-1.426,-0.594,1
30.803,-1.339,-0.599,1
31.135,-1.255,-0.608,1
45.696,-1.614,-0.988,1
45.651,-1.469,-0.986,1
45.684,-1.327,-0.987,1
45.878,-0.899,-0.992,1
49.859,0.019,-1.391,1
49.793,0.176,-1.389,1
49.722,0.254,-1.387,1
49.635,0.409,-1.384,1
49.546,0.564,-1.382,1
49.448,0.718,-1.378,1
49.4,0.873,-1.377,1
49.237,1.025,-1.372,1
49.185,1.178,-1.37,1
49.173,1.255,-1.37,1
49.213,1.411,-1.371,1
49.252,1.567,-1.373,1
49.301,1.724,-1.375,1
49.343,1.88,-1.376,1
49.415,2.039,-1.379,1
49.465,2.196,-1.38,1
49.525,2.433,-1.383,1
49.536,2.589,-1.383,1
49.563,2.747,-1.384,1
49.6,2.905,-1.386,1
49.595,3.061,-1.386,1
49.557,3.215,-1.385,1
49.632,3.298,-1.388,1
49.593,3.452,-1.387,1
49.56,3.607,-1.386,1
49.588,3.765,-1.387,1
49.61,3.924,-1.388,1
49.57,4.077,-1.388,1
49.581,4.157,-1.388,1
49.97,4.347,-1.401,1
50.04,4.512,-1.404,1
49.615,4.631,-1.391,1
49.332,4.761,-1.382,1
49.271,4.911,-1.38,1
49.134,5.054,-1.377,1
49.072,5.125,-1.375,1
48.957,5.269,-1.372,1
48.801,5.407,-1.367,1
48.726,5.554,-1.365,1
48.512,5.684,-1.359,1
48.386,5.823,-1.356,1
24.186,3.04,-0.576,1
24.297,3.131,-0.58,1
24.45,3.229,-0.585,1
24.418,3.303,-0.584,1
24.463,3.387,-0.586,1
24.551,3.478,-0.589,1
24.187,3.465,-0.578,1
23.992,3.514,-0.572,1
39.234,5.856,-1.065,1
39.229,5.982,-1.066,1
39.228,6.108,-1.066,1
29.217,4.744,-0.743,1
29.095,4.771,-0.739,1
28.318,4.919,-0.716,1
28.306,5.008,-0.716,1
28.306,5.1,-0.716,1
28.268,5.185,-0.716,1
28.472,5.269,-0.722,1
26.509,4.993,-0.659,1
26.077,4.997,-0.645,1
25.839,5.036,-0.638,1
25.819,5.116,-0.638,1
25.797,5.196,-0.638,1
25.792,5.28,-0.638,1
25.76,5.315,-0.638,1
25.771,5.402,-0.638,1
25.744,5.481,-0.638,1
25.748,5.566,-0.639,1
25.721,5.645,-0.638,1
25.725,5.731,-0.639,1
25.699,5.81,-0.639,1
25.707,5.854,-0.639,1
25.706,5.939,-0.64,1
25.695,6.021,-0.64,1
25.693,6.106,-0.641,1
25.682,6.189,-0.641,1
25.68,6.274,-0.642,1
25.695,6.32,-0.643,1
25.695,6.406,-0.643,1
25.682,6.488,-0.643,1
25.683,6.574,-0.644,1
25.674,6.658,-0.645,1
25.668,6.743,-0.645,1
25.666,6.828,-0.646,1
25.684,6.876,-0.647,1
25.674,6.96,-0.647,1
25.689,7.051,-0.648,1
25.659,7.129,-0.648,1
25.665,7.218,-0.649,1
25.675,7.308,-0.65,1
25.667,7.393,-0.651,1
25.671,7.438,-0.651,1
25.68,7.528,-0.652,1
25.67,7.612,-0.653,1
25.669,7.7,-0.653,1
25.673,7.789,-0.654,1
25.672,7.877,-0.655,1
25.668,7.964,-0.656,1
25.684,8.013,-0.657,1
25.672,8.098,-0.657,1
25.637,8.176,-0.657,1
24.442,7.881,-0.618,1
24.338,7.931,-0.615,1
24.468,8.059,-0.62,1
24.366,8.068,-0.617,1
24.385,8.159,-0.619,1
24.198,8.181,-0.613,1
24.498,8.368,-0.624,1
24.329,8.396,-0.619,1
24.216,8.442,-0.616,1
24.067,8.475,-0.612,1
24.361,8.622,-0.623,1
15.466,5.539,-0.321,1
15.345,5.55,-0.318,1
15.208,5.554,-0.314,1
15.128,5.579,-0.312,1
15.034,5.598,-0.309,1
14.952,5.595,-0.307,1
14.869,5.617,-0.304,1
14.66,5.697,-0.299,1
14.546,5.705,-0.296,1
14.472,5.729,-0.294,1
13.156,5.235,-0.249,1
13.292,5.337,-0.254,1
13.264,5.374,-0.254,1
13.293,5.435,-0.255,1
13.156,5.427,-0.251,1
13.021,5.419,-0.247,1
13.133,5.514,-0.252,1
13.27,5.596,-0.257,1
12.199,5.328,-0.222,1
12.103,5.629,-0.223,1
12.094,5.671,-0.223,1
13.407,6.309,-0.27,1
13.405,6.36,-0.271,1
13.395,6.407,-0.271,1
12.078,5.826,-0.225,1
12.079,5.874,-0.226,1
12.052,5.908,-0.225,1
12.06,5.935,-0.226,1
13.4,6.644,-0.274,1
12.073,6.036,-0.228,1
12.061,6.077,-0.228,1
12.058,6.123,-0.228,1
12.046,6.165,-0.229,1
12.046,6.213,-0.229,1
12.045,6.236,-0.23,1
12.036,6.279,-0.23,1
12.029,6.324,-0.231,1
12.025,6.37,-0.231,1
12.017,6.414,-0.232,1
12.011,6.459,-0.232,1
12.02,6.635,-0.235,1
11.966,6.655,-0.234,1
11.974,6.709,-0.235,1
11.955,6.747,-0.235,1
13.215,7.704,-0.285,1
13.215,7.759,-0.286,1
11.927,7.467,-0.246,1
11.912,7.509,-0.246,1
11.919,7.566,-0.247,1
14.311,9.205,-0.34,1
16.147,10.49,-0.412,1
16.147,10.562,-0.413,1
25.638,16.867,-0.778,1
25.587,16.949,-0.778,1
25.547,17.038,-0.778,1
16.242,10.918,-0.422,1
25.665,17.292,-0.786,1
25.659,17.405,-0.788,1
23.24,15.874,-0.696,1
23.164,15.929,-0.695,1
23.092,15.987,-0.695,1
23.093,16.095,-0.697,1
8.348,5.877,-0.122,1
8.337,5.889,-0.122,1
8.279,5.888,-0.121,1
8.228,5.891,-0.12,1
8.182,5.897,-0.118,1
8.128,5.897,-0.117,1
8.112,5.924,-0.117,1
8.071,5.933,-0.116,1
7.873,5.808,-0.109,1
7.768,5.882,-0.107,1
7.821,5.961,-0.11,1
7.874,6.04,-0.113,1
7.902,6.082,-0.115,1
7.882,6.105,-0.115,1
7.888,6.149,-0.116,1
7.849,6.159,-0.115,1
7.834,6.247,-0.116,1
7.82,6.277,-0.117,1
7.821,6.317,-0.117,1
7.796,6.338,-0.117,1
7.79,6.374,-0.118,1
7.776,6.403,-0.118,1
7.77,6.439,-0.119,1
7.769,6.459,-0.119,1
7.749,6.483,-0.119,1
7.761,6.535,-0.12,1
7.752,6.569,-0.121,1
7.727,6.59,-0.121,1
7.72,6.626,-0.121,1
7.74,6.664,-0.123,1
7.754,6.718,-0.124,1
7.761,6.767,-0.125,1
7.772,6.819,-0.127,1
7.801,6.889,-0.129,1
7.793,6.925,-0.129,1
7.764,6.943,-0.129,1
7.73,6.935,-0.128,1
7.703,6.954,-0.128,1
19.58,17.847,-0.644,1
19.475,17.864,-0.641,1
19.425,17.93,-0.642,1
19.316,17.942,-0.639,1
19.263,17.949,-0.638,1
19.219,18.022,-0.639,1
19.142,18.063,-0.638,1
19.029,18.07,-0.636,1
18.976,18.133,-0.636,1
18.906,18.18,-0.635,1
18.77,18.163,-0.632,1
18.718,18.171,-0.631,1
18.645,18.214,-0.63,1
18.585,18.27,-0.63,1
18.531,18.331,-0.63,1
18.41,18.327,-0.627,1
18.319,18.351,-0.626,1
18.206,18.353,-0.623,1
18.092,18.295,-0.619,1
18.017,18.334,-0.618,1
17.919,18.35,-0.617,1
17.8,18.343,-0.614,1
17.667,18.321,-0.61,1
17.558,18.323,-0.608,1
17.459,18.335,-0.606,1
17.401,18.332,-0.605,1
17.301,18.341,-0.603,1
17.201,18.35,-0.601,1
17.123,18.382,-0.6,1
17.041,18.41,-0.599,1
11.92,12.97,-0.359,1
11.893,12.982,-0.359,1
16.801,18.44,-0.594,1
16.732,18.48,-0.594,1
16.595,18.445,-0.59,1
16.519,18.476,-0.589,1
16.399,18.46,-0.586,1
16.156,18.301,-0.577,1
16.091,18.286,-0.575,1
16.042,18.346,-0.576,1
15.972,18.382,-0.575,1
15.948,18.472,-0.577,1
15.262,17.791,-0.546,1
15.187,17.816,-0.545,1
15.404,18.186,-0.558,1
15.303,18.124,-0.555,1
14.902,17.764,-0.538,1
14.896,17.87,-0.54,1
14.825,17.899,-0.539,1
14.87,18.068,-0.545,1
14.788,18.084,-0.543,1
14.883,18.316,-0.551,1
14.761,18.225,-0.546,1
14.697,18.263,-0.546,1
14.572,18.225,-0.542,1
14.831,18.668,-0.559,1
14.721,18.65,-0.556,1
14.941,19.05,-0.571,1
14.912,19.075,-0.571,1
14.83,19.094,-0.569,1
14.793,19.17,-0.571,1
14.719,19.199,-0.57,1
14.673,19.264,-0.571,1
14.639,19.345,-0.572,1
14.603,19.423,-0.573,1
14.631,19.524,-0.577,1
14.599,19.61,-0.578,1
14.571,19.701,-0.58,1
14.552,19.805,-0.582,1
14.525,19.899,-0.584,1
14.468,19.952,-0.584,1
14.418,20.015,-0.585,1
14.396,20.051,-0.586,1
14.347,20.116,-0.586,1
14.276,20.149,-0.586,1
14.216,20.199,-0.586,1
14.188,20.294,-0.588,1
14.163,20.395,-0.59,1
14.144,20.505,-0.593,1
14.145,20.575,-0.595,1
14.113,20.667,-0.597,1
14.075,20.751,-0.598,1
13.966,20.73,-0.596,1
14.01,20.937,-0.602,1
13.974,21.025,-0.604,1
13.957,21.144,-0.607,1
13.951,21.206,-0.608,1
12.205,18.686,-0.51,1
12.12,18.684,-0.508,1
12.052,18.707,-0.508,1
12.024,18.794,-0.51,1
12.004,18.892,-0.512,1
13.716,21.655,-0.616,1
13.712,21.8,-0.62,1
13.592,21.761,-0.617,1
13.646,22.001,-0.624,1
13.625,22.12,-0.627,1
13.632,22.289,-0.632,1
13.64,22.46,-0.637,1
13.541,22.375,-0.633,1
13.555,22.558,-0.638,1
13.557,22.722,-0.643,1
13.549,22.871,-0.646,1
13.524,22.995,-0.649,1
13.51,23.135,-0.653,1
13.502,23.29,-0.657,1
13.494,23.36,-0.659,1
13.498,23.537,-0.664,1
13.53,23.765,-0.671,1
13.533,23.945,-0.676,1
13.482,24.031,-0.678,1
13.548,24.326,-0.687,1
13.553,24.516,-0.692,1
13.539,24.582,-0.694,1
13.475,24.649,-0.695,1
13.449,24.785,-0.698,1
13.403,24.886,-0.7,1
13.351,24.978,-0.702,1
13.304,25.08,-0.704,1
13.247,25.162,-0.706,1
13.211,25.19,-0.706,1
13.143,25.252,-0.707,1
13.099,25.361,-0.709,1
13.083,25.527,-0.714,1
13.059,25.678,-0.718,1
13.012,25.787,-0.72,1
12.978,25.92,-0.723,1
12.96,25.987,-0.725,1
12.881,26.033,-0.725,1
12.847,26.17,-0.729,1
12.817,26.317,-0.733,1
12.898,26.695,-0.745,1
12.9,26.915,-0.751,1
12.87,27.07,-0.755,1
12.84,27.117,-0.756,1
12.796,27.244,-0.759,1
12.719,27.302,-0.76,1
12.638,27.353,-0.76,1
12.619,27.538,-0.765,1
12.586,27.695,-0.769,1
12.555,27.859,-0.774,1
12.522,27.902,-0.774,1
12.476,28.036,-0.778,1
12.37,28.035,-0.776,1
6.886,15.768,-0.346,1
6.822,15.756,-0.345,1
6.79,15.818,-0.347,1
12.274,28.789,-0.797,1
6.686,15.782,-0.344,1
6.628,15.783,-0.344,1
6.604,15.864,-0.346,1
12.27,29.678,-0.824,1
12.232,29.851,-0.828,1
12.142,29.899,-0.828,1
12.122,29.985,-0.831,1
12.083,30.162,-0.836,1
12.114,30.515,-0.846,1
12.052,30.639,-0.849,1
12.002,30.795,-0.854,1
11.937,30.915,-0.856,1
11.884,31.068,-0.86,1
11.848,31.118,-0.861,1
11.825,31.356,-0.868,1
11.753,31.462,-0.871,1
11.776,31.827,-0.882,1
11.732,32.017,-0.887,1
11.68,32.187,-0.892,1
11.68,32.506,-0.901,1
11.683,32.675,-0.906,1
11.674,32.975,-0.915,1
11.649,33.234,-0.923,1
11.666,33.62,-0.935,1
11.607,33.793,-0.939,1
11.615,34.164,-0.951,1
6.695,19.931,-0.469,1
6.632,19.847,-0.465,1
6.559,19.836,-0.464,1
6.496,19.856,-0.464,1
6.429,19.861,-0.464,1
6.385,19.938,-0.466,1
6.41,20.233,-0.475,1
10.906,34.744,-0.961,1
8.721,27.955,-0.733,1
8.646,28.024,-0.734,1
8.701,28.516,-0.75,1
8.014,26.57,-0.684,1
10.631,35.619,-0.985,1
8.486,28.782,-0.756,1
8.413,28.866,-0.758,1
10.496,36.202,-1.002,1
8.285,28.934,-0.759,1
7.384,26.107,-0.664,1
7.277,26.041,-0.661,1
10.079,36.47,-1.007,1
10.012,36.677,-1.013,1
9.922,36.801,-1.016,1
9.913,36.998,-1.022,1
9.829,37.151,-1.026,1
6.831,26.182,-0.662,1
9.65,37.423,-1.033,1
6.642,26.128,-0.658,1
6.555,26.131,-0.658,1
6.463,26.111,-0.657,1
6.378,25.942,-0.651,1
6.278,25.889,-0.648,1
6.219,26.001,-0.651,1
6.162,26.124,-0.655,1
6.081,26.147,-0.655,1
6.431,28.044,-0.717,1
5.947,26.317,-0.659,1
6.36,28.345,-0.725,1
6.306,28.523,-0.731,1
8.315,38.137,-1.045,1
8.182,38.104,-1.043,1
8.096,38.286,-1.048,1
5.657,27.213,-0.685,1
5.611,27.206,-0.685,1
5.525,27.219,-0.685,1
5.449,27.282,-0.686,1
5.387,27.422,-0.69,1
5.285,27.358,-0.687,1
7.219,37.954,-1.032,1
5.149,27.582,-0.694,1
5.102,27.568,-0.693,1
6.963,38.242,-1.04,1
6.856,38.334,-1.042,1
6.704,38.181,-1.036,1
6.58,38.178,-1.036,1
6.454,38.159,-1.034,1
6.292,37.931,-1.026,1
6.178,37.98,-1.027,1
6.129,38.054,-1.029,1
6.011,38.081,-1.03,1
5.877,38.009,-1.027,1
5.737,37.895,-1.022,1
5.613,37.879,-1.021,1
5.475,37.764,-1.017,1
5.413,37.755,-1.016,1
5.291,37.748,-1.016,1
5.165,37.711,-1.014,1
5.042,37.695,-1.013,1
5.027,-38.181,-1.028,1
5.878,-42.593,-1.172,1
6.363,-42.644,-1.176,1
5.121,-33.559,-0.882,1
5.318,-34.133,-0.901,1
5.44,-34.211,-0.904,1
5.553,-34.225,-0.905,1
5.722,-34.586,-0.918,1
8.138,-48.307,-1.364,1
6.125,-35.972,-0.964,1
6.209,-35.787,-0.958,1
6.359,-35.982,-0.965,1
7.361,-40.92,-1.126,1
6.194,-33.796,-0.895,1
6.519,-34.954,-0.934,1
6.373,-33.873,-0.899,1
6.484,-33.876,-0.9,1
6.591,-33.857,-0.9,1
6.681,-33.754,-0.897,1
6.827,-33.935,-0.904,1
6.923,-33.858,-0.902,1
7.052,-33.948,-0.905,1
7.129,-34.05,-0.909,1
7.2,-33.86,-0.904,1
7.39,-34.222,-0.916,1
7.354,-33.542,-0.895,1
8.266,-37.159,-1.014,1
8.334,-36.916,-1.007,1
8.498,-37.102,-1.014,1
8.523,-36.943,-1.009,1
8.672,-37.058,-1.014,1
5.503,-22.825,-0.547,1
5.564,-22.762,-0.546,1
5.642,-22.77,-0.546,1
5.71,-22.741,-0.546,1
5.821,-23.028,-0.556,1
9.32,-36.453,-1,1
9.002,-34.749,-0.945,1
9.108,-34.707,-0.944,1
9.209,-34.651,-0.943,1
10.184,-37.848,-1.05,1
9.84,-36.339,-1.001,1
10.042,-36.629,-1.011,1
10.759,-38.771,-1.083,1
10.894,-38.783,-1.085,1
7.133,-25.06,-0.63,1
7.189,-24.957,-0.627,1
7.261,-24.911,-0.626,1
7.301,-24.903,-0.626,1
7.381,-24.888,-0.627,1
7.47,-24.899,-0.628,1
7.572,-24.956,-0.63,1
10.916,-35.61,-0.988,1
11.067,-35.702,-0.992,1
12.4,-39.574,-1.123,1
11.554,-36.267,-1.014,1
12.347,-38.343,-1.085,1
12.879,-39.57,-1.128,1
12.64,-38.424,-1.09,1
12.706,-38.219,-1.085,1
13.61,-39.893,-1.145,1
5.073,-14.374,-0.284,1
23.822,-67.11,-2.075,1
5.1,-13.958,-0.271,1
5.181,-14.042,-0.275,1
5.231,-14.042,-0.275,1
8.658,-23.067,-0.584,1
8.749,-23.09,-0.586,1
8.761,-23.011,-0.584,1
25.435,-66.32,-2.069,1
25.789,-66.614,-2.082,1
25.989,-66.511,-2.081,1
24.702,-62.633,-1.951,1
20.64,-51.842,-1.582,1
20.749,-51.644,-1.577,1
20.798,-51.531,-1.574,1
20.094,-49.338,-1.501,1
20.254,-49.286,-1.501,1
20.41,-49.226,-1.501,1
20.586,-49.211,-1.503,1
20.686,-49.019,-1.499,1
21.12,-49.611,-1.521,1
20.814,-48.68,-1.49,1
21.182,-49.112,-1.508,1
21.611,-49.678,-1.53,1
21.706,-49.472,-1.525,1
21.845,-49.366,-1.523,1
21.782,-48.809,-1.506,1
21.92,-48.912,-1.511,1
11.364,-24.906,-0.672,1
11.408,-24.796,-0.669,1
11.476,-24.738,-0.668,1
11.548,-24.689,-0.668,1
11.647,-24.698,-0.67,1
11.823,-24.971,-0.68,1
31.054,-65.156,-2.106,1
22.225,-45.87,-1.427,1
22.359,-45.78,-1.426,1
22.516,-45.736,-1.427,1
21.595,-43.516,-1.351,1
21.627,-43.409,-1.348,1
21.747,-43.308,-1.347,1
21.909,-43.292,-1.349,1
22.025,-43.183,-1.347,1
35.07,-68.264,-2.252,1
35.291,-68.166,-2.252,1
31.66,-60.679,-1.986,1
31.736,-60.592,-1.985,1
12.215,-23.11,-0.632,1
12.265,-23.029,-0.631,1
12.332,-22.98,-0.63,1
12.553,-23.217,-0.64,1
36.262,-66.67,-2.225,1
29.607,-54.222,-1.773,1
35.481,-64.507,-2.152,1
37.415,-67.522,-2.266,1
26.299,-47.096,-1.522,1
14.168,-24.977,-0.715,1
14.218,-24.882,-0.713,1
14.259,-24.863,-0.713,1
14.317,-24.784,-0.712,1
26.477,-45.547,-1.482,1
26.491,-45.243,-1.474,1
26.557,-45.03,-1.469,1
26.651,-44.867,-1.466,1
26.631,-44.672,-1.46,1
26.711,-44.487,-1.456,1
26.778,-44.283,-1.452,1
26.728,-43.888,-1.44,1
26.766,-43.642,-1.434,1
26.86,-43.488,-1.432,1
26.921,-43.281,-1.427,1
26.779,-42.903,-1.414,1
21.114,-33.58,-1.065,1
21.162,-33.424,-1.062,1
21.249,-33.329,-1.061,1
21.363,-33.277,-1.061,1
21.489,-33.243,-1.063,1
26.85,-41.263,-1.371,1
26.818,-41.071,-1.366,1
26.922,-40.95,-1.364,1
26.935,-40.69,-1.357,1
26.983,-40.486,-1.353,1
27.067,-40.336,-1.35,1
27.117,-40.138,-1.346,1
27.119,-39.869,-1.339,1
27.133,-39.756,-1.336,1
27.049,-39.367,-1.324,1
27.066,-39.127,-1.318,1
27.126,-38.952,-1.315,1
27.16,-38.74,-1.31,1
27.198,-38.535,-1.305,1
27.213,-38.301,-1.299,1
27.177,-38.123,-1.294,1
27.204,-37.908,-1.289,1
27.262,-37.738,-1.286,1
27.338,-37.594,-1.283,1
27.476,-37.535,-1.284,1
27.615,-37.478,-1.286,1
27.682,-37.445,-1.286,1
27.642,-37.147,-1.278,1
27.704,-36.986,-1.275,1
27.721,-36.768,-1.269,1
27.753,-36.571,-1.265,1
27.681,-36.238,-1.255,1
27.723,-36.058,-1.251,1
27.663,-35.862,-1.245,1
27.716,-35.699,-1.242,1
27.769,-35.536,-1.239,1
27.815,-35.366,-1.236,1
27.913,-35.261,-1.235,1
27.94,-35.068,-1.231,1
27.949,-34.854,-1.226,1
27.996,-34.801,-1.225,1
28.022,-34.61,-1.221,1
28.03,-34.398,-1.216,1
21.39,-26.072,-0.875,1
21.407,-25.926,-0.872,1
21.478,-25.846,-0.871,1
21.533,-25.829,-0.872,1
21.642,-25.795,-0.873,1
27.964,-33.13,-1.183,1
28.002,-32.964,-1.18,1
27.99,-32.741,-1.174,1
15.532,-18.036,-0.557,1
15.549,-17.94,-0.555,1
15.548,-17.883,-0.554,1
14.625,-16.712,-0.506,1
14.6,-16.579,-0.503,1
14.635,-16.513,-0.502,1
14.667,-16.445,-0.501,1
14.728,-16.409,-0.501,1
14.757,-16.337,-0.5,1
14.807,-16.341,-0.501,1
14.898,-16.339,-0.503,1
14.956,-16.299,-0.504,1
28.118,-30.484,-1.123,1
28.177,-30.356,-1.121,1
28.257,-30.251,-1.121,1
28.275,-30.08,-1.117,1
28.201,-29.906,-1.111,1
21.32,-22.459,-0.787,1
21.316,-22.313,-0.783,1
21.357,-22.216,-0.782,1
21.416,-22.137,-0.781,1
21.511,-22.097,-0.783,1
21.635,-22.085,-0.785,1
28.318,-28.828,-1.089,1
28.358,-28.687,-1.087,1
28.356,-28.506,-1.083,1
28.425,-28.396,-1.082,1
28.441,-28.234,-1.078,1
28.432,-28.048,-1.074,1
28.443,-27.971,-1.072,1
28.427,-27.779,-1.068,1
28.446,-27.624,-1.065,1
28.458,-27.463,-1.061,1
28.453,-27.286,-1.057,1
28.474,-27.134,-1.055,1
28.492,-26.981,-1.052,1
28.429,-26.836,-1.047,1
28.417,-26.657,-1.043,1
28.424,-26.496,-1.039,1
28.384,-26.293,-1.034,1
28.43,-26.17,-1.032,1
28.465,-26.037,-1.03,1
28.477,-25.884,-1.027,1
28.498,-25.822,-1.027,1
28.513,-25.672,-1.024,1
28.535,-25.53,-1.021,1
27.888,-24.793,-0.99,1
27.991,-24.728,-0.991,1
28.069,-24.64,-0.991,1
27.882,-24.398,-0.981,1
27.919,-24.276,-0.98,1
28.039,-24.226,-0.982,1
28.13,-24.151,-0.982,1
28.1,-23.972,-0.978,1
28.064,-23.789,-0.973,1
28.103,-23.671,-0.972,1
28.178,-23.659,-0.973,1
28.308,-23.617,-0.976,1
28.645,-23.746,-0.987,1
28.704,-23.643,-0.986,1
22.051,-18.039,-0.708,1
22.08,-17.947,-0.706,1
22.158,-17.896,-0.707,1
28.67,-23.09,-0.974,1
28.751,-23.007,-0.974,1
28.666,-22.791,-0.968,1
28.703,-22.674,-0.966,1
28.892,-22.676,-0.971,1
28.953,-22.578,-0.971,1
29.033,-22.567,-0.973,1
29.129,-22.495,-0.974,1
29.179,-22.388,-0.973,1
29.135,-22.208,-0.968,1
28.787,-21.8,-0.951,1
13.535,-10.166,-0.337,1
13.474,-10.054,-0.334,1
29.095,-21.676,-0.957,1
29.144,-21.571,-0.956,1
29.221,-21.486,-0.957,1
29.229,-21.35,-0.954,1
20.481,-14.853,-0.605,1
20.442,-14.726,-0.602,1
20.439,-14.627,-0.6,1
20.428,-14.57,-0.599,1
20.464,-14.499,-0.598,1
20.534,-14.452,-0.599,1
20.597,-14.4,-0.6,1
20.688,-14.367,-0.602,1
20.809,-14.354,-0.605,1
29.047,-19.915,-0.923,1
29.047,-19.848,-0.922,1
28.997,-19.68,-0.917,1
28.967,-19.528,-0.914,1
29,-19.418,-0.913,1
28.254,-18.789,-0.882,1
28.14,-18.585,-0.875,1
28.196,-18.496,-0.875,1
28.219,-18.447,-0.875,1
28.402,-18.44,-0.879,1
28.455,-18.348,-0.879,1
28.499,-18.25,-0.879,1
28.65,-18.22,-0.882,1
28.871,-18.234,-0.889,1
23.956,-15.071,-0.701,1
23.925,-14.947,-0.699,1
23.933,-14.848,-0.697,1
23.977,-14.771,-0.697,1
24.031,-14.7,-0.697,1
24.109,-14.644,-0.698,1
24.239,-14.619,-0.702,1
29.137,-17.517,-0.884,1
29.079,-17.358,-0.88,1
29.073,-17.23,-0.877,1
29.087,-17.116,-0.876,1
29.02,-16.954,-0.871,1
29.052,-16.85,-0.871,1
29.034,-16.779,-0.869,1
29.26,-16.787,-0.875,1
29.354,-16.719,-0.877,1
29.366,-16.604,-0.875,1
29.366,-16.482,-0.873,1
29.256,-16.299,-0.868,1
29.161,-16.127,-0.862,1
29.122,-16.045,-0.86,1
29.2,-15.969,-0.861,1
29.215,-15.858,-0.86,1
29.2,-15.731,-0.857,1
29.309,-15.671,-0.859,1
29.31,-15.554,-0.858,1
29.221,-15.389,-0.853,1
29.301,-15.255,-0.853,1
29.366,-15.172,-0.854,1
29.387,-15.066,-0.853,1
13.623,-6.914,-0.285,1
13.576,-6.837,-0.282,1
13.551,-6.771,-0.28,1
13.515,-6.727,-0.279,1
13.499,-6.665,-0.277,1
13.48,-6.604,-0.276,1
13.476,-6.549,-0.275,1
13.471,-6.494,-0.274,1
13.474,-6.443,-0.274,1
13.483,-6.396,-0.273,1
13.487,-6.372,-0.273,1
13.504,-6.328,-0.273,1
13.509,-6.279,-0.272,1
13.534,-6.239,-0.273,1
13.547,-6.193,-0.272,1
13.573,-6.154,-0.273,1
13.588,-6.135,-0.273,1
13.609,-6.093,-0.273,1
13.639,-6.055,-0.273,1
13.669,-6.017,-0.274,1
13.716,-5.986,-0.275,1
13.758,-5.953,-0.275,1
13.802,-5.921,-0.276,1
13.854,-5.918,-0.278,1
13.92,-5.894,-0.279,1
13.989,-5.872,-0.281,1
14.049,-5.845,-0.283,1
14.108,-5.818,-0.284,1
28.117,-11.519,-0.768,1
27.123,-11.012,-0.733,1
26.785,-10.825,-0.72,1
27.008,-10.817,-0.727,1
28.446,-11.291,-0.775,1
27.137,-10.671,-0.729,1
27.135,-10.572,-0.728,1
27.174,-10.489,-0.728,1
26.921,-10.343,-0.719,1
27.038,-10.29,-0.722,1
27.081,-10.21,-0.722,1
26.844,-10.023,-0.713,1
26.948,-9.966,-0.715,1
27.081,-9.919,-0.719,1
27.125,-9.838,-0.719,1
27.11,-9.785,-0.718,1
27.223,-9.729,-0.721,1
27.45,-9.713,-0.728,1
18.389,-6.368,-0.419,1
18.611,-6.38,-0.425,1
18.368,-6.232,-0.416,1
16.476,-5.501,-0.352,1
16.485,-5.446,-0.351,1
16.47,-5.384,-0.35,1
16.394,-5.302,-0.347,1
16.467,-5.269,-0.349,1
17.093,-5.44,-0.37,1
17.098,-5.383,-0.369,1
17.122,-5.272,-0.369,1
16.787,-5.111,-0.357,1
16.817,-5.005,-0.357,1
16.767,-4.961,-0.355,1
16.806,-4.915,-0.356,1
16.809,-4.859,-0.356,1
16.821,-4.805,-0.356,1
16.874,-4.763,-0.357,1
19.351,-5.401,-0.439,1
19.36,-5.338,-0.438,1
19.561,-5.36,-0.445,1
18.281,-4.761,-0.4,1
18.477,-4.689,-0.406,1
18.564,-4.68,-0.408,1
19.688,-4.703,-0.444,1
18.28,-4.213,-0.396,1
18.306,-4.098,-0.396,1
18.383,-4.055,-0.398,1
18.513,-4.023,-0.402,1
19.648,-3.917,-0.437,1
31.709,-6.234,-0.83,1
33.557,-6.489,-0.89,1
47.522,-9.123,-1.344,1
47.499,-8.964,-1.343,1
47.453,-8.801,-1.34,1
47.405,-8.638,-1.338,1
47.346,-8.473,-1.335,1
47.226,-8.299,-1.33,1
47.095,-8.123,-1.325,1
47.003,-8.031,-1.322,1
46.975,-7.875,-1.32,1
39.165,-6.435,-1.066,1
39.167,-6.309,-1.065,1
39.169,-6.183,-1.065,1
39.137,-6.052,-1.063,1
39.152,-5.928,-1.063,1
39.223,-5.876,-1.065,1
40.726,-5.972,-1.113,1
40.699,-5.837,-1.112,1
40.743,-5.713,-1.112,1
46.486,-6.373,-1.297,1
46.387,-6.211,-1.294,1
35.596,-4.646,-0.945,1
39.792,-5.133,-1.08,1
39.757,-5.002,-1.078,1
39.75,-4.874,-1.077,1
39.811,-4.755,-1.079,1
40.132,-4.665,-1.089,1
41.058,-4.643,-1.118,1
41.055,-4.577,-1.118,1
43.937,-4.761,-1.21,1
43.977,-4.625,-1.211,1
45.555,-4.648,-1.261,1
46.319,-4.579,-1.285,1
47.656,-4.561,-1.328,1
30.464,-2.761,-0.775,1
30.419,-2.661,-0.773,1
30.391,-2.562,-0.772,1
30.37,-2.272,-0.77,1
30.364,-2.224,-0.77,1
30.349,-2.127,-0.769,1
30.319,-2.029,-0.768,1
30.276,-1.931,-0.767,1
30.266,-1.835,-0.766,1
30.443,-1.749,-0.772,1
30.318,-1.647,-0.767,1
30.317,-1.599,-0.767,1
30.366,-1.506,-0.769,1
30.48,-1.416,-0.772,1
30.612,-1.325,-0.776,1
46.399,-1.366,-1.281,1
46.385,-1.219,-1.281,1
46.324,-1.072,-1.279,1
46.138,-0.923,-1.273,1
45.947,-0.774,-1.266,1
48.505,-0.666,-1.348,1
50.333,-0.613,-1.407,1
50.253,-0.454,-1.404,1
50.09,-0.296,-1.399,1
49.973,-0.138,-1.395,1
42.92,0.117,-1.451,1
42.839,0.251,-1.447,1
42.81,0.386,-1.446,1
42.791,0.453,-1.446,1
42.772,0.587,-1.445,1
42.758,0.721,-1.445,1
42.793,0.856,-1.446,1
42.846,0.992,-1.448,1
42.827,1.126,-1.448,1
42.801,1.26,-1.447,1
42.783,1.327,-1.446,1
42.761,1.46,-1.445,1
42.77,1.595,-1.446,1
42.733,1.728,-1.445,1
42.727,1.863,-1.445,1
42.719,1.997,-1.445,1
42.692,2.063,-1.444,1
42.663,2.196,-1.443,1
42.662,2.33,-1.443,1
42.641,2.463,-1.443,1
42.633,2.597,-1.443,1
42.638,2.732,-1.443,1
42.662,2.868,-1.444,1
42.643,2.934,-1.444,1
42.656,3.07,-1.445,1
42.66,3.205,-1.445,1
42.629,3.337,-1.444,1
42.647,3.473,-1.445,1
42.636,3.607,-1.445,1
42.644,3.743,-1.446,1
42.64,3.81,-1.446,1
42.624,3.944,-1.446,1
42.651,4.081,-1.448,1
42.952,4.247,-1.46,1
43.141,4.402,-1.468,1
42.913,4.515,-1.459,1
42.534,4.543,-1.445,1
42.502,4.674,-1.444,1
42.401,4.798,-1.441,1
42.277,4.918,-1.437,1
42.198,5.044,-1.434,1
42.19,5.177,-1.435,1
24.536,3.117,-0.749,1
24.487,3.189,-0.748,1
24.516,3.271,-0.749,1
24.159,3.301,-0.736,1
23.777,3.324,-0.722,1
24.266,3.471,-0.741,1
24.457,3.577,-0.749,1
24.244,3.584,-0.741,1
40.801,6.181,-1.387,1
40.638,6.287,-1.381,1
40.555,6.405,-1.379,1
29.255,4.707,-0.938,1
28.88,4.74,-0.924,1
28.632,4.791,-0.915,1
28.33,4.969,-0.905,1
28.33,5.061,-0.905,1
28.312,5.15,-0.905,1
28.311,5.242,-0.906,1
26.317,4.999,-0.829,1
25.875,5.083,-0.813,1
25.792,5.235,-0.811,1
25.799,5.321,-0.811,1
25.777,5.359,-0.811,1
25.778,5.444,-0.812,1
25.749,5.522,-0.811,1
25.755,5.608,-0.812,1
25.735,5.689,-0.812,1
25.732,5.773,-0.813,1
25.701,5.851,-0.812,1
25.448,5.835,-0.802,1
25.694,5.977,-0.813,1
25.714,6.067,-0.814,1
25.716,6.152,-0.815,1
25.709,6.236,-0.816,1
25.687,6.316,-0.816,1
25.694,6.404,-0.817,1
25.684,6.444,-0.817,1
25.669,6.526,-0.817,1
25.67,6.612,-0.818,1
25.697,6.706,-0.82,1
25.676,6.786,-0.82,1
25.666,6.87,-0.82,1
25.65,6.952,-0.821,1
25.667,7,-0.822,1
25.658,7.084,-0.822,1
23.682,6.617,-0.744,1
25.661,7.259,-0.824,1
25.644,7.341,-0.824,1
25.553,7.402,-0.822,1
24.665,7.186,-0.786,1
24.752,7.296,-0.791,1
23.057,6.873,-0.724,1
24.307,7.331,-0.775,1
24.288,7.408,-0.775,1
23.984,7.398,-0.764,1
24.018,7.491,-0.766,1
24.13,7.567,-0.771,1
24.346,7.72,-0.781,1
24.474,7.845,-0.787,1
24.136,7.82,-0.774,1
24.382,7.985,-0.785,1
24.585,8.137,-0.794,1
23.745,7.9,-0.761,1
23.59,7.93,-0.755,1
23.47,7.972,-0.752,1
23.262,7.983,-0.744,1
15.703,5.435,-0.437,1
15.496,5.417,-0.429,1
15.352,5.421,-0.424,1
15.297,5.429,-0.422,1
15.221,5.456,-0.419,1
15.118,5.472,-0.416,1
15.016,5.489,-0.412,1
14.916,5.505,-0.409,1
14.839,5.53,-0.406,1
14.756,5.551,-0.404,1
14.688,5.552,-0.401,1
14.554,5.606,-0.397,1
14.594,5.674,-0.4,1
13.602,5.336,-0.359,1
13.338,5.28,-0.349,1
13.351,5.334,-0.35,1
13.343,5.355,-0.35,1
13.372,5.416,-0.352,1
13.344,5.453,-0.352,1
12.738,5.251,-0.327,1
13.189,5.487,-0.347,1
13.31,5.586,-0.352,1
12.261,5.189,-0.309,1
12.227,5.197,-0.308,1
12.218,5.239,-0.309,1
12.19,5.272,-0.308,1
12.145,5.298,-0.307,1
12.141,5.342,-0.307,1
12.135,5.385,-0.308,1
12.141,5.41,-0.308,1
12.135,5.453,-0.309,1
12.116,5.491,-0.309,1
12.109,5.534,-0.309,1
12.112,5.581,-0.31,1
12.985,6.035,-0.348,1
13.436,6.297,-0.368,1
13.482,6.345,-0.37,1
13.479,6.395,-0.371,1
13.471,6.443,-0.372,1
12.095,5.829,-0.314,1
12.069,5.863,-0.313,1
12.058,5.904,-0.314,1
12.055,5.95,-0.314,1
12.067,6.074,-0.317,1
12.046,6.111,-0.317,1
12.046,6.159,-0.318,1
12.039,6.204,-0.318,1
12.037,6.226,-0.318,1
12.035,6.273,-0.319,1
12.033,6.32,-0.32,1
12.025,6.365,-0.321,1
12.031,6.417,-0.322,1
12.031,6.465,-0.323,1
12.096,6.549,-0.326,1
12.244,6.654,-0.333,1
12.186,6.673,-0.332,1
11.978,6.657,-0.324,1
11.969,6.701,-0.325,1
11.966,6.748,-0.326,1
11.96,6.795,-0.326,1
13.252,7.782,-0.388,1
13.241,7.832,-0.389,1
13.246,7.863,-0.39,1
8.436,5.178,-0.178,1
8.438,5.216,-0.178,1
8.357,5.184,-0.175,1
8.297,5.182,-0.173,1
8.23,5.176,-0.171,1
8.193,5.189,-0.17,1
8.138,5.19,-0.168,1
8.105,5.205,-0.167,1
8.07,5.218,-0.167,1
8.037,5.214,-0.165,1
7.999,5.225,-0.164,1
7.973,5.244,-0.164,1
7.951,5.266,-0.164,1
7.943,5.296,-0.164,1
7.9,5.303,-0.163,1
7.903,5.341,-0.164,1
7.884,5.347,-0.163,1
7.843,5.355,-0.162,1
7.818,5.374,-0.162,1
7.78,5.384,-0.161,1
7.682,5.387,-0.158,1
7.667,5.413,-0.158,1
7.718,5.468,-0.161,1
7.745,5.523,-0.163,1
7.706,5.532,-0.162,1
7.689,5.557,-0.162,1
7.678,5.585,-0.162,1
7.656,5.606,-0.162,1
7.656,5.625,-0.162,1
7.645,5.654,-0.163,1
7.639,5.686,-0.163,1
7.63,5.717,-0.164,1
7.63,5.755,-0.164,1
7.634,5.796,-0.166,1
7.631,5.832,-0.166,1
7.644,5.861,-0.167,1
7.635,5.892,-0.168,1
7.637,5.932,-0.169,1
7.623,5.96,-0.169,1
7.631,6.005,-0.17,1
7.622,6.036,-0.171,1
7.642,6.072,-0.172,1
7.645,6.113,-0.173,1
7.642,6.151,-0.174,1
7.64,6.189,-0.175,1
7.636,6.226,-0.176,1
7.629,6.26,-0.176,1
7.628,6.299,-0.177,1
7.639,6.329,-0.178,1
7.639,6.37,-0.179,1
7.634,6.406,-0.18,1
7.648,6.459,-0.182,1
7.644,6.497,-0.183,1
7.637,6.533,-0.183,1
7.638,6.575,-0.185,1
7.643,6.6,-0.185,1
7.638,6.639,-0.186,1
7.649,6.69,-0.188,1
7.646,6.73,-0.189,1
7.64,6.767,-0.189,1
7.641,6.811,-0.191,1
7.639,6.853,-0.192,1
7.656,6.89,-0.193,1
7.64,6.92,-0.193,1
7.642,6.965,-0.195,1
7.65,7.016,-0.196,1
7.651,7.062,-0.197,1
7.643,7.1,-0.198,1
7.64,7.141,-0.199,1
7.674,7.196,-0.202,1
18.552,17.557,-0.781,1
18.45,17.571,-0.778,1
18.327,17.564,-0.775,1
18.325,17.673,-0.777,1
18.251,17.712,-0.776,1
18.157,17.732,-0.774,1
18.12,17.752,-0.774,1
18.044,17.789,-0.773,1
17.944,17.802,-0.77,1
17.83,17.801,-0.767,1
17.76,17.842,-0.767,1
17.671,17.864,-0.765,1
17.577,17.825,-0.761,1
17.467,17.825,-0.758,1
17.381,17.849,-0.756,1
17.315,17.893,-0.756,1
17.229,17.917,-0.754,1
17.151,17.948,-0.753,1
17.096,18.003,-0.753,1
17.065,18.027,-0.753,1
16.956,18.025,-0.75,1
16.854,18.03,-0.747,1
16.783,18.067,-0.747,1
16.729,18.123,-0.747,1
11.939,13.005,-0.477,1
11.894,13.038,-0.476,1
16.474,18.131,-0.74,1
16.404,18.167,-0.74,1
16.278,18.141,-0.736,1
16.204,18.175,-0.735,1
16.137,18.213,-0.734,1
16.046,18.227,-0.732,1
15.975,18.26,-0.731,1
15.911,18.245,-0.729,1
15.858,18.301,-0.73,1
15.773,18.318,-0.728,1
15.635,18.274,-0.723,1
15.456,18.179,-0.716,1
15.467,18.309,-0.72,1
15.383,18.267,-0.717,1
14.88,17.782,-0.69,1
14.836,17.842,-0.691,1
14.772,17.88,-0.69,1
14.916,18.17,-0.702,1
14.784,18.125,-0.698,1
14.769,18.223,-0.7,1
14.803,18.324,-0.704,1
14.789,18.425,-0.707,1
14.733,18.475,-0.707,1
14.706,18.56,-0.709,1
14.644,18.601,-0.709,1
14.64,18.717,-0.712,1
14.614,18.805,-0.714,1
14.594,18.841,-0.715,1
14.536,18.888,-0.715,1
14.501,18.965,-0.716,1
14.446,19.017,-0.717,1
14.404,19.087,-0.718,1
14.366,19.16,-0.719,1
14.326,19.233,-0.721,1
14.319,19.287,-0.722,1
14.234,19.298,-0.72,1
14.157,19.32,-0.719,1
14.13,19.412,-0.722,1
14.081,19.472,-0.722,1
14.032,19.534,-0.723,1
13.967,19.573,-0.723,1
13.946,19.608,-0.724,1
13.871,19.634,-0.723,1
13.803,19.668,-0.722,1
13.816,19.819,-0.727,1
13.773,19.891,-0.729,1
13.726,19.957,-0.73,1
13.703,19.99,-0.73,1
13.673,20.081,-0.733,1
13.621,20.14,-0.733,1
13.569,20.199,-0.734,1
13.545,20.302,-0.737,1
13.505,20.381,-0.739,1
12.432,18.886,-0.668,1
12.269,18.702,-0.658,1
12.169,18.677,-0.655,1
12.106,18.708,-0.655,1
12.038,18.733,-0.654,1
12.025,18.843,-0.658,1
12.008,18.946,-0.661,1
13.175,20.939,-0.75,1
13.168,21,-0.752,1
13.097,21.033,-0.751,1
13.038,21.086,-0.752,1
13.027,21.217,-0.756,1
12.995,21.316,-0.758,1
13.057,21.569,-0.768,1
13.006,21.639,-0.769,1
12.947,21.617,-0.767,1
12.937,21.755,-0.772,1
12.927,21.895,-0.776,1
12.909,22.022,-0.78,1
12.845,22.073,-0.781,1
12.812,22.176,-0.783,1
12.788,22.296,-0.787,1
12.845,22.477,-0.794,1
12.837,22.629,-0.799,1
12.831,22.784,-0.804,1
12.816,22.927,-0.809,1
12.807,23.081,-0.814,1
12.785,23.212,-0.818,1
12.777,23.371,-0.823,1
12.778,23.462,-0.826,1
12.763,23.611,-0.831,1
12.737,23.741,-0.835,1
12.654,23.765,-0.834,1
12.619,23.878,-0.837,1
12.573,23.975,-0.84,1
12.54,24.096,-0.843,1
12.542,24.192,-0.846,1
12.513,24.323,-0.85,1
12.45,24.389,-0.852,1
12.415,24.51,-0.855,1
12.398,24.669,-0.86,1
12.331,24.729,-0.861,1
12.204,24.667,-0.857,1
12.2,24.758,-0.86,1
12.138,24.829,-0.861,1
12.051,24.847,-0.861,1
12.053,25.052,-0.868,1
12.083,25.319,-0.878,1
12.083,25.525,-0.885,1
11.988,25.53,-0.883,1
12.036,25.739,-0.891,1
11.969,25.806,-0.893,1
12.03,26.154,-0.906,1
12.021,26.352,-0.913,1
11.993,26.512,-0.918,1
11.914,26.56,-0.918,1
11.874,26.582,-0.918,1
11.796,26.632,-0.919,1
11.756,26.768,-0.923,1
6.899,15.818,-0.461,1
6.84,15.817,-0.46,1
6.782,15.818,-0.459,1
6.726,15.827,-0.459,1
6.692,15.815,-0.458,1
6.639,15.829,-0.458,1
11.472,27.643,-0.95,1
11.438,27.809,-0.955,1
11.396,27.956,-0.96,1
11.396,28.21,-0.969,1
11.367,28.394,-0.975,1
11.331,28.432,-0.976,1
11.245,28.477,-0.976,1
11.21,28.652,-0.982,1
11.196,28.885,-0.99,1
11.17,29.09,-0.997,1
11.084,29.138,-0.998,1
10.987,29.159,-0.997,1
10.876,29.002,-0.99,1
10.933,29.434,-1.006,1
10.905,29.646,-1.014,1
10.764,29.549,-1.008,1
10.703,29.669,-1.012,1
10.628,29.755,-1.014,1
10.612,30.009,-1.023,1
10.59,30.097,-1.026,1
10.536,30.245,-1.031,1
10.468,30.358,-1.034,1
10.423,30.538,-1.04,1
10.376,30.716,-1.046,1
6.657,19.885,-0.604,1
6.573,19.84,-0.602,1
6.548,19.869,-0.602,1
6.474,19.855,-0.601,1
6.421,19.902,-0.602,1
6.39,20.023,-0.606,1
6.338,20.077,-0.608,1
9.746,31.263,-1.058,1
8.701,28.214,-0.934,1
8.651,28.209,-0.933,1
9.498,31.331,-1.058,1
9.428,31.457,-1.062,1
9.368,31.618,-1.067,1
9.29,31.719,-1.07,1
9.217,31.842,-1.074,1
9.112,31.853,-1.073,1
9.078,31.925,-1.076,1
9.037,32.163,-1.084,1
8.956,32.265,-1.087,1
8.839,32.237,-1.085,1
8.623,31.838,-1.068,1
8.54,31.931,-1.07,1
8.453,32.008,-1.072,1
8.43,32.123,-1.076,1
8.366,32.293,-1.082,1
8.299,32.455,-1.087,1
8.245,32.672,-1.095,1
8.154,32.745,-1.097,1
8.108,33.003,-1.106,1
8.052,32.996,-1.105,1
6.763,28.081,-0.909,1
7.856,33.095,-1.107,1
6.514,27.814,-0.897,1
6.423,27.817,-0.897,1
6.39,28.08,-0.906,1
7.462,33.292,-1.111,1
6.371,28.619,-0.926,1
6.276,28.618,-0.925,1
7.218,33.434,-1.115,1
5.722,26.891,-0.856,1
7.002,33.451,-1.113,1
6.893,33.455,-1.113,1
6.798,33.524,-1.115,1
6.699,33.579,-1.116,1
6.655,33.632,-1.118,1
6.568,33.749,-1.121,1
6.458,33.75,-1.121,1
6.37,33.866,-1.124,1
5.41,34.031,-1.124,1
5.296,34.004,-1.123,1
5.185,33.997,-1.122,1
5.077,33.999,-1.121,1
5.022,-33.537,-1.103,1
5.172,-34.169,-1.128,1
5.321,-34.417,-1.139,1
5.413,-34.299,-1.135,1
5.518,-34.264,-1.134,1
5.632,-34.286,-1.135,1
5.753,-34.347,-1.139,1
6.207,-36.346,-1.217,1
6.197,-35.95,-1.202,1
6.331,-36.053,-1.207,1
7.624,-42.599,-1.464,1
6.266,-33.816,-1.122,1
6.482,-34.376,-1.145,1
6.571,-34.255,-1.141,1
6.666,-34.459,-1.149,1
6.78,-34.469,-1.15,1
6.784,-33.928,-1.13,1
6.963,-34.261,-1.144,1
7.159,-34.664,-1.16,1
7.157,-34.113,-1.14,1
7.31,-34.307,-1.148,1
7.349,-34.228,-1.146,1
7.445,-34.15,-1.143,1
7.546,-34.099,-1.142,1
7.67,-34.151,-1.145,1
7.905,-34.686,-1.167,1
8.511,-36.802,-1.252,1
8.07,-34.654,-1.168,1
8.185,-34.656,-1.169,1
5.484,-22.934,-0.705,1
5.535,-22.829,-0.702,1
5.598,-22.778,-0.7,1
5.667,-22.751,-0.7,1
5.741,-22.741,-0.7,1
5.842,-22.989,-0.71,1
9.044,-35.073,-1.192,1
9.157,-35.054,-1.193,1
10.33,-39.03,-1.352,1
10.353,-38.629,-1.338,1
10.296,-37.94,-1.311,1
10.6,-38.58,-1.338,1
10.706,-38.727,-1.345,1
10.778,-38.514,-1.338,1
7.169,-25.044,-0.8,1
7.23,-24.96,-0.798,1
7.301,-24.915,-0.797,1
7.373,-24.87,-0.796,1
7.42,-24.886,-0.797,1
7.508,-24.895,-0.798,1
7.61,-24.947,-0.801,1
11.986,-38.807,-1.362,1
12.199,-39.059,-1.373,1
12.54,-39.71,-1.401,1
21.781,-68.536,-2.568,1
12.316,-38.374,-1.35,1
12.433,-38.325,-1.349,1
12.566,-38.322,-1.351,1
12.653,-38.184,-1.347,1
12.821,-38.286,-1.352,1
12.955,-38.287,-1.354,1
13.057,-38.388,-1.359,1
5.084,-14.403,-0.385,1
8.45,-23.304,-0.752,1
8.499,-23.21,-0.749,1
8.557,-23.144,-0.747,1
8.623,-23.1,-0.747,1
8.702,-23.088,-0.747,1
8.891,-23.367,-0.76,1
25.438,-66.097,-2.526,1
25.652,-66.34,-2.538,1
25.952,-66.496,-2.548,1
24.684,-62.668,-2.392,1
20.391,-51.309,-1.924,1
20.424,-50.924,-1.911,1
20.49,-50.628,-1.901,1
20.544,-50.533,-1.899,1
20.618,-50.263,-1.89,1
20.545,-49.642,-1.867,1
20.719,-49.62,-1.869,1
20.555,-48.796,-1.837,1
21.041,-49.513,-1.87,1
21.375,-49.863,-1.887,1
21.354,-49.598,-1.878,1
21.625,-49.797,-1.889,1
22.219,-50.726,-1.931,1
21.762,-49.263,-1.872,1
21.632,-48.558,-1.845,1
21.788,-48.497,-1.846,1
23.717,-52.345,-2.011,1
11.397,-24.875,-0.851,1
11.448,-24.779,-0.848,1
11.513,-24.717,-0.847,1
11.589,-24.676,-0.847,1
11.688,-24.686,-0.849,1
11.924,-24.979,-0.863,1
31.442,-65.507,-2.597,1
22.242,-45.985,-1.765,1
22.339,-45.818,-1.761,1
22.478,-45.739,-1.761,1
22.646,-45.716,-1.763,1
21.715,-43.496,-1.67,1
21.741,-43.378,-1.666,1
21.878,-43.311,-1.667,1
22.027,-43.267,-1.668,1
22.2,-43.271,-1.671,1
35.255,-68.154,-2.754,1
31.681,-60.784,-2.438,1
31.811,-60.567,-2.433,1
12.25,-23.094,-0.804,1
12.309,-23.029,-0.803,1
12.387,-23.001,-0.803,1
12.487,-23.013,-0.805,1
36.492,-66.651,-2.725,1
25.987,-47.303,-1.877,1
26.019,-47.01,-1.867,1
26.012,-46.652,-1.855,1
25.991,-46.272,-1.842,1
14.159,-25.047,-0.905,1
14.195,-24.928,-0.902,1
14.266,-24.871,-0.901,1
14.308,-24.854,-0.902,1
14.371,-24.783,-0.9,1
25.761,-44.064,-1.764,1
25.694,-43.635,-1.748,1
25.733,-43.389,-1.741,1
25.739,-43.09,-1.731,1
25.681,-42.687,-1.716,1
25.631,-42.454,-1.708,1
25.709,-42.282,-1.704,1
25.751,-42.053,-1.697,1
25.747,-41.753,-1.687,1
25.833,-41.599,-1.684,1
25.886,-41.394,-1.678,1
25.938,-41.189,-1.672,1
21.181,-33.526,-1.325,1
21.243,-33.392,-1.322,1
21.346,-33.322,-1.321,1
21.478,-33.298,-1.323,1
21.643,-33.323,-1.328,1
26.119,-39.93,-1.635,1
26.204,-39.786,-1.633,1
26.123,-39.528,-1.622,1
26.164,-39.321,-1.617,1
26.259,-39.196,-1.615,1
26.277,-38.959,-1.608,1
26.363,-38.822,-1.605,1
26.418,-38.642,-1.6,1
26.399,-38.485,-1.595,1
26.437,-38.282,-1.589,1
26.467,-38.069,-1.583,1
26.488,-37.845,-1.577,1
26.533,-37.657,-1.572,1
26.576,-37.467,-1.567,1
26.592,-37.242,-1.56,1
26.588,-37.113,-1.556,1
26.611,-36.899,-1.55,1
26.554,-36.578,-1.538,1
26.606,-36.409,-1.534,1
26.684,-36.275,-1.532,1
26.757,-36.137,-1.529,1
26.757,-35.9,-1.522,1
26.746,-35.768,-1.518,1
26.76,-35.553,-1.511,1
26.8,-35.375,-1.507,1
26.855,-35.218,-1.503,1
26.871,-35.01,-1.497,1
26.917,-34.843,-1.493,1
26.931,-34.748,-1.491,1
26.954,-34.553,-1.485,1
26.939,-34.311,-1.478,1
27.001,-34.169,-1.475,1
26.939,-33.871,-1.464,1
26.984,-33.71,-1.461,1
26.928,-33.424,-1.451,1
26.818,-33.181,-1.441,1
26.816,-32.967,-1.434,1
26.879,-32.833,-1.432,1
21.461,-26.056,-1.097,1
21.491,-25.926,-1.094,1
21.557,-25.839,-1.093,1
21.636,-25.77,-1.093,1
21.685,-25.745,-1.094,1
27.001,-31.844,-1.405,1
27.039,-31.686,-1.402,1
26.962,-31.397,-1.391,1
15.585,-18.05,-0.715,1
15.576,-17.926,-0.711,1
15.564,-17.799,-0.707,1
14.633,-16.683,-0.651,1
14.651,-16.598,-0.649,1
14.666,-16.51,-0.647,1
14.724,-16.472,-0.648,1
14.765,-16.413,-0.647,1
14.825,-16.376,-0.648,1
14.914,-16.371,-0.65,1
15.039,-16.456,-0.655,1
15.083,-16.4,-0.655,1
27.28,-29.445,-1.343,1
27.322,-29.305,-1.341,1
27.322,-29.122,-1.335,1
27.365,-28.985,-1.333,1
27.331,-28.858,-1.328,1
21.346,-22.406,-0.989,1
21.357,-22.277,-0.986,1
21.399,-22.181,-0.984,1
21.472,-22.116,-0.984,1
21.59,-22.099,-0.987,1
21.724,-22.096,-0.991,1
27.356,-27.728,-1.298,1
27.348,-27.547,-1.292,1
27.372,-27.399,-1.289,1
27.373,-27.228,-1.284,1
27.397,-27.081,-1.281,1
27.418,-26.932,-1.278,1
27.443,-26.787,-1.274,1
27.399,-26.661,-1.27,1
27.418,-26.512,-1.266,1
27.442,-26.369,-1.263,1
27.461,-26.222,-1.26,1
27.466,-26.063,-1.256,1
27.491,-25.923,-1.253,1
27.466,-25.818,-1.249,1
27.465,-25.655,-1.245,1
27.569,-25.591,-1.246,1
27.569,-25.43,-1.242,1
27.582,-25.282,-1.238,1
27.584,-25.125,-1.234,1
27.7,-25.072,-1.236,1
27.664,-24.96,-1.232,1
27.644,-24.785,-1.227,1
27.648,-24.633,-1.223,1
27.637,-24.468,-1.219,1
27.687,-24.357,-1.218,1
27.724,-24.236,-1.216,1
27.734,-24.091,-1.212,1
27.725,-24.007,-1.21,1
27.72,-23.851,-1.206,1
27.737,-23.714,-1.203,1
27.756,-23.581,-1.2,1
27.768,-23.441,-1.197,1
27.794,-23.313,-1.194,1
27.804,-23.248,-1.193,1
27.837,-23.127,-1.191,1
27.837,-22.98,-1.188,1
27.855,-22.848,-1.185,1
22.098,-18.017,-0.895,1
22.139,-17.935,-0.894,1
22.22,-17.886,-0.896,1
27.86,-22.344,-1.173,1
27.892,-22.227,-1.171,1
27.91,-22.098,-1.168,1
27.943,-21.982,-1.167,1
27.973,-21.863,-1.165,1
28.01,-21.751,-1.163,1
28.015,-21.614,-1.16,1
27.96,-21.502,-1.156,1
27.978,-21.376,-1.153,1
28.007,-21.259,-1.151,1
27.962,-21.087,-1.146,1
13.572,-10.185,-0.45,1
13.8,-10.288,-0.46,1
27.966,-20.68,-1.137,1
27.941,-20.594,-1.134,1
27.925,-20.447,-1.13,1
27.884,-20.283,-1.125,1
20.568,-14.871,-0.774,1
20.509,-14.731,-0.769,1
20.483,-14.615,-0.766,1
20.503,-14.532,-0.765,1
20.536,-14.507,-0.765,1
20.598,-14.454,-0.766,1
20.654,-14.397,-0.767,1
20.751,-14.367,-0.769,1
20.81,-14.312,-0.77,1
28.125,-19.202,-1.109,1
28.125,-19.137,-1.107,1
28.139,-19.018,-1.105,1
28.183,-18.919,-1.105,1
28.236,-18.826,-1.104,1
28.303,-18.743,-1.105,1
28.362,-18.654,-1.105,1
28.328,-18.504,-1.1,1
28.319,-18.435,-1.099,1
28.331,-18.317,-1.097,1
28.389,-18.227,-1.097,1
28.458,-18.146,-1.097,1
28.465,-18.025,-1.095,1
28.537,-17.945,-1.096,1
23.996,-15.042,-0.888,1
23.968,-14.92,-0.884,1
23.984,-14.826,-0.883,1
24.027,-14.748,-0.883,1
24.077,-14.675,-0.883,1
24.171,-14.628,-0.885,1
24.303,-14.603,-0.889,1
28.656,-17.152,-1.083,1
28.649,-17.027,-1.081,1
28.69,-16.929,-1.08,1
28.707,-16.818,-1.079,1
28.755,-16.725,-1.078,1
28.85,-16.659,-1.08,1
29.074,-16.667,-1.088,1
29.048,-16.592,-1.086,1
28.833,-16.349,-1.074,1
11.128,-6.282,-0.289,1
11.1,-6.22,-0.287,1
11.071,-6.158,-0.284,1
11.062,-6.108,-0.283,1
11.035,-6.049,-0.281,1
11.022,-6.019,-0.28,1
11.02,-5.973,-0.279,1
11.012,-5.924,-0.278,1
11.022,-5.885,-0.278,1
11.028,-5.843,-0.277,1
11.03,-5.8,-0.276,1
11.031,-5.757,-0.276,1
11.04,-5.739,-0.276,1
11.036,-5.694,-0.275,1
11.068,-5.666,-0.275,1
11.059,-5.618,-0.274,1
11.081,-5.585,-0.274,1
11.094,-5.548,-0.274,1
11.11,-5.534,-0.275,1
11.122,-5.497,-0.274,1
11.147,-5.465,-0.275,1
11.175,-5.435,-0.275,1
11.193,-5.401,-0.275,1
11.21,-5.366,-0.275,1
11.247,-5.34,-0.276,1
11.277,-5.333,-0.277,1
11.335,-5.317,-0.279,1
11.37,-5.289,-0.279,1
11.434,-5.275,-0.281,1
11.46,-5.244,-0.282,1
13.301,-6.031,-0.359,1
13.307,-5.984,-0.358,1
13.299,-5.955,-0.358,1
13.31,-5.91,-0.357,1
13.306,-5.858,-0.356,1
13.325,-5.816,-0.356,1
13.304,-5.758,-0.355,1
13.322,-5.716,-0.355,1
13.344,-5.701,-0.355,1
13.371,-5.662,-0.356,1
13.407,-5.628,-0.357,1
13.451,-5.597,-0.358,1
13.511,-5.572,-0.359,1
13.56,-5.542,-0.361,1
13.637,-5.523,-0.363,1
13.703,-5.525,-0.366,1
13.809,-5.517,-0.369,1
13.867,-5.49,-0.371,1
13.957,-5.475,-0.374,1
14.064,-5.466,-0.378,1
14.198,-5.466,-0.383,1
14.429,-5.503,-0.391,1
27.005,-10.226,-0.909,1
26.878,-10.082,-0.903,1
26.964,-10.017,-0.905,1
27.017,-9.941,-0.906,1
27.325,-9.956,-0.917,1
27.183,-9.808,-0.91,1
16.232,-5.839,-0.461,1
16.222,-5.778,-0.46,1
16.218,-5.719,-0.459,1
16.209,-5.659,-0.458,1
16.216,-5.604,-0.457,1
16.214,-5.547,-0.457,1
16.226,-5.494,-0.456,1
16.219,-5.464,-0.456,1
16.189,-5.397,-0.454,1
16.198,-5.343,-0.454,1
16.185,-5.283,-0.452,1
16.199,-5.231,-0.452,1
16.199,-5.175,-0.452,1
16.194,-5.117,-0.451,1
16.204,-5.092,-0.451,1
16.183,-5.03,-0.449,1
16.18,-4.974,-0.449,1
16.178,-4.918,-0.448,1
16.194,-4.867,-0.448,1
16.178,-4.807,-0.447,1
16.187,-4.754,-0.446,1
16.183,-4.725,-0.446,1
16.183,-4.67,-0.445,1
16.234,-4.63,-0.447,1
16.243,-4.577,-0.447,1
16.286,-4.534,-0.448,1
16.36,-4.499,-0.45,1
16.401,-4.455,-0.451,1
16.475,-4.447,-0.454,1
16.561,-4.414,-0.457,1
16.648,-4.382,-0.46,1
16.756,-4.354,-0.463,1
16.911,-4.337,-0.469,1
17.016,-4.307,-0.473,1
19.058,-4.598,-0.552,1
19.195,-4.567,-0.557,1
19.381,-4.547,-0.563,1
18.317,-4.087,-0.52,1
18.379,-4.04,-0.521,1
18.489,-4.003,-0.525,1
18.375,-3.918,-0.52,1
32.009,-6.23,-1.053,1
39.632,-7.579,-1.351,1
39.604,-7.445,-1.349,1
39.441,-7.35,-1.343,1
39.666,-7.263,-1.351,1
39.634,-7.128,-1.348,1
39.573,-6.989,-1.345,1
39.703,-6.884,-1.349,1
39.654,-6.747,-1.347,1
39.509,-6.595,-1.34,1
39.117,-6.466,-1.324,1
38.96,-6.315,-1.317,1
38.867,-6.175,-1.313,1
38.807,-6.04,-1.31,1
38.761,-5.908,-1.307,1
38.856,-5.798,-1.31,1
38.966,-5.752,-1.314,1
39.097,-5.646,-1.319,1
39.419,-5.566,-1.331,1
39.727,-5.482,-1.342,1
40.032,-5.395,-1.353,1
40.379,-5.313,-1.366,1
35.64,-4.579,-1.181,1
39.712,-5.035,-1.339,1
39.736,-4.911,-1.339,1
39.802,-4.793,-1.341,1
39.97,-4.686,-1.347,1
40.894,-4.663,-1.383,1
40.462,-4.485,-1.365,1
40.779,-4.455,-1.377,1
42.213,-4.477,-1.432,1
42.722,-4.395,-1.452,1
43.142,-4.301,-1.467,1
43.286,-4.178,-1.472,1
30.5,-2.758,-0.977,1
30.652,-2.723,-0.982,1
30.654,-2.627,-0.982,1
30.424,-2.511,-0.973,1
30.378,-2.411,-0.971,1
30.377,-2.315,-0.97,1
30.382,-2.219,-0.97,1
30.353,-2.121,-0.969,1
30.348,-2.073,-0.969,1
30.333,-1.976,-0.968,1
30.327,-1.88,-0.967,1
30.317,-1.784,-0.967,1
30.318,-1.689,-0.967,1
30.305,-1.593,-0.966,1
30.314,-1.498,-0.966,1
30.32,-1.45,-0.966,1
30.355,-1.356,-0.967,1
31.563,-1.111,-1.013,1
33.865,-1.031,-1.102,1
43.735,-1.186,-1.483,1
43.643,-1.046,-1.479,1
43.64,-0.909,-1.479,1
43.531,-0.77,-1.474,1
43.421,-0.632,-1.47,1
43.331,-0.494,-1.466,1
43.223,-0.425,-1.462,1
43.123,-0.289,-1.458,1
43.039,-0.153,-1.455,1
42.976,-0.018,-1.453,1
38.31,0.059,-1.5,1
38.246,0.179,-1.497,1
38.205,0.299,-1.496,1
38.151,0.358,-1.493,1
38.115,0.478,-1.492,1
38.036,0.596,-1.488,1
38.002,0.715,-1.487,1
37.963,0.834,-1.485,1
37.915,0.952,-1.483,1
37.875,1.07,-1.482,1
37.842,1.129,-1.48,1
37.828,1.247,-1.48,1
37.816,1.366,-1.479,1
37.81,1.485,-1.479,1
37.807,1.603,-1.479,1
37.811,1.723,-1.48,1
37.816,1.842,-1.48,1
37.829,1.902,-1.481,1
37.813,2.02,-1.481,1
37.816,2.14,-1.481,1
37.823,2.259,-1.482,1
37.826,2.379,-1.482,1
37.83,2.498,-1.483,1
37.854,2.56,-1.484,1
37.86,2.68,-1.485,1
37.853,2.799,-1.485,1
37.876,2.92,-1.486,1
37.887,3.041,-1.487,1
37.984,3.168,-1.492,1
38.002,3.29,-1.493,1
38.019,3.352,-1.494,1
38.054,3.475,-1.496,1
38.073,3.598,-1.497,1
38.103,3.721,-1.499,1
38.183,3.85,-1.503,1
38.276,3.981,-1.508,1
38.42,4.118,-1.515,1
38.656,4.204,-1.526,1
38.456,4.305,-1.517,1
37.973,4.372,-1.497,1
37.87,4.481,-1.493,1
37.755,4.588,-1.488,1
24.441,3.135,-0.892,1
24.448,3.175,-0.893,1
24.535,3.265,-0.897,1
24.056,3.278,-0.876,1
24.033,3.352,-0.876,1
24.331,3.471,-0.89,1
24.558,3.582,-0.9,1
36.965,5.497,-1.459,1
36.938,5.553,-1.458,1
36.917,5.668,-1.458,1
36.833,5.774,-1.455,1
36.758,5.881,-1.452,1
29.123,4.758,-1.109,1
28.571,4.761,-1.085,1
28.362,4.864,-1.076,1
28.338,4.951,-1.076,1
28.338,5.043,-1.077,1
28.307,5.129,-1.076,1
28.544,5.265,-1.087,1
26.606,4.996,-1,1
26.257,4.973,-0.985,1
25.976,5.005,-0.973,1
25.858,5.066,-0.968,1
23.577,4.699,-0.866,1
25.81,5.226,-0.968,1
23.067,4.749,-0.844,1
22.465,4.699,-0.817,1
24.091,5.077,-0.891,1
21.274,4.556,-0.764,1
21.289,4.629,-0.765,1
23.899,5.272,-0.885,1
23.803,5.329,-0.881,1
23.819,5.412,-0.883,1
23.652,5.452,-0.876,1
23.959,5.562,-0.89,1
23.947,5.639,-0.891,1
23.886,5.704,-0.889,1
23.86,5.777,-0.888,1
23.733,5.825,-0.883,1
23.756,5.91,-0.885,1
23.683,5.931,-0.882,1
23.546,5.976,-0.877,1
22.985,5.911,-0.852,1
23.223,6.05,-0.864,1
22.941,6.054,-0.852,1
23.264,6.217,-0.867,1
23.113,6.254,-0.861,1
23.065,6.28,-0.86,1
22.862,6.302,-0.851,1
22.813,6.366,-0.85,1
22.728,6.419,-0.847,1
22.696,6.487,-0.846,1
22.65,6.552,-0.845,1
22.571,6.567,-0.842,1
22.627,6.66,-0.845,1
22.642,6.742,-0.847,1
22.623,6.814,-0.847,1
22.678,6.908,-0.851,1
22.841,7.036,-0.859,1
23.014,7.168,-0.868,1
22.913,7.177,-0.864,1
22.644,7.171,-0.853,1
22.395,7.17,-0.842,1
22.401,7.249,-0.844,1
20.872,6.829,-0.773,1
20.879,6.904,-0.774,1
15.825,5.295,-0.539,1
15.614,5.252,-0.529,1
15.448,5.25,-0.522,1
15.32,5.26,-0.517,1
15.2,5.273,-0.512,1
15.1,5.292,-0.508,1
14.98,5.302,-0.503,1
14.889,5.323,-0.5,1
14.804,5.319,-0.496,1
14.755,5.354,-0.495,1
14.693,5.384,-0.492,1
14.641,5.417,-0.491,1
14.599,5.454,-0.49,1
14.565,5.493,-0.489,1
14.546,5.539,-0.489,1
14.608,5.588,-0.492,1
14.57,5.626,-0.491,1
12.881,5.117,-0.413,1
12.645,5.093,-0.403,1
12.535,5.095,-0.398,1
12.426,5.096,-0.394,1
12.347,5.11,-0.391,1
12.3,5.135,-0.389,1
12.219,5.147,-0.386,1
12.205,5.186,-0.386,1
12.204,5.208,-0.387,1
12.153,5.232,-0.385,1
12.133,5.268,-0.385,1
12.131,5.313,-0.385,1
12.128,5.357,-0.386,1
12.119,5.399,-0.386,1
12.131,5.45,-0.388,1
12.117,5.466,-0.388,1
12.198,5.549,-0.392,1
12.669,5.955,-0.419,1
12.936,6.105,-0.433,1
13.462,6.403,-0.459,1
12.086,5.798,-0.393,1
12.075,5.84,-0.393,1
12.067,5.883,-0.394,1
12.045,5.919,-0.393,1
12.044,5.966,-0.394,1
13.43,6.675,-0.463,1
13.454,6.739,-0.466,1
12.054,6.089,-0.397,1
12.051,6.135,-0.398,1
12.037,6.175,-0.398,1
12.035,6.222,-0.399,1
12.025,6.265,-0.399,1
12.029,6.291,-0.4,1
12.023,6.336,-0.401,1
12.023,6.384,-0.402,1
12.011,6.427,-0.402,1
12.128,6.661,-0.412,1
12.038,6.661,-0.408,1
11.953,6.663,-0.405,1
11.96,6.716,-0.406,1
11.952,6.762,-0.407,1
11.949,6.809,-0.408,1
8.533,5.032,-0.237,1
8.445,5.016,-0.233,1
8.378,5.012,-0.231,1
8.334,5.004,-0.229,1
8.252,5.026,-0.226,1
8.192,5.025,-0.224,1
8.146,5.032,-0.222,1
8.072,5.022,-0.219,1
8.021,5.025,-0.217,1
7.97,5.011,-0.215,1
7.926,5.018,-0.214,1
7.88,5.024,-0.212,1
7.845,5.036,-0.211,1
7.808,5.047,-0.21,1
7.785,5.067,-0.21,1
7.746,5.076,-0.208,1
7.753,5.098,-0.209,1
7.722,5.113,-0.208,1
7.692,5.128,-0.208,1
7.678,5.153,-0.208,1
7.668,5.182,-0.208,1
7.637,5.196,-0.207,1
7.642,5.217,-0.208,1
7.637,5.249,-0.209,1
7.624,5.275,-0.209,1
7.617,5.306,-0.209,1
7.62,5.343,-0.21,1
7.603,5.367,-0.21,1
7.603,5.403,-0.211,1
7.612,5.427,-0.212,1
7.613,5.464,-0.213,1
7.602,5.493,-0.214,1
7.603,5.529,-0.215,1
7.598,5.563,-0.215,1
7.598,5.599,-0.216,1
7.607,5.624,-0.217,1
7.599,5.655,-0.218,1
7.612,5.702,-0.219,1
7.605,5.734,-0.22,1
7.6,5.768,-0.221,1
7.594,5.801,-0.221,1
7.589,5.835,-0.222,1
7.61,5.87,-0.224,1
7.607,5.906,-0.225,1
7.606,5.943,-0.226,1
7.6,5.977,-0.226,1
7.597,6.013,-0.227,1
7.604,6.058,-0.229,1
7.607,6.119,-0.231,1
7.614,6.164,-0.232,1
7.598,6.19,-0.232,1
7.611,6.241,-0.234,1
7.636,6.651,-0.247,1
7.592,6.761,-0.249,1
9.448,8.459,-0.36,1
9.416,8.483,-0.36,1
7.599,7.094,-0.259,1
7.626,7.164,-0.262,1
7.616,7.178,-0.262,1
7.613,7.219,-0.263,1
7.619,7.271,-0.265,1
7.614,7.311,-0.266,1
17.715,17.071,-0.891,1
10.715,10.405,-0.461,1
17.483,17.061,-0.883,1
17.489,17.12,-0.885,1
17.441,17.181,-0.885,1
17.357,17.206,-0.883,1
17.245,17.203,-0.88,1
17.168,17.234,-0.878,1
17.095,17.27,-0.877,1
17.014,17.296,-0.876,1
16.959,17.294,-0.874,1
16.973,17.418,-0.878,1
6.022,6.242,-0.182,1
5.972,6.23,-0.18,1
5.92,6.215,-0.178,1
5.884,6.216,-0.177,1
5.855,6.225,-0.177,1
5.831,6.219,-0.176,1
5.812,6.238,-0.176,1
5.768,6.23,-0.174,1
5.735,6.233,-0.173,1
5.707,6.242,-0.173,1
5.676,6.248,-0.172,1
5.671,6.262,-0.172,1
5.646,6.273,-0.172,1
5.626,6.291,-0.172,1
5.594,6.295,-0.171,1
5.561,6.298,-0.17,1
5.557,6.333,-0.171,1
5.536,6.349,-0.171,1
5.524,6.357,-0.171,1
5.51,6.38,-0.171,1
5.49,6.397,-0.171,1
5.475,6.42,-0.172,1
5.451,6.433,-0.171,1
5.442,6.464,-0.172,1
5.437,6.499,-0.173,1
5.43,6.511,-0.173,1
5.436,6.56,-0.175,1
5.422,6.585,-0.176,1
5.454,6.667,-0.18,1
14.742,18.065,-0.833,1
14.735,18.172,-0.837,1
14.695,18.24,-0.838,1
14.656,18.25,-0.837,1
14.603,18.301,-0.838,1
14.537,18.336,-0.837,1
14.491,18.397,-0.838,1
14.441,18.452,-0.839,1
14.378,18.491,-0.838,1
14.322,18.539,-0.838,1
14.292,18.56,-0.838,1
14.231,18.602,-0.838,1
14.143,18.608,-0.836,1
14.085,18.652,-0.836,1
14.036,18.709,-0.837,1
13.984,18.763,-0.837,1
13.952,18.782,-0.837,1
13.881,18.809,-0.836,1
13.842,18.88,-0.838,1
13.767,18.903,-0.837,1
13.7,18.935,-0.836,1
13.669,19.018,-0.838,1
13.612,19.064,-0.838,1
13.595,19.103,-0.839,1
13.529,19.138,-0.839,1
13.485,19.203,-0.84,1
13.437,19.263,-0.841,1
13.414,19.36,-0.844,1
13.333,19.372,-0.842,1
13.28,19.425,-0.843,1
13.262,19.464,-0.844,1
13.193,19.494,-0.843,1
13.123,19.524,-0.843,1
13.014,19.494,-0.839,1
13.018,19.633,-0.844,1
12.292,18.667,-0.79,1
12.179,18.623,-0.786,1
12.148,18.639,-0.786,1
12.078,18.66,-0.785,1
12.04,18.73,-0.787,1
11.98,18.766,-0.787,1
12.004,18.933,-0.793,1
12.506,19.861,-0.84,1
12.508,20.004,-0.846,1
12.497,20.056,-0.847,1
12.453,20.125,-0.849,1
12.402,20.185,-0.85,1
12.369,20.273,-0.853,1
12.388,20.449,-0.86,1
6.872,15.779,-0.562,1
6.812,15.775,-0.561,1
6.761,15.795,-0.561,1
6.705,15.801,-0.56,1
6.68,15.879,-0.563,1
10.877,25.929,-1.047,1
10.79,25.948,-1.046,1
10.727,26.028,-1.049,1
10.651,26.075,-1.049,1
10.589,26.158,-1.052,1
10.525,26.238,-1.054,1
10.424,26.224,-1.052,1
10.464,26.445,-1.061,1
10.438,26.623,-1.068,1
10.318,26.562,-1.064,1
10.294,26.749,-1.071,1
10.201,26.757,-1.07,1
10.243,27.124,-1.086,1
10.183,27.223,-1.089,1
10.204,27.409,-1.097,1
10.119,27.443,-1.097,1
10.055,27.535,-1.1,1
9.99,27.626,-1.103,1
10,27.928,-1.116,1
9.949,28.063,-1.121,1
9.789,27.889,-1.111,1
9.718,27.829,-1.107,1
9.704,28.071,-1.117,1
6.725,19.881,-0.73,1
6.64,19.833,-0.727,1
6.565,19.816,-0.725,1
6.498,19.824,-0.724,1
6.466,19.83,-0.724,1
6.421,19.903,-0.727,1
6.414,20.097,-0.735,1
9.115,28.836,-1.141,1
9.036,28.901,-1.143,1
8.944,28.927,-1.143,1
8.893,29.083,-1.149,1
8.893,29.248,-1.156,1
8.806,29.291,-1.157,1
8.735,29.389,-1.16,1
8.668,29.505,-1.164,1
8.594,29.595,-1.167,1
8.464,29.495,-1.161,1
8.381,29.38,-1.155,1
8.342,29.592,-1.164,1
8.243,29.599,-1.163,1
8.13,29.55,-1.16,1
8.072,29.706,-1.166,1
7.961,29.664,-1.162,1
7.876,29.72,-1.164,1
7.871,29.889,-1.171,1
7.774,29.904,-1.171,1
7.685,29.947,-1.172,1
7.592,29.975,-1.172,1
7.483,29.939,-1.169,1
7.387,29.954,-1.169,1
7.314,30.065,-1.173,1
7.161,29.845,-1.161,1
6.622,27.8,-1.067,1
6.546,27.869,-1.07,1
6.443,27.823,-1.067,1
6.366,27.888,-1.069,1
6.711,29.822,-1.156,1
6.628,29.894,-1.158,1
6.572,29.861,-1.156,1
6.479,29.886,-1.157,1
6.387,29.914,-1.157,1
6.276,29.855,-1.153,1
6.208,29.996,-1.159,1
5.844,29.892,-1.151,1
5.305,-35.662,-1.4,1
5.412,-35.618,-1.399,1
5.302,-34.519,-1.35,1
5.39,-34.376,-1.344,1
5.494,-34.329,-1.343,1
5.605,-34.331,-1.344,1
5.727,-34.398,-1.347,1
6.149,-36.24,-1.431,1
6.229,-36.027,-1.423,1
7.174,-41.128,-1.653,1
7.314,-41.164,-1.656,1
6.216,-34.335,-1.348,1
6.318,-34.28,-1.347,1
6.422,-34.241,-1.346,1
6.514,-34.142,-1.342,1
6.714,-34.313,-1.351,1
6.922,-34.795,-1.374,1
6.974,-34.489,-1.361,1
7.067,-34.395,-1.358,1
7.113,-34.071,-1.344,1
7.225,-34.072,-1.346,1
7.274,-34.041,-1.345,1
7.403,-34.118,-1.349,1
7.58,-34.412,-1.364,1
8.179,-36.592,-1.464,1
7.8,-34.386,-1.365,1
7.942,-34.505,-1.371,1
8.052,-34.488,-1.372,1
5.475,-22.924,-0.845,1
5.536,-22.86,-0.843,1
5.594,-22.786,-0.84,1
5.66,-22.747,-0.839,1
5.736,-22.747,-0.84,1
5.82,-22.779,-0.842,1
5.866,-22.811,-0.844,1
10.776,-41.448,-1.701,1
10.943,-41.555,-1.708,1
11.039,-41.391,-1.702,1
10.55,-39.056,-1.596,1
10.639,-38.9,-1.59,1
10.712,-38.927,-1.592,1
10.813,-38.818,-1.589,1
7.161,-25.063,-0.956,1
7.22,-24.972,-0.953,1
7.292,-24.926,-0.951,1
7.369,-24.899,-0.951,1
7.415,-24.912,-0.952,1
7.505,-24.925,-0.954,1
7.682,-25.228,-0.969,1
11.862,-38.567,-1.591,1
12.415,-39.921,-1.656,1
12.54,-39.882,-1.656,1
12.705,-39.968,-1.662,1
12.943,-40.496,-1.687,1
12.814,-39.66,-1.65,1
12.473,-38.193,-1.583,1
12.594,-38.156,-1.584,1
12.794,-38.357,-1.595,1
12.84,-38.097,-1.584,1
13.351,-39.208,-1.639,1
13.534,-39.543,-1.655,1
13.729,-39.704,-1.665,1
5.049,-14.404,-0.475,1
5.02,-14.179,-0.465,1
24.123,-67.746,-2.995,1
8.439,-23.3,-0.899,1
8.488,-23.208,-0.896,1
8.554,-23.163,-0.895,1
8.63,-23.143,-0.895,1
8.711,-23.14,-0.896,1
8.889,-23.389,-0.909,1
25.515,-66.642,-2.97,1
25.601,-66.553,-2.968,1
25.798,-66.443,-2.967,1
24.603,-62.776,-2.795,1
24.777,-62.639,-2.792,1
26.413,-66.171,-2.965,1
20.317,-50.421,-2.214,1
21.143,-52.003,-2.293,1
20.363,-49.857,-2.192,1
20.413,-49.534,-2.179,1
21.773,-52.37,-2.319,1
27.697,-66.051,-2.982,1
21.263,-50.248,-2.223,1
21.36,-50.038,-2.216,1
21.505,-49.941,-2.215,1
21.624,-50.003,-2.219,1
22.32,-51.171,-2.279,1
21.85,-49.666,-2.21,1
23.331,-52.588,-2.355,1
21.644,-48.37,-2.153,1
23.858,-52.877,-2.377,1
11.355,-25.028,-1.019,1
11.384,-24.885,-1.014,1
11.433,-24.785,-1.01,1
11.497,-24.718,-1.009,1
11.578,-24.689,-1.009,1
11.672,-24.689,-1.011,1
11.908,-24.984,-1.027,1
29.514,-61.763,-2.841,1
22.178,-46.025,-2.069,1
22.269,-45.845,-2.063,1
22.42,-45.788,-2.064,1
22.576,-45.742,-2.065,1
21.68,-43.579,-1.961,1
21.711,-43.47,-1.958,1
21.821,-43.348,-1.955,1
21.966,-43.299,-1.956,1
22.122,-43.267,-1.958,1
22.332,-43.343,-1.965,1
31.111,-59.938,-2.8,1
31.353,-59.945,-2.805,1
12.249,-23.118,-0.96,1
12.31,-23.058,-0.959,1
12.504,-23.246,-0.97,1
24.842,-45.892,-2.117,1
24.833,-45.531,-2.103,1
24.749,-45.04,-2.082,1
24.718,-44.817,-2.073,1
24.301,-43.735,-2.022,1
14.128,-25.032,-1.075,1
14.176,-24.933,-1.072,1
14.247,-24.875,-1.071,1
14.338,-24.852,-1.073,1
14.42,-24.904,-1.076,1
24.45,-41.958,-1.956,1
24.556,-41.838,-1.954,1
24.607,-41.625,-1.947,1
24.7,-41.484,-1.944,1
24.746,-41.265,-1.936,1
24.819,-41.093,-1.932,1
24.82,-40.95,-1.926,1
24.93,-40.841,-1.925,1
24.957,-40.598,-1.916,1
25.001,-40.385,-1.909,1
25.004,-40.108,-1.899,1
25.069,-39.931,-1.893,1
21.154,-33.57,-1.561,1
21.21,-33.426,-1.557,1
21.304,-33.342,-1.556,1
21.435,-33.315,-1.558,1
21.602,-33.345,-1.564,1
25.317,-38.82,-1.858,1
25.364,-38.625,-1.852,1
25.356,-38.482,-1.846,1
25.406,-38.295,-1.84,1
25.461,-38.117,-1.835,1
25.511,-37.933,-1.83,1
25.595,-37.801,-1.827,1
25.572,-37.512,-1.816,1
25.616,-37.325,-1.81,1
25.606,-37.184,-1.804,1
25.635,-36.977,-1.798,1
25.681,-36.796,-1.792,1
25.712,-36.594,-1.786,1
25.727,-36.373,-1.778,1
25.762,-36.18,-1.772,1
25.77,-36.071,-1.768,1
25.813,-35.892,-1.763,1
25.858,-35.717,-1.758,1
25.912,-35.556,-1.753,1
25.937,-35.357,-1.747,1
25.951,-35.144,-1.739,1
26.022,-35.009,-1.737,1
25.98,-34.838,-1.729,1
26.023,-34.667,-1.724,1
26.006,-34.419,-1.715,1
26.008,-34.197,-1.707,1
25.996,-33.96,-1.699,1
25.966,-33.701,-1.689,1
25.955,-33.467,-1.68,1
25.88,-33.262,-1.671,1
25.919,-33.098,-1.666,1
25.902,-32.862,-1.657,1
25.948,-32.709,-1.653,1
25.957,-32.51,-1.647,1
25.988,-32.339,-1.642,1
26.001,-32.149,-1.635,1
25.966,-32.002,-1.629,1
25.976,-31.809,-1.623,1
21.452,-26.095,-1.299,1
21.5,-25.986,-1.296,1
21.544,-25.873,-1.294,1
21.637,-25.819,-1.295,1
21.746,-25.785,-1.297,1
21.856,-25.833,-1.301,1
26.165,-30.738,-1.592,1
26.209,-30.593,-1.588,1
15.578,-18.052,-0.857,1
15.578,-17.938,-0.853,1
14.713,-16.832,-0.791,1
14.643,-16.699,-0.784,1
14.666,-16.62,-0.782,1
14.695,-16.547,-0.781,1
14.74,-16.494,-0.78,1
14.801,-16.458,-0.781,1
14.855,-16.414,-0.781,1
14.939,-16.403,-0.783,1
15.177,-16.613,-0.797,1
26.483,-28.833,-1.538,1
26.473,-28.641,-1.531,1
26.484,-28.473,-1.526,1
26.482,-28.292,-1.52,1
26.501,-28.134,-1.515,1
26.533,-27.991,-1.512,1
21.333,-22.428,-1.173,1
21.353,-22.307,-1.17,1
21.395,-22.211,-1.168,1
21.481,-22.161,-1.169,1
21.501,-22.042,-1.166,1
21.744,-22.153,-1.177,1
26.483,-26.903,-1.475,1
26.49,-26.742,-1.471,1
26.531,-26.616,-1.468,1
26.578,-26.496,-1.466,1
26.559,-26.311,-1.459,1
26.588,-26.174,-1.456,1
26.601,-26.023,-1.452,1
26.592,-25.933,-1.448,1
26.607,-25.785,-1.444,1
26.646,-25.661,-1.442,1
26.613,-25.468,-1.435,1
26.676,-25.368,-1.434,1
26.7,-25.231,-1.43,1
26.699,-25.072,-1.425,1
26.671,-24.967,-1.421,1
26.719,-24.855,-1.419,1
26.763,-24.74,-1.417,1
26.8,-24.618,-1.415,1
26.805,-24.467,-1.411,1
26.855,-24.359,-1.409,1
26.811,-24.243,-1.404,1
26.865,-24.138,-1.403,1
26.874,-23.994,-1.399,1
26.91,-23.875,-1.396,1
26.96,-23.768,-1.395,1
26.977,-23.633,-1.392,1
26.976,-23.482,-1.387,1
26.974,-23.406,-1.385,1
26.976,-23.26,-1.381,1
27.006,-23.138,-1.378,1
26.998,-22.985,-1.373,1
27.022,-22.858,-1.371,1
27.04,-22.728,-1.367,1
27.042,-22.586,-1.363,1
27.021,-22.496,-1.36,1
27.045,-22.372,-1.358,1
22.077,-18.14,-1.067,1
22.083,-18.029,-1.064,1
22.149,-17.967,-1.065,1
22.233,-17.92,-1.066,1
27.139,-21.741,-1.343,1
27.148,-21.678,-1.342,1
27.126,-21.521,-1.336,1
27.088,-21.353,-1.331,1
27.112,-21.234,-1.328,1
27.114,-21.099,-1.324,1
27.144,-20.985,-1.322,1
27.113,-20.825,-1.317,1
27.075,-20.728,-1.313,1
27.089,-20.604,-1.31,1
13.582,-10.18,-0.551,1
13.622,-10.143,-0.552,1
27.139,-20.109,-1.299,1
27.112,-20.023,-1.295,1
27.143,-19.914,-1.294,1
27.194,-19.821,-1.293,1
20.544,-14.867,-0.924,1
20.518,-14.75,-0.92,1
20.512,-14.648,-0.917,1
20.538,-14.57,-0.916,1
20.569,-14.543,-0.917,1
20.62,-14.482,-0.917,1
20.691,-14.435,-0.919,1
20.774,-14.397,-0.921,1
20.834,-14.341,-0.921,1
27.66,-18.922,-1.287,1
27.638,-18.844,-1.284,1
27.638,-18.717,-1.281,1
27.682,-18.62,-1.28,1
27.71,-18.513,-1.279,1
27.776,-18.431,-1.279,1
27.824,-18.337,-1.279,1
27.835,-18.219,-1.276,1
27.833,-18.155,-1.274,1
27.847,-18.04,-1.272,1
27.881,-17.938,-1.271,1
27.922,-17.841,-1.27,1
27.999,-17.766,-1.271,1
27.995,-17.64,-1.268,1
24.028,-15.031,-1.057,1
23.989,-14.954,-1.054,1
24.01,-14.863,-1.052,1
24.042,-14.778,-1.052,1
24.103,-14.712,-1.052,1
24.187,-14.659,-1.054,1
24.269,-14.604,-1.056,1
10.859,-6.472,-0.359,1
10.834,-6.433,-0.357,1
10.828,-6.384,-0.355,1
10.829,-6.339,-0.354,1
10.815,-6.194,-0.351,1
10.792,-6.114,-0.348,1
10.798,-5.894,-0.344,1
10.795,-5.871,-0.343,1
10.787,-5.692,-0.339,1
10.804,-5.658,-0.339,1
10.797,-5.611,-0.338,1
10.797,-5.589,-0.337,1
10.785,-5.54,-0.336,1
10.781,-5.495,-0.335,1
10.787,-5.455,-0.334,1
10.81,-5.192,-0.33,1
10.839,-5.164,-0.33,1
10.846,-5.126,-0.33,1
10.848,-5.106,-0.33,1
10.859,-5.07,-0.329,1
10.897,-5.046,-0.331,1
10.907,-5.009,-0.33,1
10.944,-4.985,-0.331,1
10.969,-4.954,-0.332,1
11.016,-4.934,-0.333,1
11.045,-4.926,-0.334,1
11.103,-4.91,-0.336,1
11.164,-4.896,-0.339,1
11.245,-4.889,-0.342,1
11.312,-4.876,-0.344,1
11.397,-4.871,-0.348,1
11.465,-4.858,-0.35,1
11.565,-4.879,-0.355,1
11.665,-4.878,-0.359,1
11.791,-4.887,-0.364,1
13.304,-5.469,-0.436,1
13.393,-5.457,-0.44,1
13.443,-5.428,-0.441,1
13.507,-5.429,-0.444,1
13.569,-5.405,-0.446,1
13.628,-5.379,-0.448,1
13.705,-5.36,-0.451,1
13.794,-5.345,-0.454,1
13.874,-5.326,-0.457,1
13.997,-5.323,-0.462,1
14.088,-5.332,-0.466,1
14.194,-5.322,-0.471,1
14.348,-5.328,-0.477,1
14.482,-5.327,-0.483,1
16.268,-5.929,-0.567,1
17.543,-6.334,-0.626,1
17.539,-6.27,-0.625,1
17.452,-6.023,-0.618,1
17.435,-5.956,-0.616,1
16.161,-5.405,-0.554,1
16.147,-5.372,-0.553,1
16.145,-5.315,-0.552,1
16.159,-5.264,-0.552,1
16.165,-5.21,-0.552,1
16.164,-5.153,-0.551,1
16.176,-5.101,-0.551,1
16.169,-5.043,-0.55,1
16.152,-5.01,-0.549,1
16.158,-4.956,-0.548,1
16.151,-4.899,-0.547,1
17.362,-5.208,-0.603,1
16.122,-4.779,-0.544,1
17.469,-5.121,-0.606,1
16.131,-4.699,-0.544,1
16.138,-4.646,-0.543,1
16.127,-4.589,-0.542,1
16.13,-4.535,-0.542,1
16.144,-4.484,-0.542,1
16.176,-4.438,-0.542,1
16.293,-4.333,-0.546,1
16.361,-4.296,-0.549,1
16.417,-4.256,-0.551,1
16.498,-4.222,-0.554,1
16.586,-4.189,-0.557,1
16.683,-4.158,-0.561,1
16.831,-4.167,-0.568,1
16.98,-4.147,-0.574,1
18.309,-4.14,-0.631,1
18.316,-4.081,-0.631,1
18.362,-4.031,-0.633,1
18.523,-4.006,-0.639,1
18.418,-3.922,-0.634,1
18.642,-3.909,-0.644,1
18.82,-3.885,-0.651,1
18.995,-3.89,-0.659,1
19.238,-3.877,-0.669,1
19.512,-3.869,-0.681,1
34.703,-6.789,-1.369,1
34.719,-6.679,-1.369,1
34.753,-6.572,-1.37,1
34.84,-6.532,-1.373,1
34.801,-6.412,-1.37,1
34.796,-6.298,-1.369,1
34.788,-6.183,-1.368,1
34.874,-6.086,-1.371,1
34.911,-5.979,-1.372,1
35.089,-5.896,-1.379,1
35.092,-5.84,-1.379,1
34.959,-5.705,-1.372,1
35.008,-5.6,-1.373,1
35.092,-5.501,-1.376,1
35.171,-5.4,-1.379,1
35.213,-5.293,-1.38,1
35.427,-5.269,-1.389,1
35.556,-5.174,-1.394,1
35.717,-5.083,-1.401,1
35.788,-4.978,-1.403,1
35.966,-4.888,-1.411,1
36.195,-4.804,-1.42,1
35.524,-4.601,-1.39,1
36.266,-4.639,-1.423,1
36.65,-4.572,-1.439,1
36.83,-4.477,-1.447,1
37.741,-4.468,-1.487,1
37.84,-4.359,-1.491,1
38.14,-4.273,-1.503,1
38.441,-4.184,-1.516,1
38.525,-4.132,-1.52,1
38.667,-4.025,-1.525,1
38.735,-3.909,-1.528,1
38.781,-3.791,-1.529,1
38.848,-3.674,-1.532,1
30.396,-2.676,-1.154,1
30.353,-2.625,-1.151,1
30.365,-2.53,-1.152,1
30.305,-2.429,-1.149,1
30.324,-2.334,-1.149,1
30.296,-2.236,-1.148,1
30.283,-2.14,-1.147,1
30.288,-2.092,-1.147,1
30.282,-1.996,-1.146,1
30.278,-1.901,-1.146,1
30.282,-1.805,-1.146,1
30.276,-1.709,-1.145,1
30.297,-1.615,-1.146,1
30.306,-1.52,-1.146,1
30.314,-1.473,-1.146,1
30.339,-1.379,-1.147,1
30.876,-1.209,-1.171,1
31.389,-1.131,-1.193,1
32.556,-1.072,-1.245,1
33.774,-1.006,-1.299,1
39.126,-1.108,-1.537,1
39.031,-0.983,-1.533,1
38.922,-0.858,-1.528,1
38.821,-0.734,-1.523,1
38.757,-0.61,-1.52,1
38.677,-0.488,-1.517,1
38.594,-0.365,-1.513,1
38.497,-0.304,-1.509,1
38.416,-0.182,-1.505,1
38.37,-0.062,-1.503,1
34.192,0.103,-1.513,1
34.155,0.21,-1.511,1
34.133,0.317,-1.51,1
34.08,0.423,-1.508,1
34.057,0.477,-1.507,1
34.023,0.583,-1.505,1
34.019,0.69,-1.505,1
34.033,0.797,-1.506,1
34.02,0.904,-1.505,1
34.007,1.01,-1.505,1
34,1.064,-1.504,1
33.98,1.17,-1.504,1
33.988,1.277,-1.504,1
33.986,1.384,-1.504,1
33.986,1.491,-1.504,1
33.987,1.598,-1.505,1
33.983,1.705,-1.505,1
33.999,1.759,-1.506,1
33.999,1.866,-1.506,1
33.989,1.973,-1.506,1
33.979,2.079,-1.506,1
33.97,2.186,-1.506,1
33.963,2.293,-1.506,1
33.948,2.399,-1.505,1
33.96,2.453,-1.506,1
33.976,2.562,-1.507,1
33.954,2.667,-1.507,1
33.959,2.775,-1.507,1
33.966,2.883,-1.508,1
33.965,2.991,-1.508,1
33.991,3.101,-1.51,1
34.004,3.156,-1.511,1
34.012,3.264,-1.512,1
34.021,3.373,-1.513,1
34.034,3.482,-1.514,1
34.033,3.59,-1.515,1
34.085,3.704,-1.518,1
34.111,3.815,-1.52,1
34.153,3.875,-1.522,1
34.329,4.004,-1.532,1
34.449,4.128,-1.538,1
34.527,4.247,-1.543,1
24.374,3.146,-1.031,1
24.313,3.177,-1.028,1
24.901,3.334,-1.058,1
24.394,3.344,-1.033,1
24.449,3.43,-1.036,1
24.432,3.506,-1.036,1
33.58,4.936,-1.501,1
33.52,5.035,-1.498,1
33.451,5.078,-1.495,1
33.423,5.181,-1.495,1
33.436,5.291,-1.496,1
33.366,5.387,-1.493,1
33.152,5.459,-1.483,1
33.22,5.578,-1.488,1
28.473,4.869,-1.247,1
33.093,5.717,-1.483,1
28.462,5.005,-1.247,1
28.442,5.094,-1.247,1
28.434,5.185,-1.248,1
28.378,5.267,-1.246,1
23.716,4.551,-1.009,1
23.452,4.539,-0.996,1
23.241,4.574,-0.986,1
22.955,4.592,-0.972,1
22.658,4.606,-0.958,1
22.21,4.587,-0.935,1
21.955,4.606,-0.923,1
22.108,4.675,-0.931,1
21.396,4.594,-0.895,1
21.182,4.617,-0.885,1
21.199,4.691,-0.887,1
20.88,4.689,-0.871,1
20.073,4.573,-0.83,1
21.475,4.965,-0.903,1
21.502,5.007,-0.905,1
21.432,5.062,-0.902,1
18.887,4.52,-0.772,1
21.347,5.183,-0.9,1
21.253,5.231,-0.896,1
21.295,5.312,-0.899,1
21.37,5.367,-0.903,1
21.295,5.419,-0.9,1
21.976,5.667,-0.936,1
21.479,5.61,-0.911,1
21.911,5.797,-0.935,1
21.441,5.744,-0.911,1
21.926,5.949,-0.937,1
21.922,5.985,-0.938,1
21.566,5.96,-0.92,1
21.348,5.972,-0.91,1
21.294,6.029,-0.908,1
21.139,6.057,-0.901,1
20.961,6.077,-0.892,1
20.893,6.128,-0.89,1
20.888,6.162,-0.89,1
20.822,6.214,-0.888,1
20.657,6.235,-0.88,1
20.703,6.32,-0.883,1
20.786,6.417,-0.889,1
20.519,6.405,-0.876,1
20.448,6.454,-0.873,1
20.461,6.493,-0.874,1
20.345,6.527,-0.869,1
15.802,5.118,-0.631,1
15.6,5.106,-0.621,1
15.413,5.099,-0.612,1
15.28,5.108,-0.606,1
15.161,5.121,-0.6,1
15.049,5.109,-0.595,1
14.96,5.131,-0.591,1
14.859,5.148,-0.586,1
14.776,5.172,-0.583,1
14.721,5.204,-0.581,1
14.663,5.236,-0.578,1
14.615,5.244,-0.576,1
14.565,5.278,-0.574,1
14.561,5.329,-0.575,1
14.522,5.366,-0.574,1
14.522,5.418,-0.575,1
14.494,5.459,-0.574,1
14.631,5.564,-0.583,1
13.574,5.184,-0.526,1
13.223,5.097,-0.508,1
12.866,5.005,-0.49,1
12.884,5.059,-0.492,1
12.775,5.063,-0.487,1
12.643,5.056,-0.48,1
12.538,5.059,-0.475,1
12.426,5.037,-0.47,1
12.349,5.051,-0.467,1
12.198,5.078,-0.46,1
12.073,5.432,-0.461,1
12.061,5.472,-0.462,1
12.06,5.517,-0.463,1
12.036,5.552,-0.462,1
12.038,5.599,-0.463,1
12.047,5.65,-0.465,1
12.035,5.69,-0.465,1
12.017,5.705,-0.465,1
12.004,5.745,-0.465,1
12.01,5.794,-0.466,1
11.98,5.99,-0.469,1
11.964,6.219,-0.474,1
11.96,6.241,-0.474,1
11.953,6.285,-0.475,1
11.952,6.332,-0.476,1
11.948,6.378,-0.477,1
11.935,6.42,-0.477,1
11.939,6.471,-0.478,1
11.933,6.516,-0.479,1
11.94,6.544,-0.48,1
11.935,6.59,-0.481,1
11.946,6.645,-0.483,1
11.918,6.679,-0.483,1
11.926,6.733,-0.484,1
11.911,6.849,-0.487,1
11.905,6.895,-0.487,1
7.591,5.065,-0.255,1
7.567,5.083,-0.254,1
7.569,5.119,-0.255,1
7.548,5.122,-0.255,1
7.556,5.163,-0.256,1
7.558,5.199,-0.257,1
7.551,5.23,-0.258,1
7.563,5.273,-0.26,1
7.567,5.311,-0.261,1
7.543,5.329,-0.26,1
7.564,6.663,-0.303,1
8.186,7.353,-0.349,1
8.216,7.427,-0.353,1
6.19,5.988,-0.229,1
6.102,5.941,-0.224,1
5.761,5.732,-0.205,1
13.555,18.212,-0.936,1
13.43,18.163,-0.931,1
13.41,18.195,-0.931,1
13.361,18.248,-0.932,1
13.295,18.279,-0.931,1
13.196,18.262,-0.928,1
13.117,18.274,-0.926,1
13.054,18.307,-0.926,1
12.954,18.288,-0.922,1
12.928,18.313,-0.922,1
12.85,18.324,-0.92,1
12.844,18.438,-0.925,1
12.782,18.474,-0.925,1
12.713,18.497,-0.924,1
12.639,18.514,-0.922,1
12.552,18.511,-0.919,1
12.534,18.547,-0.921,1
12.453,18.553,-0.918,1
12.345,18.517,-0.914,1
12.241,18.486,-0.91,1
12.183,18.524,-0.91,1
12.128,18.567,-0.91,1
12.057,18.587,-0.909,1
12.05,18.639,-0.911,1
11.992,18.679,-0.911,1
11.911,18.681,-0.909,1
11.878,18.759,-0.911,1
9.712,24.845,-1.136,1
9.639,24.89,-1.137,1
9.558,24.911,-1.136,1
9.524,25.059,-1.143,1
9.472,25.159,-1.146,1
9.393,25.191,-1.146,1
9.248,25.04,-1.137,1
9.211,25.062,-1.137,1
9.15,25.14,-1.14,1
9.107,25.268,-1.145,1
9.024,25.287,-1.145,1
8.939,25.3,-1.144,1
8.853,25.308,-1.143,1
8.829,25.498,-1.151,1
8.768,25.449,-1.148,1
8.751,25.662,-1.158,1
6.689,19.801,-0.846,1
6.607,19.762,-0.843,1
6.539,19.765,-0.842,1
6.476,19.782,-0.842,1
6.439,19.775,-0.841,1
6.411,19.902,-0.846,1
6.348,19.92,-0.846,1
7.953,25.255,-1.126,1
7.914,25.408,-1.133,1
7.834,25.434,-1.133,1
7.739,25.407,-1.13,1
7.771,25.658,-1.143,1
7.745,25.866,-1.152,1
7.558,25.532,-1.133,1
7.566,25.859,-1.149,1
7.275,25.153,-1.111,1
7.065,24.715,-1.087,1
7.211,25.533,-1.129,1
7.409,26.558,-1.181,1
7.488,27.007,-1.204,1
7.405,27.036,-1.204,1
7.345,27.152,-1.209,1
7.245,27.121,-1.206,1
7.204,27.311,-1.215,1
7.089,27.222,-1.209,1
7.042,27.213,-1.208,1
6.959,27.249,-1.209,1
6.878,27.286,-1.209,1
6.777,27.246,-1.206,1
6.694,27.278,-1.207,1
6.613,27.319,-1.208,1
6.503,27.24,-1.203,1
6.467,27.276,-1.204,1
6.364,27.222,-1.2,1
6.274,27.222,-1.199,1
6.181,27.213,-1.198,1
6.084,27.179,-1.195,1
5.963,27.034,-1.187,1
5.859,26.967,-1.182,1
5.771,26.763,-1.171,1
5.712,26.899,-1.177,1
5.034,-35.797,-1.611,1
5.077,-35.301,-1.587,1
5.171,-35.172,-1.581,1
5.314,-35.373,-1.592,1
5.443,-35.471,-1.598,1
5.338,-34.428,-1.546,1
5.434,-34.336,-1.542,1
5.543,-34.329,-1.542,1
5.651,-34.313,-1.543,1
5.758,-34.289,-1.542,1
6.852,-40.003,-1.834,1
6.97,-39.938,-1.832,1
6.087,-33.958,-1.529,1
6.27,-34.356,-1.55,1
6.302,-33.929,-1.529,1
6.418,-33.96,-1.532,1
6.524,-33.936,-1.532,1
6.621,-33.862,-1.529,1
6.658,-33.772,-1.525,1
8.023,-40.009,-1.845,1
7.142,-35.06,-1.593,1
7.233,-34.947,-1.588,1
7.219,-34.334,-1.558,1
7.431,-34.802,-1.583,1
7.384,-34.056,-1.546,1
7.644,-34.989,-1.595,1
8.125,-36.63,-1.68,1
8.224,-36.534,-1.677,1
8.306,-36.368,-1.669,1
8.007,-34.563,-1.578,1
9.246,-39.332,-1.825,1
8.177,-34.554,-1.579,1
8.278,-34.497,-1.578,1
5.537,-22.795,-0.974,1
5.598,-22.737,-0.972,1
5.665,-22.701,-0.971,1
5.743,-22.711,-0.973,1
5.791,-22.6,-0.968,1
10.131,-39.204,-1.829,1
10.846,-41.427,-1.947,1
10.996,-41.468,-1.95,1
10.155,-37.824,-1.763,1
10.611,-39.031,-1.827,1
10.691,-38.842,-1.819,1
10.796,-38.749,-1.816,1
10.868,-38.77,-1.818,1
7.174,-25.022,-1.104,1
7.234,-24.934,-1.1,1
7.3,-24.869,-1.098,1
7.381,-24.858,-1.098,1
7.466,-24.857,-1.1,1
7.514,-24.874,-1.101,1
7.617,-24.931,-1.105,1
12.606,-40.748,-1.938,1
12.751,-40.761,-1.941,1
12.948,-40.94,-1.952,1
13.139,-41.091,-1.962,1
13.307,-41.392,-1.979,1
13.437,-41.35,-1.979,1
13.122,-39.538,-1.888,1
13.202,-39.366,-1.881,1
13.341,-39.37,-1.884,1
13.513,-39.467,-1.891,1
13.532,-39.323,-1.884,1
5.094,-14.41,-0.564,1
19.814,-55.277,-2.745,1
8.472,-23.221,-1.038,1
8.494,-23.168,-1.036,1
8.558,-23.117,-1.034,1
8.634,-23.097,-1.035,1
8.718,-23.102,-1.036,1
8.93,-23.438,-1.056,1
20.914,-54.284,-2.717,1
21.048,-54.125,-2.712,1
21.143,-54.118,-2.713,1
21.255,-53.903,-2.705,1
21.548,-54.148,-2.722,1
21.763,-54.191,-2.728,1
21.82,-53.845,-2.713,1
21.955,-53.693,-2.709,1
21.926,-53.381,-2.694,1
22.025,-53.148,-2.685,1
21.297,-50.941,-2.569,1
22.317,-52.909,-2.679,1
22.308,-52.429,-2.657,1
21.447,-49.971,-2.527,1
21.628,-49.96,-2.53,1
21.718,-49.952,-2.531,1
21.985,-50.135,-2.545,1
22.605,-51.111,-2.602,1
23.022,-51.612,-2.634,1
23.112,-51.381,-2.625,1
23.02,-50.75,-2.594,1
11.356,-24.963,-1.173,1
11.39,-24.831,-1.168,1
11.439,-24.732,-1.165,1
11.502,-24.665,-1.163,1
11.586,-24.643,-1.164,1
11.673,-24.626,-1.165,1
11.897,-24.896,-1.182,1
23.743,-49.427,-2.549,1
22.181,-45.809,-2.352,1
22.316,-45.722,-2.351,1
22.468,-45.669,-2.352,1
22.614,-45.604,-2.352,1
21.727,-43.473,-2.236,1
21.843,-43.363,-2.234,1
21.885,-43.277,-2.231,1
22.02,-43.208,-2.231,1
22.166,-43.158,-2.232,1
22.399,-43.277,-2.243,1
23.022,-44.139,-2.296,1
23.034,-43.826,-2.282,1
12.251,-23.071,-1.108,1
12.318,-23.022,-1.108,1
12.359,-22.925,-1.104,1
22.993,-42.287,-2.213,1
23.049,-42.075,-2.205,1
23.117,-41.885,-2.198,1
23.161,-41.655,-2.189,1
23.234,-41.633,-2.19,1
14.122,-24.956,-1.236,1
14.178,-24.874,-1.234,1
14.25,-24.819,-1.233,1
14.301,-24.727,-1.231,1
23.57,-40.572,-2.152,1
23.622,-40.369,-2.145,1
23.67,-40.162,-2.137,1
23.749,-40.009,-2.132,1
23.785,-39.783,-2.124,1
23.783,-39.498,-2.111,1
23.844,-39.32,-2.105,1
23.837,-39.168,-2.099,1
23.885,-38.972,-2.091,1
23.936,-38.782,-2.085,1
24.063,-38.715,-2.085,1
24.148,-38.58,-2.082,1
21.172,-33.597,-1.79,1
21.209,-33.422,-1.784,1
21.248,-33.368,-1.783,1
21.36,-33.313,-1.783,1
21.492,-33.288,-1.786,1
21.663,-33.322,-1.792,1
24.495,-37.415,-2.042,1
24.555,-37.25,-2.036,1
24.547,-37.111,-2.03,1
24.605,-36.946,-2.025,1
24.647,-36.759,-2.019,1
24.667,-36.541,-2.01,1
24.694,-36.334,-2.002,1
24.719,-36.126,-1.994,1
24.673,-35.817,-1.98,1
24.63,-35.635,-1.971,1
24.656,-35.435,-1.964,1
24.689,-35.246,-1.957,1
24.722,-35.057,-1.95,1
24.741,-34.852,-1.942,1
24.807,-34.713,-1.939,1
24.723,-34.367,-1.922,1
24.694,-34.213,-1.915,1
24.695,-33.99,-1.906,1
24.744,-33.833,-1.901,1
24.775,-33.653,-1.895,1
24.824,-33.499,-1.89,1
24.853,-33.319,-1.883,1
24.906,-33.172,-1.879,1
24.905,-33.062,-1.875,1
24.799,-32.707,-1.857,1
24.678,-32.337,-1.839,1
24.727,-32.191,-1.834,1
24.821,-32.104,-1.834,1
24.842,-31.923,-1.827,1
24.916,-31.812,-1.825,1
24.863,-31.643,-1.817,1
24.904,-31.491,-1.812,1
24.978,-31.381,-1.81,1
24.999,-31.206,-1.804,1
25.032,-31.046,-1.799,1
25.068,-30.892,-1.794,1
25.091,-30.821,-1.792,1
25.122,-30.662,-1.787,1
21.473,-26.047,-1.491,1
21.52,-25.938,-1.489,1
21.568,-25.83,-1.486,1
21.653,-25.767,-1.486,1
21.765,-25.735,-1.489,1
21.879,-25.788,-1.494,1
25.266,-29.586,-1.75,1
25.343,-29.488,-1.749,1
15.578,-18.026,-0.993,1
15.574,-17.908,-0.988,1
14.703,-16.802,-0.918,1
14.674,-16.663,-0.911,1
14.682,-16.619,-0.91,1
14.713,-16.549,-0.908,1
14.768,-16.507,-0.909,1
14.81,-16.449,-0.908,1
14.871,-16.412,-0.909,1
14.949,-16.395,-0.911,1
15.071,-16.476,-0.918,1
15.129,-16.436,-0.918,1
25.58,-27.59,-1.685,1
25.578,-27.414,-1.679,1
25.67,-27.339,-1.679,1
25.622,-27.118,-1.67,1
21.351,-22.462,-1.352,1
21.313,-22.352,-1.347,1
21.348,-22.248,-1.345,1
21.406,-22.168,-1.344,1
21.499,-22.125,-1.345,1
21.567,-22.056,-1.345,1
25.573,-25.983,-1.627,1
25.582,-25.829,-1.622,1
25.589,-25.755,-1.619,1
25.613,-25.618,-1.615,1
25.649,-25.493,-1.612,1
25.662,-25.347,-1.607,1
25.688,-25.213,-1.604,1
25.722,-25.089,-1.601,1
25.713,-25.001,-1.597,1
25.758,-24.888,-1.595,1
25.813,-24.785,-1.593,1
25.842,-24.657,-1.59,1
25.911,-24.568,-1.589,1
25.961,-24.461,-1.587,1
25.996,-24.34,-1.585,1
25.987,-24.256,-1.581,1
26.024,-24.137,-1.579,1
26.052,-24.012,-1.575,1
26.094,-23.899,-1.573,1
26.129,-23.781,-1.57,1
26.171,-23.669,-1.568,1
26.196,-23.543,-1.565,1
26.215,-23.486,-1.564,1
26.21,-23.333,-1.558,1
26.214,-23.19,-1.554,1
26.225,-23.053,-1.55,1
26.233,-22.914,-1.545,1
26.265,-22.798,-1.543,1
26.251,-22.641,-1.537,1
26.227,-22.549,-1.533,1
26.249,-22.425,-1.53,1
26.231,-22.267,-1.524,1
26.243,-22.136,-1.52,1
26.3,-22.043,-1.519,1
26.308,-21.909,-1.515,1
26.309,-21.77,-1.511,1
26.276,-21.674,-1.507,1
22.081,-18.103,-1.23,1
22.077,-17.984,-1.226,1
22.138,-17.919,-1.227,1
22.215,-17.865,-1.228,1
26.318,-21.024,-1.488,1
26.308,-20.948,-1.485,1
26.279,-20.79,-1.479,1
26.274,-20.652,-1.474,1
26.279,-20.523,-1.471,1
26.296,-20.404,-1.468,1
26.292,-20.269,-1.463,1
26.293,-20.139,-1.459,1
26.291,-20.072,-1.457,1
26.31,-19.955,-1.454,1
26.331,-19.841,-1.452,1
13.568,-10.173,-0.648,1
13.582,-10.117,-0.647,1
26.414,-19.516,-1.445,1
26.42,-19.457,-1.444,1
26.476,-19.371,-1.444,1
26.537,-19.287,-1.444,1
20.576,-14.863,-1.071,1
20.537,-14.737,-1.066,1
20.523,-14.63,-1.062,1
20.784,-14.717,-1.075,1
20.549,-14.503,-1.059,1
8.443,-5.938,-0.315,1
8.424,-5.885,-0.313,1
8.418,-5.842,-0.311,1
8.406,-5.795,-0.309,1
8.405,-5.755,-0.308,1
8.39,-5.706,-0.306,1
8.407,-5.699,-0.307,1
8.397,-5.653,-0.305,1
8.394,-5.614,-0.304,1
8.432,-5.6,-0.305,1
8.426,-5.559,-0.304,1
8.41,-5.51,-0.302,1
8.437,-5.49,-0.302,1
8.448,-5.478,-0.302,1
8.446,-5.44,-0.301,1
8.453,-5.407,-0.301,1
8.435,-5.358,-0.298,1
8.462,-5.338,-0.299,1
8.498,-5.286,-0.299,1
8.491,-5.264,-0.298,1
8.526,-5.211,-0.298,1
8.53,-5.177,-0.298,1
8.545,-5.149,-0.298,1
8.585,-5.118,-0.299,1
8.576,-5.077,-0.297,1
8.606,-5.058,-0.298,1
8.641,-5.042,-0.299,1
8.631,-5,-0.298,1
8.673,-4.988,-0.299,1
8.681,-4.956,-0.299,1
8.706,-4.953,-0.3,1
8.732,-4.931,-0.3,1
8.758,-4.909,-0.301,1
8.788,-4.89,-0.302,1
8.81,-4.866,-0.302,1
8.843,-4.848,-0.303,1
8.891,-4.838,-0.305,1
8.92,-4.835,-0.306,1
8.969,-4.825,-0.308,1
9.017,-4.815,-0.31,1
9.089,-4.816,-0.313,1
9.099,-4.785,-0.313,1
11.592,-5.926,-0.45,1
11.607,-5.888,-0.45,1
10.732,-5.404,-0.4,1
10.769,-5.38,-0.401,1
10.721,-5.315,-0.397,1
10.706,-5.286,-0.396,1
10.785,-4.89,-0.391,1
10.935,-4.855,-0.397,1
11.534,-4.99,-0.428,1
11.557,-4.956,-0.428,1
11.741,-4.969,-0.437,1
11.729,-4.921,-0.435,1
11.713,-4.871,-0.434,1
11.602,-4.783,-0.427,1
13.214,-5.347,-0.512,1
13.224,-5.302,-0.512,1
13.293,-5.306,-0.515,1
13.342,-5.276,-0.517,1
13.412,-5.256,-0.52,1
13.462,-5.226,-0.522,1
13.529,-5.203,-0.524,1
13.622,-5.19,-0.529,1
13.694,-5.168,-0.532,1
13.771,-5.172,-0.535,1
13.849,-5.152,-0.539,1
13.982,-5.151,-0.545,1
14.095,-5.142,-0.55,1
14.196,-5.129,-0.555,1
14.351,-5.133,-0.562,1
14.499,-5.135,-0.569,1
16.072,-5.378,-0.648,1
16.074,-5.351,-0.647,1
16.229,-5.289,-0.654,1
16.157,-5.21,-0.649,1
16.144,-5.15,-0.647,1
16.115,-5.085,-0.645,1
16.115,-5.029,-0.644,1
16.112,-5.001,-0.644,1
16.099,-4.941,-0.642,1
16.08,-4.88,-0.64,1
17.18,-5.153,-0.697,1
16.058,-4.764,-0.638,1
17.469,-5.12,-0.711,1
17.458,-5.058,-0.709,1
17.443,-5.024,-0.708,1
16.049,-4.515,-0.634,1
16.05,-4.461,-0.633,1
16.046,-4.406,-0.632,1
16.045,-4.351,-0.631,1
16.056,-4.3,-0.631,1
16.082,-4.28,-0.632,1
16.086,-4.227,-0.632,1
16.279,-4.06,-0.639,1
16.375,-4.029,-0.643,1
16.395,-4.007,-0.644,1
16.503,-3.978,-0.649,1
16.593,-3.944,-0.653,1
18.286,-4.162,-0.738,1
18.267,-4.128,-0.737,1
18.286,-4.072,-0.737,1
18.312,-4.017,-0.738,1
18.428,-3.982,-0.743,1
18.352,-3.906,-0.739,1
18.5,-3.876,-0.746,1
18.686,-3.853,-0.755,1
18.87,-3.86,-0.764,1
19.056,-3.836,-0.773,1
19.356,-3.833,-0.787,1
31.402,-6.099,-1.403,1
31.435,-6.003,-1.403,1
31.477,-5.908,-1.405,1
31.618,-5.883,-1.411,1
31.703,-5.796,-1.415,1
31.859,-5.721,-1.422,1
31.967,-5.637,-1.426,1
32.113,-5.558,-1.433,1
32.246,-5.477,-1.439,1
32.338,-5.388,-1.443,1
32.337,-5.336,-1.442,1
32.46,-5.251,-1.447,1
32.504,-5.154,-1.449,1
32.553,-5.057,-1.451,1
32.604,-4.96,-1.452,1
32.64,-4.86,-1.453,1
32.663,-4.759,-1.454,1
33.042,-4.761,-1.473,1
33.47,-4.715,-1.494,1
33.75,-4.646,-1.507,1
34.006,-4.572,-1.519,1
34.182,-4.487,-1.527,1
34.282,-4.39,-1.532,1
34.382,-4.293,-1.536,1
34.451,-4.247,-1.539,1
34.529,-4.146,-1.543,1
34.635,-4.049,-1.547,1
34.676,-3.943,-1.549,1
34.741,-3.84,-1.551,1
34.799,-3.735,-1.554,1
34.819,-3.682,-1.554,1
34.798,-3.57,-1.553,1
34.778,-3.457,-1.551,1
34.76,-3.345,-1.55,1
34.755,-3.235,-1.549,1
34.787,-3.127,-1.55,1
30.444,-2.644,-1.331,1
30.388,-2.591,-1.328,1
30.375,-2.494,-1.327,1
30.362,-2.397,-1.326,1
30.364,-2.301,-1.325,1
30.389,-2.207,-1.326,1
30.411,-2.112,-1.327,1
30.344,-2.012,-1.323,1
30.329,-1.963,-1.323,1
30.477,-1.876,-1.33,1
30.692,-1.793,-1.34,1
30.576,-1.69,-1.334,1
30.605,-1.595,-1.335,1
31.21,-1.528,-1.365,1
30.65,-1.404,-1.337,1
30.619,-1.354,-1.335,1
30.764,-1.264,-1.342,1
30.928,-1.173,-1.35,1
31.325,-1.089,-1.37,1
33.724,-1.065,-1.491,1
33.855,-0.962,-1.497,1
34.831,-0.935,-1.546,1
34.716,-0.823,-1.54,1
34.636,-0.712,-1.536,1
34.556,-0.602,-1.532,1
34.498,-0.492,-1.529,1
34.382,-0.383,-1.523,1
34.327,-0.274,-1.52,1
34.283,-0.22,-1.518,1
34.248,-0.112,-1.516,1
34.2,-0.005,-1.514,1
31.08,0.002,-1.554,1
31.066,0.099,-1.554,1
31.045,0.197,-1.552,1
30.997,0.294,-1.55,1
30.982,0.391,-1.549,1
30.949,0.439,-1.547,1
30.917,0.536,-1.545,1
30.93,0.633,-1.546,1
30.941,0.731,-1.547,1
30.917,0.828,-1.546,1
30.914,0.925,-1.546,1
30.899,1.021,-1.545,1
30.904,1.07,-1.545,1
30.904,1.167,-1.546,1
30.904,1.265,-1.546,1
30.9,1.362,-1.546,1
30.922,1.46,-1.547,1
30.937,1.558,-1.548,1
30.942,1.656,-1.549,1
30.949,1.705,-1.55,1
30.952,1.803,-1.55,1
30.942,1.9,-1.55,1
30.938,1.997,-1.55,1
30.955,2.096,-1.551,1
30.954,2.193,-1.552,1
30.981,2.293,-1.554,1
31.003,2.344,-1.555,1
31.004,2.442,-1.555,1
31.014,2.541,-1.556,1
31.022,2.639,-1.557,1
31.059,2.741,-1.56,1
31.086,2.842,-1.562,1
31.121,2.894,-1.564,1
31.174,2.998,-1.568,1
31.21,3.1,-1.57,1
31.248,3.203,-1.573,1
31.277,3.305,-1.575,1
31.32,3.409,-1.578,1
31.337,3.511,-1.58,1
31.401,3.568,-1.584,1
31.431,3.671,-1.586,1
31.475,3.777,-1.589,1
31.536,3.884,-1.594,1
24.451,3.096,-1.191,1
24.485,3.178,-1.193,1
24.58,3.269,-1.199,1
24.578,3.308,-1.199,1
24.452,3.448,-1.193,1
24.366,3.514,-1.189,1
31.069,4.573,-1.573,1
30.896,4.647,-1.564,1
30.743,4.723,-1.556,1
30.598,4.749,-1.548,1
30.521,4.836,-1.544,1
30.212,4.885,-1.527,1
30.189,4.978,-1.527,1
30.1,5.061,-1.523,1
30.069,5.153,-1.522,1
30.025,5.194,-1.52,1
29.979,5.283,-1.518,1
29.711,5.332,-1.504,1
29.747,5.435,-1.507,1
29.708,5.525,-1.506,1
29.694,5.619,-1.506,1
23.683,4.564,-1.161,1
23.39,4.546,-1.144,1
22.788,4.504,-1.11,1
22.536,4.528,-1.097,1
22.111,4.515,-1.073,1
21.888,4.541,-1.061,1
21.795,4.594,-1.056,1
21.102,4.483,-1.017,1
20.877,4.504,-1.005,1
20.638,4.521,-0.992,1
20.252,4.503,-0.97,1
20.187,4.556,-0.967,1
19.826,4.54,-0.947,1
19.753,4.589,-0.944,1
19.734,4.617,-0.943,1
19.622,4.656,-0.937,1
18.973,4.566,-0.9,1
19.672,4.799,-0.942,1
19.774,4.889,-0.949,1
19.572,4.905,-0.938,1
17.717,4.502,-0.831,1
19.632,5.018,-0.943,1
19.628,5.083,-0.943,1
19.658,5.157,-0.946,1
19.675,5.227,-0.948,1
19.592,5.271,-0.944,1
19.616,5.344,-0.947,1
19.817,5.465,-0.959,1
19.829,5.502,-0.961,1
19.697,5.532,-0.954,1
19.86,5.645,-0.964,1
20.14,5.793,-0.982,1
20.555,5.981,-1.007,1
20.233,5.957,-0.99,1
19.299,5.749,-0.936,1
19.296,5.781,-0.936,1
19.096,5.787,-0.925,1
19.242,5.897,-0.935,1
19.069,5.91,-0.926,1
19.128,5.994,-0.93,1
16.855,5.343,-0.797,1
15.617,4.98,-0.724,1
15.422,4.971,-0.713,1
15.279,4.979,-0.706,1
15.134,4.984,-0.698,1
15.037,5.005,-0.693,1
14.923,5.019,-0.687,1
14.826,5.039,-0.682,1
14.761,5.043,-0.679,1
14.704,5.075,-0.677,1
14.639,5.104,-0.674,1
14.602,5.142,-0.672,1
14.572,5.184,-0.672,1
14.552,5.228,-0.671,1
14.532,5.272,-0.671,1
14.539,5.301,-0.672,1
14.513,5.343,-0.672,1
14.522,5.398,-0.673,1
14.496,5.44,-0.673,1
14.675,5.56,-0.684,1
13.267,5.077,-0.6,1
13.081,5.03,-0.59,1
12.911,5.011,-0.58,1
12.793,5.012,-0.574,1
12.465,5.02,-0.557,1
12.106,5.121,-0.54,1
11.978,5.909,-0.552,1
11.959,5.946,-0.552,1
11.964,5.995,-0.554,1
11.981,6.028,-0.555,1
11.969,6.069,-0.556,1
7.574,5.1,-0.313,1
7.566,5.13,-0.314,1
7.563,5.162,-0.315,1
7.563,5.197,-0.316,1
7.565,5.216,-0.317,1
7.555,5.244,-0.317,1
6.26,5.794,-0.279,1
6.178,5.756,-0.275,1
5.823,5.688,-0.257,1
5.719,5.711,-0.254,1
5.677,5.705,-0.252,1
5.115,6.395,-0.26,1
7.583,10.464,-0.528,1
7.543,10.478,-0.527,1
7.508,10.499,-0.527,1
7.448,10.485,-0.524,1
7.48,10.599,-0.531,1
7.437,10.61,-0.53,1
7.416,10.615,-0.529,1
7.045,10.153,-0.496,1
6.941,10.072,-0.489,1
6.938,10.135,-0.492,1
12.225,17.944,-1.025,1
7.023,10.398,-0.507,1
12.213,18.17,-1.035,1
9.03,23.359,-1.213,1
8.921,23.294,-1.207,1
8.86,23.355,-1.209,1
8.768,23.333,-1.206,1
8.71,23.401,-1.209,1
8.654,23.477,-1.212,1
8.626,23.515,-1.213,1
8.577,23.61,-1.217,1
8.519,23.682,-1.22,1
8.449,23.72,-1.221,1
8.374,23.746,-1.221,1
8.292,23.751,-1.219,1
8.176,23.657,-1.212,1
8.152,23.707,-1.215,1
6.727,19.779,-0.978,1
6.639,19.723,-0.974,1
6.566,19.712,-0.972,1
6.497,19.709,-0.97,1
6.441,19.75,-0.972,1
6.384,19.784,-0.972,1
6.364,19.935,-0.98,1
7.51,23.64,-1.2,1
7.403,23.56,-1.193,1
7.329,23.581,-1.193,1
7.231,23.528,-1.189,1
7.118,23.421,-1.181,1
7.02,23.365,-1.176,1
7.012,23.469,-1.182,1
6.907,23.386,-1.176,1
6.862,23.505,-1.182,1
6.806,23.588,-1.185,1
6.705,23.517,-1.18,1
6.645,23.586,-1.183,1
6.573,23.617,-1.183,1
6.516,23.552,-1.179,1
6.137,22.461,-1.114,1
6.067,22.482,-1.114,1
5.958,22.358,-1.105,1
5.815,22.103,-1.089,1
5.72,22.024,-1.084,1
5.666,22.1,-1.087,1
5.585,21.927,-1.076,1
5.523,21.972,-1.078,1
5.449,21.97,-1.077,1
5.366,21.931,-1.074,1
5.283,21.891,-1.07,1
5.18,21.762,-1.062,1
5.116,21.799,-1.063,1
5.069,21.753,-1.06,1
5.049,21.975,-1.072,1
5.324,-38.749,-2.009,1
5.132,-35.677,-1.835,1
5.243,-35.652,-1.835,1
5.3,-35.267,-1.813,1
5.407,-34.495,-1.771,1
5.45,-34.419,-1.767,1
5.554,-34.376,-1.766,1
5.664,-34.372,-1.767,1
5.791,-34.469,-1.773,1
6.611,-38.621,-2.012,1
6.721,-38.537,-2.009,1
6.837,-38.485,-2.007,1
6.239,-34.788,-1.795,1
6.331,-34.676,-1.79,1
6.449,-34.701,-1.793,1
6.516,-34.461,-1.78,1
6.619,-34.411,-1.778,1
6.702,-34.262,-1.771,1
6.793,-34.442,-1.782,1
6.883,-34.326,-1.777,1
6.982,-34.264,-1.774,1
7.101,-34.294,-1.777,1
7.274,-34.586,-1.795,1
7.31,-34.222,-1.776,1
7.586,-34.979,-1.821,1
7.98,-36.522,-1.911,1
8.044,-36.267,-1.897,1
8.06,-35.805,-1.872,1
8.688,-38.044,-2.003,1
8.815,-38.051,-2.005,1
9.047,-37.966,-2.004,1
5.498,-22.866,-1.127,1
5.553,-22.783,-1.123,1
5.62,-22.746,-1.122,1
5.689,-22.719,-1.121,1
5.762,-22.706,-1.122,1
5.918,-23.021,-1.141,1
9.446,-36.328,-1.919,1
9.957,-38.056,-2.021,1
10.178,-38.406,-2.043,1
10.336,-38.513,-2.052,1
10.493,-38.613,-2.059,1
10.654,-38.725,-2.068,1
10.838,-38.918,-2.081,1
10.945,-39.062,-2.091,1
7.127,-25.1,-1.272,1
7.182,-24.994,-1.267,1
7.244,-24.914,-1.264,1
7.32,-24.882,-1.264,1
7.398,-24.861,-1.264,1
7.488,-24.875,-1.266,1
7.541,-24.91,-1.269,1
7.691,-25.123,-1.283,1
12.81,-41.435,-2.249,1
13.257,-42.411,-2.309,1
14.306,-45.271,-2.481,1
14.512,-45.426,-2.493,1
14.76,-45.709,-2.513,1
14.885,-45.849,-2.523,1
15.107,-46.041,-2.537,1
15.27,-46.048,-2.54,1
15.44,-46.076,-2.545,1
15.586,-46.033,-2.545,1
15.75,-46.04,-2.548,1
15.836,-45.821,-2.538,1
5.075,-14.409,-0.661,1
16.18,-45.652,-2.535,1
8.437,-23.301,-1.198,1
8.492,-23.224,-1.195,1
8.515,-23.173,-1.193,1
8.586,-23.141,-1.193,1
8.667,-23.138,-1.194,1
8.729,-23.083,-1.192,1
17.267,-45.299,-2.538,1
17.426,-45.287,-2.541,1
17.538,-45.154,-2.536,1
17.609,-45.128,-2.536,1
17.721,-44.997,-2.531,1
17.866,-44.95,-2.532,1
17.958,-44.771,-2.524,1
18.064,-44.629,-2.519,1
18.154,-44.45,-2.512,1
18.193,-44.346,-2.507,1
18.371,-44.381,-2.513,1
18.568,-44.461,-2.521,1
18.726,-44.447,-2.524,1
18.85,-44.353,-2.522,1
19.002,-44.321,-2.524,1
19.139,-44.257,-2.523,1
19.19,-44.183,-2.521,1
19.239,-43.92,-2.508,1
19.344,-43.784,-2.503,1
19.444,-43.637,-2.498,1
19.535,-43.474,-2.492,1
19.597,-43.249,-2.482,1
11.414,-24.953,-1.349,1
11.4,-24.821,-1.341,1
11.454,-24.732,-1.338,1
11.526,-24.684,-1.337,1
11.6,-24.64,-1.337,1
11.696,-24.643,-1.339,1
11.816,-24.696,-1.345,1
20.438,-42.417,-2.459,1
20.474,-42.32,-2.455,1
20.551,-42.143,-2.448,1
20.696,-42.103,-2.45,1
20.79,-41.961,-2.445,1
21.004,-42.06,-2.455,1
21.219,-42.159,-2.466,1
21.364,-42.117,-2.467,1
23.201,-32.476,-2.054,1
23.126,-32.156,-2.036,1
23.166,-31.999,-2.031,1
23.131,-31.845,-2.022,1
23.179,-31.701,-2.017,1
23.238,-31.573,-2.014,1
23.274,-31.415,-2.008,1
23.307,-31.254,-2.001,1
23.331,-31.081,-1.994,1
23.348,-31.003,-1.991,1
23.379,-30.842,-1.985,1
23.419,-30.694,-1.98,1
23.474,-30.566,-1.976,1
23.524,-30.432,-1.972,1
23.596,-30.328,-1.97,1
23.641,-30.189,-1.965,1
23.613,-30.056,-1.958,1
23.654,-29.915,-1.953,1
23.682,-29.757,-1.947,1
23.784,-29.694,-1.948,1
23.851,-29.586,-1.946,1
23.902,-29.46,-1.942,1
23.953,-29.334,-1.938,1
23.877,-29.146,-1.927,1
21.506,-26.08,-1.708,1
21.541,-25.956,-1.704,1
21.596,-25.857,-1.702,1
21.674,-25.785,-1.702,1
21.775,-25.741,-1.703,1
21.909,-25.816,-1.711,1
24.183,-28.32,-1.903,1
24.207,-28.168,-1.897,1
15.583,-18.004,-1.143,1
15.574,-17.88,-1.138,1
14.702,-16.77,-1.058,1
14.707,-16.669,-1.054,1
14.712,-16.622,-1.052,1
14.75,-16.56,-1.051,1
14.799,-16.51,-1.051,1
14.856,-16.469,-1.051,1
14.919,-16.435,-1.052,1
15.009,-16.43,-1.055,1
15.123,-16.451,-1.061,1
24.388,-26.47,-1.832,1
24.365,-26.279,-1.823,1
24.384,-26.133,-1.818,1
24.422,-26.01,-1.814,1
21.311,-22.549,-1.551,1
21.353,-22.451,-1.549,1
21.334,-22.362,-1.545,1
21.373,-22.261,-1.542,1
21.44,-22.191,-1.542,1
21.54,-22.155,-1.544,1
21.671,-22.15,-1.549,1
24.806,-25.201,-1.796,1
24.865,-25.103,-1.795,1
24.91,-25.069,-1.795,1
5.927,-5.899,-0.27,1
5.94,-5.875,-0.269,1
5.945,-5.844,-0.268,1
5.956,-5.818,-0.268,1
5.957,-5.782,-0.267,1
5.99,-5.778,-0.268,1
5.999,-5.768,-0.268,1
6.007,-5.74,-0.267,1
6.026,-5.722,-0.267,1
6.053,-5.711,-0.268,1
6.088,-5.709,-0.269,1
6.092,-5.676,-0.268,1
6.132,-5.677,-0.27,1
6.155,-5.681,-0.271,1
6.171,-5.66,-0.271,1
25.313,-23.18,-1.738,1
25.335,-23.055,-1.734,1
25.351,-22.924,-1.73,1
25.352,-22.78,-1.724,1
25.345,-22.63,-1.718,1
25.306,-22.523,-1.712,1
25.334,-22.407,-1.709,1
25.328,-22.26,-1.704,1
25.305,-22.099,-1.697,1
25.321,-21.973,-1.693,1
25.324,-21.836,-1.688,1
25.316,-21.76,-1.684,1
25.343,-21.645,-1.681,1
25.438,-21.589,-1.683,1
25.5,-21.503,-1.683,1
25.503,-21.369,-1.678,1
25.486,-21.219,-1.672,1
25.438,-21.044,-1.664,1
25.424,-20.965,-1.66,1
22.063,-18.073,-1.41,1
22.09,-17.979,-1.407,1
22.114,-17.883,-1.405,1
22.227,-17.86,-1.409,1
25.366,-20.256,-1.632,1
25.356,-20.183,-1.629,1
25.333,-20.035,-1.623,1
25.355,-19.923,-1.62,1
25.4,-19.83,-1.619,1
25.426,-19.722,-1.616,1
25.477,-19.633,-1.616,1
25.445,-19.481,-1.609,1
25.431,-19.407,-1.606,1
25.387,-19.248,-1.598,1
13.791,-10.305,-0.771,1
13.62,-10.11,-0.756,1
8.361,-4.87,-0.344,1
8.378,-4.845,-0.344,1
8.374,-4.808,-0.343,1
8.429,-4.752,-0.344,1
8.461,-4.735,-0.345,1
8.469,-4.704,-0.345,1
8.477,-4.674,-0.344,1
8.495,-4.649,-0.345,1
8.515,-4.625,-0.345,1
8.515,-4.591,-0.344,1
8.505,-4.568,-0.343,1
8.53,-4.547,-0.344,1
8.551,-4.524,-0.344,1
8.565,-4.497,-0.344,1
8.606,-4.484,-0.346,1
8.728,-4.461,-0.351,1
8.793,-4.46,-0.355,1
8.848,-4.453,-0.357,1
8.941,-4.465,-0.362,1
9.032,-4.475,-0.367,1
9.132,-4.489,-0.372,1
9.273,-4.541,-0.381,1
9.364,-4.549,-0.386,1
10.712,-5.167,-0.47,1
11.931,-5.124,-0.531,1
11.901,-5.066,-0.528,1
11.871,-5.01,-0.526,1
11.854,-4.958,-0.524,1
11.799,-4.913,-0.52,1
11.801,-4.871,-0.519,1
11.794,-4.825,-0.518,1
13.205,-5.212,-0.6,1
13.208,-5.189,-0.599,1
13.591,-5.071,-0.617,1
13.652,-5.045,-0.62,1
13.735,-5.027,-0.624,1
13.824,-5.011,-0.628,1
13.892,-4.986,-0.632,1
14.036,-4.988,-0.639,1
14.153,-4.98,-0.645,1
14.259,-4.992,-0.651,1
14.44,-5.005,-0.661,1
14.548,-4.992,-0.667,1
16.049,-5.453,-0.755,1
16.063,-5.402,-0.755,1
16.064,-5.346,-0.754,1
16.269,-5.358,-0.766,1
16.249,-5.323,-0.764,1
16.096,-5.217,-0.754,1
16.177,-5.187,-0.758,1
16.136,-5.118,-0.754,1
16.069,-5.041,-0.749,1
16.084,-4.99,-0.749,1
16.088,-4.936,-0.749,1
16.052,-4.897,-0.746,1
17.17,-5.181,-0.811,1
17.487,-5.217,-0.829,1
17.511,-5.165,-0.829,1
17.494,-5.1,-0.827,1
17.495,-5.041,-0.827,1
17.486,-4.979,-0.825,1
17.466,-4.943,-0.823,1
16.013,-4.476,-0.737,1
16.012,-4.421,-0.736,1
16.024,-4.37,-0.736,1
16.02,-4.315,-0.735,1
16.047,-4.268,-0.736,1
16.021,-4.234,-0.734,1
16.03,-4.183,-0.734,1
16.032,-4.13,-0.733,1
16.05,-4.081,-0.733,1
16.073,-4.033,-0.734,1
16.093,-3.984,-0.734,1
16.113,-3.935,-0.735,1
16.118,-3.91,-0.735,1
16.141,-3.862,-0.736,1
16.177,-3.817,-0.737,1
16.202,-3.769,-0.738,1
16.243,-3.725,-0.739,1
16.272,-3.678,-0.74,1
16.313,-3.66,-0.742,1
16.348,-3.614,-0.744,1
16.422,-3.576,-0.747,1
16.466,-3.532,-0.749,1
16.542,-3.494,-0.753,1
16.666,-3.466,-0.76,1
19.061,-3.874,-0.897,1
19.494,-3.899,-0.921,1
28.9,-5.604,-1.462,1
28.918,-5.513,-1.462,1
29.003,-5.435,-1.465,1
29.034,-5.347,-1.466,1
29.082,-5.308,-1.469,1
29.169,-5.23,-1.473,1
29.242,-5.148,-1.476,1
29.345,-5.071,-1.481,1
29.449,-4.994,-1.486,1
29.518,-4.911,-1.489,1
29.738,-4.851,-1.501,1
29.963,-4.84,-1.513,1
30.161,-4.775,-1.524,1
30.482,-4.728,-1.541,1
30.633,-4.653,-1.549,1
30.799,-4.579,-1.558,1
30.93,-4.5,-1.564,1
30.907,-4.447,-1.563,1
30.953,-4.354,-1.564,1
30.966,-4.257,-1.564,1
30.946,-4.155,-1.562,1
30.923,-4.053,-1.56,1
30.979,-3.962,-1.563,1
31.011,-3.867,-1.564,1
31.061,-3.823,-1.567,1
31.119,-3.731,-1.569,1
31.16,-3.637,-1.571,1
31.213,-3.544,-1.573,1
31.265,-3.45,-1.576,1
31.304,-3.355,-1.577,1
31.356,-3.261,-1.58,1
31.395,-3.215,-1.581,1
31.458,-3.122,-1.584,1
31.518,-3.028,-1.587,1
31.613,-2.937,-1.592,1
31.25,-2.804,-1.571,1
31.06,-2.688,-1.56,1
31.219,-2.604,-1.568,1
32.811,-2.686,-1.658,1
32.7,-2.573,-1.652,1
32.551,-2.458,-1.643,1
32.437,-2.347,-1.636,1
32.41,-2.243,-1.634,1
32.295,-2.133,-1.627,1
32.078,-2.068,-1.615,1
32.166,-1.972,-1.619,1
32.104,-1.867,-1.615,1
32.04,-1.762,-1.611,1
31.938,-1.656,-1.605,1
31.887,-1.553,-1.602,1
31.82,-1.449,-1.598,1
31.714,-1.395,-1.592,1
31.088,-1.269,-1.556,1
31.118,-1.172,-1.558,1
31.624,-1.092,-1.586,1
31.546,-0.99,-1.582,1
31.505,-0.89,-1.579,1
31.441,-0.789,-1.575,1
31.375,-0.738,-1.571,1
31.299,-0.638,-1.567,1
31.247,-0.538,-1.564,1
31.201,-0.44,-1.561,1
31.176,-0.341,-1.56,1
31.137,-0.243,-1.558,1
31.123,-0.194,-1.557,1
31.1,-0.096,-1.555,1
28.702,0.037,-1.573,1
28.657,0.127,-1.57,1
28.623,0.217,-1.568,1
28.574,0.306,-1.565,1
28.516,0.35,-1.561,1
28.485,0.439,-1.56,1
28.447,0.528,-1.557,1
28.423,0.617,-1.556,1
28.395,0.705,-1.554,1
28.387,0.794,-1.554,1
28.39,0.839,-1.554,1
28.393,0.929,-1.555,1
28.39,1.018,-1.555,1
28.393,1.107,-1.555,1
28.421,1.198,-1.557,1
28.433,1.288,-1.558,1
28.459,1.379,-1.56,1
28.453,1.423,-1.56,1
28.468,1.514,-1.561,1
28.487,1.604,-1.562,1
28.496,1.695,-1.563,1
28.49,1.784,-1.563,1
28.474,1.873,-1.562,1
28.462,1.962,-1.562,1
28.479,2.008,-1.563,1
28.499,2.1,-1.565,1
28.498,2.19,-1.565,1
28.515,2.281,-1.567,1
28.539,2.373,-1.569,1
28.558,2.465,-1.57,1
28.568,2.556,-1.572,1
28.587,2.603,-1.573,1
28.597,2.695,-1.574,1
28.64,2.79,-1.577,1
28.663,2.883,-1.579,1
28.673,2.975,-1.581,1
28.702,3.069,-1.583,1
28.739,3.119,-1.585,1
28.782,3.215,-1.589,1
28.796,3.308,-1.59,1
28.874,3.409,-1.596,1
28.889,3.503,-1.597,1
28.979,3.607,-1.604,1
24.488,3.161,-1.325,1
24.526,3.244,-1.328,1
24.519,3.322,-1.328,1
24.001,3.328,-1.296,1
23.686,3.36,-1.277,1
28.815,4.185,-1.598,1
28.72,4.264,-1.593,1
28.731,4.312,-1.594,1
28.702,4.399,-1.593,1
28.591,4.474,-1.587,1
28.48,4.549,-1.581,1
28.435,4.633,-1.579,1
28.341,4.709,-1.574,1
28.223,4.735,-1.568,1
28.11,4.807,-1.561,1
27.894,4.86,-1.549,1
27.731,4.921,-1.54,1
27.517,4.972,-1.527,1
27.472,5.053,-1.525,1
27.331,5.116,-1.517,1
27.099,5.116,-1.503,1
23.745,4.557,-1.293,1
23.627,4.611,-1.286,1
22.966,4.557,-1.246,1
22.513,4.54,-1.218,1
22.214,4.552,-1.2,1
21.828,4.544,-1.177,1
21.602,4.532,-1.163,1
21.207,4.518,-1.139,1
20.902,4.521,-1.12,1
20.574,4.518,-1.1,1
20.273,4.518,-1.082,1
20.107,4.547,-1.073,1
19.733,4.527,-1.05,1
19.6,4.529,-1.042,1
19.649,4.606,-1.046,1
19.602,4.66,-1.044,1
18.879,4.549,-0.999,1
19.15,4.679,-1.017,1
19.367,4.797,-1.032,1
19.344,4.856,-1.031,1
18.936,4.784,-1.006,1
17.69,4.527,-0.927,1
18.622,4.829,-0.987,1
17.547,4.608,-0.92,1
18.178,4.836,-0.961,1
17.768,4.786,-0.936,1
18.157,4.922,-0.961,1
17.486,4.798,-0.919,1
17.447,4.846,-0.917,1
17.467,4.911,-0.92,1
17.434,4.961,-0.919,1
17.399,5.01,-0.917,1
17.295,5.039,-0.912,1
17.205,5.042,-0.906,1
17.288,5.125,-0.913,1
17.284,5.183,-0.914,1
17.227,5.225,-0.911,1
17.165,5.265,-0.908,1
17.152,5.32,-0.908,1
17.084,5.358,-0.905,1
17.237,5.436,-0.915,1
15.684,4.998,-0.816,1
15.55,5.009,-0.808,1
15.313,4.985,-0.794,1
15.157,4.987,-0.784,1
15.016,4.993,-0.776,1
14.909,5.009,-0.77,1
14.817,5.004,-0.765,1
14.706,5.018,-0.759,1
14.638,5.046,-0.755,1
14.612,5.088,-0.755,1
14.574,5.126,-0.753,1
14.574,5.178,-0.754,1
14.57,5.202,-0.754,1
14.539,5.243,-0.753,1
14.509,5.283,-0.753,1
14.511,5.336,-0.754,1
14.472,5.373,-0.752,1
14.479,5.428,-0.754,1
14.55,5.507,-0.76,1
13.717,5.214,-0.705,1
12.833,5.016,-0.65,1
12.301,5.008,-0.619,1
12.213,5.017,-0.614,1
12.127,5.116,-0.612,1
12.126,5.138,-0.612,1
12.115,5.178,-0.612,1
12.304,5.305,-0.626,1
12.157,5.287,-0.617,1
12.027,5.275,-0.61,1
11.996,5.306,-0.609,1
12.001,5.354,-0.61,1
11.995,5.374,-0.61,1
12.005,5.424,-0.612,1
11.961,5.449,-0.61,1
11.974,5.501,-0.613,1
11.961,5.54,-0.613,1
11.947,5.787,-0.619,1
7.51,5.062,-0.358,1
7.511,5.08,-0.358,1
7.496,5.104,-0.358,1
7.497,5.139,-0.36,1
7.484,5.165,-0.36,1
7.492,5.206,-0.362,1
7.5,6.002,-0.392,1
7.551,6.673,-0.421,1
7.493,6.706,-0.419,1
6.246,5.674,-0.319,1
6.237,5.701,-0.32,1
5.69,5.642,-0.293,1
5.644,5.632,-0.291,1
5.611,5.634,-0.289,1
5.576,5.635,-0.288,1
5.129,6.128,-0.292,1
5.147,6.412,-0.306,1
7.231,10.326,-0.577,1
7.178,10.319,-0.575,1
6.947,10.052,-0.553,1
6.887,10.033,-0.55,1
7.041,10.293,-0.569,1
6.846,10.075,-0.551,1
7.892,21.568,-1.218,1
7.724,21.315,-1.2,1
7.728,21.536,-1.213,1
7.693,21.653,-1.219,1
7.094,20.062,-1.114,1
7.095,20.267,-1.126,1
6.965,20.097,-1.113,1
6.961,20.291,-1.124,1
6.727,19.812,-1.092,1
6.636,19.745,-1.086,1
6.558,19.719,-1.083,1
6.526,19.727,-1.083,1
6.45,19.702,-1.08,1
6.396,19.747,-1.081,1
6.345,19.803,-1.084,1
6.323,19.95,-1.092,1
6.303,20.106,-1.101,1
6.314,20.366,-1.116,1
6.326,20.52,-1.126,1
6.276,20.588,-1.129,1
6.241,20.705,-1.135,1
6.198,20.801,-1.14,1
6.026,20.455,-1.116,1
5.979,20.533,-1.12,1
5.89,20.467,-1.115,1
5.866,20.507,-1.117,1
5.903,20.883,-1.14,1
5.774,20.676,-1.125,1
5.778,20.943,-1.141,1
5.759,21.136,-1.152,1
5.726,21.277,-1.16,1
5.676,21.359,-1.164,1
5.63,21.32,-1.161,1
5.561,21.329,-1.161,1
5.487,21.322,-1.159,1
5.417,21.325,-1.158,1
5.355,21.363,-1.16,1
5.283,21.361,-1.159,1
5.192,21.28,-1.152,1
5.136,21.191,-1.146,1
5.063,21.182,-1.145,1
5.202,-35.771,-2.033,1
5.64,-37.934,-2.17,1
5.752,-37.869,-2.167,1
5.807,-37.83,-2.165,1
5.408,-34.521,-1.959,1
5.503,-34.423,-1.954,1
5.608,-34.386,-1.952,1
5.721,-34.399,-1.954,1
5.845,-34.474,-1.96,1
6.452,-37.329,-2.141,1
6.498,-37.246,-2.136,1
6.117,-34.433,-1.961,1
6.229,-34.437,-1.962,1
6.345,-34.46,-1.965,1
6.883,-36.726,-2.109,1
6.988,-36.649,-2.105,1
6.645,-34.27,-1.957,1
6.701,-34.271,-1.957,1
6.806,-34.238,-1.957,1
6.895,-34.124,-1.951,1
6.987,-34.032,-1.946,1
7.078,-33.93,-1.941,1
7.398,-34.911,-2.005,1
7.463,-34.95,-2.008,1
7.569,-34.907,-2.007,1
7.902,-35.895,-2.071,1
8.057,-36.057,-2.083,1
8.19,-36.119,-2.088,1
8.405,-36.536,-2.116,1
8.602,-36.86,-2.139,1
8.683,-36.945,-2.145,1
8.806,-36.947,-2.147,1
5.516,-22.868,-1.252,1
5.57,-22.777,-1.248,1
5.634,-22.73,-1.246,1
5.7,-22.691,-1.245,1
5.782,-22.715,-1.247,1
5.801,-22.64,-1.243,1
5.913,-22.777,-1.253,1
9.86,-37.432,-2.192,1
9.994,-37.464,-2.196,1
10.122,-37.469,-2.198,1
10.256,-37.497,-2.202,1
10.389,-37.52,-2.206,1
10.469,-37.577,-2.21,1
10.609,-37.625,-2.215,1
7.151,-25.091,-1.411,1
7.204,-24.979,-1.405,1
7.273,-24.921,-1.403,1
7.34,-24.862,-1.401,1
7.382,-24.862,-1.402,1
7.469,-24.867,-1.403,1
7.527,-24.779,-1.399,1
7.672,-24.973,-1.413,1
11.869,-38.159,-2.269,1
12.038,-38.276,-2.279,1
12.194,-38.352,-2.287,1
12.3,-38.475,-2.296,1
12.476,-38.607,-2.307,1
12.675,-38.805,-2.322,1
12.837,-38.886,-2.33,1
13.018,-39.022,-2.342,1
13.297,-39.442,-2.372,1
13.683,-40.169,-2.422,1
13.713,-40.051,-2.416,1
13.921,-40.245,-2.431,1
5.069,-14.412,-0.742,1
14.602,-40.958,-2.487,1
8.447,-23.263,-1.328,1
8.465,-23.199,-1.325,1
8.535,-23.165,-1.324,1
8.61,-23.146,-1.325,1
8.686,-23.126,-1.325,1
8.764,-23.114,-1.326,1
15.825,-41.287,-2.532,1
15.905,-41.301,-2.535,1
16.054,-41.301,-2.538,1
16.175,-41.228,-2.537,1
16.304,-41.175,-2.537,1
16.438,-41.135,-2.537,1
16.552,-41.046,-2.535,1
16.669,-40.964,-2.533,1
16.722,-40.911,-2.531,1
16.805,-40.747,-2.524,1
16.903,-40.622,-2.519,1
17.004,-40.506,-2.515,1
17.111,-40.405,-2.511,1
17.23,-40.333,-2.51,1
17.312,-40.176,-2.503,1
17.34,-40.068,-2.498,1
17.475,-40.033,-2.499,1
17.549,-39.861,-2.491,1
17.629,-39.704,-2.484,1
17.73,-39.597,-2.481,1
17.883,-39.603,-2.485,1
17.99,-39.509,-2.483,1
11.394,-24.943,-1.494,1
11.42,-24.793,-1.486,1
11.468,-24.693,-1.481,1
21.86,-28.187,-2.004,1
21.738,-27.941,-1.987,1
21.572,-27.549,-1.962,1
21.597,-27.402,-1.955,1
21.501,-27.106,-1.937,1
21.522,-26.957,-1.931,1
21.551,-26.821,-1.926,1
21.574,-26.677,-1.92,1
21.533,-26.541,-1.911,1
21.52,-26.356,-1.902,1
21.571,-26.25,-1.899,1
21.507,-26.005,-1.885,1
21.506,-25.839,-1.877,1
21.57,-25.75,-1.875,1
21.654,-25.687,-1.875,1
21.701,-25.66,-1.876,1
21.793,-25.606,-1.877,1
21.89,-25.557,-1.879,1
21.991,-25.512,-1.881,1
15.593,-17.987,-1.27,1
14.708,-16.86,-1.181,1
14.689,-16.786,-1.177,1
14.694,-16.686,-1.173,1
14.722,-16.611,-1.17,1
14.766,-16.556,-1.17,1
14.81,-16.501,-1.169,1
14.863,-16.456,-1.169,1
5.49,-6.046,-0.303,1
14.928,-16.424,-1.17,1
5.477,-5.993,-0.3,1
5.484,-5.963,-0.299,1
5.472,-5.914,-0.296,1
5.476,-5.88,-0.294,1
5.489,-5.857,-0.294,1
5.492,-5.824,-0.293,1
5.544,-5.644,-0.287,1
5.823,-5.344,-0.286,1
5.88,-5.311,-0.288,1
5.92,-5.281,-0.288,1
5.976,-5.263,-0.29,1
5.992,-5.244,-0.29,1
6.033,-5.246,-0.292,1
6.05,-5.245,-0.293,1
6.081,-5.237,-0.294,1
6.114,-5.233,-0.295,1
6.156,-5.235,-0.297,1
6.189,-5.23,-0.299,1
6.186,-5.194,-0.297,1
6.251,-5.231,-0.302,1
24.65,-20.401,-1.777,1
24.619,-20.245,-1.769,1
22.046,-18.017,-1.559,1
22.08,-17.929,-1.557,1
22.145,-17.867,-1.557,1
22.234,-17.823,-1.56,1
24.439,-19.525,-1.732,1
24.507,-19.453,-1.733,1
24.447,-19.281,-1.723,1
24.449,-19.158,-1.719,1
24.44,-19.028,-1.713,1
24.512,-18.96,-1.714,1
24.486,-18.818,-1.708,1
24.36,-18.66,-1.695,1
24.57,-18.698,-1.707,1
8.234,-6.166,-0.434,1
8.216,-6.113,-0.431,1
8.219,-6.095,-0.43,1
8.231,-6.064,-0.43,1
8.218,-5.552,-0.411,1
8.247,-5.534,-0.412,1
9.391,-6.255,-0.495,1
8.237,-5.251,-0.402,1
8.258,-5.228,-0.402,1
8.242,-5.182,-0.4,1
8.233,-5.14,-0.398,1
8.243,-5.128,-0.398,1
8.23,-5.085,-0.396,1
8.224,-5.045,-0.394,1
8.411,-4.51,-0.388,1
8.464,-4.504,-0.391,1
8.521,-4.5,-0.393,1
8.567,-4.49,-0.396,1
8.625,-4.503,-0.399,1
8.673,-4.493,-0.402,1
8.748,-4.497,-0.406,1
8.801,-4.489,-0.409,1
8.833,-4.47,-0.41,1
8.909,-4.474,-0.414,1
8.968,-4.468,-0.417,1
9.052,-4.492,-0.423,1
9.089,-4.475,-0.424,1
9.134,-4.461,-0.426,1
9.196,-4.456,-0.43,1
9.315,-4.477,-0.437,1
11.904,-5.082,-0.598,1
11.892,-5.055,-0.597,1
11.869,-5.002,-0.594,1
11.848,-4.949,-0.592,1
11.814,-4.891,-0.588,1
11.764,-4.828,-0.584,1
11.766,-4.785,-0.583,1
11.781,-4.748,-0.583,1
13.126,-5.12,-0.669,1
13.096,-5.061,-0.666,1
13.158,-5.038,-0.669,1
13.442,-4.929,-0.683,1
13.495,-4.901,-0.685,1
13.61,-4.894,-0.692,1
13.655,-4.886,-0.695,1
13.748,-4.87,-0.7,1
13.846,-4.856,-0.705,1
13.963,-4.847,-0.712,1
14.052,-4.829,-0.716,1
14.173,-4.82,-0.723,1
14.326,-4.822,-0.732,1
14.491,-4.852,-0.743,1
15.994,-5.297,-0.84,1
15.98,-5.236,-0.838,1
15.985,-5.183,-0.837,1
15.969,-5.122,-0.835,1
15.97,-5.067,-0.834,1
15.976,-5.014,-0.833,1
15.942,-4.976,-0.83,1
15.946,-4.922,-0.83,1
15.983,-4.878,-0.831,1
15.986,-4.825,-0.83,1
15.994,-4.772,-0.83,1
15.969,-4.71,-0.827,1
15.978,-4.686,-0.827,1
15.964,-4.627,-0.826,1
15.965,-4.573,-0.825,1
15.96,-4.517,-0.823,1
15.966,-4.465,-0.823,1
15.963,-4.41,-0.822,1
15.942,-4.351,-0.82,1
15.953,-4.327,-0.82,1
15.943,-4.27,-0.818,1
15.949,-4.218,-0.818,1
15.935,-4.161,-0.816,1
15.936,-4.108,-0.815,1
15.949,-4.058,-0.815,1
15.94,-4.002,-0.814,1
15.939,-3.976,-0.814,1
15.953,-3.926,-0.814,1
15.95,-3.872,-0.813,1
15.966,-3.823,-0.813,1
15.97,-3.771,-0.812,1
15.951,-3.713,-0.81,1
15.968,-3.665,-0.811,1
15.999,-3.645,-0.812,1
15.983,-3.589,-0.811,1
16.07,-3.555,-0.816,1
16.189,-3.528,-0.822,1
16.313,-3.501,-0.829,1
16.441,-3.475,-0.837,1
16.624,-3.458,-0.848,1
16.829,-3.473,-0.86,1
17.157,-3.484,-0.88,1
19.153,-3.824,-1.006,1
28.399,-5.472,-1.586,1
28.436,-5.386,-1.588,1
28.468,-5.346,-1.589,1
28.488,-5.257,-1.589,1
28.493,-5.166,-1.589,1
28.536,-5.081,-1.59,1
28.554,-4.992,-1.59,1
28.562,-4.901,-1.59,1
28.589,-4.813,-1.591,1
28.61,-4.77,-1.592,1
28.704,-4.693,-1.596,1
28.734,-4.605,-1.597,1
28.758,-4.517,-1.598,1
28.786,-4.428,-1.599,1
28.79,-4.336,-1.598,1
28.831,-4.25,-1.6,1
28.81,-4.201,-1.598,1
28.786,-4.105,-1.596,1
28.808,-4.016,-1.597,1
28.833,-3.927,-1.597,1
28.847,-3.837,-1.597,1
28.883,-3.749,-1.599,1
28.916,-3.661,-1.6,1
28.91,-3.614,-1.6,1
28.909,-3.522,-1.599,1
28.898,-3.428,-1.597,1
28.901,-3.337,-1.597,1
28.915,-3.246,-1.597,1
28.927,-3.156,-1.597,1
28.909,-3.062,-1.596,1
28.825,-3.007,-1.59,1
28.999,-2.933,-1.6,1
29.31,-2.871,-1.619,1
29.947,-2.838,-1.658,1
30.492,-2.793,-1.691,1
30.463,-2.694,-1.689,1
30.265,-2.628,-1.676,1
30.121,-2.521,-1.667,1
30.028,-2.418,-1.661,1
29.991,-2.32,-1.658,1
29.919,-2.22,-1.653,1
29.88,-2.123,-1.65,1
29.819,-2.025,-1.646,1
29.756,-1.973,-1.642,1
29.72,-1.877,-1.639,1
29.66,-1.78,-1.635,1
29.614,-1.684,-1.632,1
29.575,-1.589,-1.629,1
29.526,-1.493,-1.626,1
29.477,-1.444,-1.623,1
29.427,-1.349,-1.62,1
29.394,-1.255,-1.617,1
29.363,-1.161,-1.615,1
29.293,-1.067,-1.611,1
29.244,-0.973,-1.607,1
29.179,-0.879,-1.603,1
29.147,-0.832,-1.601,1
29.092,-0.739,-1.597,1
29.032,-0.647,-1.594,1
28.976,-0.554,-1.59,1
28.916,-0.462,-1.586,1
28.859,-0.371,-1.583,1
28.856,-0.28,-1.582,1
28.805,-0.234,-1.579,1
28.793,-0.144,-1.578,1
28.742,-0.053,-1.575,1
26.093,0.047,-1.593,1
26.051,0.129,-1.59,1
26.006,0.21,-1.587,1
25.966,0.291,-1.585,1
25.933,0.332,-1.582,1
25.916,0.413,-1.581,1
25.901,0.494,-1.58,1
25.875,0.575,-1.579,1
25.863,0.656,-1.578,1
25.857,0.737,-1.578,1
25.841,0.818,-1.577,1
25.841,0.859,-1.577,1
25.853,0.94,-1.578,1
25.849,1.022,-1.578,1
25.856,1.103,-1.578,1
25.858,1.185,-1.579,1
25.863,1.266,-1.579,1
25.91,1.35,-1.583,1
25.892,1.39,-1.582,1
25.894,1.472,-1.582,1
25.903,1.554,-1.583,1
25.902,1.635,-1.584,1
25.905,1.717,-1.584,1
25.911,1.8,-1.585,1
25.916,1.841,-1.585,1
25.916,1.923,-1.586,1
25.912,2.004,-1.586,1
25.927,2.087,-1.588,1
25.939,2.17,-1.589,1
25.957,2.254,-1.591,1
25.974,2.338,-1.592,1
25.988,2.38,-1.593,1
25.989,2.462,-1.594,1
25.987,2.545,-1.594,1
25.987,2.627,-1.595,1
25.998,2.711,-1.596,1
26.009,2.794,-1.598,1
26.018,2.878,-1.599,1
26.033,2.921,-1.6,1
26.05,3.006,-1.602,1
26.044,3.088,-1.602,1
26.058,3.173,-1.604,1
26.046,3.254,-1.604,1
24.622,3.196,-1.506,1
24.277,3.229,-1.483,1
24.731,3.368,-1.515,1
23.871,3.328,-1.456,1
26.271,3.744,-1.624,1
26.349,3.84,-1.63,1
26.458,3.941,-1.638,1
26.53,3.994,-1.644,1
26.386,4.057,-1.635,1
26.101,4.097,-1.616,1
26.003,4.166,-1.61,1
25.931,4.238,-1.606,1
25.864,4.311,-1.602,1
25.679,4.363,-1.59,1
25.627,4.396,-1.587,1
25.556,4.466,-1.583,1
25.516,4.542,-1.581,1
24.44,4.431,-1.507,1
24.398,4.502,-1.505,1
24.347,4.572,-1.502,1
24.33,4.648,-1.502,1
24.348,4.691,-1.504,1
24.026,4.708,-1.482,1
23.117,4.606,-1.42,1
22.435,4.544,-1.373,1
22.229,4.576,-1.359,1
21.715,4.541,-1.324,1
21.472,4.561,-1.308,1
21.174,4.533,-1.288,1
20.857,4.534,-1.266,1
20.432,4.51,-1.237,1
20.182,4.521,-1.221,1
19.844,4.512,-1.198,1
19.809,4.569,-1.197,1
19.71,4.579,-1.19,1
19.742,4.652,-1.193,1
18.842,4.504,-1.131,1
18.688,4.529,-1.121,1
18.564,4.561,-1.113,1
18.445,4.593,-1.106,1
18.604,4.695,-1.118,1
17.608,4.474,-1.048,1
17.515,4.509,-1.042,1
17.445,4.55,-1.038,1
17.361,4.586,-1.033,1
17.292,4.627,-1.029,1
17.295,4.686,-1.031,1
17.267,4.736,-1.03,1
17.277,4.768,-1.031,1
17.277,4.827,-1.032,1
17.204,4.865,-1.028,1
17.273,4.943,-1.034,1
17.227,4.988,-1.032,1
17.385,5.093,-1.044,1
17.103,5.069,-1.025,1
17.042,5.08,-1.021,1
17.01,5.129,-1.02,1
17.006,5.186,-1.021,1
17.01,5.246,-1.023,1
17.003,5.302,-1.023,1
17.108,5.394,-1.032,1
15.73,4.988,-0.933,1
15.497,4.969,-0.918,1
15.341,4.972,-0.907,1
15.187,4.975,-0.897,1
15.061,4.987,-0.889,1
14.955,5.004,-0.883,1
14.827,5.039,-0.875,1
14.636,5.077,-0.864,1
14.643,5.131,-0.865,1
14.64,5.182,-0.866,1
14.552,5.202,-0.861,1
14.527,5.219,-0.86,1
14.531,5.272,-0.861,1
14.513,5.317,-0.861,1
14.492,5.361,-0.861,1
14.492,5.413,-0.862,1
14.555,5.489,-0.868,1
13.697,5.216,-0.806,1
13.23,5.063,-0.772,1
13.154,5.081,-0.768,1
12.991,5.066,-0.757,1
12.726,5.009,-0.739,1
12.34,4.992,-0.714,1
12.374,5.029,-0.717,1
12.259,5.027,-0.709,1
12.179,5.084,-0.706,1
12.106,5.099,-0.702,1
12.031,5.112,-0.697,1
12.019,5.151,-0.698,1
12.001,5.166,-0.697,1
12.203,5.298,-0.713,1
12.045,5.275,-0.703,1
12.034,5.315,-0.703,1
12.025,5.356,-0.704,1
12.021,5.399,-0.705,1
11.991,5.431,-0.704,1
12.01,5.463,-0.706,1
12.011,5.509,-0.707,1
11.997,5.548,-0.707,1
11.988,5.59,-0.708,1
11.987,5.635,-0.709,1
11.955,5.666,-0.708,1
11.98,5.701,-0.711,1
11.966,5.74,-0.711,1
11.964,5.786,-0.712,1
11.947,5.824,-0.712,1
11.952,5.873,-0.714,1
11.94,5.96,-0.716,1
11.925,6.07,-0.719,1
7.515,5.044,-0.421,1
7.511,5.076,-0.422,1
7.498,5.102,-0.422,1
7.497,5.135,-0.423,1
7.492,5.149,-0.423,1
7.493,5.184,-0.425,1
6.287,5.569,-0.376,1
6.271,5.59,-0.376,1
5.117,5.909,-0.336,1
6.268,7.345,-0.462,1
6.258,7.379,-0.464,1
6.248,7.414,-0.465,1
6.24,7.452,-0.467,1
6.241,7.501,-0.469,1
6.68,19.054,-1.187,1
6.681,19.151,-1.193,1
6.598,19.108,-1.189,1
6.518,19.07,-1.184,1
6.405,19.129,-1.186,1
6.317,19.066,-1.18,1
6.253,19.075,-1.179,1
6.235,19.12,-1.182,1
6.159,19.092,-1.178,1
6.091,19.087,-1.176,1
6.02,19.07,-1.174,1
5.882,19.263,-1.184,1
5.794,19.083,-1.17,1
5.799,19.315,-1.185,1
5.764,19.42,-1.192,1
5.741,19.568,-1.201,1
5.631,19.419,-1.189,1
5.576,19.456,-1.19,1
5.478,19.347,-1.181,1
5.413,19.232,-1.173,1
5.33,19.167,-1.167,1
5.27,19.185,-1.167,1
5.222,19.248,-1.17,1
5.177,19.322,-1.174,1
5.096,19.261,-1.169,1
5.04,19.294,-1.17,1
5.029,19.377,-1.175,1
5.257,-36.14,-2.311,1
5.373,-36.137,-2.312,1
5.495,-36.179,-2.316,1
5.57,-35.911,-2.298,1
5.42,-34.58,-2.206,1
5.519,-34.5,-2.202,1
5.624,-34.466,-2.201,1
5.734,-34.454,-2.201,1
5.853,-34.501,-2.206,1
5.996,-34.685,-2.22,1
6.167,-35.346,-2.267,1
6.268,-35.271,-2.263,1
6.387,-35.297,-2.266,1
6.499,-35.28,-2.266,1
6.61,-35.264,-2.266,1
6.712,-35.198,-2.263,1
6.694,-34.506,-2.216,1
6.721,-34.359,-2.207,1
6.807,-34.228,-2.199,1
6.886,-34.066,-2.189,1
7.178,-34.947,-2.253,1
7.108,-34.057,-2.192,1
7.267,-34.282,-2.209,1
7.5,-34.844,-2.25,1
7.568,-34.893,-2.254,1
7.677,-34.867,-2.254,1
7.805,-34.925,-2.26,1
7.922,-34.933,-2.262,1
8.042,-34.953,-2.266,1
8.169,-35.001,-2.271,1
8.283,-34.993,-2.272,1
8.347,-35.019,-2.275,1
5.532,-22.851,-1.416,1
5.586,-22.76,-1.41,1
5.65,-22.713,-1.408,1
5.724,-22.707,-1.409,1
5.797,-22.693,-1.409,1
5.817,-22.626,-1.405,1
9.184,-35.316,-2.309,1
9.309,-35.341,-2.312,1
9.451,-35.431,-2.321,1
9.579,-35.463,-2.325,1
9.711,-35.506,-2.33,1
9.853,-35.587,-2.338,1
9.931,-35.652,-2.344,1
10.062,-35.688,-2.349,1
7.159,-25.063,-1.591,1
7.22,-24.977,-1.587,1
7.283,-24.9,-1.583,1
7.359,-24.872,-1.582,1
7.442,-24.864,-1.584,1
7.49,-24.881,-1.586,1
7.597,-24.952,-1.592,1
11.152,-36.261,-2.408,1
11.299,-36.333,-2.416,1
11.44,-36.383,-2.422,1
11.619,-36.552,-2.437,1
11.737,-36.527,-2.438,1
11.794,-36.504,-2.437,1
11.959,-36.623,-2.449,1
12.105,-36.68,-2.455,1
12.236,-36.689,-2.459,1
12.375,-36.722,-2.464,1
12.522,-36.775,-2.471,1
12.613,-36.854,-2.478,1
5.039,-14.379,-0.846,1
13.045,-36.974,-2.495,1
13.197,-37.035,-2.503,1
8.407,-23.332,-1.504,1
8.458,-23.243,-1.5,1
8.486,-23.207,-1.498,1
8.55,-23.156,-1.496,1
8.622,-23.127,-1.496,1
8.688,-23.082,-1.495,1
8.808,-23.181,-1.504,1
13.943,-36.393,-2.479,1
14.054,-36.34,-2.479,1
14.062,-36.191,-2.469,1
14.145,-36.067,-2.463,1
14.208,-35.896,-2.454,1
14.245,-35.66,-2.44,1
14.321,-35.526,-2.433,1
14.404,-35.411,-2.428,1
14.492,-35.31,-2.424,1
14.549,-35.291,-2.424,1
14.681,-35.295,-2.428,1
14.738,-35.12,-2.418,1
14.772,-34.895,-2.405,1
14.872,-34.825,-2.403,1
14.95,-34.704,-2.398,1
14.968,-34.597,-2.391,1
15.076,-34.548,-2.391,1
15.228,-34.601,-2.399,1
19.998,-24.326,-1.964,1
20.02,-24.198,-1.959,1
20.016,-24.038,-1.95,1
20.076,-23.957,-1.948,1
20.203,-23.955,-1.954,1
20.311,-24.007,-1.961,1
5.363,-6.268,-0.365,1
5.371,-6.238,-0.364,1
5.356,-6.182,-0.361,1
5.356,-6.142,-0.359,1
5.362,-6.11,-0.357,1
5.376,-6.087,-0.357,1
5.362,-6.052,-0.354,1
5.369,-6.022,-0.353,1
5.369,-5.984,-0.351,1
5.376,-5.954,-0.35,1
5.377,-5.918,-0.348,1
5.369,-5.871,-0.345,1
5.373,-5.838,-0.344,1
5.379,-5.827,-0.343,1
5.374,-5.785,-0.341,1
5.376,-5.75,-0.34,1
5.389,-5.728,-0.339,1
5.395,-5.698,-0.338,1
5.388,-5.654,-0.335,1
5.397,-5.629,-0.334,1
5.398,-5.612,-0.334,1
5.389,-5.567,-0.331,1
5.414,-5.558,-0.332,1
5.407,-5.516,-0.329,1
5.413,-5.488,-0.328,1
5.419,-5.459,-0.327,1
5.418,-5.441,-0.326,1
5.428,-5.417,-0.326,1
5.451,-5.405,-0.326,1
5.452,-5.373,-0.325,1
5.912,-4.975,-0.329,1
5.94,-4.967,-0.331,1
6.077,-4.938,-0.337,1
6.09,-4.916,-0.336,1
6.125,-4.913,-0.338,1
6.167,-4.915,-0.34,1
6.195,-4.922,-0.342,1
6.251,-4.935,-0.346,1
6.277,-4.924,-0.347,1
6.316,-4.922,-0.349,1
6.374,-4.935,-0.353,1
8.199,-6.275,-0.508,1
8.193,-6.25,-0.507,1
9.325,-6.935,-0.597,1
9.474,-6.885,-0.604,1
9.505,-6.862,-0.604,1
8.855,-6.348,-0.547,1
9.429,-6.562,-0.588,1
8.206,-5.555,-0.48,1
8.455,-5.551,-0.494,1
8.476,-5.527,-0.494,1
8.515,-5.514,-0.496,1
8.564,-5.527,-0.499,1
8.585,-5.502,-0.499,1
9.08,-5.603,-0.532,1
8.935,-5.474,-0.519,1
9.11,-5.503,-0.53,1
9.169,-5.499,-0.533,1
9.227,-5.495,-0.537,1
9.357,-5.553,-0.547,1
8.238,-4.851,-0.456,1
8.375,-4.515,-0.452,1
8.926,-4.598,-0.489,1
9.05,-4.645,-0.498,1
9.413,-4.795,-0.525,1
9.401,-4.752,-0.523,1
9.386,-4.707,-0.52,1
9.372,-4.663,-0.518,1
9.346,-4.613,-0.515,1
9.313,-4.561,-0.511,1
9.303,-4.537,-0.51,1
9.313,-4.506,-0.51,1
9.223,-4.391,-0.501,1
9.33,-4.406,-0.508,1
10.914,-4.664,-0.614,1
10.969,-4.647,-0.618,1
11.233,-4.718,-0.636,1
11.903,-4.979,-0.686,1
11.874,-4.923,-0.682,1
11.855,-4.871,-0.68,1
11.785,-4.799,-0.673,1
11.436,-4.614,-0.646,1
11.456,-4.56,-0.646,1
11.716,-4.621,-0.664,1
11.629,-4.544,-0.657,1
13.114,-5.081,-0.765,1
13.119,-4.988,-0.764,1
13.133,-4.946,-0.763,1
13.359,-5.008,-0.779,1
13.13,-4.875,-0.762,1
13.235,-4.867,-0.768,1
13.306,-4.846,-0.772,1
13.361,-4.818,-0.775,1
13.404,-4.786,-0.777,1
13.459,-4.758,-0.78,1
13.513,-4.754,-0.783,1
13.592,-4.734,-0.788,1
13.654,-4.707,-0.792,1
13.765,-4.697,-0.799,1
13.827,-4.67,-0.802,1
13.806,-4.615,-0.799,1
13.993,-4.653,-0.812,1
14.015,-4.611,-0.813,1
13.991,-4.555,-0.81,1
14.062,-4.529,-0.814,1
14.16,-4.512,-0.82,1
14.361,-4.527,-0.834,1
14.472,-4.512,-0.841,1
15.915,-4.937,-0.944,1
15.936,-4.889,-0.945,1
15.94,-4.835,-0.944,1
15.915,-4.773,-0.941,1
15.932,-4.724,-0.941,1
15.937,-4.671,-0.941,1
15.913,-4.61,-0.938,1
15.913,-4.582,-0.937,1
15.92,-4.53,-0.937,1
15.918,-4.476,-0.936,1
15.909,-4.419,-0.934,1
15.929,-4.371,-0.934,1
15.919,-4.315,-0.933,1
15.916,-4.26,-0.931,1
15.922,-4.235,-0.931,1
15.907,-4.177,-0.929,1
15.92,-4.127,-0.929,1
15.929,-4.076,-0.929,1
15.922,-4.021,-0.928,1
15.925,-3.969,-0.927,1
15.939,-3.919,-0.927,1
15.93,-3.89,-0.926,1
15.938,-3.839,-0.926,1
15.942,-3.787,-0.925,1
15.983,-3.691,-0.927,1
15.923,-3.624,-0.921,1
16.043,-3.626,-0.93,1
16.107,-3.587,-0.933,1
16.216,-3.558,-0.94,1
16.501,-3.512,-0.959,1
16.657,-3.491,-0.969,1
16.753,-3.456,-0.975,1
16.775,-3.433,-0.976,1
19.077,-3.846,-1.137,1
19.302,-3.829,-1.152,1
19.665,-3.837,-1.176,1
25.74,-4.946,-1.601,1
25.759,-4.866,-1.602,1
25.808,-4.791,-1.604,1
25.825,-4.753,-1.605,1
25.852,-4.674,-1.605,1
25.884,-4.596,-1.607,1
25.896,-4.514,-1.606,1
25.898,-4.431,-1.606,1
25.912,-4.349,-1.606,1
25.947,-4.271,-1.607,1
25.95,-4.23,-1.607,1
25.981,-4.151,-1.608,1
26.014,-4.073,-1.609,1
26.032,-3.992,-1.61,1
26.053,-3.911,-1.61,1
26.086,-3.833,-1.612,1
26.096,-3.75,-1.612,1
26.104,-3.71,-1.612,1
26.153,-3.633,-1.615,1
26.157,-3.55,-1.614,1
26.176,-3.468,-1.615,1
26.182,-3.386,-1.614,1
26.185,-3.302,-1.614,1
26.212,-3.264,-1.615,1
26.228,-3.182,-1.616,1
26.24,-3.1,-1.616,1
26.38,-3.033,-1.625,1
26.487,-2.961,-1.632,1
26.905,-2.923,-1.66,1
27.473,-2.898,-1.699,1
27.896,-2.898,-1.728,1
27.848,-2.805,-1.724,1
27.737,-2.706,-1.715,1
27.668,-2.611,-1.71,1
27.573,-2.515,-1.703,1
27.521,-2.423,-1.699,1
27.481,-2.376,-1.696,1
27.423,-2.284,-1.691,1
27.362,-2.192,-1.686,1
27.329,-2.103,-1.684,1
27.262,-2.012,-1.679,1
27.218,-1.922,-1.675,1
27.175,-1.833,-1.672,1
27.12,-1.787,-1.668,1
27.083,-1.699,-1.665,1
27.037,-1.611,-1.661,1
26.992,-1.523,-1.658,1
26.945,-1.435,-1.654,1
26.909,-1.349,-1.652,1
26.858,-1.261,-1.648,1
26.81,-1.217,-1.644,1
26.752,-1.13,-1.64,1
26.707,-1.044,-1.637,1
26.643,-0.958,-1.632,1
26.606,-0.873,-1.629,1
26.558,-0.788,-1.626,1
26.517,-0.703,-1.623,1
26.458,-0.66,-1.619,1
26.412,-0.575,-1.616,1
26.358,-0.491,-1.612,1
26.307,-0.408,-1.608,1
26.255,-0.324,-1.604,1
26.244,-0.242,-1.604,1
26.178,-0.2,-1.599,1
26.177,-0.118,-1.599,1
26.117,-0.035,-1.595,1
24.494,0.064,-1.604,1
24.462,0.14,-1.601,1
24.418,0.217,-1.598,1
24.391,0.293,-1.596,1
24.344,0.369,-1.593,1
24.314,0.407,-1.591,1
24.284,0.483,-1.588,1
24.267,0.558,-1.587,1
24.259,0.635,-1.587,1
24.239,0.71,-1.586,1
24.25,0.787,-1.587,1
24.235,0.824,-1.586,1
24.236,0.901,-1.586,1
24.244,0.977,-1.587,1
24.25,1.054,-1.587,1
24.249,1.13,-1.587,1
24.255,1.207,-1.588,1
24.261,1.284,-1.589,1
24.271,1.322,-1.59,1
24.287,1.4,-1.591,1
24.31,1.478,-1.593,1
24.303,1.554,-1.593,1
24.3,1.63,-1.593,1
24.343,1.71,-1.597,1
24.349,1.788,-1.598,1
24.372,1.828,-1.6,1
24.374,1.905,-1.6,1
24.36,1.981,-1.6,1
24.38,2.06,-1.602,1
24.381,2.137,-1.602,1
24.38,2.214,-1.603,1
24.407,2.255,-1.605,1
24.403,2.332,-1.605,1
24.408,2.41,-1.606,1
24.422,2.489,-1.608,1
24.42,2.566,-1.608,1
24.408,2.642,-1.608,1
24.399,2.719,-1.608,1
24.413,2.76,-1.609,1
24.414,2.837,-1.61,1
24.421,2.916,-1.611,1
24.431,2.995,-1.612,1
24.426,3.072,-1.613,1
24.442,3.152,-1.615,1
24.448,3.231,-1.616,1
24.454,3.271,-1.617,1
24.452,3.349,-1.617,1
23.906,3.35,-1.577,1
24.486,3.511,-1.621,1
24.508,3.593,-1.624,1
24.566,3.68,-1.629,1
24.643,3.771,-1.636,1
24.775,3.831,-1.646,1
24.786,3.913,-1.648,1
24.724,3.982,-1.644,1
24.584,4.039,-1.634,1
24.394,4.086,-1.621,1
24.352,4.158,-1.619,1
24.067,4.187,-1.599,1
23.495,4.125,-1.556,1
23.295,4.165,-1.542,1
23.225,4.228,-1.538,1
23.063,4.273,-1.527,1
23.249,4.383,-1.542,1
23.265,4.462,-1.544,1
23.293,4.505,-1.547,1
23.132,4.549,-1.536,1
23.028,4.604,-1.529,1
22.872,4.648,-1.518,1
22.514,4.648,-1.493,1
22.087,4.632,-1.462,1
21.355,4.547,-1.408,1
21.334,4.578,-1.406,1
20.762,4.523,-1.364,1
20.557,4.546,-1.35,1
20.325,4.561,-1.334,1
19.842,4.518,-1.298,1
19.762,4.565,-1.293,1
19.433,4.553,-1.269,1
19.408,4.579,-1.268,1
18.887,4.518,-1.23,1
18.683,4.531,-1.215,1
18.667,4.589,-1.215,1
18.583,4.63,-1.21,1
18.524,4.677,-1.206,1
17.589,4.499,-1.136,1
17.488,4.502,-1.129,1
17.475,4.558,-1.129,1
17.401,4.597,-1.125,1
17.371,4.647,-1.124,1
17.297,4.685,-1.119,1
17.326,4.752,-1.122,1
17.24,4.757,-1.116,1
17.194,4.803,-1.114,1
17.135,4.844,-1.111,1
17.133,4.902,-1.112,1
17.123,4.957,-1.112,1
17.108,5.011,-1.112,1
17.06,5.055,-1.11,1
17.092,5.094,-1.113,1
17.125,5.163,-1.117,1
17.061,5.202,-1.113,1
17.018,5.247,-1.111,1
17.335,5.405,-1.137,1
15.707,4.949,-1.012,1
15.561,4.93,-1.001,1
15.425,4.94,-0.992,1
15.271,4.943,-0.981,1
15.117,4.946,-0.971,1
14.99,4.956,-0.962,1
14.893,4.976,-0.956,1
14.823,5.004,-0.951,1
14.751,5.005,-0.946,1
14.703,5.041,-0.944,1
14.649,5.074,-0.941,1
14.626,5.117,-0.94,1
14.61,5.163,-0.94,1
14.582,5.205,-0.939,1
14.566,5.251,-0.939,1
14.565,5.276,-0.94,1
14.548,5.322,-0.94,1
14.539,5.37,-0.941,1
14.864,5.544,-0.967,1
14.885,5.606,-0.971,1
14.843,5.643,-0.969,1
13.115,5.054,-0.834,1
12.963,5.042,-0.823,1
12.842,5.041,-0.815,1
12.852,5.091,-0.817,1
12.476,5.033,-0.79,1
12.36,5.031,-0.782,1
12.337,5.044,-0.781,1
12.281,5.066,-0.777,1
12.21,5.082,-0.773,1
12.172,5.111,-0.771,1
12.128,5.137,-0.769,1
12.281,5.248,-0.783,1
12.095,5.19,-0.768,1
12.087,5.232,-0.769,1
12.075,5.272,-0.769,1
12.062,5.311,-0.77,1
12.07,5.361,-0.772,1
12.039,5.392,-0.77,1
12.047,5.441,-0.773,1
12.042,5.462,-0.773,1
12.022,5.498,-0.773,1
12.006,5.537,-0.773,1
11.997,5.716,-0.778,1
12.006,5.744,-0.779,1
11.995,5.785,-0.78,1
11.998,5.833,-0.782,1
11.972,5.867,-0.781,1
11.981,5.918,-0.783,1
11.982,5.966,-0.785,1
11.976,5.986,-0.785,1
11.95,6.02,-0.784,1
11.949,6.067,-0.786,1
11.954,6.117,-0.788,1
11.958,6.167,-0.79,1
11.953,6.211,-0.791,1
11.935,6.25,-0.791,1
11.952,6.283,-0.793,1
11.934,6.321,-0.794,1
11.938,6.372,-0.796,1
11.934,6.418,-0.797,1
11.931,6.465,-0.798,1
11.927,6.511,-0.8,1
11.92,6.556,-0.801,1
8.7,4.902,-0.534,1
8.651,4.911,-0.531,1
8.594,4.931,-0.528,1
7.542,4.996,-0.465,1
7.551,5.037,-0.467,1
7.503,5.039,-0.464,1
7.506,5.075,-0.466,1
7.5,5.105,-0.467,1
7.515,5.15,-0.47,1
7.505,5.161,-0.47,1
7.517,5.204,-0.472,1
7.678,5.757,-0.506,1
7.908,6.684,-0.561,1
7.898,6.718,-0.562,1
6.316,5.505,-0.416,1
6.297,5.505,-0.415,1
6.237,5.487,-0.41,1
6.2,5.489,-0.409,1
6.117,5.554,-0.407,1
6.094,5.55,-0.406,1
6.356,6.549,-0.471,1
6.323,6.597,-0.472,1
5.219,5.596,-0.362,1
5.192,5.602,-0.361,1
5.181,5.626,-0.362,1
5.172,5.651,-0.363,1
5.162,5.676,-0.364,1
5.159,5.709,-0.365,1
5.159,5.727,-0.366,1
5.164,5.806,-0.371,1
5.16,5.838,-0.373,1
6.329,7.473,-0.52,1
6.318,7.508,-0.521,1
6.303,7.538,-0.522,1
6.313,7.574,-0.525,1
6.312,7.622,-0.528,1
5.138,6.461,-0.407,1
5.069,6.457,-0.403,1
5.689,17.178,-1.132,1
5.628,17.175,-1.13,1
5.583,17.22,-1.132,1
5.507,17.453,-1.147,1
5.371,17.209,-1.127,1
5.325,17.251,-1.129,1
5.056,-34.415,-2.362,1
5.15,-34.309,-2.355,1
5.282,-34.45,-2.367,1
5.377,-34.35,-2.361,1
5.413,-34.23,-2.353,1
5.522,-34.218,-2.353,1
5.631,-34.213,-2.354,1
5.742,-34.212,-2.355,1
5.849,-34.194,-2.355,1
5.951,-34.146,-2.353,1
6.062,-34.147,-2.354,1
6.118,-34.149,-2.355,1
6.219,-34.095,-2.353,1
6.325,-34.071,-2.352,1
6.436,-34.07,-2.354,1
6.546,-34.07,-2.355,1
6.66,-34.082,-2.358,1
6.772,-34.085,-2.36,1
6.828,-34.086,-2.36,1
6.925,-34.019,-2.357,1
7.036,-34.015,-2.358,1
7.152,-34.037,-2.362,1
7.256,-33.999,-2.361,1
7.374,-34.029,-2.365,1
7.432,-34.037,-2.366,1
7.535,-33.996,-2.365,1
7.649,-34.007,-2.367,1
7.768,-34.035,-2.371,1
7.891,-34.078,-2.376,1
8.001,-34.065,-2.377,1
8.119,-34.088,-2.381,1
8.174,-34.081,-2.381,1
5.547,-22.849,-1.531,1
5.602,-22.764,-1.526,1
5.671,-22.733,-1.525,1
5.743,-22.719,-1.525,1
5.821,-22.726,-1.527,1
5.884,-22.677,-1.525,1
8.933,-34.152,-2.4,1
9.036,-34.111,-2.399,1
9.154,-34.123,-2.402,1
9.259,-34.086,-2.402,1
9.377,-34.095,-2.405,1
9.494,-34.1,-2.407,1
9.601,-34.072,-2.407,1
9.67,-34.111,-2.411,1
7.182,-25.057,-1.719,1
7.24,-24.964,-1.714,1
7.311,-24.916,-1.712,1
7.39,-24.895,-1.712,1
7.469,-24.877,-1.713,1
7.518,-24.896,-1.715,1
7.611,-24.92,-1.719,1
10.613,-34.332,-2.447,1
10.728,-34.322,-2.449,1
10.814,-34.219,-2.443,1
10.918,-34.172,-2.442,1
11.009,-34.088,-2.439,1
11.03,-33.972,-2.431,1
11.125,-33.9,-2.428,1
11.241,-33.895,-2.43,1
11.357,-33.888,-2.433,1
11.453,-33.82,-2.43,1
11.53,-33.7,-2.424,1
11.64,-33.675,-2.424,1
5.013,-14.328,-0.917,1
5.039,-14.26,-0.913,1
11.86,-33.129,-2.392,1
8.425,-23.325,-1.626,1
8.475,-23.236,-1.621,1
8.538,-23.182,-1.619,1
8.575,-23.17,-1.619,1
8.654,-23.16,-1.621,1
8.759,-23.216,-1.627,1
12.471,-32.714,-2.379,1
12.522,-32.54,-2.368,1
12.602,-32.445,-2.364,1
12.647,-32.409,-2.362,1
12.751,-32.376,-2.363,1
12.854,-32.338,-2.363,1
12.954,-32.293,-2.363,1
13.05,-32.24,-2.362,1
13.139,-32.169,-2.359,1
13.234,-32.113,-2.358,1
13.262,-32.039,-2.354,1
13.391,-32.065,-2.359,1
13.498,-32.037,-2.361,1
13.56,-31.905,-2.353,1
13.607,-31.737,-2.343,1
13.757,-31.81,-2.353,1
13.859,-31.772,-2.353,1
13.879,-31.683,-2.348,1
5.362,-6.232,-0.404,1
5.369,-6.201,-0.403,1
5.37,-6.163,-0.401,1
5.374,-6.128,-0.399,1
5.383,-6.1,-0.398,1
5.38,-6.078,-0.396,1
5.369,-5.914,-0.387,1
5.383,-5.893,-0.386,1
5.401,-5.893,-0.387,1
5.384,-5.838,-0.384,1
5.387,-5.805,-0.382,1
5.404,-5.679,-0.376,1
5.402,-5.659,-0.375,1
5.399,-5.621,-0.373,1
5.397,-5.584,-0.371,1
5.405,-5.557,-0.37,1
5.411,-5.528,-0.368,1
5.41,-5.493,-0.366,1
5.412,-5.46,-0.365,1
5.411,-5.442,-0.364,1
5.414,-5.411,-0.362,1
5.422,-5.386,-0.361,1
5.423,-5.353,-0.36,1
5.435,-5.33,-0.359,1
5.436,-5.298,-0.358,1
5.435,-5.281,-0.357,1
5.44,-5.253,-0.356,1
5.442,-5.222,-0.354,1
5.463,-5.209,-0.355,1
5.466,-5.18,-0.353,1
5.474,-5.154,-0.352,1
5.486,-5.133,-0.352,1
5.486,-5.118,-0.351,1
5.498,-5.096,-0.351,1
5.52,-5.084,-0.351,1
5.536,-5.067,-0.351,1
5.558,-5.055,-0.352,1
5.569,-5.034,-0.351,1
5.591,-5.021,-0.352,1
5.599,-5.013,-0.352,1
5.625,-5.004,-0.353,1
5.64,-4.986,-0.353,1
5.659,-4.971,-0.353,1
5.672,-4.951,-0.353,1
5.683,-4.929,-0.353,1
5.696,-4.925,-0.353,1
5.738,-4.93,-0.356,1
5.747,-4.906,-0.355,1
5.758,-4.884,-0.355,1
5.811,-4.898,-0.358,1
5.787,-4.847,-0.355,1
5.81,-4.835,-0.355,1
5.82,-4.828,-0.356,1
5.851,-4.823,-0.357,1
5.905,-4.836,-0.361,1
5.948,-4.84,-0.363,1
5.963,-4.821,-0.363,1
6.02,-4.836,-0.367,1
6.054,-4.832,-0.369,1
6.079,-4.836,-0.371,1
6.105,-4.825,-0.372,1
6.153,-4.832,-0.375,1
6.072,-4.738,-0.366,1
6.198,-4.804,-0.376,1
6.235,-4.802,-0.378,1
6.274,-4.8,-0.38,1
6.312,-4.813,-0.383,1
6.359,-4.817,-0.386,1
6.395,-4.813,-0.388,1
6.445,-4.819,-0.391,1
6.498,-4.827,-0.395,1
9.543,-6.912,-0.667,1
8.886,-6.354,-0.603,1
9.479,-6.686,-0.653,1
9.476,-6.662,-0.652,1
9.477,-6.619,-0.65,1
8.22,-5.593,-0.531,1
8.262,-5.583,-0.533,1
8.466,-5.624,-0.547,1
8.448,-5.574,-0.544,1
8.466,-5.548,-0.544,1
8.507,-5.536,-0.546,1
8.54,-5.539,-0.548,1
8.596,-5.537,-0.552,1
8.56,-5.476,-0.547,1
9.014,-5.548,-0.578,1
9.12,-5.534,-0.585,1
9.155,-5.516,-0.586,1
9.21,-5.51,-0.589,1
9.187,-5.457,-0.586,1
9.488,-5.615,-0.611,1
8.25,-4.851,-0.504,1
8.27,-4.793,-0.503,1
8.362,-4.468,-0.497,1
8.422,-4.466,-0.501,1
9.134,-4.768,-0.558,1
9.312,-4.823,-0.571,1
9.207,-4.751,-0.562,1
9.438,-4.795,-0.578,1
9.468,-4.772,-0.58,1
9.466,-4.734,-0.578,1
9.444,-4.686,-0.575,1
9.426,-4.641,-0.573,1
9.401,-4.61,-0.57,1
9.365,-4.556,-0.566,1
9.378,-4.526,-0.566,1
9.39,-4.496,-0.566,1
9.35,-4.441,-0.561,1
9.304,-4.383,-0.556,1
9.412,-4.398,-0.564,1
10.657,-4.955,-0.664,1
10.678,-4.924,-0.665,1
10.69,-4.889,-0.665,1
10.68,-4.844,-0.663,1
10.701,-4.813,-0.663,1
10.721,-4.782,-0.663,1
10.729,-4.765,-0.663,1
10.76,-4.738,-0.665,1
10.806,-4.718,-0.667,1
10.863,-4.702,-0.671,1
10.89,-4.674,-0.672,1
11.131,-4.735,-0.69,1
11.293,-4.762,-0.702,1
11.319,-4.751,-0.703,1
11.282,-4.695,-0.699,1
11.219,-4.627,-0.693,1
11.286,-4.613,-0.697,1
11.346,-4.596,-0.7,1
11.422,-4.585,-0.705,1
11.527,-4.585,-0.713,1
11.651,-4.613,-0.722,1
11.719,-4.597,-0.726,1
11.853,-4.606,-0.735,1
13.181,-5.072,-0.839,1
13.145,-4.94,-0.833,1
13.135,-4.889,-0.831,1
13.146,-4.846,-0.831,1
13.141,-4.798,-0.829,1
13.15,-4.754,-0.829,1
13.178,-4.718,-0.83,1
13.215,-4.684,-0.832,1
13.285,-4.685,-0.836,1
13.316,-4.649,-0.838,1
13.365,-4.619,-0.84,1
13.402,-4.585,-0.842,1
13.449,-4.553,-0.845,1
13.501,-4.524,-0.848,1
13.53,-4.486,-0.849,1
13.586,-4.481,-0.853,1
13.633,-4.449,-0.855,1
13.686,-4.419,-0.858,1
13.742,-4.389,-0.861,1
13.817,-4.365,-0.866,1
13.874,-4.335,-0.87,1
13.947,-4.31,-0.874,1
14.024,-4.309,-0.88,1
14.129,-4.293,-0.887,1
14.297,-4.295,-0.899,1
14.441,-4.288,-0.909,1
15.923,-4.671,-1.021,1
15.961,-4.628,-1.023,1
15.967,-4.576,-1.022,1
15.955,-4.545,-1.021,1
15.948,-4.489,-1.019,1
15.97,-4.441,-1.02,1
15.947,-4.381,-1.017,1
15.967,-4.332,-1.018,1
15.957,-4.276,-1.016,1
15.997,-4.206,-1.017,1
15.963,-4.143,-1.014,1
15.941,-4.084,-1.011,1
15.97,-4.038,-1.012,1
15.973,-3.986,-1.012,1
15.973,-3.933,-1.011,1
15.97,-3.905,-1.01,1
15.99,-3.857,-1.011,1
15.959,-3.796,-1.007,1
16.025,-3.706,-1.011,1
16.006,-3.649,-1.008,1
16.091,-3.615,-1.014,1
16.151,-3.602,-1.018,1
16.25,-3.57,-1.025,1
16.719,-3.562,-1.058,1
16.615,-3.486,-1.05,1
16.886,-3.487,-1.069,1
17.173,-3.489,-1.09,1
17.352,-3.497,-1.103,1
19.449,-3.853,-1.26,1
19.726,-3.843,-1.279,1
24.95,-4.773,-1.671,1
24.969,-4.695,-1.671,1
24.973,-4.615,-1.67,1
24.95,-4.529,-1.667,1
24.958,-4.49,-1.667,1
24.948,-4.408,-1.666,1
24.94,-4.325,-1.664,1
24.955,-4.247,-1.664,1
24.945,-4.165,-1.662,1
24.948,-4.085,-1.662,1
24.925,-4.041,-1.659,1
24.94,-3.963,-1.659,1
24.926,-3.881,-1.658,1
24.917,-3.799,-1.656,1
24.938,-3.722,-1.657,1
24.922,-3.64,-1.655,1
24.932,-3.561,-1.654,1
24.929,-3.521,-1.654,1
24.922,-3.44,-1.653,1
24.931,-3.362,-1.652,1
24.918,-3.28,-1.651,1
24.91,-3.2,-1.649,1
24.946,-3.125,-1.651,1
24.937,-3.084,-1.65,1
25.049,-3.018,-1.658,1
25.459,-2.986,-1.688,1
25.855,-2.949,-1.716,1
26.193,-2.904,-1.741,1
26.309,-2.833,-1.749,1
26.213,-2.74,-1.741,1
26.056,-2.682,-1.729,1
25.938,-2.588,-1.719,1
25.886,-2.501,-1.715,1
25.832,-2.414,-1.711,1
25.794,-2.328,-1.707,1
25.755,-2.243,-1.704,1
25.715,-2.158,-1.7,1
25.674,-2.114,-1.697,1
25.643,-2.031,-1.694,1
25.603,-1.947,-1.691,1
25.558,-1.863,-1.687,1
25.518,-1.779,-1.684,1
25.481,-1.696,-1.681,1
25.439,-1.613,-1.677,1
25.39,-1.57,-1.673,1
25.36,-1.488,-1.671,1
25.305,-1.406,-1.666,1
25.26,-1.323,-1.663,1
25.21,-1.242,-1.659,1
25.182,-1.161,-1.656,1
25.134,-1.119,-1.653,1
25.083,-1.038,-1.649,1
25.053,-0.958,-1.646,1
25.01,-0.878,-1.643,1
24.967,-0.798,-1.639,1
24.917,-0.718,-1.636,1
24.881,-0.639,-1.633,1
24.805,-0.598,-1.627,1
24.754,-0.519,-1.623,1
24.712,-0.44,-1.62,1
24.689,-0.362,-1.618,1
24.668,-0.284,-1.617,1
24.629,-0.207,-1.614,1
24.594,-0.129,-1.611,1
24.542,-0.09,-1.607,1
24.524,-0.013,-1.606,1
22.64,0,-1.615,1
22.61,0.071,-1.613,1
22.582,0.142,-1.611,1
22.547,0.213,-1.608,1
22.538,0.284,-1.607,1
22.517,0.354,-1.606,1
22.487,0.389,-1.603,1
22.462,0.459,-1.601,1
22.448,0.53,-1.6,1
22.42,0.599,-1.598,1
22.43,0.67,-1.599,1
22.42,0.74,-1.599,1
22.428,0.811,-1.6,1
22.407,0.846,-1.598,1
22.412,0.916,-1.599,1
22.421,0.987,-1.6,1
22.425,1.058,-1.6,1
22.448,1.13,-1.602,1
22.448,1.201,-1.603,1
22.452,1.236,-1.603,1
22.45,1.307,-1.603,1
22.454,1.378,-1.604,1
22.45,1.448,-1.604,1
22.451,1.519,-1.604,1
22.462,1.591,-1.606,1
22.481,1.663,-1.608,1
22.46,1.697,-1.606,1
22.471,1.769,-1.607,1
22.457,1.839,-1.607,1
22.487,1.912,-1.61,1
22.477,1.983,-1.609,1
22.484,2.055,-1.61,1
22.486,2.126,-1.611,1
22.504,2.163,-1.613,1
22.507,2.235,-1.614,1
22.514,2.307,-1.615,1
22.524,2.38,-1.616,1
22.527,2.452,-1.617,1
22.531,2.524,-1.618,1
22.533,2.595,-1.619,1
22.531,2.631,-1.619,1
22.548,2.705,-1.621,1
22.533,2.775,-1.62,1
22.56,2.85,-1.623,1
22.547,2.921,-1.623,1
22.564,2.995,-1.625,1
22.584,3.07,-1.628,1
22.583,3.106,-1.628,1
22.581,3.178,-1.628,1
22.59,3.251,-1.63,1
22.604,3.326,-1.632,1
22.597,3.397,-1.632,1
22.602,3.471,-1.634,1
22.658,3.516,-1.639,1
22.725,3.599,-1.645,1
22.763,3.679,-1.649,1
22.81,3.76,-1.654,1
22.84,3.838,-1.657,1
22.867,3.917,-1.66,1
22.835,3.985,-1.659,1
22.758,4.009,-1.653,1
22.569,4.049,-1.639,1
22.371,4.086,-1.624,1
22.021,4.094,-1.596,1
21.53,4.073,-1.557,1
21.419,4.122,-1.549,1
21.338,4.176,-1.543,1
21.3,4.204,-1.541,1
21.355,4.284,-1.546,1
21.3,4.343,-1.543,1
21.179,4.388,-1.534,1
21.269,4.476,-1.543,1
21.097,4.509,-1.53,1
20.929,4.542,-1.517,1
20.96,4.583,-1.52,1
20.848,4.628,-1.512,1
20.416,4.599,-1.478,1
20.069,4.588,-1.451,1
19.998,4.638,-1.446,1
19.428,4.571,-1.4,1
19.192,4.548,-1.381,1
18.702,4.494,-1.342,1
18.764,4.571,-1.348,1
18.668,4.61,-1.342,1
18.114,4.535,-1.297,1
17.744,4.502,-1.268,1
17.687,4.547,-1.264,1
17.458,4.517,-1.246,1
17.411,4.564,-1.243,1
17.35,4.606,-1.239,1
17.331,4.66,-1.239,1
17.257,4.698,-1.234,1
17.229,4.748,-1.233,1
17.277,4.791,-1.237,1
17.175,4.821,-1.23,1
17.116,4.862,-1.226,1
17.124,4.923,-1.228,1
17.079,4.968,-1.226,1
17.043,5.016,-1.224,1
17.019,5.067,-1.224,1
17.038,5.102,-1.226,1
17.003,5.149,-1.224,1
16.967,5.197,-1.223,1
16.926,5.243,-1.221,1
15.636,4.899,-1.114,1
15.416,4.883,-1.096,1
15.419,4.938,-1.098,1
15.123,4.87,-1.074,1
14.973,4.874,-1.062,1
14.882,4.896,-1.056,1
14.811,4.924,-1.051,1
14.739,4.952,-1.046,1
14.678,4.983,-1.042,1
14.632,5.019,-1.04,1
14.6,5.033,-1.038,1
14.576,5.076,-1.037,1
14.555,5.12,-1.037,1
14.512,5.157,-1.034,1
14.524,5.212,-1.037,1
14.616,5.297,-1.046,1
14.487,5.302,-1.037,1
14.79,5.439,-1.063,1
14.675,5.449,-1.055,1
14.529,5.447,-1.044,1
13.488,5.107,-0.956,1
13.345,5.101,-0.945,1
13.146,5.073,-0.929,1
12.98,5.033,-0.916,1
12.81,5.013,-0.902,1
12.791,5.052,-0.902,1
12.573,5.012,-0.885,1
12.155,5.092,-0.856,1
12.13,5.126,-0.855,1
12.099,5.158,-0.854,1
12.079,5.194,-0.854,1
12.066,5.234,-0.854,1
12.062,5.254,-0.854,1
12.056,5.297,-0.855,1
12.034,5.332,-0.855,1
12.002,5.409,-0.855,1
6.282,7.74,-0.599,1
6.242,7.739,-0.596,1
6.215,7.756,-0.596,1
5.034,-32.179,-2.412,1
5.138,-32.182,-2.414,1
5.217,-32.353,-2.428,1
5.294,-32.183,-2.416,1
5.398,-32.188,-2.418,1
5.508,-32.218,-2.422,1
5.587,-32.075,-2.411,1
5.677,-31.996,-2.406,1
5.766,-32.207,-2.424,1
5.888,-32.303,-2.434,1
5.993,-32.3,-2.435,1
6.092,-32.273,-2.434,1
6.186,-32.211,-2.431,1
6.281,-32.16,-2.428,1
6.38,-32.13,-2.427,1
6.415,-32.042,-2.421,1
6.538,-32.135,-2.43,1
6.662,-32.223,-2.439,1
6.77,-32.237,-2.442,1
6.857,-32.15,-2.437,1
6.956,-32.118,-2.436,1
7.08,-32.201,-2.444,1
7.127,-32.173,-2.443,1
7.207,-32.059,-2.435,1
7.251,-31.785,-2.415,1
7.347,-31.747,-2.414,1
7.452,-31.747,-2.415,1
7.549,-31.71,-2.414,1
7.63,-31.608,-2.408,1
5.554,-22.821,-1.683,1
5.613,-22.751,-1.679,1
5.679,-22.71,-1.677,1
5.749,-22.69,-1.677,1
5.827,-22.695,-1.679,1
5.887,-22.636,-1.676,1
8.074,-30.884,-2.36,1
8.161,-30.818,-2.357,1
8.239,-30.723,-2.351,1
8.352,-30.756,-2.356,1
8.464,-30.786,-2.361,1
8.524,-30.63,-2.35,1
8.591,-30.498,-2.341,1
7.129,-25.141,-1.896,1
7.178,-25.011,-1.887,1
7.242,-24.941,-1.883,1
7.316,-24.903,-1.881,1
7.39,-24.864,-1.88,1
7.474,-24.86,-1.882,1
7.567,-24.886,-1.886,1
7.637,-24.975,-1.894,1
9.092,-29.419,-2.27,1
9.214,-29.487,-2.278,1
9.311,-29.471,-2.279,1
9.403,-29.44,-2.279,1
9.467,-29.321,-2.271,1
9.503,-29.119,-2.257,1
9.558,-29.134,-2.259,1
9.674,-29.176,-2.265,1
9.73,-29.039,-2.256,1
9.761,-28.831,-2.241,1
9.85,-28.797,-2.241,1
9.944,-28.775,-2.242,1
5.036,-14.314,-1.016,1
10.154,-28.651,-2.238,1
10.287,-28.739,-2.248,1
8.423,-23.286,-1.786,1
8.476,-23.206,-1.781,1
8.54,-23.155,-1.779,1
8.581,-23.154,-1.78,1
8.658,-23.138,-1.781,1
8.77,-23.215,-1.79,1
10.818,-28.383,-2.236,1
10.818,-28.116,-2.216,1
10.894,-28.051,-2.213,1
10.97,-27.987,-2.211,1
10.99,-27.906,-2.205,1
10.974,-27.612,-2.183,1
11.089,-27.648,-2.189,1
10.895,-26.916,-2.129,1
10.917,-26.728,-2.115,1
10.825,-26.266,-2.078,1
11.104,-26.705,-2.119,1
11.14,-26.675,-2.118,1
11.254,-26.711,-2.125,1
9.487,-6.832,-0.737,1
9.467,-6.772,-0.733,1
9.472,-6.73,-0.731,1
9.475,-6.688,-0.729,1
8.18,-5.56,-0.592,1
8.27,-5.584,-0.599,1
8.43,-5.596,-0.611,1
8.427,-5.556,-0.609,1
8.418,-5.512,-0.606,1
8.449,-5.494,-0.607,1
8.503,-5.492,-0.611,1
8.557,-5.489,-0.614,1
8.614,-5.507,-0.619,1
9.083,-5.511,-0.651,1
9.121,-5.495,-0.653,1
9.193,-5.499,-0.658,1
9.238,-5.486,-0.661,1
9.459,-5.578,-0.68,1
9.18,-4.753,-0.628,1
9.439,-4.794,-0.648,1
9.463,-4.769,-0.649,1
9.48,-4.74,-0.649,1
9.446,-4.686,-0.645,1
9.468,-4.66,-0.645,1
9.429,-4.604,-0.641,1
9.399,-4.57,-0.637,1
9.388,-4.529,-0.635,1
9.332,-4.465,-0.629,1
9.337,-4.432,-0.628,1
10.692,-4.693,-0.736,1
10.736,-4.692,-0.739,1
10.983,-4.76,-0.759,1
10.775,-4.629,-0.74,1
11.298,-4.543,-0.776,1
11.383,-4.535,-0.782,1
11.841,-4.568,-0.817,1
13.091,-5.006,-0.923,1
13.077,-4.954,-0.921,1
13.09,-4.912,-0.921,1
13.083,-4.863,-0.919,1
13.085,-4.84,-0.918,1
13.087,-4.794,-0.917,1
13.08,-4.745,-0.915,1
13.08,-4.698,-0.914,1
13.098,-4.658,-0.914,1
13.101,-4.613,-0.913,1
13.091,-4.563,-0.911,1
13.106,-4.545,-0.912,1
13.117,-4.503,-0.911,1
13.123,-4.459,-0.911,1
13.139,-4.419,-0.911,1
13.204,-4.394,-0.915,1
13.238,-4.36,-0.917,1
13.297,-4.333,-0.921,1
13.325,-4.319,-0.923,1
13.396,-4.295,-0.927,1
13.424,-4.258,-0.929,1
13.468,-4.226,-0.931,1
13.515,-4.194,-0.934,1
13.561,-4.161,-0.937,1
13.617,-4.155,-0.941,1
13.674,-4.126,-0.945,1
13.746,-4.101,-0.95,1
13.806,-4.072,-0.954,1
13.894,-4.05,-0.96,1
13.998,-4.033,-0.968,1
14.13,-4.023,-0.978,1
14.339,-4.059,-0.994,1
15.927,-4.457,-1.126,1
15.903,-4.397,-1.123,1
15.909,-4.345,-1.122,1
15.911,-4.291,-1.121,1
15.917,-4.239,-1.12,1
15.922,-4.187,-1.12,1
15.929,-4.162,-1.12,1
15.93,-4.109,-1.119,1
15.931,-4.056,-1.118,1
15.933,-4.003,-1.117,1
15.939,-3.952,-1.116,1
15.946,-3.9,-1.116,1
15.948,-3.848,-1.115,1
15.945,-3.82,-1.114,1
15.966,-3.773,-1.115,1
15.968,-3.72,-1.114,1
15.96,-3.665,-1.113,1
15.985,-3.618,-1.114,1
16.11,-3.593,-1.123,1
16.204,-3.561,-1.13,1
16.263,-3.547,-1.134,1
16.371,-3.517,-1.142,1
16.491,-3.489,-1.151,1
16.604,-3.459,-1.16,1
16.673,-3.419,-1.164,1
16.813,-3.392,-1.175,1
17.004,-3.403,-1.19,1
23.36,-4.533,-1.708,1
23.408,-4.466,-1.711,1
23.441,-4.396,-1.712,1
23.465,-4.325,-1.713,1
23.457,-4.247,-1.712,1
23.465,-4.21,-1.712,1
23.482,-4.137,-1.712,1
23.491,-4.063,-1.712,1
23.496,-3.988,-1.711,1
23.526,-3.917,-1.712,1
23.582,-3.85,-1.716,1
23.613,-3.817,-1.718,1
23.641,-3.745,-1.719,1
23.666,-3.673,-1.72,1
23.749,-3.61,-1.726,1
23.787,-3.539,-1.728,1
23.783,-3.462,-1.727,1
23.797,-3.388,-1.728,1
23.791,-3.349,-1.727,1
23.841,-3.28,-1.73,1
23.805,-3.199,-1.726,1
23.851,-3.129,-1.729,1
23.876,-3.056,-1.73,1
24.062,-3.003,-1.744,1
24.152,-2.937,-1.751,1
24.268,-2.913,-1.76,1
24.16,-2.823,-1.751,1
24.04,-2.732,-1.74,1
23.977,-2.648,-1.734,1
23.93,-2.567,-1.73,1
23.9,-2.488,-1.727,1
23.868,-2.409,-1.724,1
23.83,-2.367,-1.72,1
23.794,-2.288,-1.717,1
23.759,-2.209,-1.713,1
23.726,-2.131,-1.71,1
23.685,-2.052,-1.706,1
23.654,-1.975,-1.703,1
23.613,-1.934,-1.7,1
23.576,-1.856,-1.696,1
23.549,-1.78,-1.694,1
23.523,-1.703,-1.691,1
23.479,-1.626,-1.687,1
23.442,-1.549,-1.684,1
23.407,-1.473,-1.681,1
23.367,-1.434,-1.677,1
23.32,-1.357,-1.673,1
23.286,-1.282,-1.67,1
23.27,-1.208,-1.668,1
23.222,-1.132,-1.664,1
23.19,-1.057,-1.661,1
23.145,-0.982,-1.658,1
23.127,-0.945,-1.656,1
23.096,-0.871,-1.653,1
23.063,-0.797,-1.65,1
23.027,-0.724,-1.647,1
22.985,-0.65,-1.644,1
22.948,-0.577,-1.641,1
22.919,-0.504,-1.638,1
22.894,-0.467,-1.636,1
22.854,-0.395,-1.633,1
22.829,-0.323,-1.631,1
22.794,-0.25,-1.628,1
22.751,-0.178,-1.624,1
22.721,-0.107,-1.622,1
22.686,-0.071,-1.619,1
21.038,0.008,-1.608,1
21.014,0.074,-1.606,1
20.994,0.14,-1.604,1
20.973,0.205,-1.602,1
20.955,0.271,-1.601,1
20.96,0.337,-1.601,1
20.949,0.37,-1.6,1
20.926,0.435,-1.598,1
20.923,0.501,-1.598,1
20.907,0.566,-1.597,1
20.913,0.632,-1.598,1
20.903,0.697,-1.597,1
20.899,0.763,-1.597,1
20.902,0.796,-1.597,1
20.905,0.862,-1.598,1
20.906,0.928,-1.598,1
20.919,0.994,-1.599,1
20.918,1.06,-1.6,1
20.932,1.127,-1.601,1
20.933,1.193,-1.601,1
20.939,1.226,-1.602,1
20.941,1.292,-1.603,1
20.936,1.358,-1.603,1
20.942,1.425,-1.603,1
20.943,1.491,-1.604,1
20.947,1.557,-1.605,1
20.942,1.623,-1.605,1
20.951,1.657,-1.606,1
20.944,1.722,-1.606,1
20.944,1.789,-1.606,1
20.96,1.856,-1.608,1
20.96,1.923,-1.608,1
20.952,1.988,-1.608,1
20.971,2.057,-1.61,1
20.966,2.09,-1.61,1
20.979,2.158,-1.612,1
20.984,2.225,-1.613,1
21.005,2.294,-1.615,1
20.978,2.357,-1.614,1
21.006,2.427,-1.617,1
20.992,2.459,-1.616,1
20.981,2.525,-1.616,1
21.008,2.595,-1.619,1
21.004,2.662,-1.619,1
21.011,2.73,-1.62,1
21.012,2.797,-1.621,1
21.005,2.863,-1.621,1
21.019,2.899,-1.623,1
21.039,2.969,-1.626,1
21.036,3.036,-1.626,1
21.026,3.102,-1.626,1
21.051,3.173,-1.629,1
21.055,3.242,-1.63,1
21.057,3.31,-1.631,1
21.077,3.347,-1.634,1
21.084,3.416,-1.635,1
21.093,3.485,-1.637,1
21.092,3.553,-1.638,1
21.106,3.624,-1.64,1
21.136,3.697,-1.644,1
21.234,3.784,-1.653,1
21.253,3.822,-1.655,1
21.261,3.892,-1.657,1
21.145,3.939,-1.648,1
21.011,3.982,-1.637,1
20.91,4.031,-1.63,1
20.849,4.087,-1.625,1
20.492,4.051,-1.595,1
20.153,4.049,-1.566,1
19.9,4.063,-1.545,1
19.817,4.111,-1.539,1
19.746,4.161,-1.534,1
19.785,4.234,-1.538,1
19.762,4.294,-1.538,1
19.738,4.321,-1.536,1
19.678,4.373,-1.532,1
19.739,4.452,-1.539,1
19.741,4.517,-1.54,1
19.719,4.577,-1.539,1
19.569,4.607,-1.527,1
19.432,4.607,-1.516,1
18.817,4.523,-1.463,1
18.568,4.524,-1.442,1
18.198,4.494,-1.41,1
17.892,4.478,-1.385,1
17.756,4.503,-1.374,1
17.595,4.521,-1.361,1
17.534,4.535,-1.356,1
17.447,4.57,-1.349,1
17.413,4.62,-1.348,1
17.443,4.687,-1.352,1
17.391,4.731,-1.348,1
17.342,4.777,-1.345,1
17.225,4.802,-1.336,1
17.2,4.825,-1.335,1
17.15,4.869,-1.332,1
17.16,4.93,-1.334,1
17.133,4.98,-1.333,1
17.094,5.027,-1.331,1
17.197,5.117,-1.341,1
17.158,5.164,-1.339,1
17.136,5.186,-1.338,1
17.061,5.222,-1.333,1
16.987,5.258,-1.328,1
16.187,5.065,-1.257,1
15.636,4.945,-1.209,1
15.241,4.873,-1.175,1
15.114,4.884,-1.164,1
14.958,4.86,-1.151,1
14.863,4.88,-1.144,1
14.791,4.908,-1.139,1
14.715,4.934,-1.133,1
14.656,4.966,-1.129,1
14.622,5.005,-1.128,1
14.582,5.017,-1.125,1
14.557,5.059,-1.124,1
14.543,5.106,-1.124,1
14.523,5.15,-1.124,1
14.499,5.193,-1.123,1
14.486,5.24,-1.123,1
14.739,5.384,-1.148,1
14.572,5.349,-1.133,1
14.507,5.376,-1.129,1
14.161,5.299,-1.099,1
13.388,5.056,-1.029,1
13.38,5.101,-1.03,1
12.32,4.985,-0.942,1
12.257,5.004,-0.937,1
12.197,5.002,-0.932,1
12.141,5.024,-0.928,1
12.112,5.056,-0.927,1
12.087,5.091,-0.926,1
12.073,5.129,-0.927,1
12.048,5.163,-0.926,1
12.044,5.207,-0.927,1
12.021,5.219,-0.926,1
11.998,5.254,-0.925,1
11.983,5.292,-0.925,1
11.966,5.33,-0.925,1
11.96,5.372,-0.926,1
12.276,5.608,-0.959,1
12.312,5.648,-0.963,1
12.181,5.634,-0.953,1
12.23,5.703,-0.959,1
11.965,5.625,-0.936,1
8.739,4.847,-0.658,1
8.667,4.824,-0.652,1
8.582,4.812,-0.645,1
8.514,4.809,-0.639,1
8.448,4.807,-0.635,1
8.107,4.799,-0.609,1
7.488,4.922,-0.569,1
7.482,4.935,-0.569,1
7.458,4.953,-0.569,1
7.458,4.986,-0.57,1
7.442,5.009,-0.57,1
7.442,5.044,-0.572,1
7.433,5.072,-0.573,1
7.437,5.109,-0.575,1
7.433,5.387,-0.588,1
7.432,5.422,-0.59,1
7.444,5.467,-0.593,1
7.438,5.498,-0.594,1
7.456,5.548,-0.598,1
7.439,5.571,-0.598,1
7.45,5.599,-0.6,1
7.442,5.629,-0.601,1
7.453,5.674,-0.604,1
7.437,5.699,-0.604,1
7.442,5.741,-0.607,1
7.428,5.766,-0.607,1
7.433,5.808,-0.61,1
7.422,5.819,-0.61,1
7.441,5.872,-0.614,1
7.424,5.896,-0.614,1
7.42,5.931,-0.616,1
7.435,5.982,-0.619,1
7.415,6.004,-0.619,1
7.411,6.04,-0.621,1
7.433,6.076,-0.624,1
7.432,6.115,-0.626,1
7.43,6.152,-0.628,1
7.43,6.192,-0.63,1
6.346,5.318,-0.511,1
6.309,5.321,-0.508,1
5.146,5.443,-0.443,1
5.128,5.457,-0.443,1
5.132,5.497,-0.445,1
5.436,6.468,-0.525,1
5.406,6.474,-0.524,1
5.37,6.471,-0.522,1
5.348,6.466,-0.52,1
5.308,6.458,-0.518,1
5.277,6.462,-0.516,1
5.261,6.483,-0.517,1
5.254,6.517,-0.519,1
5.254,6.56,-0.521,1
5.089,6.455,-0.506,1
5.014,6.443,-0.501,1
5.959,9.342,-0.752,1
5.914,9.336,-0.749,1
5.014,-28.611,-2.296,1
5.056,-28.324,-2.272,1
5.108,-28.108,-2.255,1
5.186,-28.284,-2.271,1
5.262,-28.195,-2.265,1
5.342,-28.136,-2.261,1
5.434,-28.136,-2.263,1
5.529,-28.154,-2.266,1
5.631,-28.205,-2.272,1
5.676,-27.973,-2.253,1
5.721,-27.967,-2.253,1
5.809,-27.951,-2.253,1
5.86,-27.759,-2.238,1
5.931,-27.665,-2.231,1
6.012,-27.621,-2.229,1
6.114,-27.672,-2.235,1
6.134,-27.555,-2.226,1
6.221,-27.54,-2.226,1
6.274,-27.374,-2.213,1
6.354,-27.327,-2.211,1
6.452,-27.36,-2.216,1
6.537,-27.333,-2.215,1
6.533,-26.945,-2.183,1
5.565,-22.812,-1.818,1
5.623,-22.741,-1.813,1
5.692,-22.715,-1.812,1
5.758,-22.676,-1.81,1
5.836,-22.681,-1.812,1
5.913,-22.685,-1.814,1
6.006,-22.748,-1.822,1
6.826,-25.678,-2.083,1
6.866,-25.506,-2.07,1
6.906,-25.337,-2.057,1
6.933,-25.129,-2.04,1
6.99,-25.026,-2.033,1
7.057,-24.964,-2.029,1
7.128,-24.917,-2.027,1
7.152,-24.852,-2.022,1
7.209,-24.758,-2.016,1
7.281,-24.717,-2.014,1
7.361,-24.699,-2.015,1
7.435,-24.665,-2.014,1
7.502,-24.607,-2.011,1
7.544,-24.606,-2.012,1
7.609,-24.543,-2.008,1
7.665,-24.454,-2.002,1
7.706,-24.316,-1.992,1
7.746,-24.178,-1.982,1
7.801,-24.089,-1.976,1
7.907,-24.159,-1.984,1
7.933,-24.109,-1.981,1
8.024,-24.129,-1.985,1
8.064,-23.998,-1.975,1
8.135,-23.961,-1.974,1
8.14,-23.73,-1.956,1
8.181,-23.608,-1.947,1
8.226,-23.149,-1.911,1
8.281,-23.075,-1.907,1
8.327,-22.975,-1.9,1
8.371,-22.874,-1.893,1
8.433,-22.82,-1.89,1
8.499,-22.778,-1.889,1
8.477,-22.612,-1.875,1
8.545,-22.578,-1.874,1
8.619,-22.558,-1.875,1
8.664,-22.464,-1.869,1
8.756,-22.493,-1.874,1
8.79,-22.372,-1.865,1
8.836,-22.386,-1.868,1
8.91,-22.366,-1.869,1
8.853,-22.023,-1.84,1
8.982,-22.143,-1.853,1
9.047,-22.104,-1.852,1
9.158,-22.175,-1.861,1
9.171,-22.012,-1.849,1
9.077,-21.69,-1.82,1
9.215,-21.825,-1.836,1
5.318,-5.883,-0.481,1
5.325,-5.853,-0.479,1
5.327,-5.819,-0.477,1
5.351,-5.808,-0.478,1
5.37,-5.19,-0.441,1
5.383,-5.026,-0.432,1
5.391,-5.003,-0.431,1
5.396,-4.992,-0.431,1
5.396,-4.96,-0.429,1
5.396,-4.929,-0.427,1
5.41,-4.911,-0.427,1
5.421,-4.89,-0.427,1
5.413,-4.852,-0.424,1
5.423,-4.831,-0.423,1
5.425,-4.817,-0.423,1
5.422,-4.784,-0.421,1
5.473,-4.799,-0.425,1
5.485,-4.779,-0.424,1
5.511,-4.771,-0.426,1
9.011,-6.343,-0.746,1
8.162,-5.71,-0.655,1
8.148,-5.569,-0.647,1
8.232,-5.588,-0.654,1
8.439,-5.593,-0.669,1
8.423,-5.545,-0.666,1
8.436,-5.515,-0.665,1
8.49,-5.512,-0.669,1
8.534,-5.503,-0.672,1
8.588,-5.5,-0.676,1
8.62,-5.501,-0.678,1
8.163,-5.015,-0.623,1
9.187,-5.521,-0.72,1
9.235,-5.511,-0.723,1
9.309,-5.515,-0.729,1
9.443,-5.554,-0.741,1
8.181,-4.799,-0.614,1
8.321,-4.368,-0.607,1
8.562,-4.391,-0.626,1
8.594,-4.39,-0.629,1
8.686,-4.403,-0.636,1
8.851,-4.451,-0.651,1
9.49,-4.733,-0.711,1
9.48,-4.691,-0.708,1
9.462,-4.645,-0.705,1
9.443,-4.599,-0.702,1
9.416,-4.568,-0.699,1
9.272,-4.463,-0.684,1
9.378,-4.477,-0.692,1
9.35,-4.428,-0.688,1
9.359,-4.396,-0.688,1
10.623,-4.804,-0.801,1
10.807,-4.846,-0.817,1
10.753,-4.782,-0.811,1
10.785,-4.755,-0.812,1
10.818,-4.669,-0.812,1
10.7,-4.579,-0.799,1
10.832,-4.595,-0.81,1
10.882,-4.575,-0.814,1
11.063,-4.59,-0.829,1
11.124,-4.574,-0.833,1
11.51,-4.564,-0.863,1
11.584,-4.551,-0.869,1
11.612,-4.541,-0.871,1
13.039,-4.954,-0.998,1
13.053,-4.913,-0.998,1
13.042,-4.862,-0.995,1
13.038,-4.814,-0.994,1
13.046,-4.793,-0.994,1
13.038,-4.744,-0.992,1
13.042,-4.699,-0.991,1
13.04,-4.652,-0.989,1
13.043,-4.607,-0.988,1
13.044,-4.562,-0.987,1
13.059,-4.544,-0.988,1
13.045,-4.493,-0.985,1
13.061,-4.453,-0.985,1
13.073,-4.411,-0.985,1
13.073,-4.366,-0.984,1
13.081,-4.323,-0.983,1
13.101,-4.283,-0.984,1
13.113,-4.265,-0.984,1
13.056,-4.156,-0.977,1
13.227,-4.164,-0.991,1
13.251,-4.126,-0.992,1
13.283,-4.09,-0.994,1
13.319,-4.055,-0.996,1
13.411,-4.06,-1.004,1
13.475,-4.033,-1.008,1
13.522,-4.001,-1.011,1
13.579,-3.971,-1.015,1
13.649,-3.945,-1.02,1
13.724,-3.92,-1.026,1
13.831,-3.904,-1.034,1
13.933,-3.909,-1.043,1
14.241,-3.898,-1.068,1
15.924,-4.302,-1.217,1
15.924,-4.248,-1.216,1
15.935,-4.198,-1.216,1
15.9,-4.135,-1.211,1
15.887,-4.105,-1.21,1
15.887,-4.052,-1.208,1
15.88,-3.997,-1.207,1
15.902,-3.95,-1.208,1
15.889,-3.894,-1.205,1
15.909,-3.846,-1.206,1
15.919,-3.821,-1.206,1
15.906,-3.766,-1.204,1
15.91,-3.714,-1.203,1
15.929,-3.665,-1.204,1
15.937,-3.615,-1.204,1
15.948,-3.564,-1.204,1
15.985,-3.52,-1.206,1
16.066,-3.511,-1.213,1
16.176,-3.482,-1.221,1
16.302,-3.455,-1.232,1
16.444,-3.431,-1.243,1
16.597,-3.409,-1.256,1
16.809,-3.397,-1.273,1
21.817,-4.294,-1.711,1
21.827,-4.225,-1.71,1
21.883,-4.164,-1.714,1
21.89,-4.094,-1.713,1
21.911,-4.027,-1.714,1
21.929,-3.959,-1.715,1
21.929,-3.924,-1.714,1
21.934,-3.854,-1.713,1
21.969,-3.789,-1.716,1
21.985,-3.72,-1.716,1
22.012,-3.654,-1.717,1
22.012,-3.583,-1.716,1
22.013,-3.512,-1.715,1
22.052,-3.483,-1.718,1
22.061,-3.413,-1.718,1
22.099,-3.348,-1.72,1
22.165,-3.287,-1.725,1
22.179,-3.217,-1.726,1
22.195,-3.149,-1.726,1
22.242,-3.084,-1.729,1
22.362,-3.065,-1.739,1
22.667,-3.034,-1.765,1
22.708,-2.967,-1.768,1
22.639,-2.885,-1.761,1
22.473,-2.793,-1.746,1
22.419,-2.714,-1.74,1
22.374,-2.673,-1.736,1
22.362,-2.601,-1.734,1
22.307,-2.523,-1.729,1
22.275,-2.449,-1.725,1
22.233,-2.374,-1.721,1
22.213,-2.301,-1.719,1
22.176,-2.227,-1.715,1
22.13,-2.187,-1.711,1
22.085,-2.113,-1.706,1
22.066,-2.041,-1.704,1
22.021,-1.967,-1.7,1
21.979,-1.894,-1.695,1
21.953,-1.822,-1.693,1
21.925,-1.751,-1.69,1
21.884,-1.713,-1.686,1
21.847,-1.641,-1.682,1
21.827,-1.571,-1.68,1
21.79,-1.499,-1.677,1
21.757,-1.428,-1.673,1
21.703,-1.356,-1.668,1
21.698,-1.288,-1.668,1
21.656,-1.251,-1.664,1
21.636,-1.182,-1.662,1
21.59,-1.111,-1.657,1
21.569,-1.042,-1.655,1
21.516,-0.972,-1.651,1
21.476,-0.903,-1.647,1
21.445,-0.868,-1.644,1
21.416,-0.799,-1.641,1
21.371,-0.73,-1.637,1
21.349,-0.662,-1.635,1
21.299,-0.594,-1.631,1
21.283,-0.527,-1.629,1
21.243,-0.459,-1.626,1
21.219,-0.425,-1.624,1
21.189,-0.358,-1.621,1
21.172,-0.291,-1.619,1
21.159,-0.225,-1.618,1
21.115,-0.158,-1.614,1
21.094,-0.091,-1.612,1
21.058,-0.025,-1.609,1
19.759,0.025,-1.615,1
19.737,0.087,-1.613,1
19.723,0.149,-1.612,1
19.724,0.211,-1.612,1
19.708,0.273,-1.611,1
19.695,0.335,-1.609,1
19.692,0.396,-1.609,1
19.693,0.427,-1.609,1
19.686,0.489,-1.609,1
19.67,0.551,-1.608,1
19.686,0.613,-1.609,1
19.678,0.675,-1.609,1
19.668,0.736,-1.608,1
19.684,0.799,-1.61,1
19.696,0.83,-1.611,1
19.687,0.892,-1.61,1
19.697,0.954,-1.611,1
19.703,1.016,-1.612,1
19.71,1.079,-1.613,1
19.711,1.141,-1.614,1
19.721,1.204,-1.615,1
19.729,1.235,-1.616,1
19.735,1.298,-1.617,1
19.723,1.359,-1.616,1
19.728,1.422,-1.617,1
19.726,1.484,-1.617,1
19.743,1.548,-1.619,1
19.738,1.579,-1.619,1
19.739,1.641,-1.619,1
19.738,1.703,-1.62,1
19.752,1.767,-1.622,1
19.747,1.829,-1.622,1
19.741,1.891,-1.622,1
19.753,1.955,-1.623,1
19.753,1.986,-1.624,1
19.765,2.05,-1.625,1
19.752,2.112,-1.625,1
19.767,2.176,-1.627,1
19.796,2.242,-1.63,1
19.751,2.3,-1.627,1
19.746,2.362,-1.627,1
19.752,2.395,-1.628,1
19.747,2.457,-1.628,1
19.772,2.523,-1.631,1
19.766,2.586,-1.631,1
19.752,2.647,-1.631,1
19.758,2.711,-1.632,1
19.757,2.774,-1.633,1
19.786,2.81,-1.636,1
19.803,2.875,-1.638,1
19.815,2.941,-1.64,1
19.82,3.005,-1.641,1
19.81,3.067,-1.641,1
19.806,3.131,-1.642,1
19.809,3.163,-1.643,1
19.825,3.229,-1.645,1
19.82,3.293,-1.646,1
19.836,3.359,-1.648,1
19.833,3.423,-1.649,1
19.853,3.49,-1.652,1
19.86,3.556,-1.653,1
19.903,3.596,-1.658,1
20,3.678,-1.668,1
20.025,3.748,-1.671,1
20.005,3.809,-1.671,1
19.948,3.863,-1.667,1
19.819,3.903,-1.656,1
19.766,3.925,-1.651,1
19.673,3.971,-1.644,1
19.606,4.022,-1.639,1
19.137,3.989,-1.596,1
18.949,4.012,-1.579,1
18.683,4.017,-1.555,1
18.618,4.065,-1.55,1
18.635,4.099,-1.553,1
18.612,4.155,-1.552,1
18.597,4.213,-1.552,1
18.516,4.256,-1.545,1
18.473,4.308,-1.542,1
18.496,4.374,-1.546,1
18.543,4.447,-1.552,1
18.294,4.418,-1.529,1
18.072,4.425,-1.509,1
17.971,4.46,-1.501,1
17.926,4.509,-1.498,1
17.717,4.516,-1.479,1
17.634,4.554,-1.473,1
17.646,4.616,-1.475,1
17.625,4.64,-1.474,1
17.518,4.671,-1.465,1
17.427,4.705,-1.458,1
17.366,4.748,-1.454,1
17.256,4.776,-1.445,1
17.322,4.853,-1.452,1
17.293,4.903,-1.451,1
17.232,4.915,-1.446,1
17.297,4.993,-1.454,1
17.273,5.045,-1.453,1
17.215,5.087,-1.449,1
17.125,5.118,-1.442,1
17.071,5.161,-1.438,1
17.066,5.189,-1.438,1
17.059,5.245,-1.439,1
17.324,5.386,-1.466,1
16.942,5.326,-1.431,1
15.515,4.933,-1.295,1
15.446,4.965,-1.29,1
15.248,4.955,-1.273,1
15.123,4.94,-1.261,1
14.947,4.935,-1.246,1
14.85,4.955,-1.238,1
14.866,5.012,-1.241,1
14.679,5.001,-1.224,1
14.607,5.028,-1.219,1
14.572,5.067,-1.217,1
14.562,5.089,-1.217,1
14.542,5.134,-1.216,1
14.517,5.176,-1.216,1
14.347,5.167,-1.201,1
14.677,5.337,-1.234,1
14.497,5.324,-1.218,1
14.47,5.339,-1.217,1
14.433,5.377,-1.215,1
12.786,4.951,-1.059,1
12.741,4.979,-1.056,1
12.694,4.984,-1.052,1
12.591,4.99,-1.044,1
12.279,5.204,-1.025,1
12.004,5.133,-0.999,1
11.986,5.17,-0.999,1
12.234,5.39,-1.028,1
12.18,5.413,-1.024,1
12.054,5.402,-1.013,1
12.022,5.433,-1.012,1
12.018,5.477,-1.013,1
12.008,5.518,-1.014,1
12.025,5.548,-1.016,1
12.108,5.633,-1.026,1
12.213,5.728,-1.039,1
12.204,5.771,-1.04,1
12.191,5.812,-1.04,1
12.112,5.821,-1.034,1
5.029,-25.153,-2.157,1
5.097,-25.082,-2.151,1
5.13,-25.043,-2.148,1
5.195,-24.964,-2.143,1
5.253,-24.849,-2.133,1
5.316,-24.764,-2.127,1
5.412,-24.831,-2.135,1
5.493,-24.825,-2.136,1
5.556,-24.744,-2.13,1
5.594,-24.729,-2.129,1
5.647,-24.605,-2.119,1
5.729,-24.606,-2.121,1
5.8,-24.563,-2.119,1
5.844,-24.403,-2.105,1
5.911,-24.348,-2.102,1
5.598,-22.737,-1.951,1
5.622,-22.682,-1.947,1
5.692,-22.66,-1.946,1
5.764,-22.642,-1.946,1
5.835,-22.624,-1.946,1
5.912,-22.629,-1.949,1
5.986,-22.623,-1.95,1
6.017,-22.597,-1.948,1
6.109,-22.657,-1.956,1
6.17,-22.599,-1.952,1
6.263,-22.658,-1.96,1
6.376,-22.79,-1.974,1
6.464,-22.827,-1.98,1
6.487,-22.638,-1.963,1
6.527,-22.641,-1.965,1
6.592,-22.6,-1.963,1
6.669,-22.6,-1.965,1
6.714,-22.491,-1.956,1
6.758,-22.38,-1.948,1
6.825,-22.351,-1.947,1
6.882,-22.284,-1.943,1
6.9,-22.218,-1.937,1
6.973,-22.21,-1.939,1
7.058,-22.235,-1.943,1
7.089,-22.089,-1.931,1
7.153,-22.052,-1.93,1
7.229,-22.05,-1.932,1
7.291,-22.005,-1.93,1
7.298,-21.912,-1.922,1
7.355,-21.851,-1.918,1
7.359,-21.639,-1.9,1
7.449,-21.68,-1.906,1
7.5,-21.608,-1.901,1
5.002,-14.24,-1.186,1
5.024,-14.228,-1.186,1
7.619,-21.405,-1.887,1
7.717,-21.466,-1.896,1
7.8,-21.486,-1.9,1
7.853,-21.422,-1.896,1
7.892,-21.319,-1.888,1
7.921,-21.193,-1.878,1
7.955,-21.183,-1.879,1
8.01,-21.128,-1.876,1
8.07,-21.084,-1.874,1
8.095,-20.953,-1.863,1
8.159,-20.923,-1.863,1
8.215,-20.872,-1.861,1
8.176,-20.677,-1.843,1
8.256,-20.69,-1.846,1
8.32,-20.661,-1.846,1
8.471,-20.847,-1.867,1
8.521,-5.529,-0.733,1
8.559,-5.515,-0.735,1
8.601,-5.504,-0.738,1
8.943,-5.586,-0.768,1
8.954,-5.554,-0.767,1
8.934,-5.503,-0.763,1
8.883,-5.433,-0.756,1
9.011,-5.472,-0.768,1
9.064,-5.485,-0.773,1
9.127,-5.484,-0.778,1
9.205,-5.493,-0.784,1
9.288,-5.502,-0.791,1
9.348,-5.499,-0.796,1
8.602,-4.32,-0.684,1
8.736,-4.319,-0.695,1
8.755,-4.295,-0.695,1
8.999,-4.224,-0.713,1
10.615,-4.765,-0.869,1
10.785,-4.801,-0.884,1
10.669,-4.709,-0.871,1
10.745,-4.702,-0.877,1
10.89,-4.725,-0.89,1
10.826,-4.677,-0.883,1
10.833,-4.64,-0.882,1
11.137,-4.565,-0.905,1
11.203,-4.572,-0.911,1
11.285,-4.564,-0.918,1
11.372,-4.558,-0.925,1
11.491,-4.564,-0.936,1
11.528,-4.537,-0.938,1
11.835,-4.616,-0.967,1
13.033,-4.968,-1.081,1
13.047,-4.926,-1.081,1
13.029,-4.873,-1.078,1
13.02,-4.823,-1.075,1
13.035,-4.782,-1.075,1
13.018,-4.752,-1.073,1
13.02,-4.707,-1.072,1
13.021,-4.661,-1.07,1
12.997,-4.606,-1.066,1
13.015,-4.566,-1.067,1
13.031,-4.526,-1.067,1
13.015,-4.475,-1.064,1
13.009,-4.45,-1.063,1
13.028,-4.411,-1.063,1
13.033,-4.367,-1.062,1
13.029,-4.32,-1.061,1
13.056,-4.284,-1.062,1
13.077,-4.245,-1.063,1
13.077,-4.2,-1.061,1
12.993,-4.15,-1.053,1
13.121,-4.146,-1.064,1
13.151,-4.11,-1.065,1
13.45,-4.019,-1.089,1
13.473,-4.003,-1.091,1
13.381,-3.929,-1.081,1
13.496,-3.918,-1.091,1
13.602,-3.902,-1.1,1
13.674,-3.876,-1.105,1
13.755,-3.853,-1.112,1
13.842,-3.854,-1.12,1
13.978,-3.845,-1.132,1
14.158,-3.847,-1.147,1
14.181,-3.805,-1.149,1
15.881,-4.211,-1.309,1
15.894,-4.161,-1.309,1
15.913,-4.113,-1.31,1
15.88,-4.078,-1.306,1
15.885,-4.026,-1.305,1
15.896,-3.976,-1.305,1
15.903,-3.924,-1.304,1
15.903,-3.871,-1.303,1
15.904,-3.819,-1.302,1
15.912,-3.794,-1.302,1
15.912,-3.741,-1.301,1
15.931,-3.693,-1.302,1
15.947,-3.644,-1.302,1
15.946,-3.591,-1.301,1
16.006,-3.552,-1.306,1
16.095,-3.519,-1.313,1
16.2,-3.515,-1.323,1
16.322,-3.488,-1.333,1
16.504,-3.473,-1.349,1
16.737,-3.468,-1.37,1
16.988,-3.464,-1.393,1
20.741,-4.168,-1.743,1
20.762,-4.104,-1.744,1
20.772,-4.072,-1.745,1
20.785,-4.007,-1.745,1
20.758,-3.934,-1.741,1
20.757,-3.866,-1.74,1
20.737,-3.795,-1.737,1
20.759,-3.732,-1.738,1
20.763,-3.665,-1.737,1
20.798,-3.638,-1.74,1
20.813,-3.573,-1.74,1
20.791,-3.502,-1.737,1
20.825,-3.441,-1.739,1
20.848,-3.377,-1.74,1
20.874,-3.314,-1.742,1
20.858,-3.278,-1.74,1
20.88,-3.214,-1.741,1
20.915,-3.153,-1.743,1
21.197,-3.059,-1.767,1
21.317,-3.008,-1.778,1
21.245,-2.93,-1.77,1
21.153,-2.884,-1.761,1
21.077,-2.806,-1.753,1
21.048,-2.735,-1.75,1
21.021,-2.664,-1.747,1
20.99,-2.593,-1.743,1
20.978,-2.525,-1.741,1
20.941,-2.453,-1.737,1
20.903,-2.415,-1.733,1
20.873,-2.346,-1.729,1
20.848,-2.276,-1.727,1
20.806,-2.206,-1.722,1
20.773,-2.136,-1.718,1
20.738,-2.067,-1.714,1
20.721,-1.999,-1.712,1
20.666,-1.961,-1.707,1
20.641,-1.893,-1.704,1
20.607,-1.825,-1.7,1
20.579,-1.757,-1.697,1
20.547,-1.689,-1.694,1
20.53,-1.623,-1.692,1
20.487,-1.587,-1.688,1
20.466,-1.521,-1.685,1
20.427,-1.453,-1.681,1
20.403,-1.387,-1.679,1
20.378,-1.321,-1.676,1
20.348,-1.255,-1.673,1
20.326,-1.19,-1.67,1
20.29,-1.155,-1.667,1
20.254,-1.089,-1.663,1
20.231,-1.024,-1.661,1
20.205,-0.959,-1.658,1
20.164,-0.894,-1.654,1
20.139,-0.829,-1.652,1
20.111,-0.765,-1.649,1
20.099,-0.733,-1.647,1
20.059,-0.668,-1.644,1
20.033,-0.604,-1.641,1
19.997,-0.54,-1.638,1
19.965,-0.477,-1.635,1
19.944,-0.414,-1.632,1
19.923,-0.382,-1.63,1
19.894,-0.319,-1.628,1
19.869,-0.256,-1.625,1
19.85,-0.193,-1.624,1
19.821,-0.131,-1.621,1
19.789,-0.068,-1.618,1
19.777,-0.006,-1.617,1
18.5,0.014,-1.617,1
18.478,0.072,-1.615,1
18.466,0.101,-1.614,1
18.447,0.159,-1.612,1
18.453,0.217,-1.612,1
18.432,0.275,-1.61,1
18.415,0.332,-1.609,1
18.39,0.39,-1.607,1
18.409,0.448,-1.609,1
18.396,0.477,-1.607,1
18.404,0.535,-1.608,1
18.403,0.593,-1.608,1
18.387,0.65,-1.607,1
18.405,0.708,-1.609,1
18.39,0.766,-1.608,1
18.395,0.795,-1.608,1
18.404,0.853,-1.609,1
18.414,0.912,-1.611,1
18.409,0.969,-1.61,1
18.417,1.028,-1.612,1
18.416,1.086,-1.612,1
18.43,1.145,-1.614,1
18.433,1.174,-1.614,1
18.441,1.233,-1.615,1
18.419,1.289,-1.613,1
18.437,1.349,-1.616,1
18.432,1.407,-1.616,1
18.422,1.464,-1.615,1
18.447,1.525,-1.618,1
18.456,1.555,-1.619,1
18.445,1.612,-1.618,1
18.456,1.671,-1.62,1
18.457,1.73,-1.621,1
18.463,1.789,-1.622,1
18.477,1.849,-1.624,1
18.477,1.908,-1.624,1
18.468,1.936,-1.624,1
18.486,1.997,-1.626,1
18.474,2.054,-1.626,1
18.465,2.112,-1.625,1
18.48,2.173,-1.627,1
18.497,2.234,-1.63,1
18.493,2.263,-1.63,1
18.482,2.32,-1.629,1
18.485,2.379,-1.63,1
18.497,2.44,-1.632,1
18.493,2.499,-1.633,1
18.495,2.558,-1.634,1
18.479,2.615,-1.633,1
18.508,2.649,-1.636,1
18.494,2.706,-1.636,1
18.491,2.765,-1.636,1
18.498,2.826,-1.638,1
18.497,2.885,-1.639,1
18.506,2.946,-1.64,1
18.492,3.004,-1.64,1
18.497,3.034,-1.641,1
18.504,3.095,-1.643,1
18.515,3.157,-1.645,1
18.501,3.214,-1.644,1
18.515,3.277,-1.647,1
18.508,3.335,-1.647,1
18.503,3.365,-1.647,1
18.522,3.428,-1.65,1
18.505,3.485,-1.649,1
18.537,3.552,-1.654,1
18.574,3.619,-1.659,1
18.659,3.697,-1.668,1
18.663,3.759,-1.67,1
18.68,3.793,-1.672,1
18.635,3.844,-1.669,1
18.519,3.881,-1.658,1
18.433,3.924,-1.651,1
18.326,3.961,-1.641,1
18.255,4.005,-1.635,1
17.956,3.999,-1.607,1
17.725,3.976,-1.584,1
17.559,3.997,-1.569,1
17.42,4.022,-1.556,1
17.334,4.06,-1.548,1
17.315,4.113,-1.548,1
17.291,4.164,-1.547,1
17.268,4.216,-1.546,1
17.259,4.243,-1.546,1
17.213,4.289,-1.542,1
17.171,4.336,-1.539,1
17.161,4.391,-1.54,1
17.139,4.442,-1.539,1
17.116,4.494,-1.538,1
17.026,4.527,-1.53,1
16.929,4.53,-1.521,1
16.959,4.595,-1.526,1
16.927,4.644,-1.524,1
16.955,4.708,-1.528,1
16.919,4.756,-1.526,1
16.85,4.794,-1.521,1
16.735,4.789,-1.51,1
16.68,4.83,-1.505,1
16.657,4.88,-1.505,1
16.676,4.943,-1.508,1
16.742,5.02,-1.517,1
16.725,5.072,-1.516,1
16.595,5.089,-1.505,1
16.645,5.133,-1.511,1
16.631,5.186,-1.511,1
16.607,5.236,-1.51,1
16.602,5.292,-1.511,1
16.593,5.346,-1.512,1
16.474,5.365,-1.502,1
15.372,5.058,-1.389,1
14.941,4.941,-1.346,1
14.824,4.954,-1.335,1
14.738,4.977,-1.328,1
14.685,5.01,-1.324,1
14.62,5.04,-1.319,1
14.571,5.074,-1.315,1
14.547,5.117,-1.314,1
14.531,5.137,-1.314,1
14.5,5.177,-1.312,1
14.417,5.198,-1.305,1
14.774,5.38,-1.344,1
14.498,5.331,-1.317,1
14.494,5.381,-1.318,1
14.465,5.396,-1.316,1
12.721,4.925,-1.14,1
12.185,4.96,-1.092,1
12.147,4.99,-1.09,1
12.053,5.018,-1.082,1
12.036,5.055,-1.082,1
12.04,5.101,-1.084,1
12.026,5.14,-1.084,1
12.216,5.312,-1.108,1
12.057,5.288,-1.093,1
12.003,5.287,-1.088,1
11.985,5.324,-1.088,1
11.991,5.372,-1.09,1
11.982,5.413,-1.091,1
11.974,5.455,-1.092,1
11.98,5.503,-1.095,1
11.975,5.547,-1.096,1
11.974,5.569,-1.097,1
11.96,5.608,-1.097,1
11.955,5.652,-1.099,1
11.985,5.712,-1.104,1
12.199,5.862,-1.129,1
12.379,5.997,-1.151,1
12.044,5.88,-1.116,1
11.957,5.861,-1.108,1
11.968,5.913,-1.111,1
8.945,4.95,-0.804,1
8.643,4.818,-0.772,1
8.547,4.799,-0.762,1
8.498,4.789,-0.758,1
8.125,4.782,-0.726,1
8.081,4.773,-0.722,1
8.054,4.791,-0.72,1
7.981,4.782,-0.714,1
7.943,4.792,-0.711,1
7.902,4.801,-0.708,1
7.855,4.806,-0.704,1
7.818,4.801,-0.701,1
7.766,4.802,-0.697,1
7.727,4.812,-0.694,1
7.694,4.825,-0.692,1
7.653,4.833,-0.689,1
7.593,4.828,-0.683,1
7.564,4.843,-0.682,1
7.56,4.857,-0.682,1
7.491,4.846,-0.676,1
7.462,4.894,-0.676,1
7.463,4.928,-0.678,1
7.431,4.941,-0.676,1
7.424,4.97,-0.677,1
7.406,4.975,-0.676,1
7.396,5.001,-0.677,1
7.405,5.041,-0.68,1
7.398,5.071,-0.681,1
7.387,5.098,-0.681,1
7.386,5.131,-0.683,1
7.391,5.152,-0.685,1
7.394,5.189,-0.687,1
7.393,5.223,-0.689,1
7.387,5.254,-0.69,1
7.387,5.289,-0.692,1
7.393,5.328,-0.695,1
7.373,5.349,-0.694,1
7.387,5.377,-0.697,1
7.381,5.409,-0.698,1
7.374,5.439,-0.7,1
7.352,5.459,-0.699,1
7.389,5.522,-0.706,1
7.371,5.545,-0.706,1
7.37,5.581,-0.708,1
7.36,5.591,-0.707,1
7.383,5.646,-0.713,1
7.359,5.664,-0.712,1
7.355,5.698,-0.714,1
7.345,5.727,-0.715,1
7.35,5.769,-0.717,1
7.348,5.804,-0.719,1
7.351,5.826,-0.721,1
7.369,5.877,-0.725,1
7.355,5.904,-0.726,1
7.336,5.927,-0.726,1
6.314,5.13,-0.599,1
6.3,5.151,-0.599,1
6.221,5.119,-0.591,1
6.177,5.099,-0.586,1
6.126,5.089,-0.582,1
6.033,5.076,-0.574,1
5.848,5.16,-0.566,1
5.156,5.223,-0.521,1
5.153,5.254,-0.523,1
5.131,5.264,-0.522,1
5.108,5.273,-0.521,1
5.111,5.309,-0.523,1
5.101,5.316,-0.523,1
5.091,5.339,-0.524,1
5.089,5.371,-0.526,1
5.087,5.403,-0.529,1
5.225,5.621,-0.553,1
5.913,6.407,-0.656,1
5.928,6.443,-0.66,1
5.057,5.668,-0.546,1
5.447,6.468,-0.63,1
5.415,6.472,-0.628,1
5.378,6.469,-0.626,1
5.336,6.459,-0.623,1
5.321,6.482,-0.623,1
5.282,6.455,-0.619,1
5.242,6.447,-0.616,1
5.228,6.471,-0.617,1
5.212,6.494,-0.618,1
5.207,6.529,-0.62,1
5.186,6.545,-0.62,1
5.03,6.45,-0.603,1
5.001,-22.429,-2.057,1
5.074,-22.421,-2.058,1
5.103,-22.386,-2.055,1
5.157,-22.302,-2.048,1
5.198,-22.164,-2.036,1
5.257,-22.101,-2.031,1
5.305,-21.997,-2.022,1
5.368,-21.955,-2.02,1
5.435,-21.929,-2.019,1
5.45,-21.843,-2.011,1
5.513,-21.804,-2.009,1
5.567,-21.733,-2.003,1
5.625,-21.675,-1.999,1
5.685,-21.626,-1.996,1
5.741,-21.564,-1.992,1
5.804,-21.527,-1.99,1
5.836,-21.512,-1.989,1
5.893,-21.455,-1.985,1
5.96,-21.435,-1.985,1
6.017,-21.379,-1.981,1
6.072,-21.318,-1.977,1
6.127,-21.259,-1.973,1
6.155,-21.106,-1.959,1
6.196,-21.123,-1.962,1
6.272,-21.136,-1.965,1
6.311,-21.025,-1.956,1
6.363,-20.961,-1.951,1
6.427,-20.933,-1.951,1
6.495,-20.922,-1.952,1
6.524,-20.897,-1.95,1
6.564,-20.799,-1.942,1
6.616,-20.736,-1.938,1
6.683,-20.721,-1.938,1
6.742,-20.679,-1.936,1
6.785,-20.592,-1.929,1
6.845,-20.557,-1.928,1
6.876,-20.542,-1.928,1
6.93,-20.489,-1.924,1
6.978,-20.42,-1.919,1
7.029,-20.36,-1.915,1
7.101,-20.36,-1.918,1
5.003,-14.224,-1.281,1
7.196,-20.225,-1.908,1
7.225,-20.205,-1.907,1
7.29,-20.188,-1.908,1
7.316,-20.062,-1.897,1
7.381,-20.044,-1.898,1
7.44,-20.012,-1.897,1
7.5,-19.981,-1.896,1
7.564,-19.959,-1.896,1
7.585,-19.919,-1.893,1
7.638,-19.871,-1.891,1
7.687,-19.814,-1.887,1
7.721,-19.717,-1.88,1
7.746,-19.6,-1.87,1
7.778,-19.502,-1.862,1
7.745,-19.331,-1.845,1
5.308,-5.206,-0.53,1
5.301,-4.992,-0.515,1
5.295,-4.955,-0.512,1
5.311,-4.938,-0.512,1
5.31,-4.907,-0.51,1
5.315,-4.881,-0.508,1
5.32,-4.87,-0.508,1
5.322,-4.841,-0.506,1
5.325,-4.814,-0.505,1
5.328,-4.786,-0.503,1
5.333,-4.76,-0.502,1
5.343,-4.74,-0.501,1
8.089,-5.577,-0.765,1
8.262,-5.62,-0.781,1
8.272,-5.589,-0.78,1
8.289,-5.563,-0.78,1
8.303,-5.534,-0.78,1
8.324,-5.51,-0.78,1
8.376,-5.526,-0.785,1
8.405,-5.507,-0.787,1
8.482,-5.52,-0.794,1
8.543,-5.521,-0.799,1
8.591,-5.513,-0.802,1
8.67,-5.526,-0.81,1
8.935,-5.654,-0.838,1
8.909,-5.618,-0.834,1
8.928,-5.591,-0.834,1
8.93,-5.554,-0.833,1
8.125,-5.02,-0.738,1
8.996,-5.516,-0.836,1
9.072,-5.524,-0.843,1
9.102,-5.502,-0.844,1
9.158,-5.517,-0.85,1
9.227,-5.518,-0.856,1
9.338,-5.545,-0.866,1
8.117,-4.704,-0.721,1
8.358,-4.265,-0.721,1
8.395,-4.25,-0.724,1
8.459,-4.266,-0.73,1
8.481,-4.244,-0.731,1
8.528,-4.234,-0.735,1
8.581,-4.226,-0.739,1
8.635,-4.219,-0.744,1
8.682,-4.208,-0.747,1
8.746,-4.205,-0.753,1
8.806,-4.217,-0.759,1
8.866,-4.211,-0.764,1
8.939,-4.211,-0.77,1
9.006,-4.208,-0.776,1
9.072,-4.204,-0.782,1
9.145,-4.203,-0.788,1
9.267,-4.223,-0.8,1
10.533,-4.776,-0.936,1
10.577,-4.756,-0.939,1
10.539,-4.7,-0.933,1
10.586,-4.681,-0.937,1
10.619,-4.656,-0.939,1
10.641,-4.625,-0.939,1
10.7,-4.611,-0.944,1
10.895,-4.674,-0.964,1
10.773,-4.582,-0.95,1
11.15,-4.577,-0.984,1
11.185,-4.571,-0.987,1
11.254,-4.558,-0.992,1
11.328,-4.546,-0.999,1
11.455,-4.555,-1.011,1
11.671,-4.598,-1.032,1
11.53,-4.501,-1.015,1
12.968,-4.942,-1.163,1
12.978,-4.899,-1.162,1
12.984,-4.855,-1.161,1
12.962,-4.801,-1.157,1
13.063,-4.791,-1.166,1
13.22,-4.802,-1.181,1
13.284,-4.801,-1.187,1
13.387,-4.791,-1.196,1
13.402,-4.748,-1.196,1
13.103,-4.597,-1.164,1
13.102,-4.551,-1.162,1
13.164,-4.525,-1.167,1
13.299,-4.548,-1.18,1
13.255,-4.487,-1.174,1
13.002,-4.356,-1.147,1
13.014,-4.315,-1.146,1
13.011,-4.269,-1.145,1
13.028,-4.229,-1.145,1
13.039,-4.187,-1.145,1
13.167,-4.205,-1.157,1
13.165,-4.159,-1.156,1
13.06,-4.081,-1.144,1
13.14,-4.061,-1.151,1
13.12,-4.01,-1.147,1
13.311,-3.954,-1.164,1
13.394,-3.932,-1.171,1
13.386,-3.884,-1.169,1
13.396,-3.842,-1.169,1
13.507,-3.828,-1.179,1
13.617,-3.812,-1.189,1
13.698,-3.812,-1.196,1
13.764,-3.783,-1.202,1
13.856,-3.762,-1.21,1
13.981,-3.748,-1.222,1
14.101,-3.733,-1.232,1
15.868,-4.144,-1.411,1
15.954,-4.113,-1.418,1
15.939,-4.082,-1.416,1
15.904,-4.02,-1.411,1
15.916,-3.97,-1.411,1
15.934,-3.921,-1.412,1
15.929,-3.867,-1.41,1
15.932,-3.815,-1.409,1
15.942,-3.764,-1.409,1
15.949,-3.74,-1.409,1
15.984,-3.695,-1.411,1
15.965,-3.638,-1.408,1
16.027,-3.599,-1.413,1
16.213,-3.587,-1.431,1
16.345,-3.562,-1.443,1
19.198,-4.116,-1.728,1
19.236,-4.092,-1.731,1
19.282,-4.039,-1.735,1
19.29,-3.977,-1.734,1
19.326,-3.922,-1.737,1
19.323,-3.858,-1.735,1
19.341,-3.798,-1.736,1
19.325,-3.732,-1.733,1
19.325,-3.701,-1.732,1
19.38,-3.648,-1.737,1
19.414,-3.591,-1.739,1
19.441,-3.533,-1.741,1
19.464,-3.474,-1.742,1
19.451,-3.409,-1.74,1
19.451,-3.377,-1.739,1
19.467,-3.317,-1.74,1
19.489,-3.258,-1.741,1
19.492,-3.195,-1.74,1
19.572,-3.145,-1.747,1
19.708,-3.104,-1.759,1
19.871,-3.065,-1.775,1
19.837,-3.028,-1.771,1
19.785,-2.957,-1.765,1
19.69,-2.879,-1.754,1
19.657,-2.812,-1.75,1
19.623,-2.744,-1.746,1
19.604,-2.678,-1.743,1
19.594,-2.614,-1.741,1
19.551,-2.578,-1.737,1
19.533,-2.513,-1.734,1
19.507,-2.447,-1.731,1
19.479,-2.382,-1.727,1
19.449,-2.316,-1.724,1
19.413,-2.25,-1.719,1
19.41,-2.188,-1.718,1
19.396,-2.155,-1.717,1
19.363,-2.09,-1.713,1
19.322,-2.024,-1.708,1
19.294,-1.96,-1.705,1
19.263,-1.896,-1.701,1
19.249,-1.834,-1.699,1
19.225,-1.771,-1.696,1
19.206,-1.738,-1.694,1
19.175,-1.675,-1.69,1
19.153,-1.612,-1.688,1
19.122,-1.549,-1.684,1
19.119,-1.489,-1.683,1
19.084,-1.426,-1.679,1
19.068,-1.394,-1.678,1
19.029,-1.332,-1.673,1
19.023,-1.271,-1.672,1
18.995,-1.209,-1.669,1
18.965,-1.148,-1.666,1
18.964,-1.088,-1.666,1
18.93,-1.026,-1.662,1
18.89,-0.994,-1.658,1
18.889,-0.935,-1.657,1
18.866,-0.874,-1.655,1
18.848,-0.814,-1.653,1
18.819,-0.754,-1.65,1
18.805,-0.694,-1.648,1
18.785,-0.664,-1.646,1
18.749,-0.604,-1.642,1
18.731,-0.544,-1.64,1
18.703,-0.485,-1.637,1
18.678,-0.425,-1.635,1
18.671,-0.367,-1.634,1
18.645,-0.307,-1.631,1
18.615,-0.278,-1.628,1
18.584,-0.219,-1.625,1
18.569,-0.16,-1.624,1
18.547,-0.102,-1.622,1
18.536,-0.044,-1.62,1
17.482,0.039,-1.624,1
17.466,0.094,-1.623,1
17.454,0.121,-1.622,1
17.443,0.176,-1.621,1
17.421,0.231,-1.618,1
17.412,0.285,-1.617,1
17.403,0.34,-1.617,1
17.396,0.394,-1.616,1
17.397,0.449,-1.616,1
17.39,0.476,-1.616,1
17.385,0.531,-1.615,1
17.379,0.585,-1.615,1
17.389,0.64,-1.616,1
17.377,0.695,-1.615,1
17.382,0.749,-1.616,1
17.378,0.804,-1.616,1
17.389,0.832,-1.617,1
17.39,0.887,-1.617,1
17.395,0.942,-1.618,1
17.394,0.996,-1.618,1
17.401,1.052,-1.619,1
17.399,1.106,-1.619,1
17.394,1.161,-1.619,1
17.408,1.189,-1.621,1
17.408,1.244,-1.621,1
17.406,1.299,-1.622,1
17.414,1.355,-1.623,1
17.423,1.411,-1.624,1
17.421,1.465,-1.624,1
17.426,1.493,-1.625,1
17.425,1.549,-1.626,1
17.418,1.603,-1.626,1
17.421,1.659,-1.626,1
17.438,1.715,-1.629,1
17.426,1.77,-1.628,1
17.435,1.826,-1.629,1
17.442,1.854,-1.63,1
17.442,1.91,-1.631,1
17.441,1.965,-1.632,1
17.455,2.022,-1.634,1
17.441,2.076,-1.633,1
17.446,2.132,-1.634,1
17.455,2.189,-1.636,1
17.455,2.217,-1.636,1
17.47,2.274,-1.639,1
17.465,2.33,-1.639,1
17.451,2.384,-1.638,1
17.452,2.44,-1.639,1
17.458,2.496,-1.64,1
17.448,2.523,-1.64,1
17.452,2.579,-1.641,1
17.449,2.635,-1.642,1
17.445,2.691,-1.642,1
17.436,2.745,-1.642,1
17.445,2.803,-1.644,1
17.435,2.857,-1.644,1
17.444,2.887,-1.645,1
17.452,2.945,-1.647,1
17.447,3,-1.648,1
17.445,3.056,-1.648,1
17.435,3.111,-1.648,1
17.443,3.169,-1.65,1
17.451,3.227,-1.652,1
17.446,3.255,-1.652,1
17.432,3.309,-1.652,1
17.448,3.369,-1.655,1
17.44,3.424,-1.655,1
17.446,3.482,-1.657,1
17.465,3.543,-1.66,1
17.525,3.612,-1.667,1
17.611,3.659,-1.677,1
17.613,3.717,-1.679,1
17.656,3.784,-1.684,1
17.537,3.816,-1.673,1
17.459,3.857,-1.666,1
17.418,3.905,-1.663,1
17.33,3.943,-1.655,1
17.201,3.942,-1.642,1
17.012,3.955,-1.623,1
16.897,3.985,-1.612,1
16.949,4.053,-1.619,1
16.974,4.115,-1.623,1
16.923,4.159,-1.619,1
16.937,4.191,-1.621,1
16.901,4.239,-1.618,1
16.766,4.261,-1.605,1
16.627,4.282,-1.592,1
16.608,4.332,-1.591,1
16.604,4.387,-1.592,1
16.621,4.447,-1.596,1
16.677,4.49,-1.602,1
16.644,4.538,-1.6,1
16.555,4.569,-1.592,1
16.556,4.626,-1.594,1
16.547,4.679,-1.595,1
16.5,4.722,-1.591,1
16.513,4.782,-1.594,1
16.492,4.804,-1.593,1
16.477,4.856,-1.593,1
16.46,4.907,-1.592,1
16.443,4.958,-1.592,1
16.402,5.002,-1.59,1
16.411,5.061,-1.592,1
16.397,5.113,-1.592,1
16.4,5.143,-1.594,1
16.401,5.2,-1.596,1
16.371,5.247,-1.594,1
16.351,5.297,-1.594,1
16.183,5.299,-1.577,1
16.263,5.382,-1.588,1
16.23,5.399,-1.585,1
16.175,5.437,-1.581,1
16.154,5.487,-1.58,1
16.146,5.541,-1.581,1
16.095,5.58,-1.578,1
16.068,5.627,-1.577,1
16.041,5.674,-1.576,1
16.037,5.701,-1.576,1
16.004,5.746,-1.575,1
15.956,5.786,-1.571,1
15.914,5.827,-1.569,1
14.484,5.358,-1.412,1
14.462,5.401,-1.411,1
14.466,5.429,-1.412,1
14.425,5.465,-1.41,1
13.019,4.982,-1.255,1
12.324,4.918,-1.185,1
12.085,5,-1.165,1
12.047,5.029,-1.162,1
12.02,5.062,-1.161,1
12.481,5.371,-1.218,1
12.035,5.225,-1.169,1
12,5.254,-1.167,1
11.987,5.294,-1.168,1
11.974,5.333,-1.168,1
12.009,5.371,-1.173,1
12.018,5.42,-1.176,1
11.979,5.448,-1.173,1
12.061,5.531,-1.185,1
11.974,5.583,-1.179,1
12.019,5.65,-1.186,1
11.965,5.647,-1.181,1
11.949,5.686,-1.181,1
11.964,5.739,-1.185,1
12.1,5.85,-1.203,1
11.935,5.817,-1.186,1
11.945,5.869,-1.189,1
11.932,5.886,-1.188,1
11.935,5.934,-1.191,1
11.934,5.98,-1.193,1
11.96,6.04,-1.198,1
11.95,6.082,-1.199,1
11.959,6.134,-1.203,1
11.932,6.168,-1.202,1
11.935,6.193,-1.203,1
11.953,6.25,-1.208,1
11.928,6.284,-1.207,1
11.932,6.335,-1.21,1
11.928,6.381,-1.212,1
11.92,6.425,-1.213,1
11.909,6.467,-1.214,1
11.913,6.493,-1.216,1
8.692,4.817,-0.837,1
8.593,4.798,-0.827,1
8.55,4.809,-0.824,1
8.467,4.798,-0.816,1
8.439,4.799,-0.813,1
8.355,4.822,-0.807,1
8.306,4.828,-0.803,1
8.246,4.828,-0.797,1
8.201,4.837,-0.794,1
8.106,4.815,-0.784,1
8.291,4.942,-0.807,1
8.02,4.815,-0.776,1
7.953,4.81,-0.77,1
7.697,4.805,-0.747,1
7.651,4.811,-0.743,1
7.618,4.823,-0.741,1
7.566,4.823,-0.736,1
7.555,4.85,-0.737,1
7.47,4.879,-0.731,1
7.451,4.934,-0.733,1
7.431,4.954,-0.732,1
7.597,5.099,-0.755,1
7.352,4.968,-0.726,1
7.364,4.993,-0.728,1
7.354,5.021,-0.729,1
7.342,5.046,-0.73,1
7.341,5.079,-0.732,1
7.341,5.114,-0.734,1
7.338,5.146,-0.735,1
7.325,5.171,-0.736,1
7.336,5.196,-0.738,1
7.335,5.23,-0.74,1
7.339,5.268,-0.743,1
7.329,5.295,-0.744,1
7.333,5.333,-0.746,1
7.325,5.362,-0.747,1
7.33,5.402,-0.75,1
7.335,5.423,-0.752,1
7.332,5.456,-0.754,1
7.328,5.489,-0.755,1
7.344,5.537,-0.76,1
7.331,5.564,-0.76,1
7.315,5.588,-0.761,1
7.356,5.655,-0.768,1
7.336,5.658,-0.767,1
7.32,5.683,-0.767,1
6.279,4.911,-0.632,1
6.239,4.911,-0.629,1
6.212,4.922,-0.627,1
6.169,4.92,-0.623,1
6.128,4.903,-0.619,1
6.099,4.911,-0.617,1
6.07,4.919,-0.615,1
6.035,4.923,-0.613,1
6.005,4.93,-0.611,1
5.984,4.945,-0.61,1
5.955,4.952,-0.608,1
5.921,4.94,-0.605,1
5.906,4.958,-0.605,1
5.648,5.07,-0.592,1
5.143,5.155,-0.56,1
5.127,5.171,-0.56,1
5.123,5.2,-0.562,1
5.11,5.204,-0.561,1
5.114,5.24,-0.564,1
5.104,5.263,-0.565,1
5.078,5.269,-0.564,1
5.074,5.298,-0.565,1
5.068,5.325,-0.567,1
5.07,5.361,-0.57,1
5.074,5.382,-0.572,1
5.205,5.589,-0.597,1
5.927,6.399,-0.71,1
5.904,6.414,-0.71,1
5.875,6.424,-0.708,1
5.857,6.425,-0.707,1
5.828,6.433,-0.706,1
5.814,6.458,-0.707,1
5.062,5.663,-0.593,1
6.357,7.306,-0.811,1
6.347,7.341,-0.813,1
6.325,7.363,-0.813,1
6.316,7.399,-0.815,1
6.26,7.381,-0.81,1
5.478,6.505,-0.688,1
5.464,6.509,-0.687,1
5.42,6.498,-0.683,1
5.393,6.507,-0.682,1
5.349,6.496,-0.678,1
5.316,6.498,-0.676,1
5.29,6.507,-0.675,1
5.225,6.469,-0.668,1
5.254,6.525,-0.674,1
5.207,6.509,-0.67,1
5.187,6.526,-0.67,1
5.157,6.531,-0.668,1
5.132,6.541,-0.668,1
5.066,6.499,-0.66,1
5.042,-21.111,-2.065,1
5.1,-21.063,-2.062,1
5.154,-20.996,-2.056,1
5.205,-20.92,-2.05,1
5.183,-20.553,-2.012,1
5.089,-20.047,-1.959,1
5.187,-20.168,-1.973,1
5.255,-20.167,-1.975,1
5.29,-20.044,-1.963,1
5.328,-19.933,-1.953,1
5.416,-20.009,-1.963,1
5.454,-20.025,-1.966,1
5.522,-20.029,-1.968,1
5.675,-20.333,-2.003,1
5.675,-20.088,-1.978,1
5.701,-19.941,-1.965,1
5.696,-19.688,-1.939,1
5.836,-19.938,-1.968,1
5.887,-19.995,-1.975,1
5.909,-19.841,-1.961,1
5.998,-19.91,-1.97,1
6.052,-19.863,-1.967,1
6.171,-20.03,-1.987,1
6.177,-19.824,-1.967,1
6.129,-19.456,-1.929,1
6.145,-19.4,-1.924,1
6.285,-19.627,-1.951,1
6.279,-19.399,-1.928,1
6.303,-19.264,-1.915,1
6.399,-19.354,-1.927,1
6.439,-19.269,-1.92,1
6.513,-19.289,-1.925,1
6.45,-19.003,-1.894,1
6.626,-19.324,-1.932,1
6.535,-18.863,-1.883,1
5.034,-14.222,-1.374,1
6.723,-18.83,-1.887,1
6.719,-18.726,-1.876,1
6.839,-18.875,-1.895,1
6.896,-18.848,-1.895,1
6.917,-18.722,-1.883,1
7.007,-18.784,-1.892,1
7.067,-18.764,-1.892,1
7.131,-18.754,-1.894,1
7.189,-18.819,-1.902,1
7.227,-18.743,-1.896,1
7.259,-18.649,-1.889,1
5.278,-5.2,-0.573,1
5.292,-5.005,-0.56,1
5.295,-4.976,-0.558,1
5.311,-4.976,-0.559,1
5.301,-4.934,-0.556,1
5.304,-4.907,-0.554,1
5.299,-4.871,-0.551,1
5.303,-4.844,-0.549,1
5.309,-4.819,-0.548,1
5.313,-4.792,-0.547,1
5.32,-4.783,-0.547,1
5.345,-4.776,-0.548,1
5.328,-4.73,-0.543,1
6.436,-4.903,-0.644,1
8.064,-5.533,-0.821,1
8.062,-5.494,-0.818,1
8.059,-5.474,-0.817,1
8.065,-5.44,-0.815,1
8.064,-5.403,-0.813,1
8.056,-5.361,-0.81,1
8.059,-5.327,-0.808,1
8.069,-5.297,-0.807,1
8.058,-5.253,-0.804,1
8.068,-5.242,-0.804,1
8.066,-5.204,-0.802,1
8.074,-5.174,-0.801,1
8.071,-5.136,-0.798,1
8.074,-5.102,-0.797,1
8.072,-5.065,-0.794,1
8.08,-5.053,-0.794,1
8.084,-5.02,-0.793,1
8.087,-4.987,-0.792,1
8.076,-4.945,-0.788,1
8.081,-4.913,-0.787,1
8.088,-4.883,-0.786,1
8.097,-4.853,-0.785,1
8.092,-4.833,-0.784,1
8.082,-4.793,-0.781,1
8.095,-4.766,-0.78,1
8.243,-4.311,-0.771,1
8.243,-4.294,-0.77,1
8.264,-4.272,-0.771,1
8.519,-4.371,-0.799,1
8.324,-4.237,-0.775,1
8.364,-4.224,-0.778,1
8.42,-4.22,-0.783,1
8.463,-4.208,-0.786,1
8.484,-4.202,-0.788,1
8.536,-4.195,-0.793,1
8.616,-4.201,-0.8,1
8.663,-4.19,-0.804,1
8.706,-4.177,-0.808,1
8.762,-4.171,-0.813,1
8.817,-4.163,-0.817,1
8.866,-4.169,-0.822,1
8.955,-4.177,-0.831,1
9.073,-4.198,-0.843,1
9.149,-4.198,-0.85,1
9.188,-4.181,-0.853,1
10.516,-4.73,-1.003,1
10.777,-4.808,-1.032,1
10.576,-4.677,-1.007,1
10.583,-4.641,-1.006,1
10.682,-4.604,-1.014,1
10.773,-4.584,-1.022,1
10.873,-4.546,-1.03,1
10.962,-4.543,-1.038,1
11.034,-4.532,-1.045,1
11.098,-4.518,-1.05,1
11.215,-4.525,-1.062,1
11.448,-4.515,-1.084,1
11.56,-4.518,-1.095,1
11.61,-4.495,-1.099,1
11.65,-4.469,-1.102,1
11.733,-4.48,-1.111,1
12.991,-4.87,-1.248,1
13.172,-4.891,-1.266,1
13.243,-4.87,-1.273,1
13.072,-4.76,-1.252,1
13.025,-4.697,-1.245,1
13.012,-4.669,-1.243,1
12.987,-4.614,-1.238,1
12.977,-4.564,-1.236,1
12.969,-4.516,-1.233,1
12.968,-4.47,-1.231,1
12.976,-4.427,-1.231,1
12.99,-4.386,-1.231,1
13.042,-4.381,-1.236,1
13.005,-4.278,-1.229,1
13.019,-4.237,-1.229,1
13.026,-4.194,-1.228,1
13.037,-4.153,-1.228,1
13.044,-4.132,-1.228,1
13.059,-4.092,-1.228,1
13.075,-4.052,-1.229,1
13.063,-4.003,-1.226,1
13.081,-3.964,-1.226,1
13.109,-3.927,-1.228,1
13.14,-3.892,-1.23,1
13.194,-3.885,-1.235,1
13.241,-3.854,-1.239,1
13.289,-3.823,-1.243,1
13.343,-3.793,-1.248,1
13.416,-3.769,-1.254,1
13.487,-3.743,-1.261,1
13.645,-3.741,-1.277,1
13.758,-3.749,-1.288,1
13.962,-3.758,-1.309,1
14.108,-3.75,-1.323,1
15.86,-4.166,-1.511,1
15.91,-4.125,-1.515,1
17.3,-4.43,-1.664,1
17.225,-4.353,-1.654,1
17.292,-4.341,-1.661,1
17.311,-4.288,-1.661,1
17.29,-4.225,-1.657,1
17.283,-4.166,-1.655,1
17.324,-4.118,-1.658,1
18.045,-4.231,-1.734,1
18.114,-4.188,-1.74,1
18.158,-4.168,-1.744,1
18.159,-4.108,-1.743,1
18.207,-4.059,-1.747,1
18.204,-3.998,-1.745,1
18.16,-3.929,-1.739,1
18.176,-3.872,-1.739,1
18.215,-3.851,-1.743,1
18.231,-3.794,-1.743,1
18.249,-3.738,-1.744,1
18.278,-3.684,-1.746,1
18.262,-3.622,-1.743,1
18.281,-3.566,-1.744,1
18.293,-3.508,-1.744,1
18.3,-3.48,-1.744,1
18.313,-3.423,-1.744,1
18.331,-3.367,-1.745,1
18.32,-3.305,-1.743,1
18.327,-3.247,-1.742,1
18.35,-3.192,-1.744,1
18.441,-3.148,-1.752,1
18.606,-3.146,-1.769,1
18.703,-3.102,-1.779,1
18.663,-3.035,-1.773,1
18.614,-2.967,-1.767,1
18.54,-2.896,-1.758,1
18.486,-2.828,-1.752,1
18.47,-2.766,-1.749,1
18.437,-2.731,-1.745,1
18.422,-2.67,-1.743,1
18.4,-2.608,-1.739,1
18.379,-2.546,-1.736,1
18.357,-2.484,-1.733,1
18.351,-2.425,-1.732,1
18.315,-2.361,-1.727,1
18.283,-2.328,-1.723,1
18.281,-2.269,-1.722,1
18.256,-2.208,-1.719,1
18.235,-2.147,-1.716,1
18.21,-2.086,-1.713,1
18.195,-2.027,-1.711,1
18.181,-1.996,-1.709,1
18.147,-1.935,-1.705,1
18.147,-1.877,-1.704,1
18.119,-1.817,-1.7,1
18.113,-1.758,-1.699,1
18.101,-1.7,-1.697,1
18.074,-1.64,-1.694,1
18.055,-1.61,-1.692,1
18.042,-1.551,-1.69,1
18.007,-1.491,-1.686,1
17.992,-1.433,-1.684,1
17.979,-1.375,-1.682,1
17.961,-1.317,-1.679,1
17.939,-1.287,-1.677,1
17.911,-1.229,-1.674,1
17.891,-1.171,-1.671,1
17.875,-1.113,-1.669,1
17.865,-1.056,-1.668,1
17.844,-0.999,-1.665,1
17.817,-0.941,-1.662,1
17.809,-0.913,-1.661,1
17.786,-0.855,-1.658,1
17.767,-0.798,-1.656,1
17.739,-0.741,-1.653,1
17.739,-0.685,-1.653,1
17.708,-0.628,-1.649,1
17.686,-0.572,-1.647,1
17.661,-0.543,-1.644,1
17.637,-0.487,-1.641,1
17.616,-0.431,-1.639,1
17.605,-0.376,-1.638,1
17.581,-0.32,-1.635,1
17.564,-0.264,-1.633,1
17.539,-0.209,-1.63,1
17.543,-0.181,-1.631,1
17.531,-0.126,-1.63,1
17.51,-0.071,-1.627,1
17.49,-0.016,-1.625,1
16.538,0.03,-1.634,1
16.542,0.082,-1.635,1
16.534,0.134,-1.634,1
16.518,0.16,-1.632,1
16.507,0.211,-1.631,1
16.506,0.263,-1.631,1
16.499,0.315,-1.63,1
16.488,0.366,-1.629,1
16.501,0.419,-1.631,1
16.492,0.47,-1.63,1
16.487,0.496,-1.63,1
16.493,0.548,-1.63,1
16.486,0.6,-1.63,1
16.48,0.651,-1.629,1
16.487,0.704,-1.63,1
16.475,0.755,-1.629,1
16.48,0.781,-1.63,1
16.503,0.834,-1.633,1
16.506,0.886,-1.634,1
16.5,0.938,-1.633,1
16.499,0.99,-1.633,1
16.499,1.042,-1.634,1
16.518,1.095,-1.636,1
16.51,1.121,-1.636,1
16.507,1.173,-1.636,1
16.503,1.224,-1.636,1
16.513,1.277,-1.637,1
16.513,1.33,-1.638,1
16.51,1.382,-1.638,1
16.512,1.434,-1.638,1
16.496,1.459,-1.637,1
16.503,1.512,-1.638,1
16.502,1.564,-1.639,1
16.511,1.617,-1.64,1
16.5,1.668,-1.64,1
16.512,1.722,-1.642,1
16.51,1.748,-1.642,1
16.51,1.801,-1.642,1
16.504,1.852,-1.642,1
16.506,1.905,-1.643,1
16.526,1.96,-1.646,1
16.512,2.011,-1.645,1
16.509,2.063,-1.645,1
16.524,2.092,-1.647,1
16.529,2.145,-1.649,1
16.504,2.195,-1.647,1
16.517,2.249,-1.649,1
16.522,2.303,-1.65,1
16.499,2.352,-1.649,1
16.511,2.407,-1.651,1
16.501,2.432,-1.65,1
16.509,2.486,-1.652,1
16.501,2.538,-1.652,1
16.501,2.591,-1.653,1
16.489,2.642,-1.652,1
16.49,2.696,-1.653,1
16.493,2.75,-1.655,1
16.497,2.777,-1.656,1
16.492,2.829,-1.656,1
16.487,2.882,-1.657,1
16.48,2.934,-1.657,1
16.492,2.99,-1.659,1
16.488,3.042,-1.66,1
16.473,3.093,-1.659,1
16.492,3.123,-1.662,1
16.491,3.177,-1.663,1
16.47,3.227,-1.662,1
16.473,3.281,-1.663,1
16.47,3.334,-1.664,1
16.472,3.389,-1.665,1
16.482,3.418,-1.667,1
16.494,3.474,-1.67,1
16.532,3.537,-1.675,1
16.622,3.611,-1.687,1
16.571,3.654,-1.682,1
16.647,3.726,-1.692,1
16.595,3.769,-1.688,1
16.511,3.777,-1.679,1
16.482,3.825,-1.677,1
16.41,3.863,-1.67,1
16.378,3.909,-1.668,1
16.348,3.957,-1.666,1
16.282,3.995,-1.66,1
16.267,4.045,-1.659,1
16.249,4.068,-1.658,1
16.206,4.111,-1.655,1
16.179,4.158,-1.653,1
16.16,4.208,-1.652,1
16.134,4.255,-1.651,1
16.155,4.315,-1.655,1
16.141,4.366,-1.655,1
16.121,4.387,-1.653,1
16.117,4.441,-1.654,1
16.083,4.486,-1.652,1
15.704,4.433,-1.61,1
15.121,4.318,-1.544,1
15.993,4.623,-1.647,1
15.959,4.641,-1.643,1
15.925,4.685,-1.641,1
15.889,4.729,-1.639,1
15.773,4.748,-1.627,1
15.781,4.805,-1.63,1
15.738,4.845,-1.627,1
15.646,4.871,-1.618,1
15.675,4.907,-1.622,1
15.618,4.943,-1.617,1
15.638,5.004,-1.621,1
15.45,4.997,-1.601,1
15.512,5.071,-1.61,1
15.498,5.12,-1.61,1
15.491,5.145,-1.611,1
15.423,5.176,-1.604,1
15.374,5.213,-1.601,1
15.345,5.257,-1.599,1
15.277,5.288,-1.593,1
15.272,5.34,-1.595,1
15.234,5.38,-1.592,1
15.217,5.401,-1.591,1
15.173,5.439,-1.588,1
15.156,5.487,-1.588,1
15.102,5.521,-1.584,1
14.989,5.533,-1.572,1
14.67,5.467,-1.537,1
14.485,5.45,-1.517,1
14.471,5.47,-1.516,1
14.48,5.526,-1.519,1
14.461,5.571,-1.519,1
14.462,5.623,-1.521,1
14.394,5.649,-1.515,1
12.698,5.072,-1.317,1
12.655,5.381,-1.325,1
12.149,5.21,-1.266,1
12.023,5.2,-1.253,1
11.992,5.232,-1.251,1
11.994,5.277,-1.253,1
12.01,5.33,-1.257,1
12.005,5.35,-1.258,1
12.022,5.448,-1.264,1
12.006,5.487,-1.264,1
11.998,5.529,-1.265,1
11.9,5.529,-1.255,1
12.031,5.636,-1.274,1
12.021,5.654,-1.274,1
12.166,5.77,-1.294,1
11.962,5.719,-1.271,1
11.962,5.765,-1.273,1
12.117,5.887,-1.294,1
12.073,5.913,-1.291,1
11.962,5.905,-1.28,1
11.96,5.927,-1.281,1
11.966,5.977,-1.284,1
11.967,6.024,-1.286,1
11.974,6.076,-1.289,1
11.976,6.124,-1.292,1
11.973,6.17,-1.294,1
11.972,6.193,-1.295,1
11.968,6.239,-1.297,1
11.968,6.287,-1.3,1
11.966,6.334,-1.302,1
11.954,6.376,-1.303,1
11.954,6.424,-1.305,1
11.944,6.467,-1.307,1
11.951,6.495,-1.309,1
11.936,6.536,-1.309,1
11.943,6.589,-1.313,1
8.398,4.815,-0.874,1
8.34,4.817,-0.868,1
8.282,4.818,-0.863,1
8.224,4.818,-0.857,1
8.167,4.82,-0.852,1
8.138,4.819,-0.849,1
8.088,4.825,-0.845,1
8.032,4.825,-0.839,1
7.975,4.825,-0.834,1
7.897,4.811,-0.826,1
7.968,4.889,-0.837,1
7.807,4.824,-0.818,1
7.761,4.812,-0.813,1
7.668,4.788,-0.803,1
7.518,4.876,-0.794,1
7.489,4.891,-0.792,1
7.451,4.899,-0.789,1
7.445,4.929,-0.79,1
7.408,4.938,-0.788,1
7.577,5.086,-0.812,1
7.357,4.971,-0.785,1
7.346,4.98,-0.785,1
7.344,5.012,-0.786,1
7.323,5.032,-0.786,1
7.33,5.071,-0.789,1
7.327,5.103,-0.79,1
7.334,5.142,-0.794,1
7.332,5.175,-0.796,1
7.327,5.189,-0.796,1
7.327,5.224,-0.798,1
7.327,5.259,-0.8,1
7.32,5.289,-0.802,1
7.311,5.317,-0.803,1
7.31,5.352,-0.805,1
5.032,-18.364,-1.912,1
5.055,-18.333,-1.909,1
5.092,-18.244,-1.901,1
5.159,-18.261,-1.905,1
5.218,-18.252,-1.906,1
5.242,-18.121,-1.892,1
5.3,-18.108,-1.893,1
5.342,-18.042,-1.887,1
5.36,-17.999,-1.883,1
5.418,-17.984,-1.883,1
5.461,-17.923,-1.878,1
5.517,-17.908,-1.879,1
5.551,-17.819,-1.87,1
5.606,-17.799,-1.87,1
5.63,-17.775,-1.868,1
5.68,-17.74,-1.866,1
5.733,-17.715,-1.865,1
5.791,-17.704,-1.866,1
5.836,-17.654,-1.862,1
5.863,-17.551,-1.853,1
5.948,-17.619,-1.863,1
5.963,-17.574,-1.858,1
5.99,-17.472,-1.849,1
6.056,-17.487,-1.853,1
6.1,-17.434,-1.849,1
5.02,-14.219,-1.473,1
6.218,-17.42,-1.852,1
6.253,-17.346,-1.845,1
6.278,-17.331,-1.845,1
6.3,-17.223,-1.834,1
6.359,-17.216,-1.836,1
6.446,-17.284,-1.846,1
6.467,-17.176,-1.836,1
6.487,-17.066,-1.825,1
6.553,-17.079,-1.829,1
6.615,-17.158,-1.84,1
6.637,-17.057,-1.83,1
5.311,-4.76,-0.591,1
5.311,-4.73,-0.589,1
8.179,-4.44,-0.832,1
8.191,-4.414,-0.832,1
8.395,-4.488,-0.856,1
8.331,-4.421,-0.846,1
8.35,-4.398,-0.847,1
8.324,-4.351,-0.842,1
8.283,-4.313,-0.836,1
8.361,-4.287,-0.842,1
8.346,-4.246,-0.839,1
8.414,-4.214,-0.844,1
10.551,-4.73,-1.083,1
10.562,-4.695,-1.082,1
10.586,-4.666,-1.083,1
10.613,-4.638,-1.085,1
10.639,-4.609,-1.086,1
10.686,-4.59,-1.09,1
10.726,-4.587,-1.094,1
10.768,-4.565,-1.097,1
10.834,-4.553,-1.104,1
10.883,-4.533,-1.108,1
10.947,-4.519,-1.114,1
10.99,-4.497,-1.117,1
11.056,-4.483,-1.123,1
11.109,-4.484,-1.129,1
11.192,-4.476,-1.137,1
11.259,-4.462,-1.143,1
11.321,-4.446,-1.149,1
11.428,-4.446,-1.16,1
11.516,-4.438,-1.169,1
11.627,-4.439,-1.181,1
11.788,-4.479,-1.199,1
13.268,-4.943,-1.371,1
13.108,-4.837,-1.35,1
13.08,-4.733,-1.343,1
13.091,-4.714,-1.343,1
13.061,-4.611,-1.336,1
13.085,-4.573,-1.337,1
12.935,-4.476,-1.318,1
13.034,-4.464,-1.328,1
13.022,-4.414,-1.325,1
13,-4.384,-1.322,1
13.023,-4.346,-1.323,1
13.054,-4.22,-1.322,1
13.06,-4.177,-1.321,1
13.079,-4.137,-1.322,1
13.074,-4.113,-1.32,1
13.09,-4.073,-1.321,1
13.113,-4.035,-1.322,1
13.081,-3.981,-1.317,1
13.122,-3.948,-1.32,1
13.167,-3.917,-1.324,1
13.195,-3.88,-1.326,1
13.243,-3.871,-1.33,1
13.307,-3.844,-1.336,1
13.364,-3.815,-1.342,1
13.438,-3.791,-1.349,1
13.569,-3.735,-1.361,1
13.929,-3.787,-1.401,1
14.21,-3.791,-1.431,1
15.934,-4.194,-1.628,1
16.988,-4.413,-1.747,1
17.025,-4.365,-1.75,1
17.046,-4.314,-1.75,1
17.069,-4.291,-1.752,1
17.059,-4.231,-1.75,1
17.047,-4.172,-1.747,1
17.101,-4.128,-1.751,1
17.113,-4.074,-1.751,1
17.165,-4.029,-1.756,1
17.158,-3.971,-1.754,1
17.166,-3.945,-1.754,1
17.167,-3.888,-1.752,1
17.197,-3.838,-1.754,1
17.216,-3.786,-1.755,1
17.251,-3.736,-1.758,1
17.261,-3.682,-1.758,1
17.249,-3.623,-1.755,1
17.257,-3.596,-1.755,1
17.262,-3.541,-1.755,1
17.316,-3.495,-1.759,1
17.302,-3.436,-1.757,1
17.301,-3.379,-1.755,1
17.299,-3.322,-1.754,1
17.29,-3.264,-1.752,1
17.293,-3.237,-1.752,1
17.399,-3.2,-1.762,1
17.493,-3.16,-1.772,1
17.611,-3.124,-1.784,1
17.578,-3.061,-1.779,1
17.552,-3,-1.775,1
17.493,-2.934,-1.767,1
17.444,-2.897,-1.761,1
17.418,-2.837,-1.757,1
17.405,-2.779,-1.755,1
17.38,-2.719,-1.751,1
17.371,-2.662,-1.749,1
17.352,-2.603,-1.746,1
17.33,-2.572,-1.743,1
17.315,-2.514,-1.741,1
17.297,-2.456,-1.738,1
17.291,-2.4,-1.736,1
17.249,-2.339,-1.731,1
17.244,-2.283,-1.729,1
17.242,-2.228,-1.728,1
17.225,-2.198,-1.726,1
17.203,-2.14,-1.723,1
17.176,-2.082,-1.719,1
17.168,-2.027,-1.718,1
17.151,-1.97,-1.715,1
17.135,-1.914,-1.713,1
17.119,-1.885,-1.71,1
17.107,-1.829,-1.708,1
17.087,-1.773,-1.705,1
17.088,-1.719,-1.705,1
17.054,-1.661,-1.701,1
17.053,-1.607,-1.7,1
17.034,-1.551,-1.697,1
17.017,-1.523,-1.695,1
17.02,-1.469,-1.695,1
17.002,-1.414,-1.692,1
16.983,-1.359,-1.69,1
16.947,-1.302,-1.685,1
16.942,-1.248,-1.684,1
16.931,-1.194,-1.683,1
16.902,-1.165,-1.679,1
16.889,-1.111,-1.677,1
16.867,-1.057,-1.675,1
16.85,-1.002,-1.672,1
16.839,-0.949,-1.671,1
16.821,-0.895,-1.668,1
16.801,-0.841,-1.666,1
16.781,-0.813,-1.664,1
16.765,-0.76,-1.662,1
16.778,-0.708,-1.663,1
16.732,-0.653,-1.657,1
16.718,-0.6,-1.656,1
16.71,-0.547,-1.655,1
16.695,-0.52,-1.653,1
16.669,-0.467,-1.65,1
16.656,-0.415,-1.648,1
16.648,-0.362,-1.647,1
16.641,-0.31,-1.646,1
16.612,-0.257,-1.643,1
16.609,-0.205,-1.642,1
16.591,-0.178,-1.64,1
16.574,-0.126,-1.638,1
16.572,-0.074,-1.638,1
16.55,-0.022,-1.636,1
15.725,0.002,-1.641,1
15.717,0.052,-1.64,1
15.704,0.101,-1.639,1
15.708,0.15,-1.639,1
15.694,0.175,-1.637,1
15.699,0.224,-1.638,1
15.71,0.274,-1.64,1
15.688,0.323,-1.637,1
15.684,0.372,-1.637,1
15.681,0.421,-1.637,1
15.678,0.47,-1.636,1
15.681,0.495,-1.637,1
15.668,0.544,-1.635,1
15.684,0.594,-1.637,1
15.686,0.643,-1.638,1
15.678,0.692,-1.637,1
15.671,0.741,-1.637,1
15.683,0.791,-1.638,1
15.688,0.816,-1.639,1
15.697,0.866,-1.641,1
15.692,0.915,-1.64,1
15.679,0.964,-1.639,1
15.704,1.015,-1.642,1
15.691,1.064,-1.641,1
15.687,1.088,-1.641,1
15.687,1.138,-1.641,1
15.678,1.187,-1.641,1
15.692,1.237,-1.643,1
15.682,1.286,-1.642,1
15.68,1.336,-1.642,1
15.674,1.385,-1.642,1
15.691,1.411,-1.644,1
15.697,1.461,-1.646,1
15.682,1.51,-1.644,1
15.687,1.56,-1.646,1
15.678,1.609,-1.645,1
15.689,1.66,-1.647,1
15.682,1.709,-1.647,1
15.697,1.735,-1.649,1
15.697,1.785,-1.65,1
15.685,1.834,-1.649,1
15.691,1.884,-1.65,1
15.697,1.935,-1.652,1
15.695,1.985,-1.652,1
15.7,2.036,-1.654,1
15.699,2.061,-1.654,1
15.691,2.11,-1.654,1
15.704,2.162,-1.656,1
15.695,2.211,-1.656,1
15.694,2.261,-1.656,1
15.694,2.311,-1.657,1
15.691,2.361,-1.658,1
15.697,2.387,-1.659,1
15.707,2.439,-1.661,1
15.686,2.487,-1.659,1
15.695,2.539,-1.661,1
15.691,2.589,-1.662,1
15.699,2.64,-1.664,1
15.683,2.663,-1.662,1
15.688,2.715,-1.664,1
15.707,2.769,-1.667,1
15.69,2.817,-1.666,1
15.689,2.867,-1.667,1
15.69,2.919,-1.668,1
15.683,2.968,-1.669,1
15.694,2.996,-1.67,1
15.694,3.047,-1.672,1
15.7,3.099,-1.674,1
15.698,3.15,-1.674,1
15.709,3.204,-1.677,1
15.703,3.254,-1.677,1
15.712,3.307,-1.68,1
15.713,3.333,-1.68,1
15.72,3.386,-1.683,1
15.723,3.439,-1.684,1
15.758,3.498,-1.69,1
15.788,3.557,-1.695,1
15.819,3.616,-1.7,1
15.837,3.672,-1.703,1
15.848,3.701,-1.705,1
15.81,3.745,-1.702,1
15.744,3.781,-1.696,1
15.738,3.832,-1.696,1
15.687,3.872,-1.692,1
15.63,3.911,-1.686,1
15.564,3.92,-1.679,1
15.533,3.964,-1.677,1
15.53,4.015,-1.678,1
15.431,4.042,-1.667,1
15.45,4.099,-1.671,1
15.384,4.133,-1.665,1
15.367,4.18,-1.664,1
15.355,4.203,-1.664,1
15.29,4.237,-1.657,1
15.19,4.261,-1.647,1
15.156,4.302,-1.644,1
15.18,4.361,-1.649,1
15.18,4.412,-1.651,1
15.146,4.429,-1.647,1
15.125,4.474,-1.647,1
15.097,4.517,-1.645,1
15.024,4.547,-1.638,1
15.025,4.599,-1.64,1
15.004,4.644,-1.639,1
14.973,4.686,-1.637,1
14.933,4.7,-1.633,1
14.886,4.736,-1.629,1
14.79,4.757,-1.619,1
14.763,4.8,-1.617,1
14.795,4.862,-1.623,1
14.746,4.897,-1.619,1
14.727,4.942,-1.619,1
14.668,4.948,-1.612,1
14.662,4.997,-1.614,1
14.667,5.05,-1.616,1
14.64,5.092,-1.615,1
14.62,5.137,-1.614,1
14.604,5.183,-1.614,1
14.537,5.211,-1.608,1
14.495,5.222,-1.604,1
14.451,5.257,-1.6,1
14.43,5.301,-1.6,1
14.4,5.341,-1.598,1
14.402,5.394,-1.601,1
14.376,5.435,-1.599,1
14.357,5.48,-1.599,1
14.32,5.492,-1.596,1
14.283,5.529,-1.593,1
14.28,5.579,-1.595,1
14.233,5.613,-1.591,1
13.818,5.5,-1.541,1
13.554,5.445,-1.51,1
13.539,5.464,-1.509,1
13.53,5.509,-1.51,1
13.549,5.567,-1.515,1
13.531,5.609,-1.515,1
13.202,5.522,-1.475,1
12.545,5.295,-1.394,1
13.502,5.747,-1.518,1
12.118,5.183,-1.343,1
12.043,5.196,-1.336,1
12.02,5.231,-1.335,1
12.018,5.275,-1.337,1
12.059,5.338,-1.344,1
12.11,5.406,-1.353,1
12.047,5.424,-1.347,1
12.037,5.442,-1.347,1
12.013,5.476,-1.346,1
12.033,5.531,-1.351,1
12.005,5.564,-1.349,1
12.053,5.678,-1.36,1
12.04,5.695,-1.359,1
11.983,5.714,-1.354,1
11.972,5.755,-1.355,1
12.163,5.894,-1.382,1
12.05,5.886,-1.37,1
11.994,5.906,-1.365,1
11.989,5.95,-1.367,1
12.003,5.981,-1.37,1
11.988,6.02,-1.371,1
11.994,6.07,-1.374,1
11.987,6.114,-1.375,1
11.971,6.154,-1.376,1
11.992,6.212,-1.381,1
11.992,6.26,-1.384,1
13.354,6.994,-1.565,1
13.355,7.048,-1.568,1
13.321,7.084,-1.566,1
13.3,7.126,-1.567,1
13.229,7.142,-1.56,1
13.252,7.208,-1.566,1
13.118,7.162,-1.55,1
13.146,7.231,-1.557,1
8.688,4.825,-0.964,1
8.595,4.809,-0.953,1
8.521,4.803,-0.945,1
8.457,4.802,-0.939,1
8.384,4.795,-0.931,1
8.343,4.79,-0.926,1
8.28,4.788,-0.92,1
8.251,4.806,-0.918,1
8.169,4.793,-0.909,1
8.086,4.813,-0.902,1
8.055,4.829,-0.9,1
8.017,4.823,-0.896,1
7.966,4.827,-0.891,1
7.978,4.869,-0.894,1
7.842,4.82,-0.878,1
7.787,4.82,-0.872,1
7.731,4.819,-0.867,1
7.697,4.832,-0.864,1
7.654,4.822,-0.859,1
7.617,4.832,-0.856,1
7.578,4.841,-0.853,1
7.526,4.841,-0.848,1
7.521,4.905,-0.851,1
7.54,4.951,-0.856,1
7.496,4.939,-0.851,1
7.486,5,-0.854,1
7.631,5.131,-0.877,1
7.367,4.988,-0.842,1
7.38,5.03,-0.846,1
7.38,5.048,-0.847,1
7.375,5.079,-0.849,1
7.366,5.106,-0.85,1
7.37,5.143,-0.852,1
7.36,5.171,-0.853,1
7.361,5.206,-0.856,1
7.366,5.244,-0.859,1
7.368,5.263,-0.86,1
7.361,5.293,-0.862,1
7.354,5.323,-0.863,1
6.41,4.675,-0.729,1
6.338,4.653,-0.721,1
13.794,11.93,-1.935,1
13.027,11.341,-1.822,1
13.679,11.944,-1.926,1
5.026,-16.807,-1.854,1
5.075,-16.778,-1.852,1
5.119,-16.735,-1.849,1
5.163,-16.688,-1.845,1
5.204,-16.636,-1.841,1
5.264,-16.644,-1.844,1
5.3,-16.579,-1.838,1
5.337,-16.604,-1.842,1
5.388,-16.582,-1.841,1
5.424,-16.518,-1.835,1
5.477,-16.504,-1.836,1
5.528,-16.485,-1.836,1
5.59,-16.498,-1.839,1
5.625,-16.429,-1.833,1
5.647,-16.411,-1.832,1
5.681,-16.341,-1.825,1
5.001,-14.23,-1.566,1
5.785,-16.308,-1.826,1
5.805,-16.204,-1.815,1
5.864,-16.208,-1.818,1
5.268,-5.036,-0.654,1
5.277,-5.013,-0.652,1
5.284,-4.988,-0.651,1
5.297,-4.969,-0.651,1
5.292,-4.933,-0.647,1
5.292,-4.918,-0.646,1
5.285,-4.88,-0.642,1
5.298,-4.862,-0.642,1
5.298,-4.83,-0.64,1
5.307,-4.808,-0.639,1
5.315,-4.785,-0.637,1
5.31,-4.766,-0.636,1
5.328,-4.752,-0.636,1
5.325,-4.719,-0.633,1
6.495,-4.563,-0.73,1
6.519,-4.549,-0.731,1
8.053,-5.008,-0.91,1
8.052,-4.99,-0.909,1
8.065,-4.963,-0.909,1
8.058,-4.924,-0.906,1
8.07,-4.897,-0.905,1
8.07,-4.862,-0.903,1
8.053,-4.817,-0.899,1
8.144,-4.413,-0.885,1
8.156,-4.387,-0.884,1
8.352,-4.459,-0.909,1
8.224,-4.357,-0.89,1
8.251,-4.339,-0.892,1
8.319,-4.341,-0.899,1
8.409,-4.355,-0.909,1
8.313,-4.288,-0.895,1
8.369,-4.284,-0.901,1
8.358,-4.245,-0.898,1
8.38,-4.223,-0.899,1
8.406,-4.203,-0.9,1
8.452,-4.194,-0.905,1
8.761,-4.228,-0.939,1
8.792,-4.209,-0.941,1
8.853,-4.205,-0.948,1
8.951,-4.217,-0.959,1
9.006,-4.226,-0.965,1
9.134,-4.251,-0.98,1
9.216,-4.254,-0.989,1
9.141,-4.185,-0.977,1
10.544,-4.712,-1.152,1
10.528,-4.685,-1.149,1
10.507,-4.635,-1.145,1
10.561,-4.62,-1.15,1
10.59,-4.593,-1.152,1
10.635,-4.573,-1.156,1
10.661,-4.544,-1.157,1
10.73,-4.534,-1.164,1
10.757,-4.526,-1.166,1
10.815,-4.511,-1.172,1
10.87,-4.493,-1.177,1
10.959,-4.49,-1.187,1
11.019,-4.475,-1.192,1
11.086,-4.461,-1.199,1
11.156,-4.469,-1.207,1
11.631,-4.45,-1.258,1
13.246,-4.953,-1.456,1
13.105,-4.853,-1.436,1
13.085,-4.798,-1.432,1
13.111,-4.761,-1.433,1
13.042,-4.69,-1.423,1
13.049,-4.646,-1.422,1
13.043,-4.621,-1.42,1
13.011,-4.563,-1.414,1
13.01,-4.517,-1.412,1
12.985,-4.463,-1.408,1
13.22,-4.498,-1.435,1
12.96,-4.363,-1.401,1
12.979,-4.324,-1.402,1
13.01,-4.312,-1.405,1
13.037,-4.23,-1.405,1
13.051,-4.189,-1.405,1
13.065,-4.149,-1.405,1
13.071,-4.106,-1.404,1
13.067,-4.059,-1.402,1
13.098,-4.046,-1.405,1
13.067,-3.992,-1.4,1
13.11,-3.96,-1.403,1
13.16,-3.93,-1.408,1
13.195,-3.895,-1.411,1
13.251,-3.867,-1.416,1
13.276,-3.852,-1.418,1
13.506,-3.873,-1.445,1
13.604,-3.855,-1.455,1
13.811,-3.867,-1.479,1
13.919,-3.85,-1.491,1
13.975,-3.819,-1.496,1
14.027,-3.786,-1.501,1
16.087,-4.318,-1.75,1
16.093,-4.266,-1.749,1
16.123,-4.22,-1.751,1
16.129,-4.167,-1.75,1
16.132,-4.114,-1.749,1
16.156,-4.066,-1.75,1
16.16,-4.013,-1.749,1
16.164,-3.987,-1.749,1
16.184,-3.938,-1.75,1
16.206,-3.89,-1.751,1
16.207,-3.836,-1.75,1
16.218,-3.785,-1.75,1
16.257,-3.74,-1.753,1
16.263,-3.688,-1.752,1
16.285,-3.666,-1.754,1
16.284,-3.612,-1.753,1
16.321,-3.567,-1.756,1
16.307,-3.51,-1.753,1
16.327,-3.461,-1.754,1
16.34,-3.41,-1.754,1
16.337,-3.356,-1.753,1
16.313,-3.324,-1.749,1
16.331,-3.274,-1.75,1
16.379,-3.23,-1.754,1
16.465,-3.194,-1.763,1
16.646,-3.175,-1.784,1
16.642,-3.12,-1.782,1
16.61,-3.087,-1.778,1
16.6,-3.031,-1.776,1
16.545,-2.967,-1.768,1
16.51,-2.907,-1.763,1
16.489,-2.85,-1.759,1
16.479,-2.795,-1.757,1
16.46,-2.739,-1.753,1
16.421,-2.706,-1.748,1
16.414,-2.652,-1.747,1
16.398,-2.596,-1.744,1
16.391,-2.542,-1.742,1
16.371,-2.486,-1.739,1
16.359,-2.432,-1.736,1
16.343,-2.403,-1.734,1
16.335,-2.35,-1.732,1
16.319,-2.295,-1.729,1
16.3,-2.24,-1.726,1
16.296,-2.187,-1.725,1
16.289,-2.134,-1.723,1
16.27,-2.08,-1.72,1
16.259,-2.053,-1.719,1
16.242,-1.999,-1.716,1
16.234,-1.946,-1.714,1
16.23,-1.894,-1.713,1
16.207,-1.839,-1.71,1
16.202,-1.787,-1.708,1
16.188,-1.734,-1.706,1
16.173,-1.707,-1.704,1
16.171,-1.655,-1.703,1
16.15,-1.602,-1.7,1
16.133,-1.549,-1.697,1
16.132,-1.498,-1.697,1
16.111,-1.445,-1.694,1
16.102,-1.393,-1.692,1
16.088,-1.366,-1.69,1
16.074,-1.314,-1.688,1
16.062,-1.262,-1.686,1
16.047,-1.21,-1.684,1
16.036,-1.159,-1.682,1
16.022,-1.107,-1.68,1
16.002,-1.081,-1.678,1
16.003,-1.03,-1.677,1
15.973,-0.978,-1.674,1
15.96,-0.927,-1.672,1
15.949,-0.876,-1.67,1
15.924,-0.824,-1.667,1
15.924,-0.774,-1.667,1
15.91,-0.748,-1.665,1
15.892,-0.697,-1.662,1
15.88,-0.647,-1.661,1
15.862,-0.596,-1.658,1
15.854,-0.546,-1.657,1
15.846,-0.496,-1.656,1
15.83,-0.445,-1.654,1
15.818,-0.42,-1.653,1
15.806,-0.37,-1.651,1
15.795,-0.32,-1.65,1
15.778,-0.27,-1.647,1
15.761,-0.22,-1.645,1
15.765,-0.171,-1.646,1
15.754,-0.121,-1.644,1
15.742,-0.097,-1.643,1
15.727,-0.047,-1.641,1
15.058,0.046,-1.649,1
15.06,0.094,-1.65,1
15.052,0.141,-1.649,1
15.049,0.165,-1.648,1
15.051,0.212,-1.649,1
15.05,0.259,-1.649,1
15.043,0.306,-1.648,1
15.044,0.354,-1.648,1
15.045,0.401,-1.648,1
15.044,0.425,-1.648,1
15.045,0.472,-1.649,1
15.031,0.519,-1.647,1
15.028,0.566,-1.647,1
15.028,0.613,-1.647,1
15.04,0.661,-1.649,1
15.026,0.708,-1.647,1
15.015,0.731,-1.646,1
15.02,0.778,-1.647,1
15.03,0.826,-1.649,1
15.041,0.874,-1.65,1
15.012,0.92,-1.647,1
15.041,0.969,-1.651,1
15.028,1.016,-1.65,1
15.005,1.038,-1.647,1
15.031,1.087,-1.651,1
15.02,1.134,-1.65,1
15.018,1.181,-1.65,1
15.046,1.231,-1.654,1
15.032,1.277,-1.653,1
15.026,1.324,-1.653,1
15.02,1.348,-1.652,1
15.029,1.396,-1.654,1
15.023,1.443,-1.654,1
15.034,1.492,-1.656,1
15.025,1.539,-1.655,1
15.016,1.585,-1.655,1
15.027,1.634,-1.657,1
15.033,1.659,-1.657,1
15.031,1.706,-1.658,1
15.038,1.755,-1.659,1
15.046,1.804,-1.661,1
15.036,1.851,-1.661,1
15.032,1.898,-1.661,1
15.035,1.923,-1.662,1
15.039,1.971,-1.663,1
15.035,2.019,-1.663,1
15.034,2.067,-1.664,1
15.033,2.115,-1.665,1
15.052,2.166,-1.668,1
15.045,2.213,-1.668,1
15.05,2.238,-1.669,1
15.052,2.287,-1.67,1
15.049,2.334,-1.67,1
15.028,2.38,-1.669,1
15.044,2.431,-1.672,1
15.032,2.477,-1.671,1
15.03,2.525,-1.672,1
15.03,2.55,-1.672,1
15.036,2.599,-1.674,1
15.024,2.646,-1.674,1
15.023,2.694,-1.675,1
15.016,2.742,-1.675,1
15.023,2.792,-1.677,1
15.003,2.837,-1.675,1
15.018,2.864,-1.678,1
15.005,2.911,-1.677,1
14.998,2.958,-1.677,1
15.008,3.009,-1.68,1
15.01,3.059,-1.681,1
15.004,3.107,-1.682,1
15.005,3.132,-1.683,1
15.013,3.182,-1.685,1
15.02,3.233,-1.687,1
15.021,3.283,-1.688,1
15.021,3.332,-1.69,1
15.022,3.382,-1.691,1
15.036,3.435,-1.694,1
15.058,3.465,-1.698,1
15.095,3.524,-1.704,1
15.125,3.581,-1.709,1
15.104,3.626,-1.708,1
15.135,3.684,-1.713,1
15.146,3.737,-1.716,1
15.107,3.753,-1.712,1
15.017,3.78,-1.702,1
14.976,3.82,-1.698,1
14.979,3.871,-1.7,1
14.936,3.91,-1.696,1
14.885,3.946,-1.691,1
14.842,3.985,-1.687,1
14.813,4.002,-1.685,1
14.777,4.042,-1.682,1
14.757,4.086,-1.681,1
14.714,4.124,-1.677,1
14.687,4.167,-1.675,1
14.626,4.199,-1.669,1
14.6,4.241,-1.667,1
14.566,4.256,-1.664,1
14.555,4.302,-1.664,1
14.524,4.343,-1.662,1
14.516,4.39,-1.663,1
14.481,4.429,-1.66,1
14.452,4.47,-1.658,1
14.44,4.516,-1.658,1
14.395,4.527,-1.653,1
14.381,4.572,-1.653,1
14.342,4.609,-1.65,1
14.318,4.651,-1.649,1
14.284,4.69,-1.647,1
14.258,4.731,-1.645,1
14.215,4.766,-1.641,1
14.172,4.776,-1.637,1
14.166,4.824,-1.638,1
14.123,4.859,-1.634,1
14.072,4.891,-1.63,1
14.041,4.93,-1.628,1
14.016,4.97,-1.627,1
13.992,4.986,-1.624,1
13.978,5.031,-1.625,1
13.936,5.065,-1.621,1
13.907,5.104,-1.619,1
13.896,5.15,-1.62,1
13.88,5.194,-1.62,1
13.814,5.218,-1.614,1
13.798,5.237,-1.613,1
13.787,5.283,-1.613,1
13.776,5.328,-1.614,1
13.73,5.36,-1.61,1
13.733,5.411,-1.613,1
13.69,5.444,-1.609,1
13.642,5.474,-1.605,1
13.637,5.497,-1.606,1
13.612,5.537,-1.605,1
13.573,5.57,-1.602,1
13.524,5.6,-1.598,1
13.497,5.639,-1.597,1
13.499,5.69,-1.599,1
13.468,5.701,-1.596,1
13.429,5.734,-1.593,1
12.079,5.2,-1.415,1
12.019,5.219,-1.409,1
11.988,5.25,-1.407,1
12.003,5.347,-1.414,1
12.038,5.386,-1.42,1
11.997,5.458,-1.419,1
11.91,5.463,-1.409,1
12.094,5.594,-1.437,1
11.979,5.587,-1.424,1
11.983,5.635,-1.426,1
12.15,5.737,-1.45,1
11.969,5.697,-1.428,1
11.964,5.741,-1.43,1
13.06,6.32,-1.582,1
13.029,6.355,-1.58,1
12.989,6.387,-1.578,1
13.017,6.426,-1.583,1
12.945,6.441,-1.576,1
12.923,6.48,-1.576,1
12.931,6.535,-1.579,1
12.863,6.552,-1.573,1
12.837,6.589,-1.572,1
12.828,6.636,-1.574,1
12.79,6.641,-1.57,1
12.767,6.681,-1.57,1
12.721,6.708,-1.566,1
12.676,6.735,-1.563,1
12.668,6.782,-1.565,1
12.635,6.815,-1.563,1
12.521,6.804,-1.55,1
12.634,6.892,-1.568,1
8.749,4.799,-1.026,1
8.73,4.824,-1.025,1
8.64,4.81,-1.015,1
8.563,4.802,-1.006,1
8.505,4.804,-1,1
8.46,4.814,-0.996,1
8.382,4.787,-0.986,1
8.304,4.777,-0.977,1
8.261,4.787,-0.973,1
8.195,4.782,-0.966,1
8.123,4.775,-0.958,1
8.084,4.786,-0.954,1
8.05,4.8,-0.951,1
7.997,4.785,-0.945,1
7.96,4.797,-0.942,1
7.907,4.799,-0.936,1
7.86,4.804,-0.932,1
7.805,4.804,-0.926,1
7.768,4.815,-0.923,1
7.71,4.795,-0.915,1
7.696,4.821,-0.916,1
7.647,4.823,-0.911,1
7.612,4.835,-0.908,1
7.595,4.857,-0.908,1
7.538,4.854,-0.902,1
7.507,4.884,-0.9,1
7.445,4.877,-0.893,1
7.445,4.91,-0.896,1
7.434,4.937,-0.896,1
7.44,4.975,-0.9,1
7.396,4.979,-0.895,1
7.256,4.901,-0.876,1
7.365,5.009,-0.894,1
7.372,5.047,-0.898,1
7.358,5.072,-0.898,1
7.355,5.104,-0.9,1
7.343,5.13,-0.901,1
7.342,5.164,-0.903,1
7.355,5.19,-0.906,1
7.348,5.22,-0.907,1
7.374,5.273,-0.914,1
7.347,5.29,-0.912,1
6.501,4.708,-0.786,1
6.45,4.701,-0.781,1
6.347,4.657,-0.767,1
5.822,4.558,-0.708,1
5.964,4.73,-0.735,1
5.045,5.269,-0.696,1
5.015,5.27,-0.694,1
5.027,-15.634,-1.817,1
5.074,-15.61,-1.816,1
5.106,-15.545,-1.81,1
5.175,-15.588,-1.817,1
5.238,-15.613,-1.822,1
5.285,-15.59,-1.822,1
5.294,-15.539,-1.816,1
5.352,-15.548,-1.82,1
5.384,-15.483,-1.813,1
5.015,-14.283,-1.659,1
5.042,-14.217,-1.653,1
5.51,-15.375,-1.806,1
5.544,-15.319,-1.801,1
5.494,-15.109,-1.774,1
5.283,-5.059,-0.699,1
5.294,-5.038,-0.698,1
5.286,-4.998,-0.694,1
5.286,-4.983,-0.693,1
5.29,-4.956,-0.691,1
5.296,-4.93,-0.689,1
5.301,-4.904,-0.687,1
5.31,-4.882,-0.686,1
5.309,-4.85,-0.684,1
5.322,-4.831,-0.683,1
5.313,-4.808,-0.68,1
5.316,-4.781,-0.679,1
5.324,-4.757,-0.677,1
5.331,-4.734,-0.676,1
5.334,-4.707,-0.674,1
5.71,-4.533,-0.696,1
5.978,-4.461,-0.717,1
5.972,-4.443,-0.715,1
6.329,-4.509,-0.755,1
6.353,-4.496,-0.756,1
6.388,-4.491,-0.759,1
6.43,-4.49,-0.764,1
6.478,-4.493,-0.769,1
6.512,-4.486,-0.772,1
6.582,-4.504,-0.78,1
6.606,-4.504,-0.782,1
8.188,-4.363,-0.94,1
8.219,-4.347,-0.942,1
8.22,-4.315,-0.94,1
8.25,-4.314,-0.944,1
8.26,-4.286,-0.943,1
8.312,-4.28,-0.949,1
8.329,-4.255,-0.949,1
8.388,-4.253,-0.955,1
8.377,-4.214,-0.952,1
8.686,-4.216,-0.986,1
8.753,-4.214,-0.993,1
8.823,-4.214,-1.001,1
8.844,-4.189,-1.002,1
8.937,-4.216,-1.014,1
9.002,-4.212,-1.021,1
9.129,-4.236,-1.036,1
9.31,-4.284,-1.059,1
9.195,-4.197,-1.042,1
9.348,-4.23,-1.06,1
9.465,-4.265,-1.075,1
10.556,-4.714,-1.22,1
10.587,-4.688,-1.222,1
10.602,-4.654,-1.222,1
10.62,-4.623,-1.223,1
10.942,-4.499,-1.253,1
11.028,-4.493,-1.263,1
11.625,-4.461,-1.329,1
11.804,-4.487,-1.351,1
13.288,-4.976,-1.543,1
13.164,-4.883,-1.524,1
13.114,-4.771,-1.514,1
13.129,-4.73,-1.514,1
13.063,-4.66,-1.503,1
13.07,-4.639,-1.503,1
13.038,-4.582,-1.497,1
13.03,-4.533,-1.494,1
12.948,-4.459,-1.482,1
13.028,-4.441,-1.491,1
13.008,-4.389,-1.486,1
12.994,-4.361,-1.483,1
13.021,-4.325,-1.485,1
13.082,-4.299,-1.491,1
13.04,-4.195,-1.482,1
13.046,-4.152,-1.482,1
13.057,-4.11,-1.481,1
13.061,-4.089,-1.481,1
13.082,-4.05,-1.482,1
13.104,-4.012,-1.483,1
13.109,-3.969,-1.482,1
13.169,-3.942,-1.488,1
13.208,-3.908,-1.492,1
13.279,-3.884,-1.499,1
13.342,-3.879,-1.507,1
13.431,-3.859,-1.516,1
13.514,-3.837,-1.525,1
13.667,-3.834,-1.543,1
15.283,-4.18,-1.746,1
15.313,-4.137,-1.748,1
15.316,-4.112,-1.748,1
15.34,-4.067,-1.749,1
15.336,-4.014,-1.747,1
15.354,-3.967,-1.748,1
15.38,-3.923,-1.749,1
15.409,-3.879,-1.752,1
15.433,-3.833,-1.753,1
15.443,-3.81,-1.753,1
15.486,-3.769,-1.757,1
15.497,-3.72,-1.757,1
15.501,-3.669,-1.756,1
15.522,-3.623,-1.758,1
15.522,-3.572,-1.756,1
15.501,-3.541,-1.753,1
15.525,-3.495,-1.754,1
15.565,-3.453,-1.758,1
15.572,-3.403,-1.758,1
15.587,-3.355,-1.758,1
15.587,-3.304,-1.757,1
15.609,-3.258,-1.758,1
15.677,-3.246,-1.766,1
15.805,-3.22,-1.781,1
15.88,-3.184,-1.789,1
15.862,-3.128,-1.786,1
15.825,-3.07,-1.78,1
15.845,-3.022,-1.781,1
15.787,-2.985,-1.773,1
15.757,-2.928,-1.768,1
15.743,-2.874,-1.765,1
15.734,-2.822,-1.763,1
15.72,-2.768,-1.76,1
15.697,-2.714,-1.756,1
15.688,-2.661,-1.754,1
15.682,-2.635,-1.753,1
15.661,-2.581,-1.749,1
15.659,-2.53,-1.748,1
15.632,-2.475,-1.744,1
15.622,-2.424,-1.742,1
15.614,-2.372,-1.74,1
15.599,-2.32,-1.737,1
15.568,-2.29,-1.733,1
15.567,-2.24,-1.732,1
15.554,-2.189,-1.729,1
15.557,-2.139,-1.729,1
15.534,-2.086,-1.725,1
15.537,-2.037,-1.724,1
15.517,-1.985,-1.721,1
15.505,-1.959,-1.719,1
15.509,-1.91,-1.719,1
15.497,-1.859,-1.717,1
15.473,-1.807,-1.713,1
15.469,-1.757,-1.712,1
15.47,-1.708,-1.712,1
15.457,-1.682,-1.71,1
15.443,-1.631,-1.707,1
15.434,-1.581,-1.705,1
15.427,-1.532,-1.704,1
15.418,-1.482,-1.702,1
15.399,-1.431,-1.699,1
15.399,-1.383,-1.699,1
15.384,-1.357,-1.697,1
15.37,-1.307,-1.695,1
15.36,-1.258,-1.693,1
15.352,-1.209,-1.691,1
15.34,-1.159,-1.689,1
15.328,-1.11,-1.687,1
15.315,-1.061,-1.686,1
15.311,-1.036,-1.685,1
15.285,-0.986,-1.681,1
15.29,-0.938,-1.681,1
15.263,-0.889,-1.678,1
15.259,-0.84,-1.677,1
15.222,-0.79,-1.672,1
15.235,-0.743,-1.673,1
15.204,-0.718,-1.669,1
15.202,-0.67,-1.669,1
15.19,-0.621,-1.667,1
15.188,-0.574,-1.667,1
15.168,-0.525,-1.664,1
15.158,-0.477,-1.663,1
15.151,-0.453,-1.662,1
15.148,-0.405,-1.661,1
15.124,-0.357,-1.658,1
15.093,-0.309,-1.654,1
15.11,-0.262,-1.656,1
15.1,-0.214,-1.655,1
15.079,-0.167,-1.652,1
15.081,-0.143,-1.652,1
15.082,-0.096,-1.652,1
15.066,-0.048,-1.65,1
15.066,-0.001,-1.65,1
14.45,0.018,-1.649,1
14.446,0.063,-1.648,1
14.459,0.109,-1.65,1
14.447,0.154,-1.649,1
14.451,0.199,-1.649,1
14.436,0.222,-1.647,1
14.457,0.267,-1.65,1
14.447,0.313,-1.649,1
14.443,0.358,-1.649,1
14.444,0.403,-1.649,1
14.447,0.449,-1.649,1
14.443,0.494,-1.649,1
14.441,0.517,-1.649,1
14.429,0.562,-1.648,1
14.427,0.607,-1.648,1
14.437,0.653,-1.649,1
14.437,0.699,-1.649,1
14.443,0.744,-1.65,1
14.434,0.789,-1.65,1
14.445,0.813,-1.651,1
14.428,0.857,-1.649,1
14.445,0.904,-1.652,1
14.437,0.949,-1.651,1
14.441,0.995,-1.652,1
14.432,1.04,-1.651,1
14.439,1.086,-1.653,1
14.445,1.109,-1.654,1
14.44,1.154,-1.653,1
14.436,1.199,-1.653,1
14.436,1.245,-1.654,1
14.432,1.29,-1.654,1
14.424,1.335,-1.653,1
14.44,1.36,-1.656,1
14.427,1.404,-1.655,1
14.441,1.451,-1.657,1
14.446,1.498,-1.658,1
14.439,1.543,-1.658,1
14.434,1.588,-1.658,1
14.431,1.634,-1.658,1
14.436,1.657,-1.659,1
14.439,1.704,-1.66,1
14.445,1.75,-1.662,1
14.44,1.796,-1.662,1
14.44,1.842,-1.663,1
14.444,1.889,-1.664,1
14.448,1.935,-1.665,1
14.441,1.957,-1.665,1
14.439,2.003,-1.665,1
14.448,2.051,-1.667,1
14.443,2.097,-1.667,1
14.443,2.143,-1.668,1
14.44,2.189,-1.669,1
14.437,2.235,-1.669,1
14.449,2.26,-1.671,1
14.442,2.305,-1.671,1
14.434,2.35,-1.671,1
14.439,2.398,-1.673,1
14.439,2.444,-1.674,1
14.433,2.49,-1.674,1
14.433,2.513,-1.674,1
14.435,2.56,-1.676,1
14.435,2.607,-1.677,1
14.42,2.651,-1.676,1
14.42,2.698,-1.677,1
14.429,2.747,-1.679,1
14.428,2.794,-1.68,1
14.41,2.814,-1.679,1
14.403,2.859,-1.679,1
14.413,2.908,-1.681,1
14.418,2.956,-1.683,1
14.403,3.001,-1.682,1
14.407,3.049,-1.684,1
14.415,3.074,-1.686,1
14.411,3.121,-1.687,1
14.411,3.168,-1.688,1
14.407,3.215,-1.689,1
14.42,3.265,-1.692,1
14.418,3.312,-1.693,1
14.43,3.363,-1.696,1
14.44,3.389,-1.698,1
14.472,3.444,-1.703,1
14.5,3.499,-1.708,1
14.539,3.557,-1.715,1
14.505,3.597,-1.712,1
14.53,3.651,-1.717,1
14.551,3.705,-1.721,1
14.53,3.724,-1.719,1
14.432,3.748,-1.708,1
14.427,3.795,-1.709,1
14.408,3.838,-1.708,1
14.371,3.877,-1.704,1
14.314,3.91,-1.699,1
14.31,3.957,-1.7,1
14.265,3.969,-1.695,1
14.216,4.003,-1.69,1
14.192,4.045,-1.688,1
14.162,4.085,-1.686,1
14.136,4.125,-1.684,1
14.093,4.161,-1.68,1
14.078,4.204,-1.68,1
14.037,4.216,-1.675,1
14.014,4.257,-1.674,1
14.012,4.305,-1.675,1
13.991,4.347,-1.674,1
13.971,4.389,-1.674,1
13.94,4.427,-1.671,1
13.896,4.437,-1.666,1
13.846,4.469,-1.662,1
13.824,4.51,-1.661,1
13.789,4.547,-1.658,1
13.773,4.589,-1.657,1
13.73,4.623,-1.654,1
13.699,4.661,-1.651,1
13.684,4.68,-1.65,1
13.65,4.716,-1.648,1
13.628,4.756,-1.647,1
13.581,4.788,-1.642,1
13.562,4.829,-1.642,1
13.508,4.858,-1.637,1
13.453,4.886,-1.631,1
13.457,4.911,-1.633,1
13.43,4.95,-1.631,1
13.407,4.989,-1.63,1
13.386,5.029,-1.63,1
13.381,5.075,-1.631,1
13.333,5.105,-1.627,1
13.309,5.12,-1.624,1
13.281,5.157,-1.623,1
13.258,5.196,-1.622,1
13.208,5.225,-1.617,1
13.179,5.261,-1.616,1
13.133,5.291,-1.612,1
13.144,5.343,-1.615,1
13.084,5.343,-1.608,1
13.061,5.381,-1.607,1
13.043,5.422,-1.607,1
13.033,5.466,-1.608,1
12.994,5.497,-1.605,1
12.954,5.529,-1.602,1
13.072,5.627,-1.621,1
12.026,5.202,-1.477,1
11.995,5.233,-1.475,1
11.977,5.27,-1.474,1
11.975,5.314,-1.476,1
11.985,5.364,-1.48,1
12.001,5.416,-1.485,1
12.003,5.44,-1.486,1
12.004,5.486,-1.489,1
12.023,5.54,-1.494,1
12.032,5.59,-1.498,1
11.95,5.598,-1.489,1
11.949,5.643,-1.491,1
11.938,5.684,-1.492,1
12.545,5.996,-1.579,1
12.598,6.069,-1.589,1
12.589,6.114,-1.591,1
12.563,6.15,-1.59,1
12.531,6.183,-1.588,1
12.515,6.225,-1.588,1
12.481,6.257,-1.586,1
12.463,6.272,-1.585,1
12.436,6.307,-1.584,1
12.425,6.351,-1.585,1
12.375,6.375,-1.581,1
12.351,6.412,-1.581,1
12.301,6.435,-1.576,1
12.302,6.484,-1.579,1
12.222,6.467,-1.569,1
12.229,6.52,-1.573,1
12.217,6.563,-1.575,1
12.162,6.583,-1.569,1
8.703,4.754,-1.069,1
8.695,4.785,-1.07,1
8.706,4.827,-1.074,1
8.613,4.794,-1.062,1
8.555,4.797,-1.055,1
8.472,4.786,-1.045,1
8.398,4.779,-1.037,1
8.332,4.776,-1.029,1
8.27,4.775,-1.022,1
8.209,4.758,-1.014,1
8.158,4.762,-1.009,1
8.116,4.772,-1.005,1
8.07,4.779,-1,1
8.002,4.773,-0.993,1
7.97,4.788,-0.99,1
7.916,4.79,-0.984,1
7.879,4.785,-0.98,1
7.841,4.795,-0.976,1
7.787,4.796,-0.97,1
7.746,4.805,-0.967,1
7.702,4.811,-0.962,1
7.65,4.812,-0.957,1
7.617,4.809,-0.953,1
7.591,4.825,-0.951,1
7.532,4.821,-0.945,1
7.488,4.86,-0.943,1
7.489,4.894,-0.945,1
7.464,4.911,-0.944,1
7.508,4.957,-0.951,1
7.433,4.941,-0.942,1
7.415,4.963,-0.942,1
7.383,4.975,-0.94,1
7.364,4.996,-0.939,1
7.349,5.019,-0.939,1
7.375,5.071,-0.946,1
7.376,5.089,-0.947,1
7.364,5.115,-0.948,1
7.365,5.15,-0.95,1
7.365,5.184,-0.953,1
7.353,5.211,-0.953,1
7.356,5.247,-0.957,1
7.328,5.262,-0.955,1
6.467,4.663,-0.821,1
6.397,4.644,-0.812,1
6.335,4.629,-0.804,1
6.163,4.594,-0.784,1
6.103,4.579,-0.777,1
6.029,4.539,-0.766,1
6,4.547,-0.764,1
5.948,4.537,-0.758,1
5.911,4.539,-0.754,1
5.864,4.532,-0.749,1
5.836,4.539,-0.746,1
5.792,4.535,-0.742,1
5.767,4.53,-0.739,1
5.661,4.534,-0.728,1
5.586,4.532,-0.721,1
5.372,4.544,-0.701,1
5.362,4.55,-0.7,1
5.295,4.552,-0.694,1
5.258,4.549,-0.69,1
5.226,4.55,-0.687,1
5.212,4.566,-0.687,1
5.186,4.572,-0.685,1
5.154,4.559,-0.681,1
5.002,5.064,-0.711,1
5.004,5.098,-0.714,1
5.01,5.136,-0.719,1
5.012,-14.891,-1.81,1
5.057,-14.869,-1.809,1
5.108,-14.867,-1.811,1
5.152,-14.843,-1.81,1
5.183,-14.857,-1.813,1
5.012,-14.221,-1.729,1
5.098,-14.321,-1.745,1
5.303,-14.752,-1.806,1
5.422,-14.937,-1.833,1
5.23,-5.232,-0.747,1
5.219,-5.059,-0.73,1
5.229,-5.037,-0.729,1
5.226,-5.018,-0.727,1
5.23,-4.99,-0.725,1
5.241,-4.97,-0.725,1
5.24,-4.937,-0.722,1
5.241,-4.907,-0.719,1
5.239,-4.874,-0.716,1
5.247,-4.851,-0.715,1
5.247,-4.836,-0.713,1
5.255,-4.812,-0.712,1
5.257,-4.784,-0.71,1
5.263,-4.759,-0.708,1
5.263,-4.729,-0.706,1
5.275,-4.71,-0.705,1
5.274,-4.679,-0.703,1
5.285,-4.675,-0.703,1
5.945,-4.422,-0.748,1
6.054,-4.415,-0.759,1
6.104,-4.437,-0.766,1
6.113,-4.414,-0.765,1
6.164,-4.422,-0.771,1
6.203,-4.421,-0.775,1
6.235,-4.414,-0.778,1
6.27,-4.41,-0.781,1
6.311,-4.409,-0.786,1
6.347,-4.42,-0.79,1
6.387,-4.418,-0.794,1
6.44,-4.425,-0.8,1
6.502,-4.437,-0.808,1
6.647,-4.506,-0.828,1
6.666,-4.489,-0.829,1
8.125,-4.377,-0.981,1
8.103,-4.349,-0.977,1
8.107,-4.318,-0.976,1
8.224,-4.249,-0.985,1
8.253,-4.231,-0.987,1
8.279,-4.228,-0.99,1
8.343,-4.228,-0.997,1
8.357,-4.202,-0.997,1
8.666,-4.206,-1.033,1
8.694,-4.186,-1.035,1
8.759,-4.183,-1.042,1
8.84,-4.188,-1.052,1
8.901,-4.183,-1.059,1
8.995,-4.193,-1.07,1
9.065,-4.209,-1.079,1
9.116,-4.198,-1.084,1
9.314,-4.218,-1.108,1
9.314,-4.183,-1.107,1
9.419,-4.196,-1.12,1
10.379,-4.587,-1.252,1
10.54,-4.639,-1.274,1
10.991,-4.491,-1.319,1
11.259,-4.478,-1.35,1
11.33,-4.466,-1.358,1
11.466,-4.499,-1.376,1
11.534,-4.484,-1.383,1
11.655,-4.489,-1.398,1
14.088,-5.33,-1.727,1
14.103,-5.285,-1.727,1
13.974,-5.212,-1.708,1
13.075,-4.828,-1.583,1
13.042,-4.769,-1.577,1
13.053,-4.727,-1.576,1
13.064,-4.684,-1.576,1
13.017,-4.621,-1.567,1
13.024,-4.578,-1.566,1
13.188,-4.612,-1.588,1
12.979,-4.447,-1.555,1
12.959,-4.395,-1.551,1
12.948,-4.346,-1.548,1
12.979,-4.311,-1.55,1
13.03,-4.283,-1.555,1
14.218,-4.601,-1.712,1
14.291,-4.576,-1.72,1
13.069,-4.137,-1.554,1
13.093,-4.099,-1.555,1
13.123,-4.063,-1.558,1
13.134,-4.022,-1.558,1
13.155,-4.006,-1.56,1
13.206,-3.976,-1.565,1
13.256,-3.946,-1.57,1
13.423,-3.95,-1.59,1
14.488,-4.216,-1.731,1
14.551,-4.185,-1.737,1
14.613,-4.153,-1.744,1
14.618,-4.13,-1.743,1
14.684,-4.099,-1.751,1
14.693,-4.051,-1.75,1
14.717,-4.008,-1.752,1
14.705,-3.955,-1.748,1
14.746,-3.917,-1.752,1
14.775,-3.9,-1.755,1
14.793,-3.855,-1.756,1
14.805,-3.808,-1.756,1
14.821,-3.763,-1.756,1
14.815,-3.712,-1.754,1
14.831,-3.666,-1.755,1
14.823,-3.615,-1.752,1
14.838,-3.594,-1.753,1
14.847,-3.547,-1.753,1
14.849,-3.498,-1.752,1
14.881,-3.456,-1.755,1
14.871,-3.405,-1.752,1
14.887,-3.359,-1.753,1
14.888,-3.335,-1.752,1
14.916,-3.292,-1.754,1
14.979,-3.257,-1.761,1
15.125,-3.239,-1.779,1
15.17,-3.199,-1.784,1
15.174,-3.15,-1.783,1
15.158,-3.097,-1.779,1
15.154,-3.071,-1.778,1
15.091,-3.009,-1.769,1
15.079,-2.957,-1.766,1
15.077,-2.908,-1.765,1
15.058,-2.855,-1.761,1
15.056,-2.806,-1.759,1
15.051,-2.756,-1.758,1
15.032,-2.728,-1.755,1
15.025,-2.678,-1.753,1
15.011,-2.627,-1.75,1
15.004,-2.577,-1.748,1
14.994,-2.527,-1.745,1
14.987,-2.477,-1.743,1
14.977,-2.427,-1.741,1
14.955,-2.399,-1.738,1
14.949,-2.35,-1.736,1
14.938,-2.3,-1.734,1
14.928,-2.251,-1.732,1
14.921,-2.202,-1.73,1
14.906,-2.152,-1.727,1
14.892,-2.126,-1.725,1
14.897,-2.079,-1.724,1
14.893,-2.031,-1.723,1
14.868,-1.98,-1.719,1
14.868,-1.932,-1.718,1
14.851,-1.882,-1.715,1
14.853,-1.835,-1.715,1
14.834,-1.809,-1.712,1
14.822,-1.76,-1.71,1
14.817,-1.713,-1.708,1
14.815,-1.665,-1.707,1
14.81,-1.618,-1.706,1
14.795,-1.569,-1.704,1
14.787,-1.521,-1.702,1
14.783,-1.497,-1.701,1
14.766,-1.448,-1.698,1
14.77,-1.402,-1.698,1
14.757,-1.354,-1.696,1
14.745,-1.306,-1.694,1
14.741,-1.259,-1.693,1
14.727,-1.211,-1.691,1
14.71,-1.187,-1.688,1
14.713,-1.14,-1.688,1
14.693,-1.092,-1.685,1
14.677,-1.045,-1.683,1
14.676,-0.998,-1.682,1
14.655,-0.951,-1.679,1
14.639,-0.927,-1.677,1
14.634,-0.88,-1.676,1
14.63,-0.834,-1.675,1
14.617,-0.787,-1.673,1
14.612,-0.741,-1.672,1
14.598,-0.694,-1.67,1
14.59,-0.647,-1.669,1
14.585,-0.624,-1.668,1
14.557,-0.577,-1.664,1
14.549,-0.531,-1.663,1
14.549,-0.485,-1.663,1
14.542,-0.439,-1.662,1
14.534,-0.393,-1.66,1
14.515,-0.347,-1.658,1
14.51,-0.324,-1.657,1
14.499,-0.278,-1.655,1
14.488,-0.233,-1.654,1
14.476,-0.187,-1.652,1
14.467,-0.141,-1.651,1
14.456,-0.096,-1.65,1
14.466,-0.073,-1.651,1
14.46,-0.028,-1.65,1
13.873,0.018,-1.672,1
13.863,0.061,-1.671,1
13.857,0.105,-1.67,1
13.863,0.148,-1.671,1
13.87,0.17,-1.672,1
13.864,0.214,-1.671,1
13.851,0.257,-1.669,1
13.836,0.3,-1.667,1
13.853,0.344,-1.67,1
13.834,0.387,-1.667,1
13.844,0.409,-1.669,1
13.824,0.452,-1.666,1
13.839,0.496,-1.668,1
13.833,0.539,-1.668,1
13.837,0.583,-1.669,1
13.824,0.626,-1.667,1
13.825,0.67,-1.668,1
13.82,0.691,-1.667,1
13.822,0.735,-1.668,1
13.832,0.779,-1.669,1
13.829,0.822,-1.669,1
13.83,0.866,-1.67,1
13.808,0.908,-1.667,1
13.819,0.952,-1.669,1
13.809,0.974,-1.668,1
13.814,1.018,-1.669,1
13.813,1.061,-1.669,1
13.802,1.104,-1.668,1
13.798,1.147,-1.668,1
13.826,1.193,-1.672,1
13.812,1.236,-1.671,1
13.81,1.258,-1.671,1
13.808,1.301,-1.671,1
13.806,1.345,-1.672,1
13.806,1.388,-1.672,1
13.803,1.432,-1.672,1
13.801,1.476,-1.673,1
13.8,1.498,-1.673,1
13.803,1.542,-1.674,1
13.781,1.583,-1.672,1
13.791,1.628,-1.674,1
13.782,1.671,-1.673,1
13.779,1.715,-1.673,1
13.77,1.757,-1.673,1
13.777,1.78,-1.674,1
13.765,1.823,-1.673,1
13.763,1.867,-1.674,1
13.767,1.911,-1.675,1
13.757,1.954,-1.675,1
13.767,1.999,-1.677,1
13.778,2.045,-1.679,1
13.773,2.067,-1.679,1
13.772,2.111,-1.68,1
13.767,2.154,-1.68,1
13.762,2.198,-1.68,1
13.755,2.241,-1.68,1
13.744,2.284,-1.68,1
13.745,2.306,-1.68,1
13.755,2.352,-1.683,1
13.755,2.397,-1.684,1
13.761,2.442,-1.686,1
13.748,2.484,-1.685,1
13.759,2.531,-1.688,1
13.742,2.573,-1.686,1
13.749,2.596,-1.688,1
13.747,2.641,-1.689,1
13.75,2.686,-1.69,1
13.742,2.729,-1.69,1
13.751,2.776,-1.693,1
13.74,2.819,-1.692,1
13.739,2.864,-1.694,1
13.738,2.886,-1.694,1
13.746,2.933,-1.696,1
13.729,2.975,-1.695,1
13.733,3.021,-1.697,1
13.73,3.065,-1.698,1
13.728,3.11,-1.699,1
13.726,3.155,-1.7,1
13.724,3.177,-1.701,1
13.728,3.224,-1.703,1
13.741,3.272,-1.706,1
13.738,3.317,-1.707,1
13.759,3.368,-1.711,1
13.765,3.416,-1.714,1
13.789,3.468,-1.718,1
13.82,3.499,-1.723,1
13.874,3.559,-1.733,1
13.934,3.621,-1.742,1
13.932,3.667,-1.744,1
13.932,3.714,-1.745,1
13.886,3.748,-1.741,1
13.8,3.748,-1.729,1
13.759,3.784,-1.725,1
13.726,3.821,-1.722,1
13.701,3.86,-1.721,1
13.677,3.9,-1.719,1
13.651,3.939,-1.717,1
13.628,3.979,-1.715,1
13.587,3.99,-1.711,1
13.546,4.024,-1.707,1
13.529,4.065,-1.706,1
13.509,4.106,-1.705,1
13.46,4.137,-1.7,1
13.43,4.174,-1.698,1
13.409,4.214,-1.696,1
13.342,4.216,-1.688,1
13.312,4.252,-1.685,1
13.299,4.294,-1.685,1
13.244,4.322,-1.68,1
13.207,4.356,-1.676,1
13.154,4.384,-1.671,1
13.125,4.42,-1.669,1
13.124,4.443,-1.669,1
13.093,4.478,-1.667,1
13.066,4.515,-1.665,1
13.038,4.551,-1.663,1
12.99,4.58,-1.659,1
12.944,4.61,-1.654,1
12.954,4.636,-1.656,1
12.926,4.672,-1.654,1
12.904,4.71,-1.653,1
12.867,4.742,-1.65,1
12.852,4.783,-1.65,1
12.8,4.809,-1.645,1
12.775,4.846,-1.644,1
12.732,4.852,-1.638,1
12.712,4.89,-1.638,1
12.685,4.926,-1.636,1
12.727,4.988,-1.644,1
12.672,5.013,-1.639,1
12.656,5.052,-1.639,1
12.647,5.071,-1.638,1
12.607,5.101,-1.635,1
12.587,5.139,-1.634,1
12.584,5.184,-1.636,1
12.538,5.212,-1.632,1
12.544,5.26,-1.635,1
12.487,5.283,-1.629,1
12.449,5.29,-1.625,1
12.467,5.344,-1.63,1
12.434,5.376,-1.628,1
12.404,5.409,-1.626,1
12.351,5.432,-1.621,1
12.099,5.366,-1.586,1
11.995,5.365,-1.573,1
11.983,5.382,-1.572,1
11.993,5.432,-1.576,1
11.963,5.464,-1.575,1
11.964,5.51,-1.577,1
11.99,5.567,-1.584,1
11.96,5.599,-1.582,1
12.006,5.667,-1.591,1
12.126,5.748,-1.611,1
12.096,5.78,-1.609,1
12.061,5.81,-1.606,1
12.066,5.859,-1.61,1
12.025,5.885,-1.606,1
11.996,5.918,-1.605,1
11.986,5.96,-1.606,1
11.955,5.968,-1.603,1
11.929,6.002,-1.602,1
11.912,6.04,-1.602,1
11.875,6.069,-1.599,1
11.846,6.101,-1.598,1
11.841,6.145,-1.6,1
11.827,6.162,-1.599,1
11.79,6.19,-1.597,1
11.764,6.223,-1.596,1
11.746,6.261,-1.596,1
11.721,6.295,-1.595,1
11.713,6.338,-1.597,1
11.539,6.29,-1.573,1
11.657,6.379,-1.593,1
8.664,4.769,-1.135,1
8.576,4.755,-1.123,1
8.528,4.764,-1.118,1
8.511,4.79,-1.118,1
8.526,4.833,-1.123,1
8.473,4.838,-1.117,1
8.408,4.819,-1.108,1
8.323,4.804,-1.097,1
8.277,4.812,-1.092,1
8.209,4.807,-1.084,1
8.146,4.805,-1.076,1
8.092,4.807,-1.07,1
8.048,4.798,-1.065,1
7.998,4.802,-1.059,1
7.945,4.804,-1.053,1
7.903,4.813,-1.049,1
7.856,4.818,-1.044,1
7.805,4.82,-1.038,1
7.763,4.828,-1.034,1
7.732,4.825,-1.03,1
7.689,4.832,-1.026,1
7.652,4.842,-1.022,1
7.613,4.851,-1.018,1
7.573,4.859,-1.014,1
7.529,4.864,-1.01,1
7.492,4.874,-1.006,1
7.503,4.897,-1.009,1
7.468,4.908,-1.006,1
7.441,4.924,-1.004,1
7.412,4.938,-1.002,1
7.385,4.954,-1,1
7.379,4.984,-1.002,1
7.373,4.996,-1.002,1
7.357,5.019,-1.002,1
7.34,5.041,-1.002,1
7.326,5.066,-1.002,1
7.327,5.101,-1.005,1
7.323,5.132,-1.007,1
7.318,5.163,-1.009,1
7.329,5.188,-1.012,1
7.324,5.219,-1.014,1
7.321,5.252,-1.016,1
7.315,5.283,-1.018,1
6.5,4.722,-0.885,1
6.423,4.696,-0.874,1
6.209,4.569,-0.841,1
6.256,4.619,-0.85,1
6.204,4.61,-0.843,1
6.057,4.62,-0.828,1
5.996,4.603,-0.82,1
5.954,4.585,-0.815,1
5.905,4.577,-0.809,1
5.856,4.569,-0.803,1
5.798,4.553,-0.795,1
5.752,4.545,-0.79,1
5.705,4.537,-0.784,1
5.667,4.536,-0.78,1
5.637,4.527,-0.776,1
5.609,4.533,-0.774,1
5.573,4.533,-0.77,1
5.556,4.548,-0.769,1
5.525,4.551,-0.766,1
5.488,4.55,-0.762,1
5.473,4.552,-0.761,1
5.397,4.547,-0.753,1
5.395,4.574,-0.755,1
5.343,4.558,-0.748,1
5.321,4.569,-0.747,1
5.31,4.588,-0.747,1
5.27,4.568,-0.742,1
5.258,4.587,-0.742,1
5.234,4.594,-0.74,1
5.197,4.591,-0.736,1
5.184,4.608,-0.737,1
5.143,4.601,-0.732,1
5.145,4.617,-0.733,1
5.105,4.61,-0.729,1
5.098,4.633,-0.73,1
5.095,4.66,-0.732,1
5.06,4.686,-0.731,1
5.054,4.71,-0.733,1
5.068,4.739,-0.737,1
5.043,4.745,-0.735,1
5.048,4.78,-0.739,1
5.046,4.808,-0.741,1
5.029,4.822,-0.741,1
5.026,4.849,-0.743,1
5.029,4.883,-0.746,1
5.028,4.898,-0.748,1
5,4.901,-0.745,1
5.006,4.938,-0.749,1
5.003,4.966,-0.752,1
5.042,-14.435,-1.863,1
5.034,-14.27,-1.842,1
5.008,-14.056,-1.813,1
5.21,-5.397,-0.813,1
5.203,-5.356,-0.808,1
5.208,-5.327,-0.806,1
5.205,-5.291,-0.802,1
5.209,-5.278,-0.801,1
5.209,-5.245,-0.798,1
5.205,-5.209,-0.794,1
5.22,-5.192,-0.794,1
5.224,-5.163,-0.792,1
5.226,-5.132,-0.789,1
5.229,-5.104,-0.787,1
5.231,-5.09,-0.785,1
5.229,-5.055,-0.782,1
5.226,-5.021,-0.778,1
5.237,-5.001,-0.778,1
5.25,-4.982,-0.777,1
5.256,-4.956,-0.775,1
5.255,-4.939,-0.774,1
5.251,-4.905,-0.77,1
5.262,-4.885,-0.769,1
5.263,-4.855,-0.767,1
5.265,-4.826,-0.764,1
5.276,-4.805,-0.764,1
5.272,-4.772,-0.76,1
5.275,-4.759,-0.759,1
5.276,-4.731,-0.757,1
5.293,-4.716,-0.757,1
5.29,-4.683,-0.754,1
5.294,-4.658,-0.752,1
5.301,-4.634,-0.751,1
5.319,-4.62,-0.751,1
5.318,-4.605,-0.75,1
5.343,-4.598,-0.752,1
5.358,-4.581,-0.752,1
5.365,-4.558,-0.75,1
5.396,-4.555,-0.753,1
5.41,-4.538,-0.753,1
5.425,-4.536,-0.755,1
5.45,-4.527,-0.757,1
5.465,-4.512,-0.757,1
5.492,-4.504,-0.759,1
5.535,-4.511,-0.764,1
5.545,-4.49,-0.763,1
5.57,-4.481,-0.765,1
5.589,-4.482,-0.767,1
5.62,-4.478,-0.77,1
5.645,-4.469,-0.772,1
5.67,-4.46,-0.774,1
5.704,-4.458,-0.777,1
5.726,-4.446,-0.779,1
5.764,-4.446,-0.783,1
5.777,-4.441,-0.784,1
5.808,-4.436,-0.787,1
5.843,-4.434,-0.79,1
5.86,-4.418,-0.791,1
5.901,-4.419,-0.795,1
5.931,-4.413,-0.798,1
5.953,-4.415,-0.801,1
5.978,-4.405,-0.803,1
6.008,-4.397,-0.805,1
6.048,-4.397,-0.809,1
6.099,-4.405,-0.816,1
6.129,-4.397,-0.818,1
6.149,-4.382,-0.819,1
6.185,-4.393,-0.824,1
6.238,-4.401,-0.831,1
6.263,-4.389,-0.832,1
6.312,-4.394,-0.838,1
6.359,-4.397,-0.844,1
6.391,-4.389,-0.847,1
6.452,-4.401,-0.854,1
6.493,-4.414,-0.86,1
6.573,-4.438,-0.871,1
6.719,-4.505,-0.892,1
8.135,-4.419,-1.049,1
8.136,-4.386,-1.048,1
8.153,-4.363,-1.048,1
8.172,-4.34,-1.049,1
8.443,-4.231,-1.075,1
8.695,-4.204,-1.103,1
8.763,-4.203,-1.112,1
8.832,-4.202,-1.12,1
8.888,-4.194,-1.126,1
8.954,-4.208,-1.135,1
9.018,-4.203,-1.143,1
9.04,-4.179,-1.144,1
9.082,-4.163,-1.148,1
9.124,-4.148,-1.153,1
9.173,-4.135,-1.158,1
9.242,-4.132,-1.166,1
9.335,-4.155,-1.179,1
9.47,-4.179,-1.197,1
10.993,-4.581,-1.407,1
10.989,-4.539,-1.404,1
11.04,-4.52,-1.41,1
11.122,-4.512,-1.42,1
11.32,-4.53,-1.445,1
11.461,-4.545,-1.464,1
13.449,-5.231,-1.747,1
13.462,-5.187,-1.746,1
13.487,-5.148,-1.748,1
13.501,-5.105,-1.747,1
13.511,-5.085,-1.748,1
13.561,-5.055,-1.753,1
13.543,-5,-1.748,1
13.402,-4.9,-1.725,1
13.099,-4.743,-1.68,1
13.106,-4.699,-1.679,1
13.074,-4.665,-1.673,1
13.066,-4.616,-1.67,1
13.073,-4.572,-1.669,1
13.046,-4.517,-1.663,1
13.057,-4.475,-1.662,1
13.016,-4.415,-1.654,1
13.034,-4.376,-1.655,1
13.076,-4.367,-1.66,1
13.711,-4.53,-1.748,1
13.759,-4.498,-1.753,1
13.772,-4.454,-1.753,1
13.767,-4.405,-1.75,1
13.799,-4.367,-1.753,1
13.822,-4.327,-1.754,1
13.806,-4.298,-1.751,1
13.82,-4.255,-1.751,1
13.848,-4.216,-1.753,1
13.879,-4.178,-1.756,1
13.882,-4.131,-1.754,1
13.895,-4.088,-1.754,1
13.928,-4.073,-1.758,1
13.929,-4.026,-1.756,1
13.965,-3.989,-1.76,1
13.981,-3.946,-1.76,1
14.018,-3.909,-1.764,1
14.034,-3.866,-1.764,1
14.06,-3.826,-1.766,1
14.083,-3.808,-1.768,1
14.093,-3.763,-1.768,1
14.113,-3.721,-1.769,1
14.164,-3.687,-1.775,1
14.145,-3.635,-1.77,1
14.158,-3.591,-1.771,1
14.183,-3.55,-1.773,1
14.185,-3.527,-1.772,1
14.223,-3.489,-1.776,1
14.224,-3.442,-1.774,1
14.231,-3.396,-1.774,1
14.216,-3.345,-1.77,1
14.233,-3.302,-1.771,1
14.262,-3.262,-1.774,1
14.364,-3.261,-1.787,1
14.471,-3.237,-1.801,1
14.466,-3.188,-1.799,1
14.449,-3.137,-1.795,1
14.452,-3.091,-1.794,1
14.449,-3.042,-1.792,1
14.417,-2.988,-1.787,1
14.414,-2.964,-1.785,1
14.385,-2.911,-1.78,1
14.366,-2.861,-1.776,1
14.379,-2.816,-1.777,1
14.367,-2.767,-1.774,1
14.36,-2.719,-1.772,1
14.358,-2.695,-1.771,1
14.333,-2.644,-1.766,1
14.336,-2.598,-1.766,1
14.33,-2.55,-1.764,1
14.318,-2.502,-1.761,1
14.311,-2.454,-1.759,1
14.301,-2.407,-1.757,1
14.267,-2.378,-1.752,1
14.275,-2.333,-1.752,1
14.27,-2.286,-1.75,1
14.258,-2.238,-1.747,1
14.239,-2.19,-1.744,1
14.24,-2.144,-1.743,1
14.229,-2.097,-1.741,1
14.223,-2.073,-1.739,1
14.219,-2.027,-1.738,1
14.214,-1.981,-1.736,1
14.198,-1.933,-1.733,1
14.21,-1.889,-1.734,1
14.194,-1.842,-1.731,1
14.198,-1.797,-1.731,1
14.193,-1.774,-1.73,1
14.181,-1.727,-1.727,1
14.182,-1.682,-1.727,1
14.176,-1.636,-1.725,1
14.165,-1.59,-1.723,1
14.162,-1.545,-1.722,1
14.167,-1.5,-1.722,1
14.159,-1.477,-1.721,1
14.156,-1.431,-1.72,1
14.16,-1.387,-1.72,1
14.147,-1.341,-1.717,1
14.129,-1.294,-1.714,1
14.133,-1.25,-1.714,1
14.12,-1.227,-1.712,1
14.121,-1.182,-1.712,1
14.111,-1.137,-1.71,1
14.083,-1.09,-1.706,1
14.086,-1.046,-1.706,1
14.086,-1.001,-1.705,1
14.085,-0.957,-1.705,1
14.055,-0.932,-1.7,1
14.063,-0.889,-1.701,1
14.038,-0.843,-1.698,1
14.045,-0.799,-1.698,1
14.032,-0.754,-1.696,1
14.012,-0.709,-1.693,1
13.999,-0.686,-1.691,1
13.995,-0.642,-1.69,1
13.972,-0.597,-1.687,1
13.95,-0.552,-1.684,1
13.939,-0.508,-1.682,1
13.931,-0.464,-1.681,1
13.895,-0.419,-1.676,1
13.903,-0.397,-1.677,1
13.897,-0.353,-1.676,1
13.89,-0.31,-1.675,1
13.885,-0.266,-1.674,1
13.884,-0.222,-1.673,1
13.88,-0.179,-1.673,1
13.877,-0.135,-1.672,1
13.857,-0.113,-1.67,1
13.865,-0.069,-1.671,1
13.869,-0.026,-1.671,1
13.209,0.007,-1.672,1
13.211,0.048,-1.672,1
13.211,0.09,-1.672,1
13.209,0.131,-1.672,1
13.21,0.173,-1.672,1
13.192,0.193,-1.669,1
13.191,0.235,-1.669,1
13.165,0.276,-1.666,1
13.17,0.317,-1.667,1
13.161,0.358,-1.666,1
13.15,0.399,-1.664,1
13.15,0.441,-1.664,1
13.164,0.462,-1.666,1
13.124,0.502,-1.661,1
13.154,0.544,-1.666,1
13.147,0.586,-1.665,1
13.149,0.627,-1.665,1
13.155,0.669,-1.666,1
13.16,0.71,-1.668,1
13.155,0.731,-1.667,1
13.155,0.772,-1.667,1
13.152,0.814,-1.667,1
13.148,0.855,-1.667,1
13.155,0.897,-1.668,1
13.14,0.937,-1.667,1
13.157,0.959,-1.669,1
13.155,1.001,-1.669,1
13.152,1.042,-1.669,1
13.155,1.084,-1.67,1
13.151,1.125,-1.67,1
13.154,1.167,-1.671,1
13.138,1.207,-1.669,1
13.142,1.228,-1.67,1
13.128,1.269,-1.669,1
13.132,1.311,-1.67,1
13.13,1.352,-1.67,1
13.132,1.394,-1.671,1
13.123,1.435,-1.671,1
13.134,1.478,-1.673,1
13.128,1.498,-1.672,1
13.133,1.54,-1.674,1
13.118,1.58,-1.672,1
13.131,1.624,-1.675,1
13.116,1.664,-1.673,1
13.125,1.707,-1.675,1
13.124,1.728,-1.676,1
13.126,1.77,-1.677,1
13.117,1.811,-1.676,1
13.13,1.855,-1.679,1
13.119,1.895,-1.678,1
13.122,1.938,-1.68,1
13.12,1.979,-1.68,1
13.125,2.001,-1.681,1
13.117,2.042,-1.681,1
13.12,2.085,-1.682,1
13.121,2.127,-1.684,1
13.124,2.17,-1.685,1
13.117,2.211,-1.685,1
13.114,2.253,-1.685,1
13.117,2.275,-1.686,1
13.105,2.315,-1.686,1
13.098,2.356,-1.686,1
13.106,2.4,-1.688,1
13.091,2.44,-1.687,1
13.095,2.483,-1.689,1
13.087,2.525,-1.689,1
13.081,2.545,-1.688,1
13.09,2.589,-1.691,1
13.078,2.63,-1.69,1
13.08,2.673,-1.692,1
13.069,2.713,-1.691,1
13.065,2.755,-1.692,1
13.054,2.796,-1.692,1
13.057,2.818,-1.693,1
13.05,2.859,-1.693,1
13.035,2.899,-1.692,1
13.047,2.945,-1.695,1
13.042,2.987,-1.696,1
13.044,3.03,-1.698,1
13.051,3.053,-1.699,1
13.059,3.098,-1.702,1
13.053,3.14,-1.702,1
13.058,3.185,-1.705,1
13.058,3.228,-1.706,1
13.055,3.271,-1.707,1
13.058,3.316,-1.709,1
13.061,3.338,-1.71,1
13.054,3.38,-1.711,1
13.068,3.428,-1.714,1
13.075,3.473,-1.717,1
13.087,3.52,-1.72,1
13.131,3.577,-1.728,1
13.16,3.629,-1.734,1
13.204,3.663,-1.742,1
13.194,3.705,-1.742,1
13.114,3.727,-1.732,1
13.051,3.754,-1.724,1
13.033,3.793,-1.723,1
12.975,3.821,-1.717,1
12.95,3.857,-1.715,1
12.934,3.875,-1.713,1
12.913,3.913,-1.712,1
12.912,3.957,-1.714,1
12.878,3.991,-1.71,1
12.854,4.028,-1.709,1
12.815,4.06,-1.705,1
12.816,4.082,-1.706,1
12.792,4.119,-1.704,1
12.768,4.155,-1.703,1
12.728,4.187,-1.699,1
12.689,4.218,-1.695,1
12.662,4.254,-1.693,1
12.647,4.293,-1.692,1
12.618,4.305,-1.689,1
12.601,4.343,-1.689,1
12.564,4.375,-1.685,1
12.528,4.407,-1.682,1
12.499,4.441,-1.68,1
12.478,4.477,-1.678,1
12.437,4.485,-1.673,1
12.401,4.516,-1.67,1
12.401,4.56,-1.672,1
12.398,4.603,-1.674,1
12.367,4.636,-1.671,1
12.358,4.677,-1.672,1
12.345,4.716,-1.673,1
12.332,4.734,-1.672,1
12.286,4.76,-1.667,1
12.276,4.801,-1.668,1
12.259,4.839,-1.668,1
12.238,4.875,-1.667,1
12.212,4.909,-1.665,1
12.167,4.936,-1.661,1
12.137,4.946,-1.657,1
12.131,4.988,-1.659,1
12.099,5.019,-1.656,1
12.074,5.053,-1.655,1
12.043,5.085,-1.652,1
12.031,5.124,-1.653,1
11.998,5.155,-1.65,1
11.986,5.172,-1.65,1
11.976,5.212,-1.651,1
11.941,5.242,-1.648,1
11.886,5.263,-1.642,1
11.855,5.294,-1.64,1
11.841,5.332,-1.64,1
11.813,5.364,-1.638,1
11.803,5.382,-1.638,1
11.753,5.404,-1.633,1
11.72,5.433,-1.631,1
11.703,5.47,-1.631,1
11.67,5.499,-1.628,1
11.645,5.533,-1.627,1
11.635,5.55,-1.627,1
11.594,5.575,-1.623,1
11.587,5.617,-1.625,1
11.55,5.644,-1.622,1
11.509,5.669,-1.618,1
11.5,5.709,-1.619,1
11.453,5.731,-1.615,1
11.436,5.745,-1.613,1
11.426,5.785,-1.615,1
11.392,5.813,-1.612,1
11.37,5.847,-1.612,1
11.352,5.883,-1.612,1
11.316,5.909,-1.609,1
11.294,5.943,-1.608,1
11.293,5.965,-1.61,1
11.274,6.001,-1.61,1
11.259,6.038,-1.61,1
11.25,6.079,-1.612,1
11.09,6.038,-1.589,1
8.658,4.773,-1.201,1
8.58,4.766,-1.191,1
8.498,4.755,-1.18,1
8.4,4.735,-1.167,1
8.363,4.749,-1.163,1
8.294,4.745,-1.154,1
8.233,4.744,-1.147,1
8.196,4.741,-1.142,1
8.135,4.74,-1.135,1
8.092,4.817,-1.135,1
8.075,4.841,-1.135,1
8.033,4.85,-1.13,1
7.989,4.842,-1.124,1
7.43,4.846,-1.057,1
7.411,4.917,-1.061,1
7.356,4.914,-1.054,1
7.361,4.951,-1.057,1
7.347,4.975,-1.058,1
7.352,5.097,-1.068,1
7.349,5.129,-1.07,1
7.341,5.158,-1.072,1
7.331,5.185,-1.073,1
7.328,5.218,-1.075,1
7.343,5.264,-1.081,1
6.513,4.719,-0.94,1
6.453,4.707,-0.932,1
6.352,4.664,-0.917,1
6.057,4.612,-0.879,1
6.035,4.625,-0.878,1
6.083,4.692,-0.889,1
5.954,4.623,-0.869,1
5.887,4.586,-0.858,1
5.884,4.613,-0.86,1
5.837,4.606,-0.854,1
5.807,4.612,-0.851,1
5.769,4.611,-0.847,1
5.726,4.607,-0.842,1
5.673,4.594,-0.835,1
5.658,4.597,-0.834,1
5.627,4.601,-0.831,1
5.597,4.606,-0.828,1
5.276,4.614,-0.794,1
5.284,4.635,-0.797,1
5.266,4.649,-0.796,1
5.252,4.666,-0.796,1
5.227,4.673,-0.794,1
5.191,4.671,-0.79,1
5.178,4.689,-0.791,1
5.132,4.677,-0.785,1
5.138,4.697,-0.787,1
5.008,4.608,-0.765,1
5.119,4.739,-0.789,1
5.183,-5.344,-0.856,1
5.182,-5.309,-0.852,1
5.204,-5.298,-0.853,1
5.199,-5.259,-0.849,1
5.195,-5.222,-0.844,1
5.182,-5.193,-0.84,1
5.198,-5.176,-0.84,1
5.203,-5.149,-0.838,1
5.198,-5.112,-0.834,1
5.213,-5.094,-0.833,1
5.21,-5.059,-0.83,1
5.212,-5.029,-0.827,1
5.211,-5.013,-0.825,1
5.237,-5.006,-0.827,1
5.214,-4.953,-0.82,1
5.221,-4.928,-0.818,1
5.237,-4.912,-0.818,1
5.22,-4.865,-0.812,1
5.231,-4.845,-0.811,1
5.245,-4.842,-0.812,1
5.232,-4.8,-0.807,1
5.241,-4.778,-0.806,1
5.24,-4.747,-0.803,1
5.254,-4.729,-0.802,1
5.243,-4.69,-0.798,1
5.243,-4.675,-0.796,1
5.254,-4.655,-0.795,1
5.36,-4.587,-0.8,1
5.361,-4.558,-0.798,1
5.377,-4.542,-0.798,1
5.393,-4.527,-0.798,1
5.402,-4.506,-0.798,1
5.599,-4.437,-0.813,1
5.659,-4.399,-0.816,1
5.768,-4.397,-0.828,1
5.822,-4.395,-0.834,1
5.907,-4.373,-0.842,1
6.095,-4.351,-0.862,1
6.17,-4.347,-0.87,1
6.228,-4.358,-0.878,1
6.251,-4.36,-0.881,1
6.297,-4.363,-0.886,1
6.594,-4.419,-0.925,1
6.667,-4.453,-0.937,1
8.107,-4.443,-1.11,1
8.099,-4.405,-1.107,1
8.114,-4.38,-1.107,1
8.097,-4.354,-1.103,1
8.135,-4.342,-1.107,1
8.145,-4.315,-1.107,1
8.499,-4.183,-1.143,1
8.512,-4.156,-1.143,1
8.549,-4.158,-1.147,1
8.581,-4.14,-1.151,1
9.248,-4.128,-1.236,1
10.896,-4.645,-1.479,1
10.942,-4.624,-1.483,1
12.046,-5.048,-1.651,1
12.046,-5.026,-1.65,1
12.027,-4.974,-1.644,1
12.023,-4.928,-1.641,1
11.959,-4.858,-1.629,1
11.951,-4.811,-1.625,1
11.951,-4.767,-1.623,1
12.019,-4.773,-1.632,1
12.824,-5.048,-1.753,1
12.845,-5.009,-1.754,1
12.87,-4.973,-1.755,1
12.882,-4.931,-1.754,1
12.91,-4.895,-1.756,1
12.916,-4.851,-1.755,1
12.911,-4.826,-1.753,1
12.932,-4.787,-1.754,1
12.949,-4.748,-1.754,1
12.969,-4.709,-1.755,1
12.993,-4.671,-1.756,1
13.011,-4.632,-1.757,1
13.013,-4.586,-1.755,1
12.932,-4.535,-1.742,1
13.025,-4.522,-1.754,1
13.048,-4.484,-1.755,1
13.062,-4.443,-1.755,1
13.08,-4.403,-1.756,1
13.109,-4.367,-1.758,1
13.106,-4.343,-1.756,1
13.107,-4.298,-1.754,1
13.113,-4.254,-1.753,1
13.139,-4.217,-1.755,1
13.167,-4.181,-1.758,1
13.181,-4.139,-1.758,1
13.207,-4.102,-1.759,1
13.221,-4.084,-1.761,1
13.235,-4.043,-1.761,1
13.263,-4.006,-1.763,1
13.279,-3.965,-1.764,1
13.296,-3.925,-1.764,1
13.298,-3.88,-1.763,1
13.328,-3.843,-1.765,1
13.318,-3.818,-1.763,1
13.348,-3.781,-1.766,1
13.392,-3.748,-1.77,1
13.405,-3.707,-1.771,1
13.44,-3.671,-1.774,1
13.47,-3.634,-1.777,1
13.484,-3.592,-1.777,1
13.474,-3.567,-1.775,1
13.512,-3.531,-1.779,1
13.533,-3.491,-1.78,1
13.528,-3.445,-1.778,1
13.547,-3.404,-1.779,1
13.555,-3.361,-1.779,1
13.552,-3.315,-1.777,1
13.59,-3.302,-1.782,1
13.676,-3.277,-1.793,1
13.784,-3.258,-1.807,1
13.833,-3.224,-1.812,1
13.804,-3.171,-1.807,1
13.781,-3.12,-1.802,1
13.732,-3.086,-1.794,1
13.691,-3.032,-1.787,1
13.637,-2.975,-1.778,1
13.6,-2.922,-1.771,1
13.592,-2.876,-1.768,1
13.579,-2.828,-1.765,1
13.567,-2.781,-1.762,1
13.544,-2.754,-1.758,1
13.555,-2.712,-1.759,1
13.551,-2.667,-1.757,1
13.54,-2.621,-1.754,1
13.525,-2.574,-1.751,1
13.533,-2.531,-1.751,1
13.527,-2.486,-1.749,1
13.516,-2.462,-1.747,1
13.523,-2.42,-1.747,1
13.523,-2.376,-1.745,1
13.513,-2.33,-1.743,1
13.516,-2.287,-1.742,1
13.498,-2.24,-1.739,1
13.487,-2.195,-1.736,1
13.481,-2.172,-1.735,1
13.466,-2.127,-1.732,1
13.481,-2.085,-1.733,1
13.479,-2.042,-1.732,1
13.47,-1.997,-1.729,1
13.478,-1.955,-1.73,1
13.48,-1.912,-1.729,1
13.472,-1.889,-1.728,1
13.454,-1.844,-1.724,1
13.458,-1.801,-1.724,1
13.448,-1.757,-1.722,1
13.431,-1.712,-1.719,1
13.435,-1.669,-1.718,1
13.435,-1.648,-1.718,1
13.435,-1.605,-1.717,1
13.43,-1.562,-1.716,1
13.425,-1.518,-1.714,1
13.427,-1.476,-1.714,1
13.434,-1.434,-1.714,1
13.417,-1.389,-1.711,1
13.399,-1.366,-1.708,1
13.409,-1.325,-1.709,1
13.404,-1.282,-1.708,1
13.396,-1.239,-1.706,1
13.394,-1.196,-1.705,1
13.399,-1.154,-1.706,1
13.393,-1.132,-1.705,1
13.405,-1.091,-1.706,1
13.406,-1.049,-1.705,1
13.421,-1.007,-1.707,1
13.424,-0.965,-1.707,1
13.433,-0.923,-1.708,1
13.422,-0.88,-1.706,1
13.392,-0.857,-1.701,1
13.379,-0.814,-1.699,1
13.346,-0.77,-1.694,1
13.308,-0.726,-1.689,1
13.295,-0.683,-1.686,1
13.281,-0.641,-1.684,1
13.253,-0.597,-1.68,1
13.244,-0.576,-1.678,1
13.232,-0.534,-1.677,1
13.232,-0.492,-1.676,1
13.231,-0.451,-1.676,1
13.213,-0.408,-1.673,1
13.216,-0.367,-1.673,1
13.219,-0.325,-1.674,1
13.208,-0.304,-1.672,1
13.223,-0.263,-1.674,1
13.2,-0.221,-1.671,1
13.204,-0.18,-1.671,1
13.203,-0.138,-1.671,1
13.203,-0.097,-1.671,1
13.195,-0.076,-1.67,1
13.209,-0.035,-1.672,1
12.713,0.024,-1.659,1
12.706,0.064,-1.658,1
12.722,0.104,-1.66,1
12.72,0.144,-1.66,1
12.729,0.185,-1.661,1
12.727,0.204,-1.661,1
12.722,0.244,-1.661,1
12.713,0.284,-1.659,1
12.716,0.324,-1.66,1
12.723,0.364,-1.661,1
12.708,0.404,-1.659,1
12.707,0.424,-1.659,1
12.712,0.464,-1.66,1
12.71,0.504,-1.66,1
12.703,0.544,-1.659,1
12.711,0.584,-1.661,1
12.699,0.623,-1.659,1
12.705,0.664,-1.66,1
12.704,0.684,-1.66,1
12.702,0.724,-1.66,1
12.682,0.762,-1.658,1
12.707,0.804,-1.662,1
12.7,0.844,-1.661,1
12.7,0.884,-1.661,1
12.687,0.923,-1.66,1
12.703,0.944,-1.663,1
12.694,0.984,-1.662,1
12.693,1.024,-1.662,1
12.7,1.064,-1.663,1
12.694,1.104,-1.663,1
12.697,1.144,-1.664,1
12.707,1.166,-1.666,1
12.699,1.205,-1.665,1
12.689,1.244,-1.664,1
12.699,1.286,-1.666,1
12.681,1.324,-1.664,1
12.681,1.364,-1.665,1
12.68,1.405,-1.665,1
12.684,1.425,-1.666,1
12.687,1.466,-1.667,1
12.669,1.504,-1.665,1
12.674,1.545,-1.667,1
12.685,1.587,-1.669,1
12.678,1.627,-1.669,1
12.681,1.667,-1.67,1
12.688,1.689,-1.671,1
12.682,1.729,-1.671,1
12.681,1.769,-1.672,1
12.679,1.809,-1.673,1
12.669,1.849,-1.672,1
12.671,1.89,-1.673,1
12.681,1.932,-1.676,1
12.678,1.952,-1.676,1
12.672,1.991,-1.676,1
12.665,2.031,-1.676,1
12.663,2.072,-1.676,1
12.656,2.111,-1.676,1
12.659,2.153,-1.678,1
12.645,2.191,-1.676,1
12.655,2.214,-1.678,1
12.652,2.254,-1.679,1
12.643,2.293,-1.679,1
12.645,2.335,-1.68,1
12.655,2.378,-1.683,1
12.64,2.416,-1.682,1
12.642,2.437,-1.682,1
12.64,2.478,-1.683,1
12.632,2.518,-1.683,1
12.624,2.557,-1.683,1
12.616,2.597,-1.683,1
12.602,2.635,-1.682,1
12.602,2.677,-1.684,1
12.607,2.699,-1.685,1
12.599,2.738,-1.685,1
12.592,2.778,-1.685,1
12.593,2.82,-1.687,1
12.576,2.858,-1.686,1
12.577,2.899,-1.687,1
12.569,2.939,-1.687,1
12.561,2.958,-1.687,1
12.55,2.997,-1.687,1
12.555,3.04,-1.689,1
12.548,3.08,-1.689,1
12.544,3.121,-1.69,1
12.542,3.162,-1.691,1
12.534,3.202,-1.691,1
12.536,3.224,-1.693,1
12.543,3.268,-1.695,1
12.541,3.309,-1.696,1
12.545,3.353,-1.699,1
12.558,3.398,-1.702,1
12.562,3.442,-1.704,1
12.58,3.468,-1.708,1
12.614,3.521,-1.715,1
12.63,3.568,-1.719,1
12.621,3.608,-1.719,1
12.634,3.655,-1.723,1
12.634,3.698,-1.725,1
12.609,3.734,-1.723,1
12.533,3.732,-1.712,1
12.481,3.76,-1.706,1
12.447,3.792,-1.702,1
12.423,3.827,-1.701,1
12.423,3.87,-1.702,1
12.431,3.916,-1.706,1
12.442,3.94,-1.708,1
12.403,3.971,-1.704,1
12.343,3.995,-1.697,1
12.348,4.039,-1.7,1
12.305,4.068,-1.695,1
12.3,4.109,-1.696,1
12.262,4.139,-1.692,1
12.218,4.146,-1.687,1
12.185,4.177,-1.683,1
12.164,4.213,-1.682,1
12.158,4.253,-1.683,1
12.106,4.278,-1.677,1
12.09,4.315,-1.677,1
12.062,4.348,-1.675,1
12.04,4.361,-1.672,1
12.05,4.408,-1.676,1
12.014,4.437,-1.673,1
11.982,4.468,-1.67,1
11.994,4.516,-1.674,1
11.929,4.534,-1.666,1
11.93,4.577,-1.668,1
11.902,4.588,-1.665,1
11.879,4.622,-1.664,1
11.873,4.663,-1.665,1
11.868,4.704,-1.667,1
11.836,4.734,-1.664,1
11.809,4.766,-1.662,1
11.784,4.8,-1.661,1
11.753,4.808,-1.657,1
11.725,4.84,-1.655,1
11.725,4.883,-1.657,1
11.691,4.912,-1.654,1
11.675,4.949,-1.654,1
11.643,4.978,-1.652,1
11.616,4.988,-1.648,1
11.609,5.028,-1.65,1
11.6,5.068,-1.651,1
11.563,5.095,-1.648,1
11.519,5.119,-1.643,1
11.494,5.151,-1.642,1
11.476,5.186,-1.641,1
11.456,5.199,-1.639,1
11.401,5.217,-1.633,1
11.392,5.256,-1.634,1
11.352,5.281,-1.631,1
11.348,5.323,-1.633,1
11.305,5.346,-1.628,1
11.254,5.365,-1.623,1
11.265,5.392,-1.626,1
11.232,5.42,-1.624,1
11.192,5.444,-1.62,1
11.196,5.489,-1.623,1
11.177,5.523,-1.623,1
11.138,5.548,-1.619,1
11.151,5.576,-1.623,1
11.096,5.592,-1.617,1
11.084,5.63,-1.618,1
11.071,5.667,-1.619,1
11.027,5.688,-1.614,1
11.002,5.719,-1.613,1
10.982,5.753,-1.613,1
10.982,5.775,-1.614,1
10.964,5.809,-1.614,1
10.912,5.826,-1.609,1
10.91,5.869,-1.611,1
10.879,5.896,-1.609,1
10.873,5.937,-1.611,1
10.816,5.95,-1.605,1
8.628,4.758,-1.241,1
8.556,4.753,-1.232,1
8.475,4.743,-1.221,1
8.404,4.738,-1.211,1
8.354,4.744,-1.205,1
8.3,4.748,-1.199,1
8.25,4.736,-1.191,1
8.171,4.725,-1.181,1
8.119,4.729,-1.174,1
8.068,4.733,-1.168,1
8.024,4.741,-1.163,1
7.965,4.74,-1.156,1
7.923,4.749,-1.151,1
7.879,4.739,-1.145,1
7.838,4.748,-1.14,1
7.78,4.746,-1.133,1
7.753,4.763,-1.131,1
7.708,4.768,-1.126,1
7.667,4.777,-1.121,1
7.639,4.792,-1.119,1
7.6,4.784,-1.114,1
7.586,4.809,-1.114,1
7.508,4.792,-1.103,1
7.473,4.803,-1.099,1
7.446,4.819,-1.097,1
7.424,4.838,-1.096,1
7.399,4.855,-1.095,1
7.396,4.87,-1.095,1
7.366,4.883,-1.093,1
7.353,4.907,-1.093,1
7.334,4.928,-1.092,1
7.326,4.957,-1.094,1
7.334,4.995,-1.098,1
7.326,5.024,-1.099,1
7.323,5.039,-1.1,1
7.345,5.088,-1.107,1
7.333,5.114,-1.108,1
7.333,5.149,-1.111,1
7.325,5.177,-1.112,1
7.32,5.208,-1.114,1
7.325,5.229,-1.116,1
7.309,5.252,-1.116,1
6.348,4.618,-0.949,1
6.344,4.647,-0.951,1
6.279,4.629,-0.941,1
5.954,4.519,-0.894,1
5.93,4.53,-0.892,1
5.93,4.56,-0.894,1
5.868,4.526,-0.884,1
5.819,4.518,-0.878,1
5.765,4.504,-0.87,1
5.747,4.52,-0.87,1
5.727,4.533,-0.869,1
5.7,4.541,-0.866,1
5.672,4.548,-0.864,1
5.616,4.517,-0.855,1
5.611,4.542,-0.856,1
5.549,4.521,-0.847,1
5.726,4.696,-0.883,1
5.635,4.65,-0.869,1
5.483,4.554,-0.843,1
5.434,4.542,-0.836,1
5.367,4.557,-0.83,1
5.33,4.555,-0.826,1
5.302,4.56,-0.823,1
5.288,4.576,-0.823,1
5.24,4.578,-0.818,1
5.215,4.585,-0.816,1
5.205,4.605,-0.817,1
5.165,4.599,-0.812,1
5.155,4.619,-0.813,1
5.141,4.636,-0.813,1
5.09,4.618,-0.806,1
5.088,4.632,-0.807,1
5.088,4.661,-0.81,1
5.078,4.681,-0.811,1
5.232,4.855,-0.844,1
5.053,4.717,-0.812,1
5.028,4.723,-0.809,1
5.039,4.764,-0.815,1
5.037,4.777,-0.816,1
5.029,4.8,-0.817,1
5.012,4.814,-0.817,1
5.024,4.856,-0.822,1
5.01,4.873,-0.823,1
5.007,4.916,-0.827,1
5.189,-5.299,-0.885,1
5.175,-5.252,-0.879,1
5.205,-5.25,-0.882,1
5.174,-5.203,-0.874,1
5.206,-5.202,-0.877,1
5.187,-5.15,-0.87,1
5.193,-5.124,-0.868,1
5.191,-5.09,-0.864,1
5.18,-5.048,-0.858,1
5.185,-5.037,-0.858,1
5.204,-5.023,-0.858,1
5.22,-5.007,-0.858,1
5.214,-4.97,-0.854,1
5.219,-4.944,-0.852,1
5.213,-4.907,-0.848,1
5.231,-4.894,-0.848,1
5.226,-4.873,-0.846,1
5.222,-4.84,-0.842,1
5.214,-4.802,-0.837,1
5.236,-4.792,-0.839,1
5.231,-4.757,-0.835,1
5.231,-4.727,-0.832,1
5.256,-4.72,-0.834,1
5.239,-4.689,-0.829,1
5.228,-4.651,-0.824,1
5.168,-4.569,-0.809,1
5.254,-4.615,-0.823,1
5.254,-4.586,-0.82,1
5.283,-4.582,-0.823,1
5.293,-4.576,-0.824,1
5.377,-4.561,-0.832,1
5.446,-4.589,-0.842,1
5.342,-4.474,-0.82,1
5.49,-4.568,-0.845,1
5.517,-4.575,-0.849,1
5.468,-4.507,-0.837,1
5.43,-4.447,-0.827,1
5.451,-4.435,-0.828,1
5.477,-4.428,-0.831,1
5.494,-4.413,-0.831,1
5.518,-4.404,-0.833,1
5.552,-4.416,-0.838,1
5.57,-4.403,-0.839,1
5.587,-4.388,-0.84,1
5.642,-4.401,-0.847,1
5.655,-4.384,-0.847,1
5.671,-4.367,-0.847,1
5.721,-4.377,-0.854,1
5.726,-4.367,-0.854,1
5.748,-4.355,-0.855,1
5.796,-4.363,-0.862,1
5.823,-4.354,-0.864,1
5.871,-4.361,-0.87,1
5.904,-4.357,-0.874,1
5.932,-4.349,-0.876,1
5.947,-4.345,-0.878,1
5.997,-4.353,-0.884,1
6.006,-4.331,-0.883,1
6.042,-4.328,-0.888,1
6.092,-4.334,-0.894,1
6.123,-4.327,-0.897,1
6.169,-4.345,-0.904,1
6.21,-4.345,-0.909,1
6.237,-4.334,-0.911,1
6.299,-4.348,-0.92,1
6.378,-4.373,-0.931,1
6.4,-4.358,-0.933,1
6.782,-4.539,-0.994,1
6.852,-4.555,-1.004,1
8.276,-4.915,-1.208,1
8.307,-4.916,-1.212,1
8.314,-4.885,-1.21,1
8.311,-4.848,-1.207,1
8.314,-4.815,-1.205,1
8.307,-4.776,-1.201,1
8.237,-4.702,-1.187,1
8.067,-4.489,-1.15,1
8.093,-4.47,-1.152,1
8.09,-4.435,-1.149,1
8.117,-4.417,-1.152,1
8.115,-4.383,-1.149,1
8.14,-4.38,-1.152,1
8.136,-4.345,-1.149,1
8.146,-4.318,-1.149,1
8.135,-4.279,-1.145,1
8.156,-4.257,-1.146,1
8.171,-4.232,-1.146,1
8.204,-4.233,-1.15,1
8.235,-4.216,-1.153,1
8.258,-4.196,-1.155,1
8.296,-4.182,-1.159,1
8.329,-4.166,-1.162,1
8.377,-4.157,-1.168,1
8.424,-4.147,-1.173,1
8.456,-4.146,-1.177,1
8.508,-4.139,-1.184,1
8.54,-4.121,-1.187,1
8.593,-4.113,-1.193,1
8.654,-4.109,-1.201,1
8.724,-4.108,-1.21,1
8.803,-4.112,-1.221,1
8.887,-4.134,-1.234,1
8.936,-4.122,-1.239,1
8.998,-4.116,-1.247,1
9.072,-4.116,-1.257,1
9.17,-4.125,-1.271,1
12.186,-5.358,-1.746,1
12.198,-5.317,-1.746,1
12.221,-5.282,-1.747,1
11.994,-5.14,-1.708,1
11.979,-5.089,-1.703,1
11.98,-5.045,-1.701,1
11.963,-5.016,-1.697,1
11.977,-4.977,-1.696,1
11.978,-4.934,-1.694,1
11.973,-4.888,-1.691,1
11.977,-4.846,-1.689,1
12,-4.811,-1.69,1
12.379,-4.917,-1.748,1
12.427,-4.914,-1.754,1
12.448,-4.877,-1.755,1
12.449,-4.832,-1.752,1
12.468,-4.794,-1.753,1
12.51,-4.766,-1.757,1
12.494,-4.715,-1.752,1
12.485,-4.689,-1.75,1
12.546,-4.667,-1.757,1
12.51,-4.609,-1.749,1
12.552,-4.58,-1.754,1
12.557,-4.537,-1.752,1
12.519,-4.479,-1.744,1
12.573,-4.453,-1.75,1
12.591,-4.437,-1.752,1
12.577,-4.388,-1.748,1
12.577,-4.344,-1.746,1
12.604,-4.309,-1.748,1
12.627,-4.272,-1.749,1
12.625,-4.228,-1.747,1
12.665,-4.197,-1.751,1
12.667,-4.176,-1.75,1
12.696,-4.141,-1.752,1
12.718,-4.104,-1.754,1
12.735,-4.065,-1.754,1
12.742,-4.023,-1.754,1
12.764,-3.986,-1.755,1
12.793,-3.951,-1.758,1
12.814,-3.936,-1.76,1
12.848,-3.902,-1.763,1
12.835,-3.854,-1.759,1
12.853,-3.815,-1.76,1
12.87,-3.777,-1.761,1
12.875,-3.734,-1.76,1
12.903,-3.698,-1.763,1
12.945,-3.688,-1.768,1
12.951,-3.646,-1.767,1
12.963,-3.605,-1.767,1
12.999,-3.571,-1.771,1
13.002,-3.528,-1.77,1
13.021,-3.49,-1.771,1
13.011,-3.465,-1.769,1
13.041,-3.429,-1.772,1
13.038,-3.385,-1.769,1
13.066,-3.348,-1.772,1
13.075,-3.307,-1.772,1
13.143,-3.28,-1.78,1
13.261,-3.265,-1.797,1
13.314,-3.256,-1.804,1
13.341,-3.218,-1.806,1
13.361,-3.178,-1.808,1
13.307,-3.122,-1.798,1
13.249,-3.064,-1.788,1
13.24,-3.018,-1.785,1
13.201,-2.966,-1.778,1
13.188,-2.941,-1.776,1
13.193,-2.899,-1.775,1
13.169,-2.85,-1.77,1
13.142,-2.801,-1.765,1
13.16,-2.762,-1.766,1
13.153,-2.718,-1.764,1
13.154,-2.675,-1.763,1
13.15,-2.652,-1.761,1
13.139,-2.607,-1.759,1
13.145,-2.566,-1.758,1
13.138,-2.521,-1.756,1
13.126,-2.476,-1.753,1
13.132,-2.435,-1.753,1
13.136,-2.393,-1.752,1
13.128,-2.37,-1.75,1
13.125,-2.327,-1.749,1
13.127,-2.285,-1.748,1
13.118,-2.241,-1.746,1
13.127,-2.2,-1.746,1
13.13,-2.158,-1.746,1
13.124,-2.136,-1.744,1
13.101,-2.09,-1.74,1
13.094,-2.047,-1.738,1
13.106,-2.007,-1.739,1
13.099,-1.963,-1.737,1
13.079,-1.919,-1.733,1
13.069,-1.875,-1.73,1
13.076,-1.855,-1.731,1
13.037,-1.808,-1.724,1
13.066,-1.77,-1.728,1
13.06,-1.728,-1.726,1
13.048,-1.684,-1.724,1
13.045,-1.642,-1.722,1
13.028,-1.619,-1.719,1
13.033,-1.579,-1.719,1
13.022,-1.536,-1.717,1
13.011,-1.493,-1.715,1
13.022,-1.453,-1.716,1
13.008,-1.41,-1.713,1
12.993,-1.367,-1.71,1
12.991,-1.346,-1.71,1
12.976,-1.304,-1.707,1
12.976,-1.262,-1.706,1
12.976,-1.221,-1.706,1
12.964,-1.179,-1.703,1
12.952,-1.137,-1.701,1
12.947,-1.096,-1.7,1
12.933,-1.074,-1.698,1
12.94,-1.034,-1.698,1
12.912,-0.991,-1.693,1
12.899,-0.949,-1.691,1
12.898,-0.908,-1.691,1
12.889,-0.867,-1.689,1
12.89,-0.826,-1.689,1
12.871,-0.805,-1.686,1
12.858,-0.763,-1.683,1
12.858,-0.723,-1.683,1
12.845,-0.682,-1.681,1
12.835,-0.641,-1.679,1
12.835,-0.6,-1.679,1
12.816,-0.579,-1.676,1
12.818,-0.539,-1.676,1
12.808,-0.498,-1.674,1
12.785,-0.457,-1.671,1
12.791,-0.417,-1.671,1
12.782,-0.377,-1.67,1
12.773,-0.337,-1.668,1
12.746,-0.316,-1.664,1
12.763,-0.276,-1.667,1
12.746,-0.236,-1.664,1
12.747,-0.196,-1.664,1
12.739,-0.156,-1.663,1
12.728,-0.115,-1.661,1
12.74,-0.075,-1.663,1
12.714,-0.055,-1.659,1
12.711,-0.015,-1.658,1
12.195,0.015,-1.671,1
12.183,0.053,-1.669,1
12.191,0.091,-1.67,1
12.19,0.13,-1.67,1
12.188,0.168,-1.67,1
12.193,0.206,-1.671,1
12.183,0.225,-1.669,1
12.172,0.263,-1.668,1
12.175,0.302,-1.668,1
12.188,0.34,-1.67,1
12.181,0.378,-1.67,1
12.18,0.417,-1.67,1
12.179,0.455,-1.67,1
12.178,0.474,-1.67,1
12.192,0.513,-1.672,1
12.171,0.55,-1.669,1
12.175,0.589,-1.67,1
12.173,0.627,-1.67,1
12.189,0.666,-1.673,1
12.17,0.684,-1.67,1
12.181,0.723,-1.672,1
12.183,0.762,-1.673,1
12.179,0.8,-1.672,1
12.182,0.839,-1.673,1
12.156,0.875,-1.67,1
12.159,0.914,-1.67,1
12.161,0.933,-1.671,1
12.17,0.972,-1.673,1
12.167,1.011,-1.673,1
12.154,1.048,-1.671,1
12.176,1.088,-1.675,1
12.159,1.125,-1.673,1
12.165,1.165,-1.675,1
12.155,1.183,-1.673,1
12.155,1.222,-1.674,1
12.177,1.262,-1.678,1
12.169,1.3,-1.677,1
12.153,1.337,-1.676,1
12.155,1.376,-1.676,1
12.164,1.416,-1.679,1
12.166,1.435,-1.679,1
12.161,1.473,-1.679,1
12.168,1.513,-1.681,1
12.148,1.549,-1.679,1
12.159,1.589,-1.681,1
12.156,1.628,-1.681,1
12.145,1.665,-1.68,1
12.154,1.686,-1.682,1
12.148,1.724,-1.682,1
12.141,1.762,-1.682,1
12.143,1.801,-1.683,1
12.137,1.839,-1.683,1
12.141,1.879,-1.685,1
12.142,1.899,-1.685,1
12.13,1.936,-1.684,1
12.138,1.976,-1.686,1
12.134,2.015,-1.687,1
12.127,2.053,-1.687,1
12.115,2.09,-1.686,1
12.122,2.13,-1.688,1
12.122,2.15,-1.689,1
12.1,2.185,-1.686,1
12.111,2.227,-1.689,1
12.115,2.267,-1.691,1
12.106,2.304,-1.69,1
12.095,2.342,-1.69,1
12.097,2.382,-1.691,1
12.091,2.4,-1.691,1
12.096,2.44,-1.693,1
12.097,2.48,-1.694,1
12.07,2.514,-1.691,1
12.074,2.555,-1.693,1
12.07,2.594,-1.694,1
12.058,2.631,-1.693,1
12.069,2.653,-1.696,1
12.049,2.688,-1.694,1
12.056,2.73,-1.696,1
12.043,2.766,-1.696,1
12.023,2.802,-1.694,1
12.032,2.843,-1.696,1
12.027,2.862,-1.696,1
12.02,2.901,-1.697,1
12.015,2.939,-1.697,1
12.013,2.979,-1.699,1
12.005,3.017,-1.699,1
11.994,3.054,-1.699,1
11.996,3.095,-1.7,1
11.989,3.113,-1.7,1
11.991,3.154,-1.702,1
11.986,3.193,-1.703,1
11.997,3.236,-1.706,1
11.98,3.272,-1.705,1
11.983,3.313,-1.707,1
12,3.338,-1.711,1
12.016,3.383,-1.715,1
12.004,3.421,-1.715,1
12.02,3.466,-1.719,1
12.018,3.506,-1.72,1
12.062,3.56,-1.729,1
12.047,3.597,-1.729,1
12.058,3.621,-1.731,1
12.043,3.658,-1.731,1
12.069,3.707,-1.737,1
11.973,3.719,-1.723,1
11.927,3.746,-1.718,1
11.9,3.779,-1.715,1
11.881,3.814,-1.714,1
11.88,3.834,-1.715,1
11.827,3.858,-1.708,1
11.824,3.898,-1.71,1
11.806,3.933,-1.709,1
11.839,3.985,-1.716,1
11.792,4.011,-1.711,1
11.787,4.051,-1.712,1
11.764,4.064,-1.709,1
11.746,4.099,-1.708,1
11.706,4.126,-1.704,1
11.708,4.168,-1.706,1
11.68,4.2,-1.704,1
11.671,4.238,-1.705,1
11.663,4.276,-1.706,1
11.623,4.283,-1.7,1
11.609,4.319,-1.7,1
11.572,4.346,-1.696,1
11.534,4.374,-1.692,1
11.535,4.416,-1.695,1
11.512,4.448,-1.693,1
11.51,4.468,-1.694,1
11.472,4.495,-1.69,1
11.456,4.531,-1.69,1
11.44,4.566,-1.69,1
11.4,4.591,-1.685,1
11.395,4.631,-1.687,1
11.358,4.658,-1.683,1
11.345,4.673,-1.682,1
11.338,4.712,-1.683,1
11.285,4.732,-1.677,1
11.288,4.775,-1.68,1
11.267,4.808,-1.679,1
11.21,4.825,-1.672,1
11.173,4.851,-1.669,1
11.202,4.884,-1.675,1
11.158,4.907,-1.67,1
11.122,4.933,-1.666,1
11.114,4.971,-1.668,1
11.079,4.997,-1.664,1
11.057,5.03,-1.663,1
11.06,5.052,-1.665,1
11.025,5.078,-1.662,1
11.007,5.111,-1.662,1
10.987,5.144,-1.661,1
10.962,5.174,-1.66,1
10.955,5.213,-1.661,1
10.935,5.246,-1.66,1
10.889,5.245,-1.654,1
10.865,5.276,-1.653,1
10.854,5.312,-1.654,1
10.81,5.334,-1.649,1
10.801,5.371,-1.65,1
10.763,5.394,-1.647,1
10.726,5.418,-1.643,1
10.726,5.44,-1.645,1
10.697,5.467,-1.643,1
10.667,5.494,-1.641,1
10.641,5.523,-1.639,1
10.62,5.555,-1.639,1
10.599,5.586,-1.638,1
10.582,5.598,-1.637,1
10.554,5.626,-1.635,1
10.55,5.667,-1.637,1
10.511,5.688,-1.633,1
10.472,5.71,-1.63,1
10.475,5.754,-1.633,1
10.294,5.698,-1.605,1
8.704,4.84,-1.328,1
8.585,4.809,-1.31,1
8.492,4.793,-1.296,1
8.4,4.776,-1.283,1
8.345,4.78,-1.276,1
8.258,4.765,-1.263,1
8.19,4.76,-1.254,1
8.143,4.75,-1.247,1
8.101,4.759,-1.242,1
8.031,4.753,-1.232,1
7.984,4.759,-1.226,1
7.942,4.768,-1.222,1
7.905,4.779,-1.218,1
7.839,4.774,-1.208,1
7.806,4.77,-1.204,1
7.768,4.781,-1.2,1
7.722,4.786,-1.194,1
7.687,4.798,-1.191,1
7.647,4.806,-1.186,1
7.602,4.811,-1.181,1
7.565,4.822,-1.177,1
7.54,4.823,-1.174,1
7.527,4.848,-1.174,1
7.503,4.866,-1.172,1
7.48,4.884,-1.171,1
7.433,4.887,-1.165,1
7.431,4.919,-1.168,1
7.428,4.934,-1.169,1
7.396,4.946,-1.165,1
7.397,4.98,-1.169,1
7.379,5.003,-1.168,1
7.406,5.055,-1.176,1
7.374,5.067,-1.173,1
7.378,5.103,-1.177,1
7.376,5.119,-1.178,1
7.378,5.155,-1.181,1
7.376,5.188,-1.184,1
7.371,5.219,-1.186,1
7.371,5.254,-1.189,1
6.702,4.812,-1.066,1
6.467,4.659,-1.023,1
6.413,4.652,-1.016,1
6.373,4.653,-1.011,1
6.338,4.658,-1.007,1
6.269,4.638,-0.997,1
6.17,4.626,-0.984,1
6.099,4.588,-0.972,1
6.08,4.604,-0.971,1
6.023,4.59,-0.963,1
5.923,4.574,-0.949,1
5.879,4.57,-0.943,1
5.845,4.588,-0.941,1
5.812,4.591,-0.937,1
5.79,4.603,-0.936,1
5.752,4.603,-0.931,1
5.701,4.592,-0.924,1
5.651,4.581,-0.917,1
5.619,4.585,-0.913,1
5.7,4.665,-0.931,1
5.535,4.56,-0.901,1
5.524,4.58,-0.902,1
5.494,4.585,-0.899,1
5.458,4.584,-0.894,1
5.441,4.599,-0.894,1
5.41,4.602,-0.89,1
5.375,4.587,-0.885,1
5.355,4.599,-0.884,1
5.299,4.609,-0.878,1
5.282,4.623,-0.878,1
5.258,4.632,-0.876,1
5.245,4.65,-0.876,1
5.227,4.649,-0.874,1
5.173,4.63,-0.866,1
5.17,4.657,-0.868,1
5.124,4.645,-0.862,1
5.107,4.659,-0.861,1
5.107,4.688,-0.864,1
5.164,4.755,-0.878,1
5.091,4.717,-0.866,1
5.086,4.743,-0.868,1
5.084,4.771,-0.87,1
5.072,4.789,-0.871,1
5.074,4.822,-0.875,1
5.075,4.853,-0.878,1
5.063,4.856,-0.877,1
5.062,4.886,-0.88,1
5.059,4.914,-0.883,1
5.049,4.936,-0.884,1
5.035,4.953,-0.884,1
5.028,4.977,-0.886,1
5.024,5.004,-0.889,1
5.028,5.024,-0.891,1
5.025,5.053,-0.894,1
5.008,5.067,-0.894,1
5.007,5.098,-0.897,1
5.016,5.139,-0.903,1
5.006,5.21,-0.909,1
5.16,-5.281,-0.933,1
5.138,-5.225,-0.925,1
5.149,-5.203,-0.924,1
5.148,-5.17,-0.92,1
5.151,-5.14,-0.917,1
5.138,-5.111,-0.913,1
5.166,-5.107,-0.915,1
5.171,-5.08,-0.913,1
5.187,-5.063,-0.913,1
5.182,-5.026,-0.908,1
5.192,-5.004,-0.907,1
5.2,-4.981,-0.906,1
5.185,-4.951,-0.901,1
5.185,-4.92,-0.897,1
5.198,-4.901,-0.897,1
5.205,-4.876,-0.895,1
5.205,-4.846,-0.892,1
5.216,-4.826,-0.891,1
5.211,-4.806,-0.888,1
5.216,-4.78,-0.886,1
5.222,-4.755,-0.884,1
5.222,-4.726,-0.881,1
5.23,-4.703,-0.88,1
5.236,-4.678,-0.878,1
5.23,-4.643,-0.874,1
5.125,-4.535,-0.851,1
5.256,-4.623,-0.875,1
5.262,-4.598,-0.873,1
5.279,-4.584,-0.873,1
5.287,-4.562,-0.872,1
5.303,-4.547,-0.873,1
5.303,-4.518,-0.87,1
5.311,-4.51,-0.87,1
5.348,-4.513,-0.874,1
5.359,-4.494,-0.874,1
5.379,-4.482,-0.875,1
5.407,-4.476,-0.878,1
5.382,-4.385,-0.866,1
5.468,-4.427,-0.88,1
5.491,-4.417,-0.882,1
5.508,-4.402,-0.883,1
5.537,-4.397,-0.886,1
5.57,-4.394,-0.889,1
5.59,-4.382,-0.89,1
5.603,-4.378,-0.892,1
5.638,-4.377,-0.896,1
5.663,-4.368,-0.898,1
5.694,-4.364,-0.901,1
5.722,-4.357,-0.904,1
5.76,-4.358,-0.909,1
5.781,-4.359,-0.912,1
5.814,-4.356,-0.915,1
5.84,-4.347,-0.918,1
5.871,-4.341,-0.921,1
5.912,-4.343,-0.926,1
5.938,-4.334,-0.929,1
5.973,-4.33,-0.933,1
6.029,-4.357,-0.942,1
6.051,-4.344,-0.943,1
6.08,-4.336,-0.946,1
6.118,-4.334,-0.951,1
6.157,-4.333,-0.956,1
6.208,-4.34,-0.963,1
6.236,-4.345,-0.967,1
6.29,-4.354,-0.974,1
6.33,-4.352,-0.979,1
6.379,-4.357,-0.986,1
6.728,-4.504,-1.043,1
6.463,-4.311,-0.993,1
6.657,-4.411,-1.026,1
6.727,-4.427,-1.036,1
8.052,-5.269,-1.277,1
8.051,-5.232,-1.273,1
8.059,-5.201,-1.272,1
8.075,-5.176,-1.272,1
8.052,-5.143,-1.266,1
8.061,-5.113,-1.265,1
8.042,-5.066,-1.258,1
8.062,-5.008,-1.256,1
8.256,-5.039,-1.284,1
8.284,-5.021,-1.286,1
8.304,-4.998,-1.287,1
8.291,-4.954,-1.282,1
8.247,-4.893,-1.271,1
8.128,-4.787,-1.248,1
8.116,-4.745,-1.243,1
8.117,-4.729,-1.242,1
8.114,-4.693,-1.238,1
8.119,-4.662,-1.237,1
8.128,-4.633,-1.236,1
8.163,-4.62,-1.239,1
8.2,-4.606,-1.243,1
8.273,-4.63,-1.255,1
8.091,-4.494,-1.22,1
8.103,-4.468,-1.22,1
8.089,-4.427,-1.215,1
8.124,-4.38,-1.216,1
8.131,-4.351,-1.215,1
8.136,-4.337,-1.215,1
8.137,-4.305,-1.213,1
8.142,-4.275,-1.211,1
8.173,-4.258,-1.214,1
8.19,-4.235,-1.215,1
8.215,-4.215,-1.217,1
8.248,-4.199,-1.22,1
8.274,-4.196,-1.224,1
8.308,-4.181,-1.227,1
8.358,-4.173,-1.234,1
8.417,-4.17,-1.242,1
8.457,-4.157,-1.246,1
8.505,-4.148,-1.252,1
8.539,-4.147,-1.257,1
8.591,-4.139,-1.263,1
8.76,-4.12,-1.285,1
8.906,-4.121,-1.306,1
8.968,-4.133,-1.315,1
9.056,-4.139,-1.328,1
9.128,-4.138,-1.338,1
11.648,-5.156,-1.754,1
11.695,-5.133,-1.759,1
11.689,-5.108,-1.757,1
11.714,-5.076,-1.758,1
11.762,-5.053,-1.764,1
11.738,-4.999,-1.757,1
11.758,-4.963,-1.758,1
11.8,-4.938,-1.762,1
11.797,-4.915,-1.76,1
11.836,-4.888,-1.764,1
11.85,-4.85,-1.764,1
11.86,-4.81,-1.763,1
11.893,-4.78,-1.766,1
11.886,-4.734,-1.763,1
11.897,-4.695,-1.762,1
11.914,-4.68,-1.763,1
11.912,-4.636,-1.761,1
11.935,-4.602,-1.762,1
11.953,-4.566,-1.763,1
11.933,-4.515,-1.757,1
11.963,-4.484,-1.76,1
11.968,-4.443,-1.758,1
11.96,-4.419,-1.756,1
11.993,-4.388,-1.759,1
11.986,-4.343,-1.756,1
11.998,-4.304,-1.755,1
12.004,-4.264,-1.754,1
12.025,-4.229,-1.755,1
12.036,-4.191,-1.755,1
12.048,-4.174,-1.756,1
12.072,-4.14,-1.758,1
12.083,-4.101,-1.757,1
12.102,-4.065,-1.758,1
12.133,-4.033,-1.761,1
12.131,-3.99,-1.759,1
12.157,-3.956,-1.761,1
12.165,-3.938,-1.761,1
12.209,-3.91,-1.766,1
12.255,-3.882,-1.772,1
12.269,-3.844,-1.772,1
12.274,-3.803,-1.771,1
12.302,-3.77,-1.774,1
12.337,-3.759,-1.778,1
12.322,-3.713,-1.774,1
12.343,-3.677,-1.776,1
12.379,-3.645,-1.779,1
12.373,-3.601,-1.777,1
12.385,-3.562,-1.777,1
12.407,-3.527,-1.779,1
12.422,-3.51,-1.78,1
12.408,-3.464,-1.776,1
12.427,-3.427,-1.777,1
12.43,-3.386,-1.776,1
12.456,-3.351,-1.779,1
12.489,-3.318,-1.782,1
12.57,-3.297,-1.793,1
12.669,-3.302,-1.808,1
12.712,-3.271,-1.813,1
12.707,-3.227,-1.811,1
12.7,-3.183,-1.808,1
12.69,-3.138,-1.805,1
12.654,-3.087,-1.798,1
12.635,-3.04,-1.793,1
12.624,-3.017,-1.791,1
12.605,-2.97,-1.786,1
12.601,-2.927,-1.784,1
12.61,-2.888,-1.784,1
12.596,-2.843,-1.781,1
12.603,-2.803,-1.78,1
12.598,-2.76,-1.778,1
12.593,-2.738,-1.777,1
12.584,-2.695,-1.774,1
12.577,-2.652,-1.772,1
12.579,-2.611,-1.771,1
12.578,-2.57,-1.769,1
12.57,-2.527,-1.767,1
12.566,-2.506,-1.766,1
12.555,-2.462,-1.763,1
12.564,-2.423,-1.763,1
12.549,-2.379,-1.759,1
12.542,-2.337,-1.757,1
12.544,-2.297,-1.756,1
12.541,-2.256,-1.755,1
12.537,-2.235,-1.753,1
12.525,-2.192,-1.75,1
12.529,-2.152,-1.75,1
12.53,-2.112,-1.749,1
12.513,-2.068,-1.746,1
12.514,-2.028,-1.745,1
12.504,-2.006,-1.743,1
12.508,-1.967,-1.742,1
12.487,-1.923,-1.738,1
12.493,-1.884,-1.738,1
12.495,-1.844,-1.737,1
12.485,-1.802,-1.735,1
12.492,-1.764,-1.735,1
12.477,-1.741,-1.733,1
12.471,-1.701,-1.731,1
12.468,-1.66,-1.73,1
12.466,-1.62,-1.728,1
12.455,-1.579,-1.726,1
12.454,-1.539,-1.725,1
12.447,-1.498,-1.723,1
12.436,-1.477,-1.721,1
12.436,-1.438,-1.72,1
12.435,-1.398,-1.72,1
12.422,-1.357,-1.717,1
12.434,-1.319,-1.718,1
12.428,-1.279,-1.716,1
12.408,-1.237,-1.713,1
12.402,-1.217,-1.712,1
12.404,-1.178,-1.711,1
12.398,-1.138,-1.71,1
12.382,-1.097,-1.707,1
12.381,-1.058,-1.706,1
12.375,-1.018,-1.705,1
12.378,-0.999,-1.705,1
12.379,-0.96,-1.705,1
12.359,-0.919,-1.701,1
12.351,-0.88,-1.7,1
12.342,-0.84,-1.698,1
12.339,-0.801,-1.697,1
12.326,-0.761,-1.694,1
12.323,-0.741,-1.694,1
12.303,-0.701,-1.69,1
12.292,-0.662,-1.688,1
12.28,-0.623,-1.686,1
12.28,-0.584,-1.686,1
12.282,-0.545,-1.686,1
12.27,-0.506,-1.684,1
12.256,-0.486,-1.682,1
12.254,-0.448,-1.681,1
12.247,-0.409,-1.68,1
12.247,-0.37,-1.68,1
12.236,-0.331,-1.678,1
12.233,-0.293,-1.677,1
12.24,-0.255,-1.678,1
12.228,-0.235,-1.676,1
12.225,-0.197,-1.676,1
12.218,-0.158,-1.674,1
12.214,-0.12,-1.674,1
12.212,-0.081,-1.673,1
12.203,-0.043,-1.672,1
12.193,-0.024,-1.67,1
11.195,0.006,-1.652,1
11.204,0.041,-1.654,1
11.196,0.076,-1.653,1
11.206,0.112,-1.654,1
11.176,0.146,-1.65,1
11.197,0.182,-1.653,1
11.183,0.217,-1.651,1
11.188,0.235,-1.652,1
11.166,0.269,-1.648,1
11.185,0.305,-1.651,1
11.182,0.34,-1.651,1
11.165,0.374,-1.649,1
11.183,0.41,-1.652,1
11.17,0.445,-1.65,1
11.157,0.462,-1.648,1
11.182,0.498,-1.652,1
11.168,0.533,-1.65,1
11.159,0.567,-1.649,1
11.178,0.604,-1.652,1
11.161,0.638,-1.65,1
11.146,0.654,-1.648,1
11.169,0.691,-1.652,1
11.159,0.726,-1.651,1
11.173,0.762,-1.653,1
11.162,0.796,-1.652,1
11.166,0.832,-1.653,1
11.153,0.866,-1.651,1
11.17,0.885,-1.654,1
11.159,0.92,-1.653,1
11.16,0.955,-1.653,1
11.141,0.989,-1.651,1
11.158,1.025,-1.654,1
11.14,1.059,-1.652,1
11.153,1.096,-1.654,1
11.143,1.112,-1.653,1
11.151,1.149,-1.655,1
11.14,1.183,-1.654,1
11.136,1.218,-1.654,1
11.138,1.253,-1.655,1
11.136,1.289,-1.655,1
11.126,1.305,-1.654,1
11.13,1.341,-1.655,1
11.13,1.377,-1.656,1
11.115,1.41,-1.654,1
11.129,1.448,-1.657,1
11.132,1.484,-1.658,1
11.131,1.519,-1.659,1
11.113,1.534,-1.656,1
11.108,1.569,-1.656,1
11.119,1.606,-1.659,1
11.102,1.64,-1.657,1
11.097,1.674,-1.657,1
11.123,1.714,-1.662,1
11.109,1.748,-1.661,1
11.099,1.764,-1.659,1
11.083,1.797,-1.658,1
11.101,1.836,-1.662,1
11.091,1.87,-1.661,1
11.085,1.905,-1.661,1
11.083,1.941,-1.662,1
11.071,1.974,-1.661,1
11.076,1.993,-1.662,1
11.074,2.029,-1.662,1
11.081,2.066,-1.665,1
11.055,2.097,-1.662,1
11.073,2.137,-1.666,1
11.057,2.17,-1.664,1
11.048,2.204,-1.664,1
11.035,2.219,-1.662,1
11.059,2.26,-1.667,1
11.042,2.293,-1.666,1
11.037,2.328,-1.666,1
11.024,2.362,-1.665,1
11.041,2.402,-1.669,1
11.03,2.417,-1.668,1
11.032,2.454,-1.669,1
11.003,2.484,-1.666,1
11.024,2.525,-1.671,1
11.012,2.559,-1.67,1
11.01,2.595,-1.671,1
10.986,2.626,-1.668,1
11.011,2.65,-1.673,1
10.998,2.684,-1.673,1
10.986,2.717,-1.672,1
10.985,2.754,-1.673,1
10.976,2.788,-1.673,1
10.97,2.823,-1.673,1
10.963,2.858,-1.674,1
10.979,2.881,-1.677,1
10.962,2.913,-1.676,1
10.966,2.951,-1.678,1
10.951,2.984,-1.677,1
10.951,3.021,-1.679,1
10.944,3.056,-1.679,1
10.942,3.093,-1.68,1
10.945,3.112,-1.682,1
10.956,3.152,-1.685,1
10.959,3.191,-1.687,1
10.947,3.225,-1.687,1
10.946,3.262,-1.689,1
10.93,3.294,-1.688,1
10.919,3.31,-1.687,1
10.969,3.363,-1.697,1
10.976,3.403,-1.699,1
11.006,3.45,-1.706,1
11.018,3.492,-1.71,1
11.041,3.537,-1.716,1
11.045,3.577,-1.718,1
11.047,3.597,-1.72,1
11.035,3.632,-1.72,1
11.009,3.661,-1.717,1
10.96,3.683,-1.711,1
10.931,3.712,-1.708,1
10.908,3.742,-1.706,1
10.897,3.757,-1.705,1
10.87,3.786,-1.703,1
10.881,3.828,-1.706,1
10.876,3.865,-1.708,1
10.853,3.895,-1.706,1
10.846,3.931,-1.707,1
10.802,3.954,-1.701,1
10.798,3.972,-1.702,1
10.779,4.003,-1.701,1
10.752,4.032,-1.698,1
10.73,4.062,-1.697,1
10.723,4.098,-1.698,1
10.684,4.121,-1.693,1
10.651,4.147,-1.69,1
10.646,4.164,-1.69,1
10.622,4.193,-1.688,1
10.607,4.226,-1.688,1
10.595,4.26,-1.688,1
10.547,4.279,-1.682,1
10.543,4.316,-1.684,1
10.517,4.344,-1.682,1
10.481,4.348,-1.677,1
10.445,4.372,-1.673,1
10.433,4.405,-1.673,1
10.392,4.427,-1.668,1
10.382,4.461,-1.669,1
10.355,4.488,-1.667,1
10.328,4.515,-1.665,1
10.332,4.536,-1.667,1
10.312,4.566,-1.666,1
10.26,4.581,-1.659,1
10.244,4.613,-1.659,1
10.249,4.654,-1.662,1
10.22,4.679,-1.66,1
10.193,4.686,-1.656,1
10.169,4.714,-1.655,1
10.136,4.738,-1.651,1
10.137,4.777,-1.654,1
10.122,4.809,-1.654,1
10.095,4.835,-1.652,1
10.072,4.863,-1.651,1
10.066,4.879,-1.651,1
10.032,4.902,-1.648,1
10.025,4.937,-1.649,1
10.008,4.968,-1.649,1
9.983,4.995,-1.647,1
9.938,5.011,-1.642,1
9.915,5.039,-1.641,1
9.896,5.049,-1.639,1
9.9,5.09,-1.642,1
9.891,5.125,-1.644,1
9.873,5.155,-1.643,1
9.829,5.171,-1.638,1
9.807,5.199,-1.637,1
9.801,5.215,-1.638,1
9.763,5.235,-1.634,1
9.759,5.272,-1.636,1
9.732,5.297,-1.634,1
9.71,5.325,-1.633,1
9.7,5.359,-1.635,1
9.668,5.381,-1.632,1
9.649,5.39,-1.63,1
9.625,5.417,-1.629,1
9.605,5.445,-1.628,1
9.594,5.479,-1.629,1
9.568,5.504,-1.628,1
9.543,5.529,-1.626,1
9.513,5.552,-1.624,1
9.511,5.571,-1.625,1
9.477,5.591,-1.622,1
9.452,5.617,-1.621,1
9.45,5.655,-1.624,1
9.405,5.669,-1.619,1
9.394,5.702,-1.62,1
9.385,5.717,-1.62,1
9.342,5.731,-1.615,1
8.973,5.542,-1.55,1
7.879,4.897,-1.348,1
7.735,4.841,-1.324,1
7.681,4.841,-1.316,1
7.643,4.85,-1.312,1
7.61,4.879,-1.31,1
7.53,4.861,-1.298,1
7.488,4.868,-1.293,1
7.458,4.881,-1.29,1
7.414,4.886,-1.285,1
7.399,4.91,-1.285,1
7.386,4.918,-1.284,1
7.377,4.945,-1.285,1
7.359,4.966,-1.284,1
7.366,5.005,-1.289,1
7.348,5.027,-1.288,1
7.352,5.064,-1.292,1
7.343,5.091,-1.293,1
7.347,5.112,-1.296,1
7.349,5.147,-1.299,1
7.356,5.187,-1.304,1
7.342,5.212,-1.304,1
7.329,5.237,-1.305,1
6.533,4.696,-1.152,1
6.327,4.577,-1.115,1
6.25,4.536,-1.101,1
6.183,4.517,-1.09,1
6.135,4.512,-1.084,1
6.099,4.514,-1.079,1
6.048,4.506,-1.072,1
6.009,4.506,-1.067,1
5.983,4.501,-1.063,1
5.953,4.508,-1.06,1
5.897,4.494,-1.052,1
5.856,4.492,-1.047,1
5.832,4.503,-1.045,1
5.8,4.507,-1.041,1
5.761,4.506,-1.036,1
5.743,4.506,-1.034,1
5.702,4.503,-1.028,1
5.679,4.514,-1.026,1
5.651,4.52,-1.024,1
5.649,4.548,-1.026,1
5.613,4.548,-1.022,1
5.61,4.561,-1.023,1
5.587,4.571,-1.021,1
5.577,4.592,-1.022,1
5.516,4.57,-1.012,1
5.48,4.57,-1.008,1
5.442,4.567,-1.003,1
5.418,4.576,-1.001,1
5.384,4.562,-0.995,1
5.368,4.577,-0.995,1
5.333,4.576,-0.99,1
5.303,4.58,-0.987,1
5.27,4.609,-0.986,1
5.233,4.606,-0.982,1
5.222,4.61,-0.981,1
5.2,4.62,-0.979,1
5.109,4.568,-0.963,1
5.082,4.572,-0.96,1
5.117,4.633,-0.971,1
5.098,4.645,-0.97,1
5.077,4.655,-0.968,1
5.057,4.651,-0.966,1
5.067,4.69,-0.971,1
5.039,4.694,-0.968,1
5.005,4.721,-0.967,1
5.002,4.793,-0.975,1
5.04,5.656,-1.078,1
5.12,5.783,-1.101,1
5.097,5.793,-1.1,1
5.082,5.814,-1.101,1
5.052,5.816,-1.098,1
5.023,5.819,-1.095,1
5.003,5.833,-1.095,1
5.139,-5.162,-1.031,1
5.139,-5.131,-1.028,1
5.139,-5.114,-1.026,1
5.125,-5.069,-1.019,1
5.141,-5.053,-1.019,1
5.137,-5.017,-1.015,1
5.135,-4.983,-1.011,1
5.142,-4.959,-1.009,1
5.143,-4.929,-1.006,1
5.128,-4.899,-1.001,1
5.142,-4.882,-1,1
5.143,-4.852,-0.997,1
5.153,-4.832,-0.996,1
5.145,-4.794,-0.991,1
5.159,-4.777,-0.991,1
5.153,-4.757,-0.988,1
5.152,-4.726,-0.985,1
5.163,-4.706,-0.984,1
5.16,-4.674,-0.98,1
5.173,-4.656,-0.98,1
5.182,-4.635,-0.978,1
5.187,-4.61,-0.977,1
5.193,-4.601,-0.976,1
5.201,-4.579,-0.975,1
5.205,-4.554,-0.973,1
5.212,-4.531,-0.971,1
5.208,-4.499,-0.967,1
5.214,-4.475,-0.966,1
5.232,-4.463,-0.967,1
5.26,-4.472,-0.971,1
5.277,-4.458,-0.972,1
5.303,-4.452,-0.974,1
5.308,-4.428,-0.972,1
5.334,-4.421,-0.975,1
5.419,-4.462,-0.989,1
5.409,-4.439,-0.986,1
5.406,-4.409,-0.982,1
5.441,-4.409,-0.987,1
5.456,-4.393,-0.987,1
5.38,-4.305,-0.969,1
5.434,-4.32,-0.977,1
5.498,-4.342,-0.987,1
5.515,-4.341,-0.989,1
5.526,-4.322,-0.989,1
5.575,-4.332,-0.996,1
5.601,-4.324,-0.998,1
5.626,-4.315,-1,1
5.655,-4.309,-1.004,1
5.694,-4.31,-1.009,1
5.702,-4.302,-1.009,1
5.744,-4.306,-1.015,1
5.779,-4.303,-1.019,1
5.797,-4.288,-1.02,1
5.841,-4.292,-1.026,1
5.884,-4.296,-1.031,1
5.908,-4.284,-1.033,1
5.927,-4.284,-1.036,1
5.989,-4.3,-1.045,1
6.018,-4.293,-1.048,1
6.063,-4.295,-1.054,1
6.1,-4.293,-1.059,1
6.14,-4.292,-1.064,1
6.182,-4.293,-1.07,1
6.225,-4.308,-1.077,1
6.256,-4.3,-1.08,1
6.311,-4.308,-1.088,1
6.365,-4.316,-1.096,1
6.41,-4.317,-1.102,1
6.461,-4.322,-1.109,1
6.485,-4.323,-1.112,1
6.487,-4.295,-1.11,1
6.512,-4.282,-1.112,1
6.571,-4.291,-1.121,1
6.631,-4.301,-1.13,1
8.066,-5.189,-1.398,1
8.077,-5.16,-1.397,1
8.059,-5.13,-1.392,1
8.065,-5.099,-1.39,1
8.061,-5.061,-1.386,1
8.114,-5.024,-1.39,1
8.204,-5.043,-1.404,1
8.205,-5.026,-1.403,1
8.157,-4.962,-1.391,1
8.076,-4.878,-1.373,1
8.061,-4.835,-1.367,1
8.062,-4.801,-1.365,1
8.077,-4.776,-1.365,1
8.06,-4.731,-1.359,1
8.101,-4.739,-1.365,1
8.073,-4.654,-1.354,1
8.087,-4.629,-1.354,1
8.095,-4.6,-1.353,1
8.092,-4.565,-1.35,1
8.086,-4.528,-1.346,1
8.065,-4.5,-1.341,1
8.074,-4.471,-1.34,1
8.088,-4.446,-1.34,1
8.114,-4.427,-1.342,1
8.159,-4.418,-1.348,1
8.1,-4.354,-1.335,1
8.068,-4.304,-1.327,1
8.092,-4.301,-1.33,1
8.108,-4.276,-1.33,1
8.112,-4.246,-1.329,1
8.136,-4.226,-1.331,1
8.137,-4.194,-1.328,1
8.621,-4.138,-1.393,1
8.707,-4.146,-1.406,1
8.815,-4.163,-1.423,1
8.941,-4.188,-1.443,1
8.809,-4.093,-1.417,1
8.973,-4.134,-1.443,1
10.697,-4.862,-1.741,1
10.708,-4.827,-1.74,1
10.763,-4.811,-1.747,1
10.778,-4.777,-1.747,1
10.808,-4.749,-1.749,1
10.824,-4.716,-1.75,1
10.815,-4.692,-1.747,1
10.826,-4.656,-1.746,1
10.866,-4.633,-1.751,1
10.875,-4.597,-1.75,1
10.897,-4.566,-1.751,1
10.895,-4.525,-1.748,1
10.897,-4.505,-1.747,1
10.903,-4.468,-1.746,1
10.914,-4.432,-1.745,1
10.929,-4.399,-1.746,1
10.936,-4.361,-1.744,1
10.937,-4.322,-1.742,1
10.969,-4.295,-1.745,1
10.973,-4.277,-1.745,1
10.976,-4.238,-1.743,1
10.996,-4.206,-1.744,1
11.002,-4.169,-1.743,1
11.015,-4.134,-1.743,1
11.058,-4.111,-1.748,1
11.059,-4.072,-1.746,1
11.073,-4.057,-1.748,1
11.101,-4.028,-1.75,1
11.089,-3.984,-1.746,1
11.124,-3.957,-1.75,1
11.155,-3.929,-1.753,1
11.173,-3.896,-1.754,1
11.172,-3.876,-1.753,1
11.199,-3.846,-1.755,1
11.229,-3.817,-1.758,1
11.23,-3.778,-1.756,1
11.251,-3.745,-1.758,1
11.261,-3.709,-1.758,1
11.295,-3.681,-1.761,1
11.29,-3.66,-1.759,1
11.333,-3.635,-1.765,1
11.343,-3.598,-1.764,1
11.343,-3.559,-1.763,1
11.369,-3.528,-1.765,1
11.387,-3.495,-1.766,1
11.383,-3.454,-1.764,1
11.368,-3.43,-1.76,1
11.39,-3.398,-1.762,1
11.391,-3.359,-1.761,1
11.422,-3.33,-1.764,1
11.497,-3.312,-1.775,1
11.553,-3.289,-1.782,1
11.628,-3.271,-1.793,1
11.658,-3.259,-1.797,1
11.657,-3.219,-1.795,1
11.658,-3.18,-1.794,1
11.631,-3.134,-1.788,1
11.589,-3.084,-1.779,1
11.586,-3.044,-1.777,1
11.584,-3.005,-1.775,1
11.565,-2.98,-1.771,1
11.579,-2.945,-1.772,1
11.584,-2.908,-1.771,1
11.576,-2.867,-1.769,1
11.589,-2.832,-1.769,1
11.584,-2.792,-1.767,1
11.563,-2.768,-1.763,1
11.557,-2.728,-1.76,1
11.577,-2.694,-1.762,1
11.55,-2.65,-1.757,1
11.561,-2.614,-1.757,1
11.555,-2.575,-1.755,1
11.557,-2.537,-1.754,1
11.538,-2.514,-1.75,1
11.56,-2.481,-1.752,1
11.542,-2.439,-1.748,1
11.534,-2.4,-1.746,1
11.538,-2.363,-1.745,1
11.534,-2.324,-1.743,1
11.527,-2.285,-1.741,1
11.529,-2.267,-1.741,1
11.524,-2.228,-1.739,1
11.522,-2.19,-1.737,1
11.519,-2.152,-1.736,1
11.51,-2.113,-1.733,1
11.501,-2.074,-1.731,1
11.517,-2.04,-1.732,1
11.491,-2.017,-1.727,1
11.507,-1.982,-1.729,1
11.49,-1.942,-1.725,1
11.484,-1.904,-1.723,1
11.477,-1.866,-1.721,1
11.471,-1.828,-1.719,1
11.472,-1.791,-1.719,1
11.471,-1.773,-1.718,1
11.469,-1.735,-1.717,1
11.472,-1.699,-1.716,1
11.46,-1.661,-1.714,1
11.446,-1.622,-1.71,1
11.443,-1.585,-1.709,1
11.451,-1.568,-1.71,1
11.439,-1.529,-1.707,1
11.435,-1.492,-1.706,1
11.44,-1.456,-1.706,1
11.425,-1.418,-1.703,1
11.418,-1.381,-1.701,1
11.434,-1.346,-1.703,1
11.41,-1.325,-1.699,1
11.407,-1.289,-1.698,1
11.409,-1.253,-1.697,1
11.399,-1.215,-1.695,1
11.391,-1.178,-1.693,1
11.394,-1.143,-1.693,1
11.376,-1.123,-1.69,1
11.376,-1.087,-1.689,1
11.383,-1.051,-1.69,1
11.373,-1.014,-1.688,1
11.366,-0.978,-1.686,1
11.365,-0.942,-1.686,1
11.35,-0.905,-1.683,1
11.346,-0.886,-1.682,1
11.354,-0.851,-1.683,1
11.341,-0.814,-1.68,1
11.342,-0.779,-1.68,1
11.324,-0.742,-1.677,1
11.315,-0.705,-1.675,1
11.305,-0.669,-1.673,1
11.312,-0.652,-1.674,1
11.298,-0.615,-1.672,1
11.302,-0.58,-1.672,1
11.274,-0.543,-1.667,1
11.29,-0.508,-1.669,1
11.289,-0.473,-1.669,1
11.277,-0.437,-1.667,1
11.278,-0.419,-1.667,1
11.265,-0.383,-1.665,1
11.264,-0.348,-1.664,1
11.263,-0.312,-1.664,1
11.256,-0.277,-1.663,1
11.251,-0.241,-1.662,1
11.23,-0.223,-1.658,1
11.221,-0.188,-1.657,1
11.235,-0.153,-1.659,1
11.214,-0.117,-1.656,1
11.208,-0.082,-1.655,1
11.22,-0.047,-1.657,1
11.203,-0.012,-1.654,1
10.61,0.024,-1.664,1
10.598,0.057,-1.662,1
10.593,0.074,-1.661,1
10.603,0.107,-1.663,1
10.591,0.14,-1.661,1
10.598,0.173,-1.662,1
10.596,0.207,-1.662,1
10.589,0.24,-1.661,1
10.58,0.273,-1.66,1
10.598,0.29,-1.663,1
10.575,0.323,-1.659,1
10.57,0.356,-1.658,1
10.581,0.389,-1.66,1
10.581,0.423,-1.661,1
10.568,0.455,-1.659,1
10.577,0.489,-1.66,1
10.566,0.505,-1.659,1
10.564,0.538,-1.659,1
10.568,0.572,-1.66,1
10.553,0.604,-1.657,1
10.559,0.638,-1.659,1
10.567,0.672,-1.66,1
10.56,0.688,-1.659,1
10.563,0.722,-1.66,1
10.549,0.754,-1.658,1
10.557,0.788,-1.66,1
10.56,0.821,-1.661,1
10.557,0.855,-1.661,1
10.555,0.888,-1.661,1
10.551,0.904,-1.661,1
10.558,0.938,-1.662,1
10.543,0.97,-1.66,1
10.544,1.004,-1.661,1
10.543,1.037,-1.661,1
10.553,1.072,-1.664,1
10.544,1.104,-1.663,1
10.542,1.121,-1.663,1
10.541,1.154,-1.663,1
10.545,1.188,-1.664,1
10.531,1.22,-1.663,1
10.535,1.254,-1.664,1
10.523,1.286,-1.663,1
10.533,1.321,-1.665,1
10.533,1.338,-1.665,1
10.521,1.37,-1.664,1
10.52,1.403,-1.665,1
10.518,1.437,-1.665,1
10.521,1.471,-1.666,1
10.514,1.503,-1.666,1
10.498,1.535,-1.664,1
10.513,1.554,-1.667,1
10.506,1.587,-1.667,1
10.495,1.619,-1.666,1
10.508,1.654,-1.669,1
10.501,1.687,-1.668,1
10.495,1.72,-1.668,1
10.502,1.738,-1.67,1
10.489,1.77,-1.669,1
10.483,1.803,-1.669,1
10.487,1.837,-1.67,1
10.476,1.869,-1.669,1
10.489,1.906,-1.673,1
10.485,1.939,-1.673,1
10.478,1.955,-1.672,1
10.46,1.985,-1.67,1
10.468,2.021,-1.673,1
10.459,2.053,-1.672,1
10.46,2.088,-1.674,1
10.458,2.121,-1.674,1
10.441,2.152,-1.673,1
10.432,2.167,-1.672,1
10.45,2.205,-1.676,1
10.438,2.237,-1.675,1
10.429,2.269,-1.675,1
10.433,2.305,-1.677,1
10.426,2.337,-1.677,1
10.432,2.373,-1.679,1
10.426,2.389,-1.679,1
10.42,2.422,-1.679,1
10.409,2.454,-1.678,1
10.418,2.491,-1.681,1
10.397,2.52,-1.679,1
10.389,2.553,-1.679,1
10.4,2.573,-1.682,1
10.402,2.608,-1.683,1
10.399,2.642,-1.684,1
10.387,2.674,-1.684,1
10.379,2.707,-1.684,1
10.382,2.742,-1.686,1
10.371,2.774,-1.685,1
10.371,2.792,-1.686,1
10.366,2.825,-1.687,1
10.355,2.857,-1.686,1
10.344,2.889,-1.686,1
10.34,2.923,-1.687,1
10.348,2.961,-1.69,1
10.344,2.977,-1.69,1
10.319,3.005,-1.687,1
10.334,3.045,-1.692,1
10.338,3.081,-1.694,1
10.336,3.116,-1.695,1
10.326,3.148,-1.695,1
10.32,3.182,-1.696,1
10.311,3.197,-1.695,1
10.314,3.233,-1.698,1
10.311,3.268,-1.699,1
10.316,3.305,-1.702,1
10.32,3.342,-1.704,1
10.325,3.38,-1.707,1
10.354,3.425,-1.714,1
10.354,3.443,-1.715,1
10.365,3.483,-1.719,1
10.382,3.525,-1.724,1
10.39,3.564,-1.727,1
10.384,3.598,-1.728,1
10.407,3.643,-1.734,1
10.386,3.672,-1.733,1
10.337,3.673,-1.725,1
10.287,3.692,-1.718,1
10.28,3.726,-1.719,1
10.239,3.748,-1.714,1
10.229,3.781,-1.714,1
10.225,3.815,-1.715,1
10.201,3.843,-1.713,1
10.199,3.861,-1.714,1
10.194,3.896,-1.715,1
10.169,3.923,-1.713,1
10.131,3.945,-1.708,1
10.128,3.98,-1.71,1
10.095,4.004,-1.706,1
10.083,4.018,-1.705,1
10.07,4.049,-1.705,1
10.05,4.078,-1.704,1
10.017,4.101,-1.7,1
9.999,4.13,-1.699,1
9.979,4.159,-1.698,1
9.958,4.187,-1.697,1
9.952,4.203,-1.697,1
9.935,4.232,-1.696,1
9.914,4.261,-1.695,1
9.888,4.286,-1.692,1
9.864,4.313,-1.69,1
9.83,4.335,-1.687,1
9.818,4.366,-1.687,1
9.794,4.374,-1.684,1
9.773,4.401,-1.682,1
9.759,4.432,-1.682,1
9.718,4.45,-1.677,1
9.707,4.483,-1.678,1
9.699,4.516,-1.679,1
9.661,4.517,-1.673,1
9.663,4.555,-1.676,1
9.649,4.585,-1.676,1
9.597,4.597,-1.669,1
9.596,4.634,-1.672,1
9.584,4.665,-1.672,1
9.528,4.676,-1.665,1
9.554,4.707,-1.671,1
9.517,4.726,-1.667,1
9.489,4.749,-1.664,1
9.473,4.778,-1.664,1
9.463,4.811,-1.665,1
9.458,4.846,-1.667,1
9.418,4.863,-1.662,1
9.418,4.881,-1.664,1
9.404,4.912,-1.664,1
9.385,4.939,-1.663,1
9.373,4.971,-1.664,1
9.338,4.99,-1.66,1
9.309,5.012,-1.658,1
9.296,5.024,-1.657,1
9.285,5.056,-1.658,1
9.264,5.082,-1.657,1
9.23,5.101,-1.653,1
9.202,5.124,-1.651,1
9.183,5.151,-1.65,1
9.173,5.183,-1.652,1
9.165,5.198,-1.652,1
9.152,5.229,-1.652,1
9.153,5.267,-1.656,1
9.141,5.299,-1.657,1
9.113,5.32,-1.654,1
9.079,5.339,-1.651,1
9.045,5.358,-1.648,1
9.01,5.356,-1.642,1
9.003,5.39,-1.644,1
8.989,5.42,-1.645,1
8.979,5.453,-1.646,1
8.953,5.476,-1.645,1
8.918,5.493,-1.641,1
8.9,5.52,-1.641,1
8.883,5.529,-1.639,1
8.859,5.553,-1.638,1
8.855,5.589,-1.641,1
8.834,5.615,-1.64,1
8.81,5.638,-1.639,1
8.792,5.666,-1.639,1
8.774,5.694,-1.639,1
8.765,5.707,-1.639,1
8.739,5.729,-1.637,1
8.709,5.749,-1.635,1
8.705,5.785,-1.637,1
8.676,5.806,-1.635,1
8.64,5.821,-1.632,1
8.641,5.841,-1.634,1
8.616,5.864,-1.632,1
8.604,5.896,-1.634,1
8.59,5.926,-1.635,1
8.57,5.952,-1.634,1
8.561,5.985,-1.636,1
8.521,5.998,-1.632,1
8.507,6.008,-1.631,1
8.324,5.918,-1.597,1
8.464,6.058,-1.63,1
6.206,4.539,-1.171,1
6.167,4.525,-1.165,1
6.116,4.518,-1.157,1
6.066,4.51,-1.149,1
6.02,4.506,-1.143,1
5.968,4.496,-1.135,1
5.946,4.509,-1.133,1
5.887,4.494,-1.124,1
5.852,4.482,-1.118,1
5.81,4.479,-1.112,1
5.775,4.482,-1.108,1
5.739,4.483,-1.103,1
5.699,4.48,-1.097,1
5.671,4.487,-1.094,1
5.637,4.489,-1.09,1
5.608,4.481,-1.085,1
5.584,4.491,-1.083,1
5.556,4.497,-1.08,1
5.533,4.507,-1.078,1
5.514,4.521,-1.077,1
5.476,4.518,-1.072,1
5.428,4.508,-1.065,1
5.418,4.514,-1.064,1
5.401,4.528,-1.063,1
5.361,4.524,-1.058,1
5.333,4.529,-1.055,1
5.305,4.534,-1.052,1
5.283,4.545,-1.05,1
5.262,4.555,-1.048,1
5.25,4.559,-1.047,1
5.212,4.555,-1.042,1
5.19,4.565,-1.04,1
5.174,4.58,-1.04,1
5.164,4.6,-1.041,1
5.123,4.592,-1.035,1
5.115,4.614,-1.036,1
5.097,4.613,-1.034,1
5.072,4.619,-1.032,1
5.064,4.641,-1.033,1
5.068,4.674,-1.037,1
5.044,4.682,-1.035,1
5.036,4.703,-1.037,1
5.032,4.715,-1.038,1
5.025,4.737,-1.039,1
5.027,4.769,-1.043,1
5.016,4.789,-1.044,1
5.008,4.812,-1.046,1
5.015,4.848,-1.051,1
5,4.91,-1.057,1
5.077,5.832,-1.179,1
5.042,5.829,-1.174,1
5.022,5.843,-1.174,1
5,5.854,-1.173,1
5.127,-5.158,-1.101,1
5.137,-5.134,-1.1,1
5.142,-5.107,-1.097,1
5.134,-5.067,-1.091,1
5.132,-5.033,-1.087,1
5.127,-5.013,-1.084,1
5.119,-4.973,-1.078,1
5.13,-4.953,-1.077,1
5.123,-4.915,-1.072,1
5.128,-4.889,-1.07,1
5.126,-4.857,-1.066,1
5.127,-4.827,-1.062,1
5.125,-4.809,-1.06,1
5.123,-4.777,-1.056,1
5.129,-4.753,-1.054,1
5.145,-4.738,-1.054,1
5.147,-4.71,-1.051,1
5.149,-4.682,-1.048,1
5.152,-4.67,-1.047,1
5.158,-4.645,-1.045,1
5.166,-4.624,-1.044,1
5.171,-4.598,-1.042,1
5.173,-4.572,-1.039,1
5.185,-4.553,-1.038,1
5.19,-4.529,-1.036,1
5.202,-4.524,-1.037,1
5.198,-4.492,-1.033,1
5.205,-4.47,-1.032,1
5.225,-4.458,-1.033,1
5.228,-4.433,-1.031,1
5.233,-4.409,-1.029,1
5.274,-4.415,-1.035,1
5.27,-4.398,-1.032,1
5.29,-4.387,-1.034,1
5.325,-4.388,-1.038,1
5.336,-4.368,-1.038,1
5.357,-4.358,-1.039,1
5.395,-4.361,-1.045,1
5.409,-4.344,-1.045,1
5.422,-4.34,-1.046,1
5.463,-4.346,-1.052,1
5.491,-4.339,-1.055,1
5.52,-4.334,-1.058,1
5.558,-4.337,-1.064,1
5.583,-4.328,-1.066,1
5.615,-4.325,-1.07,1
5.644,-4.333,-1.075,1
5.663,-4.32,-1.076,1
5.693,-4.314,-1.079,1
5.739,-4.321,-1.086,1
5.756,-4.305,-1.087,1
5.791,-4.304,-1.092,1
5.828,-4.317,-1.098,1
5.848,-4.303,-1.099,1
5.892,-4.307,-1.106,1
5.926,-4.304,-1.11,1
5.967,-4.305,-1.116,1
6.001,-4.301,-1.12,1
6.059,-4.314,-1.129,1
6.072,-4.31,-1.13,1
6.107,-4.305,-1.135,1
6.132,-4.294,-1.137,1
6.16,-4.285,-1.14,1
6.191,-4.278,-1.144,1
6.229,-4.275,-1.149,1
6.239,-4.268,-1.149,1
6.284,-4.27,-1.156,1
6.329,-4.272,-1.162,1
6.375,-4.274,-1.169,1
6.431,-4.282,-1.178,1
6.479,-4.285,-1.185,1
6.533,-4.292,-1.193,1
6.599,-4.321,-1.205,1
8.091,-5.232,-1.5,1
8.081,-5.189,-1.494,1
8.08,-5.117,-1.488,1
8.084,-5.085,-1.485,1
8.092,-5.072,-1.485,1
8.2,-5.068,-1.5,1
8.217,-5.043,-1.501,1
8.08,-4.923,-1.47,1
8.068,-4.847,-1.462,1
8.071,-4.831,-1.461,1
8.084,-4.805,-1.461,1
8.089,-4.773,-1.459,1
8.081,-4.734,-1.454,1
8.085,-4.703,-1.452,1
8.081,-4.666,-1.448,1
8.08,-4.632,-1.445,1
8.079,-4.614,-1.444,1
8.082,-4.582,-1.441,1
8.074,-4.544,-1.437,1
8.079,-4.514,-1.435,1
7.976,-4.423,-1.413,1
8.095,-4.456,-1.433,1
8.085,-4.434,-1.43,1
8.109,-4.414,-1.432,1
8.147,-4.402,-1.436,1
8.236,-4.417,-1.451,1
8.114,-4.318,-1.425,1
8.114,-4.285,-1.422,1
8.132,-4.262,-1.423,1
8.148,-4.254,-1.425,1
8.205,-4.251,-1.433,1
8.45,-4.195,-1.466,1
8.504,-4.189,-1.473,1
8.589,-4.198,-1.487,1
9.396,-4.559,-1.636,1
9.496,-4.57,-1.652,1
9.517,-4.544,-1.653,1
9.516,-4.525,-1.652,1
9.521,-4.491,-1.65,1
9.56,-4.472,-1.655,1
10.031,-4.656,-1.74,1
10.155,-4.675,-1.76,1
10.168,-4.642,-1.76,1
10.159,-4.6,-1.755,1
10.191,-4.595,-1.76,1
10.19,-4.556,-1.757,1
10.202,-4.523,-1.757,1
10.222,-4.493,-1.758,1
10.205,-4.448,-1.752,1
10.235,-4.423,-1.755,1
10.253,-4.392,-1.756,1
10.252,-4.373,-1.754,1
10.273,-4.344,-1.756,1
10.271,-4.305,-1.753,1
10.275,-4.268,-1.751,1
10.27,-4.229,-1.748,1
10.296,-4.202,-1.75,1
10.308,-4.188,-1.751,1
10.327,-4.157,-1.752,1
10.351,-4.129,-1.754,1
10.347,-4.09,-1.751,1
10.38,-4.066,-1.755,1
10.396,-4.034,-1.755,1
10.428,-4.009,-1.759,1
10.45,-3.999,-1.762,1
10.454,-3.963,-1.76,1
10.488,-3.938,-1.764,1
10.478,-3.897,-1.76,1
10.511,-3.871,-1.764,1
10.547,-3.847,-1.768,1
10.531,-3.804,-1.763,1
10.56,-3.795,-1.767,1
10.594,-3.77,-1.771,1
10.585,-3.73,-1.767,1
10.61,-3.701,-1.77,1
10.651,-3.678,-1.775,1
10.67,-3.647,-1.776,1
10.652,-3.603,-1.771,1
10.678,-3.594,-1.775,1
10.7,-3.564,-1.777,1
10.715,-3.531,-1.777,1
10.694,-3.487,-1.772,1
10.683,-3.446,-1.768,1
10.692,-3.412,-1.767,1
10.708,-3.38,-1.768,1
10.721,-3.366,-1.77,1
10.775,-3.346,-1.777,1
10.843,-3.33,-1.788,1
10.914,-3.314,-1.798,1
10.96,-3.291,-1.805,1
10.969,-3.256,-1.804,1
10.945,-3.23,-1.799,1
10.946,-3.193,-1.798,1
10.943,-3.155,-1.795,1
10.917,-3.11,-1.789,1
10.89,-3.065,-1.783,1
10.902,-3.032,-1.783,1
10.879,-2.989,-1.777,1
10.876,-2.969,-1.776,1
10.882,-2.934,-1.775,1
10.875,-2.896,-1.773,1
10.881,-2.861,-1.772,1
10.893,-2.827,-1.773,1
10.879,-2.787,-1.769,1
10.898,-2.756,-1.77,1
10.877,-2.732,-1.766,1
10.884,-2.697,-1.766,1
10.883,-2.661,-1.764,1
10.883,-2.625,-1.763,1
10.891,-2.591,-1.763,1
10.88,-2.552,-1.759,1
10.882,-2.516,-1.758,1
10.879,-2.497,-1.757,1
10.871,-2.46,-1.754,1
10.875,-2.425,-1.754,1
10.871,-2.388,-1.752,1
10.884,-2.355,-1.753,1
10.872,-2.317,-1.749,1
10.854,-2.277,-1.745,1
10.864,-2.261,-1.746,1
10.873,-2.228,-1.746,1
10.857,-2.189,-1.743,1
10.867,-2.155,-1.743,1
10.845,-2.116,-1.738,1
10.861,-2.083,-1.74,1
10.853,-2.064,-1.738,1
10.853,-2.029,-1.737,1
10.856,-1.994,-1.736,1
10.843,-1.956,-1.733,1
10.847,-1.922,-1.733,1
10.841,-1.886,-1.731,1
10.847,-1.852,-1.731,1
10.85,-1.835,-1.731,1
10.819,-1.794,-1.724,1
10.836,-1.762,-1.726,1
10.832,-1.727,-1.725,1
10.827,-1.691,-1.723,1
10.825,-1.656,-1.722,1
10.808,-1.636,-1.718,1
10.799,-1.6,-1.716,1
10.814,-1.567,-1.718,1
10.821,-1.534,-1.718,1
10.794,-1.495,-1.713,1
10.803,-1.462,-1.713,1
10.798,-1.427,-1.712,1
10.804,-1.41,-1.712,1
10.771,-1.371,-1.706,1
10.785,-1.339,-1.708,1
10.778,-1.303,-1.706,1
10.768,-1.268,-1.703,1
10.774,-1.234,-1.704,1
10.764,-1.199,-1.701,1
10.768,-1.182,-1.702,1
10.771,-1.148,-1.702,1
10.747,-1.112,-1.697,1
10.739,-1.077,-1.695,1
10.756,-1.044,-1.697,1
10.752,-1.01,-1.696,1
10.739,-0.974,-1.693,1
10.74,-0.958,-1.693,1
10.74,-0.923,-1.693,1
10.729,-0.889,-1.69,1
10.722,-0.854,-1.689,1
10.718,-0.82,-1.688,1
10.707,-0.785,-1.685,1
10.704,-0.768,-1.685,1
10.711,-0.735,-1.685,1
10.701,-0.7,-1.683,1
10.703,-0.667,-1.683,1
10.693,-0.632,-1.681,1
10.687,-0.598,-1.68,1
10.691,-0.565,-1.68,1
10.69,-0.548,-1.68,1
10.676,-0.513,-1.677,1
10.672,-0.48,-1.676,1
10.661,-0.446,-1.674,1
10.661,-0.412,-1.674,1
10.658,-0.378,-1.673,1
10.651,-0.345,-1.672,1
10.65,-0.328,-1.672,1
10.651,-0.294,-1.672,1
10.646,-0.261,-1.671,1
10.647,-0.227,-1.671,1
10.629,-0.193,-1.668,1
10.634,-0.16,-1.668,1
10.632,-0.127,-1.668,1
10.609,-0.11,-1.664,1
10.619,-0.076,-1.666,1
10.607,-0.043,-1.664,1
10.6,-0.01,-1.662,1
10.048,0.016,-1.658,1
10.055,0.032,-1.659,1
10.049,0.063,-1.658,1
10.039,0.095,-1.657,1
10.039,0.126,-1.657,1
10.054,0.158,-1.659,1
10.036,0.189,-1.656,1
10.039,0.221,-1.657,1
10.037,0.237,-1.657,1
10.028,0.268,-1.655,1
10.039,0.3,-1.657,1
10.048,0.332,-1.659,1
10.029,0.363,-1.656,1
10.028,0.394,-1.656,1
10.039,0.426,-1.658,1
10.026,0.441,-1.656,1
10.023,0.473,-1.655,1
10.025,0.504,-1.656,1
10.018,0.536,-1.655,1
10.024,0.568,-1.657,1
10.022,0.599,-1.657,1
10.032,0.631,-1.659,1
10.021,0.646,-1.657,1
10.033,0.679,-1.659,1
10.013,0.709,-1.656,1
10.016,0.741,-1.657,1
10.016,0.773,-1.658,1
10.008,0.804,-1.657,1
10.011,0.835,-1.658,1
10.021,0.852,-1.66,1
10.013,0.883,-1.659,1
10,0.914,-1.657,1
10.009,0.946,-1.659,1
10.004,0.977,-1.659,1
9.997,1.009,-1.658,1
9.999,1.025,-1.659,1
10.004,1.057,-1.66,1
9.995,1.088,-1.659,1
9.999,1.12,-1.66,1
9.991,1.151,-1.66,1
9.996,1.183,-1.661,1
9.996,1.215,-1.662,1
9.986,1.23,-1.66,1
9.976,1.26,-1.659,1
9.98,1.293,-1.661,1
9.99,1.326,-1.663,1
9.98,1.357,-1.662,1
9.981,1.389,-1.663,1
9.971,1.419,-1.662,1
9.969,1.435,-1.662,1
9.978,1.468,-1.665,1
9.946,1.495,-1.66,1
9.962,1.53,-1.664,1
9.969,1.563,-1.666,1
9.951,1.592,-1.663,1
9.942,1.623,-1.662,1
9.945,1.639,-1.664,1
9.946,1.672,-1.665,1
9.934,1.702,-1.664,1
9.941,1.735,-1.666,1
9.933,1.766,-1.665,1
9.941,1.8,-1.668,1
9.936,1.815,-1.667,1
9.925,1.845,-1.666,1
9.925,1.877,-1.667,1
9.934,1.912,-1.67,1
9.919,1.941,-1.668,1
9.912,1.972,-1.668,1
9.912,2.004,-1.669,1
9.895,2.017,-1.667,1
9.902,2.051,-1.669,1
9.902,2.083,-1.671,1
9.887,2.113,-1.669,1
9.888,2.145,-1.671,1
9.889,2.178,-1.672,1
9.894,2.196,-1.673,1
9.887,2.227,-1.673,1
9.88,2.258,-1.673,1
9.871,2.288,-1.673,1
9.863,2.319,-1.673,1
9.873,2.354,-1.676,1
9.866,2.385,-1.676,1
9.866,2.402,-1.677,1
9.86,2.433,-1.677,1
9.862,2.467,-1.679,1
9.858,2.499,-1.68,1
9.856,2.531,-1.681,1
9.842,2.56,-1.68,1
9.847,2.595,-1.682,1
9.849,2.612,-1.683,1
9.837,2.642,-1.682,1
9.821,2.671,-1.681,1
9.826,2.705,-1.683,1
9.815,2.735,-1.683,1
9.812,2.768,-1.684,1
9.809,2.8,-1.685,1
9.799,2.814,-1.684,1
9.798,2.847,-1.686,1
9.797,2.88,-1.687,1
9.782,2.909,-1.686,1
9.782,2.943,-1.688,1
9.78,2.976,-1.689,1
9.765,3.005,-1.688,1
9.77,3.023,-1.69,1
9.775,3.058,-1.693,1
9.749,3.084,-1.689,1
9.745,3.116,-1.69,1
9.742,3.149,-1.692,1
9.729,3.179,-1.691,1
9.74,3.199,-1.694,1
9.742,3.234,-1.696,1
9.73,3.264,-1.696,1
9.715,3.293,-1.695,1
9.72,3.329,-1.698,1
9.724,3.364,-1.701,1
9.745,3.406,-1.707,1
9.762,3.429,-1.711,1
9.766,3.465,-1.714,1
9.757,3.496,-1.714,1
9.729,3.521,-1.711,1
9.726,3.554,-1.712,1
9.727,3.59,-1.715,1
9.74,3.629,-1.719,1
9.699,3.631,-1.713,1
9.664,3.653,-1.708,1
9.656,3.684,-1.709,1
9.621,3.705,-1.704,1
9.607,3.735,-1.704,1
9.583,3.76,-1.702,1
9.58,3.777,-1.702,1
9.552,3.8,-1.699,1
9.569,3.842,-1.705,1
9.55,3.869,-1.703,1
9.547,3.903,-1.705,1
9.523,3.928,-1.703,1
9.486,3.947,-1.698,1
9.478,3.961,-1.698,1
9.443,3.982,-1.694,1
9.442,4.016,-1.696,1
9.427,4.045,-1.695,1
9.404,4.07,-1.693,1
9.385,4.097,-1.692,1
9.358,4.12,-1.689,1
9.334,4.127,-1.686,1
9.312,4.152,-1.684,1
9.318,4.19,-1.688,1
9.282,4.209,-1.683,1
9.268,4.238,-1.683,1
9.241,4.261,-1.681,1
9.229,4.273,-1.68,1
9.206,4.297,-1.678,1
9.177,4.319,-1.675,1
9.161,4.347,-1.674,1
9.142,4.373,-1.673,1
9.132,4.403,-1.674,1
9.111,4.428,-1.673,1
9.111,4.446,-1.674,1
9.101,4.477,-1.675,1
9.074,4.499,-1.672,1
9.043,4.519,-1.669,1
9.028,4.547,-1.669,1
9.021,4.579,-1.67,1
9,4.604,-1.669,1
8.987,4.615,-1.668,1
8.952,4.632,-1.664,1
8.937,4.66,-1.664,1
8.952,4.704,-1.669,1
8.908,4.717,-1.664,1
8.868,4.731,-1.659,1
8.873,4.77,-1.662,1
8.87,4.786,-1.664,1
8.85,4.811,-1.662,1
8.838,4.841,-1.663,1
8.802,4.857,-1.659,1
8.778,4.88,-1.657,1
8.77,4.912,-1.659,1
8.758,4.941,-1.659,1
8.747,4.953,-1.659,1
8.745,4.988,-1.661,1
8.715,5.008,-1.659,1
8.71,5.041,-1.661,1
8.702,5.073,-1.662,1
8.668,5.09,-1.659,1
8.662,5.104,-1.659,1
8.541,5.069,-1.637,1
8.612,5.148,-1.655,1
8.601,5.178,-1.657,1
8.59,5.209,-1.658,1
8.552,5.222,-1.653,1
8.54,5.252,-1.654,1
8.532,5.265,-1.654,1
8.509,5.288,-1.653,1
8.494,5.316,-1.653,1
8.475,5.341,-1.653,1
8.449,5.362,-1.651,1
8.425,5.384,-1.649,1
8.407,5.391,-1.647,1
8.386,5.415,-1.646,1
8.378,5.447,-1.648,1
8.352,5.468,-1.646,1
8.327,5.488,-1.645,1
8.314,5.518,-1.646,1
8.287,5.537,-1.644,1
8.279,5.55,-1.644,1
8.261,5.576,-1.644,1
8.229,5.592,-1.64,1
8.208,5.616,-1.64,1
8.184,5.637,-1.638,1
8.176,5.669,-1.64,1
8.137,5.68,-1.636,1
8.13,5.694,-1.636,1
8.115,5.722,-1.637,1
8.099,5.749,-1.637,1
8.074,5.77,-1.636,1
7.885,5.671,-1.599,1
8.054,5.832,-1.639,1
6.315,4.596,-1.261,1
6.24,4.556,-1.246,1
6.192,4.551,-1.239,1
6.129,4.534,-1.228,1
6.075,4.524,-1.219,1
6.04,4.527,-1.214,1
5.982,4.513,-1.205,1
5.938,4.509,-1.198,1
5.917,4.507,-1.195,1
5.85,4.485,-1.183,1
5.808,4.482,-1.177,1
5.781,4.49,-1.174,1
5.73,4.479,-1.166,1
5.694,4.48,-1.161,1
5.671,4.49,-1.159,1
5.629,4.471,-1.151,1
5.598,4.475,-1.147,1
5.57,4.482,-1.144,1
5.531,4.479,-1.138,1
5.481,4.466,-1.13,1
5.462,4.48,-1.129,1
5.432,4.47,-1.123,1
5.402,4.473,-1.119,1
5.362,4.468,-1.113,1
5.346,4.484,-1.113,1
5.316,4.487,-1.109,1
5.278,4.483,-1.104,1
5.246,4.484,-1.1,1
5.231,4.486,-1.098,1
5.219,4.503,-1.098,1
5.187,4.504,-1.094,1
5.152,4.502,-1.089,1
5.13,4.512,-1.087,1
5.134,4.544,-1.091,1
5.089,4.532,-1.084,1
5.077,4.536,-1.083,1
5.055,4.545,-1.081,1
5.059,4.577,-1.086,1
5.041,4.59,-1.085,1
5.046,4.624,-1.089,1
5.012,4.622,-1.085,1
5.009,4.649,-1.088,1
5.002,4.656,-1.088,1
5.003,4.687,-1.091,1
5.006,5.833,-1.239,1
5.15,-5.144,-1.167,1
5.142,-5.104,-1.161,1
5.138,-5.084,-1.158,1
5.134,-5.048,-1.153,1
5.141,-5.024,-1.151,1
5.293,-5.139,-1.184,1
5.329,-5.141,-1.189,1
5.358,-5.137,-1.192,1
5.381,-5.127,-1.194,1
5.388,-5.117,-1.194,1
5.393,-5.089,-1.191,1
5.4,-5.064,-1.189,1
5.387,-5.02,-1.182,1
5.353,-4.958,-1.17,1
5.152,-4.743,-1.118,1
5.137,-4.699,-1.11,1
5.135,-4.683,-1.108,1
5.153,-4.67,-1.109,1
5.151,-4.639,-1.105,1
5.164,-4.622,-1.105,1
5.18,-4.607,-1.105,1
5.177,-4.575,-1.101,1
5.19,-4.557,-1.101,1
5.197,-4.549,-1.101,1
5.198,-4.521,-1.097,1
5.2,-4.495,-1.095,1
5.214,-4.478,-1.095,1
5.216,-4.452,-1.092,1
5.233,-4.438,-1.093,1
5.23,-4.421,-1.09,1
5.242,-4.403,-1.09,1
5.251,-4.383,-1.089,1
5.279,-4.377,-1.092,1
5.283,-4.353,-1.09,1
5.3,-4.339,-1.09,1
5.33,-4.336,-1.094,1
5.345,-4.334,-1.096,1
5.368,-4.325,-1.098,1
5.387,-4.313,-1.1,1
5.415,-4.307,-1.103,1
5.445,-4.303,-1.107,1
5.463,-4.289,-1.108,1
5.497,-4.301,-1.113,1
5.555,-4.319,-1.124,1
5.599,-4.324,-1.13,1
5.62,-4.313,-1.132,1
5.637,-4.297,-1.133,1
5.653,-4.282,-1.133,1
5.689,-4.281,-1.138,1
5.707,-4.28,-1.141,1
5.739,-4.276,-1.145,1
5.767,-4.268,-1.148,1
5.791,-4.258,-1.151,1
5.819,-4.251,-1.154,1
5.845,-4.242,-1.156,1
5.869,-4.231,-1.159,1
5.915,-4.249,-1.167,1
5.941,-4.24,-1.17,1
5.973,-4.235,-1.174,1
6.029,-4.245,-1.183,1
6.063,-4.241,-1.188,1
6.094,-4.234,-1.192,1
6.252,-4.3,-1.221,1
6.282,-4.291,-1.225,1
6.291,-4.268,-1.224,1
6.32,-4.259,-1.227,1
6.36,-4.257,-1.233,1
6.421,-4.268,-1.243,1
6.469,-4.271,-1.25,1
6.522,-4.291,-1.26,1
6.606,-4.316,-1.275,1
8.886,-5.756,-1.754,1
8.907,-5.73,-1.754,1
8.927,-5.703,-1.755,1
8.948,-5.677,-1.755,1
8.96,-5.665,-1.756,1
8.955,-5.622,-1.751,1
9.001,-5.612,-1.757,1
8.185,-5.07,-1.583,1
9.013,-5.502,-1.749,1
8.072,-4.896,-1.55,1
8.083,-4.851,-1.548,1
8.112,-4.834,-1.551,1
8.093,-4.788,-1.544,1
8.076,-4.744,-1.537,1
8.091,-4.719,-1.537,1
8.099,-4.689,-1.536,1
8.093,-4.669,-1.533,1
8.105,-4.642,-1.532,1
8.074,-4.591,-1.523,1
8.085,-4.563,-1.522,1
8.106,-4.542,-1.524,1
8.098,-4.504,-1.519,1
8.093,-4.484,-1.517,1
8.081,-4.445,-1.512,1
8.103,-4.424,-1.513,1
8.121,-4.4,-1.514,1
8.173,-4.395,-1.522,1
9.347,-4.985,-1.755,1
9.359,-4.954,-1.754,1
9.376,-4.944,-1.756,1
9.395,-4.916,-1.756,1
9.406,-4.885,-1.756,1
9.434,-4.861,-1.758,1
9.442,-4.828,-1.757,1
9.457,-4.798,-1.757,1
9.472,-4.769,-1.757,1
9.469,-4.748,-1.755,1
9.482,-4.718,-1.754,1
9.513,-4.696,-1.758,1
9.519,-4.662,-1.756,1
9.53,-4.63,-1.755,1
9.537,-4.597,-1.754,1
9.553,-4.586,-1.755,1
9.554,-4.549,-1.753,1
9.58,-4.525,-1.755,1
9.587,-4.491,-1.754,1
9.623,-4.471,-1.758,1
9.615,-4.431,-1.754,1
9.649,-4.41,-1.758,1
9.642,-4.388,-1.755,1
9.65,-4.355,-1.754,1
9.669,-4.327,-1.755,1
9.673,-4.293,-1.753,1
9.696,-4.267,-1.755,1
9.72,-4.241,-1.757,1
9.713,-4.202,-1.753,1
9.725,-4.189,-1.754,1
9.749,-4.163,-1.756,1
9.779,-4.139,-1.759,1
9.783,-4.105,-1.758,1
9.806,-4.078,-1.76,1
9.797,-4.039,-1.755,1
9.837,-4.019,-1.761,1
9.844,-4.003,-1.761,1
9.847,-3.969,-1.759,1
9.874,-3.944,-1.762,1
9.903,-3.919,-1.765,1
9.91,-3.886,-1.764,1
9.92,-3.854,-1.763,1
9.963,-3.835,-1.769,1
9.944,-3.809,-1.765,1
9.959,-3.779,-1.765,1
9.995,-3.757,-1.77,1
9.994,-3.721,-1.767,1
10.017,-3.693,-1.769,1
10.023,-3.66,-1.768,1
10.028,-3.644,-1.768,1
10.053,-3.617,-1.771,1
10.075,-3.59,-1.773,1
10.072,-3.553,-1.77,1
10.068,-3.516,-1.767,1
10.09,-3.488,-1.769,1
10.078,-3.449,-1.765,1
10.073,-3.429,-1.763,1
10.083,-3.398,-1.763,1
10.107,-3.37,-1.766,1
10.153,-3.35,-1.772,1
10.22,-3.336,-1.783,1
10.275,-3.319,-1.791,1
10.325,-3.299,-1.798,1
10.325,-3.281,-1.797,1
10.305,-3.239,-1.792,1
10.317,-3.207,-1.792,1
10.338,-3.178,-1.794,1
10.333,-3.141,-1.791,1
10.32,-3.102,-1.787,1
10.315,-3.065,-1.784,1
10.304,-3.044,-1.782,1
10.312,-3.012,-1.781,1
10.308,-2.975,-1.779,1
10.295,-2.936,-1.775,1
10.294,-2.901,-1.773,1
10.307,-2.87,-1.774,1
10.299,-2.833,-1.77,1
10.29,-2.813,-1.768,1
10.303,-2.782,-1.769,1
10.304,-2.748,-1.767,1
10.294,-2.71,-1.764,1
10.304,-2.678,-1.764,1
10.301,-2.643,-1.762,1
10.288,-2.623,-1.759,1
10.29,-2.589,-1.758,1
10.289,-2.554,-1.756,1
10.301,-2.523,-1.757,1
10.287,-2.485,-1.753,1
10.295,-2.453,-1.753,1
10.309,-2.422,-1.754,1
10.299,-2.403,-1.752,1
10.304,-2.37,-1.751,1
10.306,-2.336,-1.75,1
10.304,-2.302,-1.748,1
10.301,-2.267,-1.747,1
10.312,-2.236,-1.747,1
10.308,-2.218,-1.746,1
10.298,-2.182,-1.743,1
10.299,-2.148,-1.742,1
10.303,-2.116,-1.741,1
10.302,-2.082,-1.74,1
10.282,-2.044,-1.735,1
10.286,-2.011,-1.735,1
10.28,-1.993,-1.733,1
10.286,-1.961,-1.733,1
10.294,-1.929,-1.733,1
10.284,-1.894,-1.731,1
10.283,-1.86,-1.729,1
10.273,-1.825,-1.726,1
10.269,-1.791,-1.725,1
10.272,-1.775,-1.725,1
10.273,-1.742,-1.724,1
10.265,-1.708,-1.722,1
10.268,-1.675,-1.721,1
10.26,-1.641,-1.719,1
10.255,-1.607,-1.717,1
10.262,-1.575,-1.717,1
10.263,-1.558,-1.717,1
10.264,-1.526,-1.716,1
10.247,-1.49,-1.712,1
10.246,-1.457,-1.711,1
10.245,-1.424,-1.71,1
10.241,-1.391,-1.709,1
10.232,-1.373,-1.707,1
10.228,-1.34,-1.705,1
10.23,-1.308,-1.705,1
10.228,-1.275,-1.704,1
10.213,-1.241,-1.701,1
10.221,-1.209,-1.701,1
10.211,-1.175,-1.699,1
10.207,-1.159,-1.698,1
10.206,-1.126,-1.697,1
10.206,-1.094,-1.696,1
10.197,-1.06,-1.694,1
10.205,-1.029,-1.695,1
10.192,-0.995,-1.692,1
10.187,-0.962,-1.691,1
10.189,-0.946,-1.691,1
10.192,-0.914,-1.691,1
10.169,-0.88,-1.686,1
10.174,-0.848,-1.687,1
10.174,-0.816,-1.686,1
10.161,-0.783,-1.683,1
10.175,-0.752,-1.686,1
10.157,-0.735,-1.682,1
10.147,-0.702,-1.68,1
10.144,-0.67,-1.679,1
10.14,-0.638,-1.678,1
10.118,-0.604,-1.674,1
10.136,-0.573,-1.676,1
10.125,-0.557,-1.674,1
10.131,-0.525,-1.675,1
10.12,-0.493,-1.673,1
10.12,-0.461,-1.673,1
10.113,-0.429,-1.671,1
10.097,-0.396,-1.668,1
10.106,-0.365,-1.669,1
10.101,-0.349,-1.668,1
10.09,-0.317,-1.666,1
10.093,-0.285,-1.667,1
10.082,-0.253,-1.665,1
10.085,-0.222,-1.665,1
10.079,-0.19,-1.664,1
10.054,-0.158,-1.659,1
10.066,-0.142,-1.661,1
10.055,-0.11,-1.659,1
10.059,-0.079,-1.66,1
10.067,-0.047,-1.661,1
10.056,-0.016,-1.659,1
9.688,0.001,-1.666,1
9.67,0.031,-1.662,1
9.682,0.062,-1.665,1
9.67,0.092,-1.662,1
9.689,0.108,-1.666,1
9.677,0.138,-1.664,1
9.682,0.168,-1.665,1
9.688,0.199,-1.666,1
9.659,0.229,-1.661,1
9.678,0.26,-1.665,1
9.65,0.289,-1.659,1
9.681,0.305,-1.665,1
9.652,0.335,-1.66,1
9.677,0.366,-1.665,1
9.662,0.396,-1.662,1
9.674,0.427,-1.665,1
9.675,0.457,-1.665,1
9.664,0.472,-1.663,1
9.677,0.503,-1.666,1
9.655,0.532,-1.662,1
9.669,0.564,-1.665,1
9.667,0.594,-1.665,1
9.666,0.624,-1.665,1
9.673,0.655,-1.667,1
9.664,0.67,-1.666,1
9.67,0.701,-1.667,1
9.678,0.732,-1.669,1
9.66,0.761,-1.666,1
9.649,0.791,-1.665,1
9.661,0.822,-1.667,1
9.654,0.852,-1.666,1
9.659,0.868,-1.667,1
9.652,0.898,-1.667,1
9.657,0.929,-1.668,1
9.652,0.959,-1.668,1
9.666,0.991,-1.671,1
9.642,1.02,-1.667,1
9.637,1.05,-1.667,1
9.654,1.067,-1.67,1
9.641,1.096,-1.669,1
9.646,1.127,-1.67,1
9.638,1.157,-1.669,1
9.632,1.187,-1.669,1
9.631,1.218,-1.669,1
9.635,1.234,-1.67,1
9.635,1.264,-1.671,1
9.632,1.295,-1.671,1
9.626,1.325,-1.671,1
9.624,1.355,-1.671,1
9.6,1.383,-1.668,1
9.619,1.416,-1.672,1
9.596,1.428,-1.668,1
9.616,1.462,-1.673,1
9.616,1.493,-1.674,1
9.597,1.521,-1.671,1
9.594,1.552,-1.671,1
9.58,1.58,-1.67,1
9.603,1.599,-1.674,1
9.568,1.625,-1.669,1
9.596,1.66,-1.675,1
9.575,1.688,-1.672,1
9.584,1.72,-1.675,1
9.572,1.749,-1.674,1
9.582,1.782,-1.677,1
9.558,1.793,-1.673,1
9.587,1.83,-1.679,1
9.541,1.852,-1.671,1
9.568,1.888,-1.678,1
9.552,1.917,-1.676,1
9.558,1.949,-1.678,1
9.519,1.972,-1.672,1
9.57,1.998,-1.682,1
9.525,2.02,-1.675,1
9.542,2.055,-1.679,1
9.541,2.086,-1.68,1
9.536,2.117,-1.681,1
9.528,2.146,-1.68,1
9.515,2.175,-1.679,1
9.519,2.192,-1.681,1
9.499,2.218,-1.678,1
9.519,2.254,-1.683,1
9.487,2.278,-1.678,1
9.499,2.313,-1.682,1
9.489,2.342,-1.682,1
9.497,2.376,-1.685,1
9.497,2.392,-1.685,1
9.497,2.423,-1.687,1
9.48,2.451,-1.685,1
9.453,2.476,-1.681,1
9.476,2.513,-1.687,1
9.443,2.537,-1.682,1
9.474,2.56,-1.689,1
9.473,2.592,-1.69,1
9.427,2.612,-1.683,1
9.445,2.649,-1.688,1
9.441,2.679,-1.689,1
9.444,2.712,-1.691,1
9.433,2.741,-1.691,1
9.414,2.752,-1.688,1
9.433,2.79,-1.693,1
9.411,2.815,-1.691,1
9.399,2.844,-1.69,1
9.414,2.881,-1.695,1
9.401,2.909,-1.694,1
9.383,2.936,-1.692,1
9.387,2.953,-1.694,1
9.367,2.979,-1.692,1
9.401,3.022,-1.7,1
9.352,3.039,-1.693,1
9.376,3.08,-1.699,1
9.359,3.107,-1.698,1
9.359,3.123,-1.699,1
9.338,3.149,-1.697,1
9.358,3.188,-1.702,1
9.328,3.211,-1.698,1
9.345,3.249,-1.704,1
9.341,3.281,-1.705,1
9.341,3.314,-1.707,1
9.338,3.329,-1.707,1
9.37,3.374,-1.716,1
9.334,3.394,-1.711,1
9.338,3.429,-1.714,1
9.364,3.472,-1.721,1
9.325,3.491,-1.715,1
9.347,3.532,-1.722,1
9.333,3.544,-1.72,1
9.343,3.581,-1.725,1
9.345,3.616,-1.727,1
9.301,3.632,-1.721,1
9.274,3.656,-1.718,1
9.234,3.673,-1.712,1
9.239,3.692,-1.714,1
9.2,3.71,-1.709,1
9.188,3.739,-1.709,1
9.182,3.77,-1.71,1
9.17,3.799,-1.71,1
9.171,3.833,-1.712,1
9.173,3.868,-1.715,1
9.142,3.871,-1.71,1
9.137,3.903,-1.711,1
9.095,3.92,-1.706,1
9.096,3.954,-1.708,1
9.06,3.972,-1.703,1
9.044,3.999,-1.703,1
9.024,4.024,-1.701,1
9.014,4.037,-1.701,1
9.003,4.066,-1.701,1
8.978,4.088,-1.698,1
8.947,4.108,-1.695,1
8.962,4.149,-1.701,1
8.916,4.162,-1.694,1
8.924,4.2,-1.698,1
8.892,4.202,-1.693,1
8.89,4.235,-1.695,1
8.869,4.26,-1.694,1
8.842,4.281,-1.691,1
8.825,4.307,-1.69,1
8.823,4.34,-1.693,1
8.776,4.352,-1.686,1
8.787,4.374,-1.689,1
8.761,4.396,-1.687,1
8.763,4.431,-1.69,1
8.726,4.447,-1.685,1
8.714,4.475,-1.686,1
8.698,4.502,-1.685,1
8.673,4.506,-1.682,1
8.677,4.543,-1.685,1
8.638,4.557,-1.68,1
8.641,4.593,-1.684,1
8.587,4.599,-1.675,1
8.586,4.634,-1.678,1
8.582,4.666,-1.681,1
8.585,4.685,-1.683,1
8.529,4.69,-1.674,1
8.536,4.729,-1.679,1
8.495,4.741,-1.673,1
8.523,4.792,-1.682,1
8.498,4.813,-1.68,1
8.484,4.822,-1.679,1
8.463,4.846,-1.678,1
8.457,4.878,-1.679,1
8.434,4.9,-1.678,1
8.431,4.934,-1.681,1
8.395,4.948,-1.676,1
8.398,4.985,-1.68,1
8.383,4.995,-1.679,1
8.374,5.025,-1.68,1
8.34,5.04,-1.676,1
8.344,5.078,-1.681,1
8.323,5.102,-1.679,1
8.291,5.117,-1.676,1
8.298,5.158,-1.681,1
8.268,5.157,-1.676,1
8.248,5.181,-1.675,1
8.219,5.199,-1.673,1
8.201,5.224,-1.672,1
8.198,5.258,-1.675,1
8.176,5.28,-1.674,1
8.153,5.302,-1.673,1
8.116,5.296,-1.666,1
8.134,5.344,-1.674,1
8.085,5.348,-1.667,1
8.084,5.385,-1.67,1
8.064,5.408,-1.67,1
8.032,5.423,-1.666,1
7.997,5.436,-1.662,1
8.028,5.475,-1.671,1
7.97,5.473,-1.662,1
7.927,5.48,-1.656,1
7.94,5.526,-1.663,1
7.899,5.534,-1.658,1
7.892,5.567,-1.66,1
7.868,5.587,-1.659,1
7.865,5.603,-1.66,1
7.826,5.613,-1.655,1
7.812,5.64,-1.656,1
6.366,4.632,-1.33,1
6.294,4.61,-1.317,1
6.232,4.595,-1.306,1
6.145,4.547,-1.288,1
6.088,4.534,-1.278,1
6.042,4.53,-1.271,1
5.986,4.517,-1.261,1
5.826,4.499,-1.236,1
5.795,4.504,-1.232,1
5.747,4.496,-1.224,1
5.711,4.497,-1.219,1
5.673,4.496,-1.213,1
5.635,4.495,-1.207,1
5.597,4.494,-1.202,1
5.567,4.484,-1.196,1
5.524,4.478,-1.189,1
5.493,4.482,-1.186,1
5.476,4.497,-1.185,1
5.437,4.494,-1.179,1
5.39,4.484,-1.171,1
5.389,4.512,-1.174,1
5.36,4.501,-1.169,1
5.323,4.499,-1.163,1
5.3,4.508,-1.161,1
5.272,4.513,-1.158,1
5.247,4.521,-1.155,1
5.226,4.531,-1.154,1
5.196,4.52,-1.148,1
5.17,4.526,-1.145,1
5.156,4.542,-1.145,1
5.128,4.547,-1.142,1
5.11,4.559,-1.141,1
5.095,4.575,-1.141,1
5.076,4.587,-1.14,1
5.078,4.603,-1.142,1
5.075,4.629,-1.145,1
5.069,4.653,-1.147,1
5.058,4.672,-1.148,1
5.059,4.702,-1.152,1
5.044,4.718,-1.152,1
5.046,4.75,-1.156,1
5.048,4.766,-1.158,1
5.034,4.783,-1.159,1
5.04,4.819,-1.164,1
5.025,4.835,-1.164,1
5.023,4.863,-1.167,1
5.01,4.882,-1.168,1
5.015,4.917,-1.173,1
5.008,4.926,-1.174,1
5.004,4.984,-1.18,1
5.005,5.225,-1.212,1
5.014,5.806,-1.293,1
5.019,5.849,-1.3,1
5.14,-5.098,-1.213,1
5.206,-5.131,-1.226,1
5.269,-5.16,-1.238,1
5.317,-5.175,-1.247,1
5.346,-5.188,-1.252,1
5.35,-5.159,-1.249,1
5.384,-5.16,-1.253,1
5.405,-5.147,-1.255,1
5.398,-5.108,-1.249,1
5.4,-5.077,-1.245,1
5.352,-5.016,-1.231,1
5.328,-4.962,-1.221,1
5.305,-4.909,-1.211,1
5.282,-4.857,-1.201,1
5.295,-4.838,-1.201,1
5.229,-4.747,-1.18,1
5.153,-4.649,-1.158,1
5.145,-4.626,-1.154,1
5.15,-4.602,-1.152,1
5.163,-4.584,-1.151,1
5.169,-4.56,-1.149,1
5.177,-4.539,-1.148,1
5.19,-4.521,-1.147,1
5.187,-4.504,-1.145,1
5.196,-4.484,-1.144,1
5.21,-4.468,-1.144,1
5.213,-4.441,-1.141,1
5.226,-4.424,-1.141,1
5.239,-4.407,-1.14,1
5.262,-4.398,-1.143,1
5.255,-4.378,-1.139,1
5.26,-4.354,-1.137,1
5.281,-4.344,-1.139,1
5.304,-4.335,-1.141,1
5.323,-4.323,-1.143,1
5.348,-4.315,-1.145,1
5.37,-4.306,-1.147,1
5.383,-4.302,-1.149,1
5.41,-4.296,-1.152,1
5.435,-4.288,-1.155,1
5.462,-4.282,-1.158,1
5.505,-4.288,-1.165,1
5.529,-4.279,-1.167,1
5.553,-4.27,-1.17,1
5.574,-4.272,-1.173,1
5.598,-4.263,-1.176,1
5.642,-4.268,-1.183,1
5.674,-4.264,-1.187,1
5.7,-4.256,-1.19,1
5.73,-4.251,-1.194,1
5.756,-4.242,-1.197,1
5.806,-4.265,-1.207,1
5.916,-4.318,-1.229,1
5.942,-4.308,-1.232,1
5.989,-4.314,-1.239,1
6.023,-4.31,-1.244,1
6.062,-4.309,-1.25,1
6.091,-4.316,-1.255,1
6.135,-4.318,-1.262,1
6.167,-4.311,-1.266,1
6.212,-4.315,-1.273,1
6.255,-4.315,-1.28,1
6.315,-4.328,-1.29,1
6.288,-4.28,-1.281,1
6.295,-4.27,-1.281,1
6.338,-4.27,-1.288,1
6.376,-4.267,-1.293,1
6.428,-4.273,-1.302,1
6.484,-4.281,-1.311,1
6.54,-4.289,-1.321,1
8.514,-5.555,-1.754,1
8.551,-5.559,-1.76,1
8.583,-5.542,-1.763,1
8.584,-5.505,-1.76,1
8.614,-5.486,-1.763,1
8.618,-5.451,-1.76,1
8.655,-5.436,-1.764,1
8.667,-5.425,-1.765,1
8.701,-5.408,-1.769,1
8.719,-5.381,-1.769,1
8.741,-5.357,-1.77,1
8.56,-5.208,-1.727,1
8.117,-4.903,-1.628,1
8.087,-4.85,-1.618,1
8.088,-4.833,-1.617,1
8.103,-4.807,-1.617,1
8.091,-4.766,-1.611,1
8.1,-4.737,-1.609,1
8.099,-4.702,-1.606,1
8.085,-4.66,-1.6,1
8.096,-4.633,-1.599,1
8.172,-4.659,-1.614,1
8.097,-4.583,-1.595,1
8.098,-4.549,-1.592,1
8.102,-4.518,-1.59,1
8.12,-4.495,-1.59,1
8.099,-4.45,-1.583,1
8.11,-4.439,-1.584,1
8.132,-4.418,-1.586,1
8.975,-4.807,-1.757,1
8.973,-4.769,-1.753,1
9.033,-4.765,-1.763,1
9.039,-4.732,-1.761,1
9.019,-4.703,-1.755,1
9.055,-4.686,-1.759,1
9.052,-4.648,-1.756,1
9.1,-4.637,-1.763,1
9.104,-4.603,-1.761,1
9.127,-4.579,-1.762,1
9.13,-4.545,-1.76,1
9.139,-4.531,-1.761,1
9.173,-4.512,-1.765,1
9.164,-4.472,-1.76,1
9.175,-4.441,-1.759,1
9.176,-4.407,-1.757,1
9.179,-4.373,-1.754,1
9.227,-4.36,-1.761,1
9.225,-4.341,-1.759,1
9.229,-4.308,-1.758,1
9.264,-4.289,-1.762,1
9.26,-4.251,-1.758,1
9.291,-4.231,-1.762,1
9.302,-4.201,-1.762,1
9.316,-4.171,-1.762,1
9.313,-4.153,-1.76,1
9.359,-4.138,-1.766,1
9.393,-4.118,-1.771,1
9.368,-4.072,-1.763,1
9.395,-4.049,-1.766,1
9.451,-4.038,-1.775,1
9.42,-4.007,-1.767,1
9.434,-3.978,-1.767,1
9.486,-3.965,-1.775,1
9.455,-3.917,-1.767,1
9.498,-3.9,-1.773,1
9.494,-3.863,-1.77,1
9.514,-3.836,-1.771,1
9.52,-3.821,-1.771,1
9.544,-3.797,-1.774,1
9.54,-3.76,-1.77,1
9.564,-3.735,-1.773,1
9.574,-3.704,-1.772,1
9.595,-3.678,-1.774,1
9.592,-3.642,-1.771,1
9.601,-3.628,-1.772,1
9.633,-3.606,-1.776,1
9.646,-3.576,-1.776,1
9.681,-3.555,-1.781,1
9.661,-3.513,-1.775,1
9.663,-3.479,-1.773,1
9.66,-3.444,-1.771,1
9.688,-3.437,-1.775,1
9.673,-3.397,-1.77,1
9.73,-3.383,-1.779,1
9.757,-3.358,-1.782,1
9.816,-3.344,-1.792,1
9.899,-3.338,-1.806,1
9.902,-3.305,-1.804,1
9.922,-3.294,-1.807,1
9.944,-3.266,-1.81,1
9.93,-3.227,-1.805,1
9.934,-3.194,-1.804,1
9.899,-3.149,-1.795,1
9.918,-3.12,-1.797,1
9.908,-3.1,-1.794,1
9.899,-3.063,-1.79,1
9.901,-3.03,-1.789,1
9.888,-2.992,-1.784,1
9.899,-2.961,-1.785,1
9.875,-2.92,-1.778,1
9.897,-2.893,-1.781,1
9.881,-2.871,-1.777,1
9.903,-2.844,-1.779,1
9.878,-2.803,-1.773,1
9.904,-2.777,-1.776,1
9.882,-2.737,-1.77,1
9.898,-2.708,-1.772,1
9.902,-2.693,-1.772,1
9.896,-2.657,-1.769,1
9.872,-2.618,-1.763,1
9.904,-2.593,-1.767,1
9.911,-2.562,-1.767,1
9.888,-2.523,-1.761,1
9.906,-2.494,-1.763,1
9.875,-2.47,-1.757,1
9.906,-2.444,-1.761,1
9.896,-2.409,-1.758,1
9.881,-2.372,-1.753,1
9.904,-2.345,-1.756,1
9.913,-2.314,-1.757,1
9.872,-2.272,-1.747,1
9.906,-2.264,-1.753,1
9.902,-2.23,-1.751,1
9.878,-2.192,-1.745,1
9.908,-2.166,-1.75,1
9.882,-2.128,-1.743,1
9.91,-2.101,-1.747,1
9.889,-2.064,-1.742,1
9.91,-2.052,-1.746,1
9.903,-2.018,-1.743,1
9.886,-1.983,-1.739,1
9.902,-1.953,-1.741,1
9.902,-1.921,-1.739,1
9.893,-1.887,-1.737,1
9.896,-1.872,-1.737,1
9.871,-1.835,-1.731,1
9.884,-1.805,-1.732,1
9.87,-1.77,-1.729,1
9.884,-1.741,-1.73,1
9.868,-1.706,-1.726,1
9.894,-1.679,-1.73,1
9.864,-1.658,-1.724,1
9.877,-1.628,-1.725,1
9.851,-1.592,-1.719,1
9.877,-1.564,-1.723,1
9.847,-1.528,-1.717,1
9.873,-1.5,-1.721,1
9.831,-1.462,-1.712,1
9.863,-1.451,-1.718,1
9.848,-1.417,-1.714,1
9.858,-1.387,-1.715,1
9.833,-1.352,-1.71,1
9.859,-1.324,-1.714,1
9.822,-1.287,-1.706,1
9.842,-1.259,-1.709,1
9.834,-1.242,-1.707,1
9.83,-1.21,-1.706,1
9.824,-1.178,-1.704,1
9.837,-1.148,-1.706,1
9.813,-1.114,-1.701,1
9.834,-1.085,-1.704,1
9.805,-1.066,-1.698,1
9.824,-1.037,-1.701,1
9.819,-1.005,-1.699,1
9.818,-0.974,-1.699,1
9.81,-0.942,-1.697,1
9.82,-0.912,-1.698,1
9.815,-0.881,-1.697,1
9.805,-0.864,-1.694,1
9.802,-0.833,-1.693,1
9.8,-0.802,-1.693,1
9.785,-0.769,-1.689,1
9.79,-0.739,-1.69,1
9.788,-0.708,-1.689,1
9.772,-0.676,-1.686,1
9.772,-0.66,-1.685,1
9.766,-0.629,-1.684,1
9.764,-0.598,-1.683,1
9.762,-0.567,-1.682,1
9.759,-0.536,-1.682,1
9.761,-0.506,-1.682,1
9.744,-0.489,-1.678,1
9.759,-0.459,-1.681,1
9.739,-0.428,-1.677,1
9.739,-0.397,-1.677,1
9.74,-0.366,-1.677,1
9.731,-0.335,-1.675,1
9.73,-0.305,-1.674,1
9.725,-0.289,-1.673,1
9.716,-0.259,-1.671,1
9.716,-0.228,-1.671,1
9.715,-0.197,-1.671,1
9.714,-0.167,-1.671,1
9.706,-0.136,-1.669,1
9.707,-0.106,-1.669,1
9.673,-0.09,-1.663,1
9.691,-0.06,-1.666,1
9.697,-0.029,-1.667,1
9.256,0.024,-1.668,1
9.26,0.053,-1.668,1
9.267,0.082,-1.67,1
9.273,0.111,-1.671,1
9.273,0.14,-1.671,1
9.266,0.155,-1.67,1
9.272,0.184,-1.671,1
9.254,0.213,-1.668,1
9.253,0.242,-1.668,1
9.256,0.271,-1.668,1
9.273,0.301,-1.672,1
9.27,0.33,-1.671,1
9.259,0.344,-1.669,1
9.256,0.373,-1.669,1
9.267,0.403,-1.671,1
9.256,0.431,-1.669,1
9.264,0.461,-1.671,1
9.247,0.489,-1.668,1
9.263,0.519,-1.672,1
9.256,0.533,-1.671,1
9.266,0.563,-1.673,1
9.247,0.591,-1.669,1
9.247,0.62,-1.67,1
9.239,0.649,-1.669,1
9.241,0.678,-1.669,1
9.246,0.693,-1.671,1
9.245,0.722,-1.671,1
9.237,0.751,-1.67,1
9.241,0.78,-1.671,1
9.236,0.809,-1.671,1
9.23,0.838,-1.67,1
9.229,0.867,-1.67,1
9.236,0.882,-1.672,1
9.233,0.911,-1.672,1
9.222,0.94,-1.67,1
9.233,0.97,-1.673,1
9.222,0.998,-1.671,1
9.224,1.028,-1.673,1
9.215,1.056,-1.671,1
9.212,1.07,-1.671,1
9.216,1.1,-1.673,1
9.224,1.131,-1.675,1
9.219,1.159,-1.674,1
9.217,1.189,-1.675,1
9.215,1.218,-1.675,1
9.205,1.246,-1.674,1
9.207,1.261,-1.675,1
9.205,1.29,-1.675,1
9.199,1.319,-1.675,1
9.193,1.347,-1.674,1
9.2,1.378,-1.677,1
9.183,1.405,-1.674,1
9.194,1.421,-1.677,1
9.195,1.451,-1.678,1
9.185,1.479,-1.677,1
9.186,1.509,-1.678,1
9.187,1.539,-1.679,1
9.184,1.568,-1.679,1
9.175,1.596,-1.679,1
9.173,1.61,-1.679,1
9.154,1.637,-1.676,1
9.176,1.671,-1.681,1
9.169,1.699,-1.681,1
9.148,1.725,-1.678,1
9.156,1.756,-1.681,1
9.154,1.786,-1.681,1
9.151,1.8,-1.681,1
9.144,1.828,-1.681,1
9.149,1.86,-1.683,1
9.145,1.889,-1.684,1
9.139,1.917,-1.684,1
9.124,1.944,-1.682,1
9.117,1.958,-1.681,1
9.118,1.988,-1.682,1
9.118,2.018,-1.684,1
9.102,2.044,-1.682,1
9.111,2.076,-1.685,1
9.106,2.105,-1.685,1
9.099,2.134,-1.685,1
9.1,2.149,-1.686,1
9.093,2.178,-1.686,1
9.086,2.206,-1.686,1
9.077,2.234,-1.685,1
9.078,2.265,-1.687,1
9.061,2.291,-1.685,1
9.071,2.324,-1.688,1
9.073,2.34,-1.69,1
9.068,2.369,-1.69,1
9.06,2.397,-1.69,1
9.047,2.424,-1.689,1
9.056,2.457,-1.692,1
9.043,2.484,-1.691,1
9.041,2.514,-1.692,1
9.031,2.526,-1.691,1
9.027,2.556,-1.692,1
9.022,2.585,-1.693,1
9.001,2.61,-1.69,1
9.002,2.641,-1.692,1
8.996,2.67,-1.692,1
9.001,2.702,-1.695,1
8.996,2.716,-1.695,1
8.997,2.747,-1.697,1
8.983,2.774,-1.696,1
8.968,2.8,-1.695,1
8.967,2.831,-1.696,1
8.96,2.859,-1.696,1
8.965,2.877,-1.698,1
8.963,2.907,-1.7,1
8.937,2.93,-1.696,1
8.95,2.965,-1.701,1
8.943,2.994,-1.701,1
8.924,3.019,-1.7,1
8.935,3.054,-1.704,1
8.928,3.067,-1.703,1
8.922,3.097,-1.704,1
8.92,3.127,-1.706,1
8.903,3.153,-1.704,1
8.909,3.187,-1.707,1
8.896,3.213,-1.707,1
8.884,3.241,-1.706,1
8.875,3.253,-1.706,1
8.879,3.286,-1.709,1
8.88,3.318,-1.711,1
8.897,3.357,-1.717,1
8.896,3.388,-1.719,1
8.914,3.428,-1.725,1
8.898,3.453,-1.723,1
8.898,3.47,-1.725,1
8.88,3.495,-1.723,1
8.865,3.521,-1.722,1
8.852,3.548,-1.722,1
8.874,3.589,-1.729,1
8.812,3.596,-1.718,1
8.833,3.621,-1.724,1
8.767,3.626,-1.712,1
8.738,3.646,-1.709,1
8.75,3.684,-1.714,1
8.751,3.717,-1.716,1
8.726,3.739,-1.714,1
8.673,3.748,-1.705,1
8.711,3.78,-1.714,1
8.704,3.81,-1.715,1
8.699,3.841,-1.717,1
8.676,3.863,-1.714,1
8.662,3.89,-1.714,1
8.623,3.905,-1.708,1
8.63,3.924,-1.711,1
8.605,3.945,-1.708,1
8.61,3.98,-1.712,1
8.587,4.002,-1.71,1
8.549,4.018,-1.704,1
8.547,4.05,-1.707,1
8.538,4.078,-1.707,1
8.535,4.093,-1.708,1
8.485,4.102,-1.7,1
8.501,4.142,-1.706,1
8.481,4.166,-1.705,1
8.474,4.196,-1.706,1
8.424,4.204,-1.698,1
8.411,4.23,-1.698,1
8.394,4.238,-1.696,1
8.382,4.265,-1.696,1
8.367,4.291,-1.696,1
8.354,4.317,-1.696,1
8.34,4.343,-1.696,1
8.319,4.366,-1.695,1
8.3,4.389,-1.693,1
8.297,4.404,-1.694,1
8.278,4.427,-1.693,1
8.257,4.45,-1.692,1
8.243,4.475,-1.692,1
8.196,4.483,-1.684,1
8.211,4.525,-1.691,1
8.202,4.554,-1.692,1
8.166,4.55,-1.685,1
8.176,4.59,-1.691,1
8.149,4.608,-1.688,1
8.14,4.637,-1.689,1
8.123,4.662,-1.689,1
8.121,4.694,-1.692,1
8.106,4.703,-1.69,1
8.11,4.739,-1.694,1
8.09,4.762,-1.693,1
8.065,4.781,-1.691,1
8.055,4.809,-1.692,1
8.052,4.842,-1.695,1
8.023,4.859,-1.692,1
8.007,4.866,-1.69,1
8.002,4.898,-1.692,1
7.978,4.918,-1.69,1
7.959,4.94,-1.689,1
7.937,4.961,-1.688,1
7.913,4.981,-1.686,1
7.914,5.016,-1.69,1
7.908,5.03,-1.69,1
7.87,5.041,-1.685,1
7.848,5.061,-1.684,1
7.834,5.087,-1.684,1
7.809,5.106,-1.682,1
7.79,5.128,-1.681,1
7.792,5.147,-1.684,1
7.759,5.161,-1.68,1
7.743,5.185,-1.68,1
7.728,5.211,-1.68,1
7.689,5.219,-1.675,1
7.666,5.239,-1.673,1
7.661,5.271,-1.676,1
7.648,5.28,-1.675,1
7.633,5.305,-1.675,1
7.607,5.322,-1.673,1
7.579,5.338,-1.67,1
7.559,5.359,-1.669,1
7.535,5.378,-1.668,1
7.507,5.394,-1.665,1
7.508,5.413,-1.668,1
7.476,5.425,-1.664,1
7.449,5.441,-1.661,1
7.427,5.461,-1.66,1
7.416,5.489,-1.662,1
7.389,5.505,-1.66,1
7.359,5.5,-1.654,1
7.318,5.506,-1.649,1
5.837,4.53,-1.306,1
5.791,4.509,-1.297,1
5.772,4.524,-1.295,1
5.715,4.508,-1.285,1
5.679,4.508,-1.279,1
5.635,4.501,-1.272,1
5.602,4.504,-1.267,1
5.481,4.507,-1.249,1
5.294,4.507,-1.222,1
5.274,4.519,-1.22,1
5.245,4.523,-1.216,1
5.216,4.526,-1.213,1
5.206,4.546,-1.214,1
5.172,4.546,-1.209,1
5.145,4.536,-1.203,1
5.129,4.551,-1.203,1
5.119,4.571,-1.204,1
5.084,4.568,-1.199,1
5.081,4.595,-1.202,1
5.076,4.619,-1.204,1
5.058,4.617,-1.202,1
5.057,4.645,-1.205,1
5.048,4.666,-1.206,1
5.03,4.679,-1.206,1
5.037,4.715,-1.211,1
5.025,4.734,-1.212,1
5.021,4.761,-1.215,1
5.021,4.775,-1.217,1
5.017,4.802,-1.22,1
5.332,6.775,-1.545,1
5.458,6.981,-1.591,1
5.466,7.037,-1.601,1
5.449,7.06,-1.602,1
5.169,-5.183,-1.293,1
5.213,-5.194,-1.3,1
5.239,-5.187,-1.303,1
5.282,-5.197,-1.31,1
5.304,-5.186,-1.312,1
5.251,-5.102,-1.293,1
5.168,-4.991,-1.267,1
5.148,-4.955,-1.259,1
5.132,-4.909,-1.251,1
5.141,-4.888,-1.249,1
5.138,-4.854,-1.244,1
5.146,-4.831,-1.242,1
5.156,-4.81,-1.241,1
5.149,-4.774,-1.235,1
5.151,-4.76,-1.233,1
5.155,-4.735,-1.231,1
5.175,-4.723,-1.232,1
5.206,-4.721,-1.236,1
5.165,-4.655,-1.222,1
5.127,-4.591,-1.208,1
5.126,-4.562,-1.204,1
5.138,-4.558,-1.205,1
5.143,-4.534,-1.203,1
5.16,-4.521,-1.204,1
5.169,-4.499,-1.202,1
5.169,-4.471,-1.199,1
5.185,-4.457,-1.199,1
5.187,-4.445,-1.198,1
5.198,-4.426,-1.197,1
5.209,-4.407,-1.197,1
5.217,-4.385,-1.195,1
5.232,-4.37,-1.195,1
5.25,-4.358,-1.197,1
5.275,-4.35,-1.199,1
5.285,-4.344,-1.2,1
5.315,-4.341,-1.204,1
5.332,-4.327,-1.205,1
5.358,-4.32,-1.208,1
5.376,-4.306,-1.209,1
5.406,-4.303,-1.213,1
5.427,-4.292,-1.215,1
5.465,-4.308,-1.223,1
5.479,-4.29,-1.223,1
5.522,-4.296,-1.23,1
5.533,-4.277,-1.23,1
5.561,-4.271,-1.233,1
5.623,-4.29,-1.245,1
5.666,-4.308,-1.254,1
5.763,-4.326,-1.271,1
5.786,-4.314,-1.273,1
5.822,-4.312,-1.278,1
5.851,-4.306,-1.282,1
5.875,-4.294,-1.284,1
5.918,-4.311,-1.293,1
5.939,-4.299,-1.295,1
5.988,-4.305,-1.303,1
6.016,-4.296,-1.307,1
6.049,-4.291,-1.311,1
6.118,-4.311,-1.325,1
6.148,-4.303,-1.328,1
6.166,-4.302,-1.331,1
6.202,-4.298,-1.336,1
6.25,-4.301,-1.344,1
6.102,-4.173,-1.307,1
6.29,-4.271,-1.347,1
6.357,-4.287,-1.36,1
6.4,-4.301,-1.368,1
6.505,-4.342,-1.39,1
8.175,-5.375,-1.77,1
8.199,-5.354,-1.771,1
8.221,-5.331,-1.772,1
8.216,-5.292,-1.768,1
8.246,-5.292,-1.772,1
8.257,-5.263,-1.771,1
8.244,-5.218,-1.765,1
8.275,-5.202,-1.768,1
8.291,-5.176,-1.768,1
8.309,-5.151,-1.768,1
8.305,-5.112,-1.764,1
8.334,-5.112,-1.768,1
8.341,-5.08,-1.766,1
8.312,-5.027,-1.756,1
8.189,-4.918,-1.725,1
8.051,-4.801,-1.69,1
8.052,-4.768,-1.687,1
8.076,-4.748,-1.689,1
8.054,-4.718,-1.683,1
8.062,-4.689,-1.681,1
8.07,-4.66,-1.68,1
8.063,-4.622,-1.675,1
8.069,-4.591,-1.673,1
8.071,-4.559,-1.67,1
8.061,-4.521,-1.665,1
8.056,-4.501,-1.662,1
8.084,-4.484,-1.665,1
8.107,-4.463,-1.667,1
8.364,-4.569,-1.721,1
8.608,-4.667,-1.771,1
8.626,-4.642,-1.772,1
8.639,-4.631,-1.773,1
8.664,-4.609,-1.776,1
8.652,-4.568,-1.77,1
8.66,-4.538,-1.768,1
8.695,-4.521,-1.773,1
8.714,-4.496,-1.774,1
8.707,-4.458,-1.769,1
8.726,-4.451,-1.772,1
8.744,-4.425,-1.773,1
8.754,-4.396,-1.772,1
8.763,-4.366,-1.771,1
8.789,-4.344,-1.774,1
8.801,-4.316,-1.773,1
8.804,-4.3,-1.772,1
8.81,-4.269,-1.771,1
8.834,-4.247,-1.773,1
8.851,-4.221,-1.774,1
8.83,-4.177,-1.767,1
8.86,-4.157,-1.77,1
8.84,-4.114,-1.763,1
8.881,-4.116,-1.771,1
8.899,-4.09,-1.772,1
8.914,-4.063,-1.772,1
8.914,-4.029,-1.769,1
8.937,-4.006,-1.772,1
8.968,-3.986,-1.776,1
8.977,-3.956,-1.775,1
8.986,-3.944,-1.776,1
9.004,-3.918,-1.777,1
9.027,-3.894,-1.779,1
9.045,-3.868,-1.78,1
9.039,-3.832,-1.776,1
9.053,-3.804,-1.777,1
9.074,-3.78,-1.779,1
9.078,-3.765,-1.778,1
9.07,-3.728,-1.774,1
9.107,-3.71,-1.779,1
9.127,-3.685,-1.781,1
9.135,-3.654,-1.78,1
9.134,-3.621,-1.778,1
9.158,-3.597,-1.78,1
9.162,-3.582,-1.78,1
9.173,-3.553,-1.78,1
9.19,-3.526,-1.781,1
9.19,-3.493,-1.779,1
9.193,-3.462,-1.777,1
9.206,-3.433,-1.778,1
9.21,-3.418,-1.777,1
9.248,-3.399,-1.783,1
9.299,-3.385,-1.792,1
9.345,-3.368,-1.799,1
9.394,-3.353,-1.807,1
9.414,-3.327,-1.809,1
9.436,-3.301,-1.811,1
9.415,-3.277,-1.806,1
9.427,-3.248,-1.806,1
9.43,-3.216,-1.804,1
9.434,-3.184,-1.803,1
9.414,-3.145,-1.797,1
9.417,-3.113,-1.796,1
9.426,-3.083,-1.796,1
9.418,-3.064,-1.793,1
9.415,-3.03,-1.79,1
9.424,-3.001,-1.79,1
9.411,-2.964,-1.786,1
9.424,-2.936,-1.787,1
9.426,-2.904,-1.785,1
9.426,-2.888,-1.784,1
9.43,-2.857,-1.783,1
9.427,-2.824,-1.781,1
9.434,-2.793,-1.78,1
9.437,-2.762,-1.779,1
9.442,-2.731,-1.779,1
9.438,-2.698,-1.776,1
9.43,-2.68,-1.774,1
9.441,-2.651,-1.774,1
9.443,-2.62,-1.773,1
9.434,-2.585,-1.769,1
9.439,-2.555,-1.769,1
9.445,-2.524,-1.768,1
9.443,-2.492,-1.766,1
9.441,-2.476,-1.765,1
9.445,-2.445,-1.765,1
9.443,-2.413,-1.763,1
9.447,-2.383,-1.762,1
9.449,-2.351,-1.761,1
9.445,-2.319,-1.758,1
9.452,-2.305,-1.759,1
9.452,-2.274,-1.758,1
9.457,-2.243,-1.757,1
9.451,-2.211,-1.755,1
9.463,-2.182,-1.756,1
9.466,-2.152,-1.755,1
9.463,-2.12,-1.753,1
9.457,-2.103,-1.751,1
9.448,-2.07,-1.748,1
9.459,-2.041,-1.749,1
9.461,-2.01,-1.748,1
9.444,-1.976,-1.744,1
9.448,-1.946,-1.743,1
9.46,-1.917,-1.744,1
9.444,-1.899,-1.741,1
9.442,-1.867,-1.739,1
9.456,-1.839,-1.741,1
9.44,-1.805,-1.736,1
9.442,-1.775,-1.736,1
9.446,-1.745,-1.735,1
9.439,-1.713,-1.733,1
9.433,-1.697,-1.731,1
9.438,-1.667,-1.731,1
9.437,-1.636,-1.73,1
9.436,-1.606,-1.729,1
9.441,-1.576,-1.729,1
9.429,-1.544,-1.725,1
9.441,-1.515,-1.727,1
9.442,-1.5,-1.726,1
9.421,-1.467,-1.722,1
9.424,-1.437,-1.721,1
9.448,-1.41,-1.725,1
9.415,-1.375,-1.718,1
9.422,-1.346,-1.718,1
9.424,-1.331,-1.718,1
9.416,-1.3,-1.716,1
9.406,-1.268,-1.713,1
9.418,-1.24,-1.715,1
9.401,-1.207,-1.711,1
9.414,-1.179,-1.712,1
9.4,-1.147,-1.709,1
9.4,-1.132,-1.709,1
9.39,-1.101,-1.706,1
9.405,-1.073,-1.708,1
9.389,-1.041,-1.704,1
9.388,-1.012,-1.704,1
9.38,-0.981,-1.701,1
9.371,-0.95,-1.699,1
9.37,-0.935,-1.699,1
9.371,-0.906,-1.698,1
9.36,-0.875,-1.696,1
9.367,-0.846,-1.696,1
9.368,-0.816,-1.696,1
9.353,-0.785,-1.693,1
9.353,-0.756,-1.692,1
9.358,-0.742,-1.693,1
9.357,-0.712,-1.692,1
9.339,-0.681,-1.688,1
9.335,-0.651,-1.687,1
9.337,-0.622,-1.687,1
9.335,-0.592,-1.687,1
9.337,-0.563,-1.687,1
9.315,-0.547,-1.682,1
9.324,-0.518,-1.684,1
9.328,-0.489,-1.684,1
9.313,-0.459,-1.681,1
9.309,-0.43,-1.68,1
9.314,-0.4,-1.681,1
9.309,-0.386,-1.679,1
9.304,-0.356,-1.678,1
9.315,-0.327,-1.68,1
9.294,-0.297,-1.676,1
9.293,-0.268,-1.676,1
9.296,-0.239,-1.676,1
9.289,-0.21,-1.674,1
9.301,-0.195,-1.677,1
9.286,-0.166,-1.674,1
9.282,-0.136,-1.673,1
9.287,-0.107,-1.674,1
9.275,-0.078,-1.671,1
9.277,-0.049,-1.672,1
9.281,-0.034,-1.673,1
9.283,-0.005,-1.673,1
8.682,0.017,-1.658,1
8.67,0.044,-1.656,1
8.67,0.058,-1.656,1
8.68,0.085,-1.658,1
8.67,0.112,-1.656,1
8.675,0.14,-1.657,1
8.673,0.167,-1.656,1
8.67,0.194,-1.656,1
8.66,0.208,-1.654,1
8.677,0.235,-1.658,1
8.674,0.262,-1.657,1
8.662,0.289,-1.655,1
8.67,0.317,-1.657,1
8.66,0.344,-1.655,1
8.664,0.371,-1.656,1
8.668,0.385,-1.657,1
8.659,0.412,-1.655,1
8.663,0.439,-1.656,1
8.671,0.467,-1.658,1
8.664,0.494,-1.657,1
8.655,0.521,-1.656,1
8.657,0.548,-1.656,1
8.654,0.562,-1.656,1
8.662,0.589,-1.658,1
8.658,0.616,-1.658,1
8.662,0.644,-1.659,1
8.648,0.67,-1.656,1
8.662,0.699,-1.66,1
8.65,0.725,-1.658,1
8.645,0.738,-1.657,1
8.652,0.766,-1.659,1
8.646,0.793,-1.658,1
8.647,0.821,-1.659,1
8.646,0.848,-1.659,1
8.628,0.874,-1.656,1
8.637,0.888,-1.658,1
8.64,0.916,-1.659,1
8.631,0.943,-1.658,1
8.63,0.97,-1.658,1
8.636,0.998,-1.661,1
8.639,1.026,-1.662,1
8.628,1.052,-1.66,1
8.63,1.066,-1.661,1
8.635,1.094,-1.663,1
8.623,1.12,-1.661,1
8.633,1.149,-1.664,1
8.614,1.174,-1.661,1
8.612,1.201,-1.661,1
8.611,1.229,-1.661,1
8.611,1.243,-1.662,1
8.605,1.269,-1.661,1
8.604,1.297,-1.662,1
8.589,1.322,-1.66,1
8.596,1.351,-1.662,1
8.592,1.378,-1.662,1
8.59,1.392,-1.662,1
8.597,1.42,-1.665,1
8.589,1.447,-1.664,1
8.584,1.474,-1.664,1
8.57,1.499,-1.662,1
8.58,1.529,-1.665,1
8.589,1.558,-1.668,1
8.588,1.572,-1.668,1
8.574,1.597,-1.666,1
8.567,1.624,-1.666,1
8.564,1.651,-1.666,1
8.562,1.679,-1.667,1
8.555,1.705,-1.667,1
8.542,1.73,-1.665,1
8.562,1.748,-1.67,1
8.555,1.775,-1.669,1
8.536,1.799,-1.667,1
8.553,1.831,-1.671,1
8.543,1.857,-1.671,1
8.532,1.882,-1.669,1
8.528,1.909,-1.67,1
8.529,1.924,-1.671,1
8.513,1.948,-1.669,1
8.516,1.977,-1.671,1
8.514,2.005,-1.671,1
8.504,2.031,-1.671,1
8.513,2.061,-1.674,1
8.483,2.082,-1.669,1
8.493,2.099,-1.672,1
8.49,2.126,-1.673,1
8.48,2.152,-1.672,1
8.483,2.181,-1.674,1
8.476,2.208,-1.674,1
8.469,2.234,-1.674,1
8.478,2.251,-1.677,1
8.481,2.28,-1.679,1
8.455,2.302,-1.675,1
8.462,2.333,-1.678,1
8.459,2.36,-1.679,1
8.45,2.386,-1.678,1
8.444,2.413,-1.679,1
8.433,2.424,-1.677,1
8.434,2.454,-1.679,1
8.434,2.482,-1.681,1
8.43,2.51,-1.681,1
8.407,2.532,-1.678,1
8.405,2.56,-1.679,1
8.406,2.589,-1.681,1
8.409,2.605,-1.683,1
8.394,2.629,-1.681,1
8.384,2.655,-1.681,1
8.379,2.682,-1.682,1
8.38,2.711,-1.684,1
8.366,2.736,-1.683,1
8.353,2.761,-1.682,1
8.358,2.777,-1.684,1
8.355,2.805,-1.685,1
8.352,2.833,-1.686,1
8.333,2.856,-1.684,1
8.337,2.887,-1.687,1
8.332,2.914,-1.688,1
8.327,2.928,-1.688,1
8.318,2.954,-1.688,1
8.318,2.983,-1.69,1
8.312,3.011,-1.691,1
8.299,3.035,-1.69,1
8.293,3.063,-1.691,1
8.291,3.091,-1.692,1
8.297,3.109,-1.695,1
8.267,3.127,-1.69,1
8.277,3.161,-1.695,1
8.267,3.187,-1.695,1
8.261,3.214,-1.695,1
8.245,3.238,-1.694,1
8.273,3.264,-1.702,1
8.263,3.29,-1.702,1
8.283,3.328,-1.708,1
8.289,3.36,-1.712,1
8.286,3.389,-1.714,1
8.303,3.427,-1.72,1
8.288,3.451,-1.719,1
8.277,3.462,-1.718,1
8.29,3.498,-1.723,1
8.29,3.528,-1.725,1
8.28,3.555,-1.726,1
8.267,3.58,-1.725,1
8.229,3.595,-1.719,1
8.202,3.613,-1.716,1
8.171,3.615,-1.71,1
8.158,3.64,-1.71,1
8.123,3.655,-1.704,1
8.102,3.677,-1.702,1
8.11,3.711,-1.707,1
8.088,3.732,-1.704,1
8.096,3.766,-1.709,1
8.102,3.785,-1.712,1
8.071,3.801,-1.707,1
8.048,3.821,-1.705,1
8.033,3.845,-1.704,1
7.999,3.86,-1.699,1
7.996,3.889,-1.701,1
7.98,3.913,-1.7,1
7.955,3.916,-1.696,1
7.951,3.945,-1.698,1
7.933,3.967,-1.697,1
7.902,3.983,-1.692,1
7.894,4.01,-1.693,1
7.883,4.036,-1.694,1
7.858,4.038,-1.689,1
7.849,4.065,-1.69,1
7.827,4.085,-1.688,1
7.807,4.106,-1.687,1
7.786,4.126,-1.685,1
7.794,4.161,-1.689,1
7.76,4.175,-1.685,1
7.746,4.183,-1.683,1
7.718,4.199,-1.679,1
7.706,4.224,-1.68,1
7.696,4.25,-1.681,1
7.688,4.277,-1.682,1
7.671,4.299,-1.681,1
7.647,4.318,-1.679,1
7.639,4.329,-1.678,1
7.615,4.347,-1.676,1
7.589,4.364,-1.673,1
7.591,4.397,-1.677,1
7.56,4.411,-1.673,1
7.556,4.44,-1.675,1
7.544,4.449,-1.674,1
7.525,4.47,-1.673,1
7.503,4.489,-1.671,1
7.497,4.517,-1.673,1
7.493,4.547,-1.675,1
7.468,4.564,-1.673,1
7.456,4.589,-1.673,1
7.433,4.591,-1.669,1
7.414,4.611,-1.668,1
7.401,4.636,-1.669,1
7.368,4.647,-1.664,1
7.367,4.679,-1.667,1
7.357,4.705,-1.669,1
7.319,4.714,-1.663,1
7.322,4.731,-1.665,1
7.3,4.75,-1.664,1
7.292,4.777,-1.665,1
7.278,4.801,-1.666,1
7.247,4.813,-1.662,1
7.237,4.839,-1.663,1
7.237,4.856,-1.665,1
7.206,4.868,-1.661,1
7.202,4.898,-1.664,1
7.196,4.927,-1.666,1
7.179,4.949,-1.666,1
7.162,4.97,-1.665,1
7.133,4.984,-1.662,1
7.122,4.993,-1.661,1
7.118,5.023,-1.664,1
7.09,5.037,-1.661,1
7.052,5.044,-1.656,1
7.032,5.063,-1.654,1
7.025,5.091,-1.657,1
7.006,5.111,-1.656,1
6.998,5.122,-1.656,1
6.977,5.141,-1.655,1
6.951,5.156,-1.652,1
6.935,5.177,-1.652,1
6.917,5.198,-1.652,1
6.895,5.215,-1.65,1
6.885,5.241,-1.652,1
6.879,5.255,-1.653,1
6.838,5.257,-1.646,1
6.828,5.283,-1.648,1
6.803,5.299,-1.646,1
6.788,5.321,-1.646,1
6.77,5.341,-1.646,1
6.751,5.361,-1.646,1
6.732,5.364,-1.643,1
6.729,5.396,-1.646,1
6.894,5.563,-1.694,1
5.575,4.533,-1.351,1
5.532,4.527,-1.343,1
5.488,4.521,-1.336,1
5.447,4.501,-1.326,1
5.414,4.503,-1.322,1
5.38,4.504,-1.316,1
5.353,4.51,-1.313,1
5.316,4.507,-1.307,1
5.279,4.505,-1.301,1
5.261,4.518,-1.299,1
5.24,4.515,-1.296,1
5.207,4.515,-1.291,1
5.178,4.518,-1.287,1
5.162,4.533,-1.286,1
5.135,4.538,-1.283,1
5.113,4.547,-1.28,1
5.097,4.547,-1.278,1
5.075,4.557,-1.276,1
5.067,4.578,-1.278,1
5.055,4.597,-1.278,1
5.048,4.619,-1.28,1
5.035,4.636,-1.281,1
5.035,4.665,-1.285,1
5.028,4.673,-1.285,1
5.031,4.706,-1.29,1
5.021,4.726,-1.291,1
5.015,4.75,-1.294,1
5.003,4.768,-1.295,1
5,4.796,-1.298,1
5.002,4.843,-1.305,1
5.395,6.364,-1.589,1
5.479,6.503,-1.621,1
5.461,6.524,-1.622,1
5.436,6.535,-1.621,1
5.405,6.54,-1.617,1
5.378,6.549,-1.615,1
5.369,6.58,-1.619,1
5.339,6.564,-1.613,1
5.325,6.59,-1.615,1
5.292,6.591,-1.611,1
5.267,6.602,-1.609,1
5.254,6.629,-1.612,1
5.232,6.644,-1.612,1
5.21,6.659,-1.611,1
5.098,6.537,-1.578,1
5.036,-5.106,-1.348,1
5.138,-5.176,-1.373,1
5.163,-5.17,-1.376,1
5.217,-5.191,-1.387,1
5.171,-5.112,-1.369,1
5.123,-5.033,-1.35,1
5.108,-5.003,-1.344,1
5.12,-4.983,-1.342,1
5.109,-4.94,-1.335,1
5.123,-4.923,-1.334,1
5.11,-4.88,-1.326,1
5.042,-4.784,-1.303,1
5.137,-4.86,-1.328,1
5.138,-4.83,-1.324,1
5.102,-4.765,-1.309,1
5.126,-4.757,-1.311,1
5.128,-4.729,-1.308,1
5.119,-4.692,-1.301,1
5.141,-4.682,-1.303,1
5.114,-4.643,-1.294,1
5.124,-4.623,-1.293,1
5.142,-4.609,-1.293,1
5.161,-4.597,-1.295,1
5.115,-4.527,-1.278,1
5.116,-4.499,-1.274,1
5.123,-4.477,-1.272,1
5.136,-4.474,-1.274,1
5.144,-4.453,-1.272,1
5.149,-4.429,-1.27,1
5.164,-4.414,-1.27,1
5.187,-4.405,-1.273,1
5.19,-4.38,-1.27,1
5.202,-4.376,-1.271,1
5.214,-4.358,-1.271,1
5.223,-4.338,-1.27,1
5.243,-4.326,-1.271,1
5.267,-4.319,-1.274,1
5.283,-4.305,-1.275,1
5.312,-4.3,-1.279,1
5.334,-4.304,-1.283,1
5.349,-4.289,-1.283,1
5.376,-4.283,-1.287,1
5.404,-4.277,-1.291,1
5.428,-4.269,-1.293,1
5.452,-4.26,-1.296,1
5.493,-4.265,-1.303,1
5.506,-4.261,-1.305,1
5.535,-4.255,-1.309,1
5.57,-4.255,-1.315,1
5.6,-4.25,-1.319,1
5.642,-4.254,-1.326,1
5.718,-4.27,-1.341,1
5.744,-4.261,-1.344,1
5.784,-4.263,-1.351,1
5.823,-4.263,-1.357,1
5.861,-4.264,-1.364,1
5.89,-4.257,-1.368,1
5.91,-4.243,-1.369,1
5.952,-4.259,-1.378,1
6.002,-4.266,-1.387,1
6.036,-4.262,-1.393,1
6.075,-4.261,-1.399,1
6.12,-4.265,-1.407,1
6.163,-4.266,-1.414,1
6.189,-4.255,-1.418,1
6.254,-4.286,-1.432,1
7.582,-5.133,-1.755,1
7.616,-5.121,-1.76,1
7.614,-5.085,-1.755,1
7.63,-5.061,-1.755,1
7.646,-5.037,-1.755,1
7.659,-5.028,-1.757,1
7.657,-4.993,-1.752,1
7.68,-4.974,-1.754,1
7.696,-4.95,-1.754,1
7.715,-4.928,-1.755,1
7.724,-4.899,-1.753,1
7.729,-4.868,-1.751,1
7.738,-4.857,-1.751,1
7.75,-4.831,-1.751,1
7.751,-4.797,-1.747,1
7.776,-4.779,-1.749,1
7.811,-4.767,-1.754,1
7.802,-4.728,-1.749,1
7.816,-4.72,-1.75,1
7.841,-4.701,-1.753,1
7.868,-4.684,-1.755,1
7.882,-4.659,-1.755,1
7.897,-4.634,-1.755,1
7.898,-4.602,-1.752,1
7.911,-4.576,-1.752,1
7.947,-4.58,-1.759,1
7.946,-4.546,-1.755,1
7.962,-4.522,-1.755,1
7.984,-4.502,-1.757,1
8.01,-4.484,-1.76,1
8.009,-4.45,-1.757,1
8.012,-4.435,-1.756,1
8.018,-4.405,-1.754,1
8.061,-4.396,-1.761,1
8.068,-4.367,-1.759,1
8.076,-4.339,-1.758,1
8.102,-4.32,-1.761,1
8.134,-4.305,-1.765,1
8.119,-4.28,-1.76,1
8.132,-4.254,-1.76,1
8.168,-4.241,-1.765,1
8.152,-4.2,-1.758,1
8.167,-4.175,-1.759,1
8.201,-4.16,-1.763,1
8.208,-4.131,-1.762,1
8.211,-4.117,-1.761,1
8.231,-4.095,-1.763,1
8.239,-4.066,-1.762,1
8.262,-4.045,-1.764,1
8.278,-4.021,-1.765,1
8.301,-4,-1.767,1
8.316,-3.975,-1.768,1
8.329,-3.965,-1.769,1
8.341,-3.939,-1.769,1
8.361,-3.916,-1.771,1
8.354,-3.881,-1.767,1
8.368,-3.855,-1.767,1
8.403,-3.84,-1.772,1
8.413,-3.812,-1.772,1
8.419,-3.799,-1.772,1
8.443,-3.778,-1.775,1
8.439,-3.745,-1.771,1
8.449,-3.717,-1.771,1
8.462,-3.692,-1.771,1
8.474,-3.665,-1.771,1
8.485,-3.654,-1.772,1
8.486,-3.623,-1.77,1
8.519,-3.605,-1.775,1
8.535,-3.581,-1.776,1
8.527,-3.546,-1.771,1
8.538,-3.519,-1.771,1
8.524,-3.481,-1.766,1
8.536,-3.471,-1.767,1
8.545,-3.443,-1.767,1
8.563,-3.42,-1.769,1
8.583,-3.396,-1.771,1
8.617,-3.379,-1.776,1
8.67,-3.368,-1.785,1
8.719,-3.356,-1.794,1
8.746,-3.35,-1.798,1
8.755,-3.322,-1.798,1
8.758,-3.292,-1.796,1
8.763,-3.262,-1.795,1
8.758,-3.229,-1.792,1
8.755,-3.197,-1.789,1
8.757,-3.182,-1.788,1
8.735,-3.143,-1.782,1
8.741,-3.114,-1.781,1
8.751,-3.087,-1.781,1
8.757,-3.058,-1.78,1
8.756,-3.027,-1.778,1
8.765,-2.999,-1.778,1
8.77,-2.985,-1.778,1
8.77,-2.955,-1.776,1
8.761,-2.921,-1.771,1
8.77,-2.893,-1.771,1
8.773,-2.864,-1.77,1
8.778,-2.835,-1.769,1
8.791,-2.809,-1.77,1
8.784,-2.791,-1.768,1
8.791,-2.763,-1.767,1
8.794,-2.734,-1.766,1
8.801,-2.705,-1.766,1
8.804,-2.676,-1.765,1
8.799,-2.644,-1.762,1
8.794,-2.628,-1.76,1
8.79,-2.597,-1.757,1
8.795,-2.568,-1.757,1
8.795,-2.538,-1.755,1
8.818,-2.515,-1.758,1
8.804,-2.481,-1.753,1
8.8,-2.45,-1.751,1
8.802,-2.435,-1.751,1
8.81,-2.408,-1.751,1
8.804,-2.376,-1.748,1
8.819,-2.351,-1.749,1
8.817,-2.321,-1.747,1
8.824,-2.293,-1.747,1
8.837,-2.267,-1.749,1
8.82,-2.247,-1.744,1
8.809,-2.215,-1.741,1
8.824,-2.19,-1.742,1
8.814,-2.158,-1.739,1
8.822,-2.13,-1.739,1
8.819,-2.1,-1.737,1
8.82,-2.071,-1.736,1
8.818,-2.056,-1.734,1
8.822,-2.028,-1.734,1
8.817,-1.997,-1.732,1
8.814,-1.968,-1.73,1
8.818,-1.939,-1.729,1
8.826,-1.912,-1.73,1
8.822,-1.882,-1.728,1
8.829,-1.869,-1.728,1
8.808,-1.836,-1.723,1
8.802,-1.806,-1.72,1
8.833,-1.783,-1.726,1
8.808,-1.749,-1.719,1
8.819,-1.723,-1.72,1
8.824,-1.709,-1.721,1
8.829,-1.682,-1.721,1
8.809,-1.649,-1.716,1
8.832,-1.625,-1.719,1
8.812,-1.592,-1.714,1
8.811,-1.564,-1.713,1
8.802,-1.533,-1.71,1
8.801,-1.519,-1.709,1
8.802,-1.491,-1.708,1
8.818,-1.465,-1.711,1
8.815,-1.436,-1.709,1
8.809,-1.407,-1.707,1
8.82,-1.38,-1.708,1
8.814,-1.351,-1.706,1
8.791,-1.333,-1.701,1
8.791,-1.305,-1.7,1
8.797,-1.277,-1.701,1
8.79,-1.248,-1.698,1
8.811,-1.223,-1.702,1
8.778,-1.19,-1.694,1
8.78,-1.162,-1.694,1
8.793,-1.15,-1.696,1
8.776,-1.12,-1.692,1
8.773,-1.091,-1.691,1
8.79,-1.065,-1.693,1
8.768,-1.035,-1.688,1
8.773,-1.007,-1.689,1
8.78,-0.98,-1.689,1
8.76,-0.964,-1.685,1
8.761,-0.936,-1.685,1
8.78,-0.911,-1.688,1
8.759,-0.881,-1.683,1
8.754,-0.852,-1.681,1
8.751,-0.824,-1.68,1
8.762,-0.811,-1.682,1
8.755,-0.783,-1.68,1
8.75,-0.755,-1.679,1
8.752,-0.727,-1.679,1
8.75,-0.699,-1.678,1
8.739,-0.671,-1.675,1
8.749,-0.644,-1.677,1
8.738,-0.629,-1.674,1
8.746,-0.602,-1.675,1
8.728,-0.573,-1.671,1
8.726,-0.546,-1.671,1
8.739,-0.519,-1.673,1
8.725,-0.491,-1.67,1
8.72,-0.477,-1.669,1
8.725,-0.449,-1.669,1
8.719,-0.422,-1.668,1
8.722,-0.394,-1.668,1
8.719,-0.367,-1.667,1
8.707,-0.339,-1.665,1
8.704,-0.311,-1.664,1
8.706,-0.298,-1.664,1
8.703,-0.27,-1.663,1
8.692,-0.243,-1.661,1
8.697,-0.215,-1.662,1
8.698,-0.188,-1.662,1
8.702,-0.161,-1.663,1
8.699,-0.133,-1.662,1
8.689,-0.119,-1.66,1
8.682,-0.092,-1.658,1
8.698,-0.065,-1.661,1
8.68,-0.038,-1.658,1
8.68,-0.01,-1.658,1
8.399,0.007,-1.679,1
8.399,0.033,-1.679,1
8.391,0.059,-1.678,1
8.401,0.086,-1.68,1
8.391,0.112,-1.678,1
8.39,0.139,-1.678,1
8.39,0.165,-1.678,1
8.382,0.178,-1.676,1
8.401,0.205,-1.68,1
8.394,0.231,-1.679,1
8.38,0.257,-1.676,1
8.387,0.284,-1.678,1
8.388,0.31,-1.678,1
8.381,0.323,-1.677,1
8.378,0.349,-1.676,1
8.387,0.376,-1.679,1
8.382,0.402,-1.678,1
8.381,0.428,-1.678,1
8.381,0.455,-1.678,1
8.362,0.48,-1.674,1
8.387,0.495,-1.68,1
8.377,0.521,-1.678,1
8.374,0.547,-1.678,1
8.372,0.573,-1.678,1
8.376,0.6,-1.679,1
8.368,0.626,-1.678,1
8.374,0.653,-1.679,1
8.375,0.666,-1.68,1
8.367,0.692,-1.679,1
8.363,0.718,-1.678,1
8.366,0.745,-1.679,1
8.358,0.77,-1.678,1
8.367,0.798,-1.681,1
8.374,0.812,-1.682,1
8.362,0.837,-1.68,1
8.365,0.864,-1.682,1
8.362,0.89,-1.682,1
8.351,0.916,-1.68,1
8.36,0.943,-1.682,1
8.347,0.968,-1.68,1
8.346,0.981,-1.68,1
8.348,1.008,-1.682,1
8.357,1.036,-1.684,1
8.342,1.061,-1.682,1
8.348,1.088,-1.684,1
8.343,1.114,-1.683,1
8.347,1.141,-1.685,1
8.341,1.154,-1.684,1
8.322,1.178,-1.681,1
8.33,1.206,-1.683,1
8.328,1.232,-1.684,1
8.324,1.258,-1.684,1
8.305,1.282,-1.68,1
8.31,1.31,-1.682,1
8.312,1.323,-1.683,1
8.304,1.349,-1.682,1
8.313,1.377,-1.685,1
8.309,1.403,-1.685,1
8.301,1.429,-1.684,1
8.29,1.454,-1.683,1
8.294,1.481,-1.685,1
8.284,1.493,-1.683,1
8.281,1.519,-1.684,1
8.28,1.546,-1.684,1
8.271,1.571,-1.684,1
8.272,1.598,-1.685,1
8.278,1.627,-1.687,1
8.272,1.639,-1.687,1
8.257,1.663,-1.684,1
8.258,1.69,-1.686,1
8.26,1.718,-1.687,1
8.252,1.743,-1.687,1
8.239,1.767,-1.685,1
8.238,1.794,-1.686,1
8.242,1.809,-1.688,1
8.24,1.835,-1.689,1
8.231,1.86,-1.688,1
8.229,1.887,-1.689,1
8.219,1.912,-1.688,1
8.215,1.938,-1.688,1
8.228,1.969,-1.692,1
8.213,1.979,-1.69,1
8.201,2.003,-1.689,1
8.204,2.032,-1.691,1
8.19,2.055,-1.689,1
8.191,2.083,-1.691,1
8.177,2.107,-1.689,1
8.176,2.134,-1.69,1
8.179,2.148,-1.692,1
8.155,2.169,-1.688,1
8.173,2.202,-1.693,1
8.152,2.224,-1.69,1
8.151,2.251,-1.692,1
8.148,2.278,-1.692,1
8.153,2.293,-1.695,1
8.146,2.319,-1.695,1
8.143,2.345,-1.695,1
8.122,2.367,-1.692,1
8.132,2.398,-1.696,1
8.12,2.422,-1.695,1
8.12,2.45,-1.697,1
8.112,2.461,-1.696,1
8.105,2.487,-1.696,1
8.099,2.513,-1.697,1
8.109,2.544,-1.701,1
8.09,2.566,-1.698,1
8.088,2.593,-1.7,1
8.078,2.604,-1.698,1
8.083,2.634,-1.701,1
8.063,2.655,-1.699,1
8.048,2.678,-1.697,1
8.054,2.709,-1.7,1
8.047,2.735,-1.701,1
8.039,2.76,-1.701,1
8.034,2.772,-1.701,1
8.037,2.802,-1.703,1
8.022,2.825,-1.702,1
8.017,2.851,-1.703,1
8.013,2.878,-1.704,1
7.995,2.9,-1.702,1
7.997,2.929,-1.705,1
7.987,2.94,-1.703,1
7.979,2.966,-1.704,1
7.976,2.993,-1.705,1
7.975,3.021,-1.707,1
7.975,3.05,-1.709,1
7.945,3.067,-1.705,1
7.97,3.106,-1.713,1
7.954,3.114,-1.71,1
7.952,3.142,-1.712,1
7.955,3.172,-1.715,1
7.926,3.19,-1.71,1
7.927,3.219,-1.713,1
7.937,3.252,-1.718,1
7.903,3.267,-1.712,1
7.913,3.286,-1.716,1
7.924,3.32,-1.721,1
7.921,3.347,-1.722,1
7.924,3.378,-1.726,1
7.941,3.415,-1.732,1
7.937,3.443,-1.734,1
7.944,3.461,-1.736,1
7.951,3.494,-1.741,1
7.94,3.519,-1.741,1
7.938,3.548,-1.743,1
7.937,3.578,-1.745,1
7.921,3.6,-1.744,1
7.867,3.605,-1.734,1
7.863,3.618,-1.734,1
7.83,3.633,-1.729,1
7.798,3.648,-1.724,1
7.786,3.672,-1.724,1
7.769,3.694,-1.723,1
7.756,3.718,-1.723,1
7.741,3.74,-1.722,1
7.729,3.75,-1.721,1
7.723,3.777,-1.722,1
7.704,3.798,-1.72,1
7.683,3.817,-1.718,1
7.664,3.838,-1.716,1
7.666,3.869,-1.72,1
7.634,3.868,-1.713,1
7.618,3.89,-1.713,1
7.613,3.917,-1.714,1
7.607,3.945,-1.716,1
7.59,3.966,-1.715,1
7.576,3.989,-1.714,1
7.556,4.009,-1.713,1
7.562,4.027,-1.716,1
7.541,4.047,-1.713,1
7.514,4.063,-1.71,1
7.513,4.093,-1.713,1
7.475,4.102,-1.707,1
7.448,4.118,-1.703,1
7.425,4.136,-1.701,1
7.424,4.15,-1.702,1
7.417,4.177,-1.704,1
7.391,4.193,-1.7,1
7.376,4.215,-1.7,1
7.354,4.233,-1.698,1
7.337,4.255,-1.697,1
7.322,4.261,-1.695,1
7.314,4.287,-1.696,1
7.299,4.309,-1.696,1
7.283,4.331,-1.695,1
7.273,4.356,-1.696,1
7.278,4.39,-1.701,1
7.244,4.4,-1.696,1
7.23,4.408,-1.694,1
7.226,4.437,-1.697,1
7.209,4.457,-1.696,1
7.18,4.47,-1.692,1
7.176,4.499,-1.695,1
7.175,4.53,-1.698,1
7.143,4.541,-1.693,1
7.122,4.544,-1.69,1
7.105,4.564,-1.689,1
7.107,4.597,-1.693,1
7.097,4.623,-1.695,1
7.073,4.638,-1.692,1
7.047,4.653,-1.689,1
7.05,4.687,-1.694,1
7.038,4.695,-1.692,1
7.016,4.713,-1.691,1
6.982,4.721,-1.686,1
6.98,4.752,-1.689,1
6.948,4.762,-1.684,1
6.928,4.78,-1.683,1
6.916,4.804,-1.684,1
6.905,4.813,-1.683,1
6.903,4.844,-1.687,1
6.873,4.855,-1.683,1
6.842,4.865,-1.679,1
6.812,4.876,-1.675,1
6.808,4.906,-1.678,1
6.804,4.919,-1.679,1
6.791,4.943,-1.679,1
6.774,4.963,-1.679,1
6.765,4.989,-1.681,1
6.741,5.004,-1.679,1
6.729,5.027,-1.679,1
6.711,5.047,-1.679,1
6.703,5.058,-1.679,1
6.684,5.077,-1.678,1
6.67,5.099,-1.679,1
6.671,5.133,-1.683,1
6.636,5.139,-1.678,1
6.612,5.154,-1.676,1
6.598,5.16,-1.674,1
6.579,5.178,-1.674,1
6.553,5.191,-1.671,1
6.541,5.216,-1.672,1
6.517,5.23,-1.67,1
6.489,5.24,-1.667,1
6.475,5.263,-1.668,1
6.469,5.275,-1.668,1
6.466,5.306,-1.672,1
6.432,5.313,-1.667,1
6.434,5.348,-1.672,1
6.421,5.372,-1.674,1
6.403,5.391,-1.673,1
6.375,5.402,-1.67,1
6.361,5.407,-1.668,1
6.27,5.363,-1.648,1
6.314,5.435,-1.665,1
5.443,4.711,-1.422,1
5.419,4.72,-1.419,1
5.432,4.762,-1.427,1
5.317,4.689,-1.398,1
5.255,4.65,-1.383,1
5.241,4.666,-1.383,1
5.204,4.663,-1.376,1
5.208,4.696,-1.382,1
5.195,4.714,-1.382,1
5.17,4.721,-1.379,1
5.159,4.741,-1.381,1
5.142,4.74,-1.378,1
5.124,4.753,-1.377,1
5.119,4.779,-1.38,1
5.118,4.808,-1.384,1
5.098,4.819,-1.382,1
5.088,4.84,-1.384,1
5.094,4.877,-1.39,1
5.106,4.904,-1.396,1
5.107,4.936,-1.401,1
5.109,4.969,-1.406,1
5.09,4.982,-1.405,1
5.09,5.013,-1.41,1
5.064,5.019,-1.407,1
5.058,5.029,-1.407,1
5.05,5.053,-1.41,1
5.045,5.08,-1.413,1
5.039,5.105,-1.416,1
5.023,5.121,-1.416,1
5.075,5.207,-1.437,1
5.041,5.205,-1.432,1
5.026,5.206,-1.43,1
5.38,6.269,-1.65,1
5.364,6.29,-1.651,1
5.344,6.307,-1.651,1
5.307,6.302,-1.645,1
5.282,6.313,-1.643,1
5.258,6.325,-1.642,1
5.231,6.333,-1.64,1
5.221,6.341,-1.64,1
5.2,6.356,-1.639,1
5.188,6.383,-1.642,1
5.165,6.394,-1.641,1
5.134,6.397,-1.637,1
5.11,6.408,-1.636,1
5.097,6.433,-1.638,1
5.09,6.446,-1.64,1
5.064,6.454,-1.637,1
5.254,-5.217,-1.466,1
5.247,-5.177,-1.459,1
5.191,-5.091,-1.437,1
5.2,-5.068,-1.435,1
5.194,-5.03,-1.428,1
5.178,-4.984,-1.419,1
5.231,-5.019,-1.433,1
5.213,-4.97,-1.423,1
5.186,-4.914,-1.41,1
5.197,-4.893,-1.409,1
5.198,-4.864,-1.404,1
5.19,-4.826,-1.398,1
5.19,-4.795,-1.393,1
5.145,-4.739,-1.378,1
5.245,-4.801,-1.403,1
5.258,-4.782,-1.402,1
5.201,-4.701,-1.381,1
5.217,-4.686,-1.382,1
5.216,-4.655,-1.377,1
5.231,-4.639,-1.377,1
5.235,-4.628,-1.376,1
5.251,-4.613,-1.377,1
5.255,-4.588,-1.374,1
5.219,-4.528,-1.36,1
5.217,-4.497,-1.355,1
5.234,-4.483,-1.356,1
5.24,-4.474,-1.355,1
5.257,-4.46,-1.356,1
5.266,-4.44,-1.355,1
5.288,-4.429,-1.357,1
5.3,-4.411,-1.357,1
5.33,-4.408,-1.361,1
5.34,-4.388,-1.36,1
5.36,-4.391,-1.364,1
5.375,-4.375,-1.364,1
5.398,-4.365,-1.367,1
5.427,-4.361,-1.371,1
5.444,-4.346,-1.372,1
5.472,-4.34,-1.376,1
5.513,-4.344,-1.383,1
5.518,-4.334,-1.383,1
5.547,-4.329,-1.387,1
5.581,-4.327,-1.392,1
5.599,-4.313,-1.394,1
5.63,-4.308,-1.398,1
5.678,-4.317,-1.407,1
5.701,-4.306,-1.41,1
5.734,-4.317,-1.417,1
5.776,-4.32,-1.425,1
5.797,-4.307,-1.427,1
5.828,-4.302,-1.431,1
5.867,-4.302,-1.438,1
5.891,-4.291,-1.441,1
5.916,-4.281,-1.444,1
5.95,-4.291,-1.451,1
5.979,-4.284,-1.455,1
6.032,-4.293,-1.466,1
6.315,-4.463,-1.536,1
6.693,-4.697,-1.632,1
6.706,-4.675,-1.631,1
6.697,-4.653,-1.627,1
6.728,-4.643,-1.631,1
6.736,-4.617,-1.629,1
6.781,-4.617,-1.637,1
7.299,-4.934,-1.768,1
7.336,-4.925,-1.773,1
7.349,-4.901,-1.773,1
7.356,-4.888,-1.772,1
7.363,-4.859,-1.77,1
7.381,-4.838,-1.771,1
7.409,-4.824,-1.774,1
7.431,-4.805,-1.776,1
7.435,-4.774,-1.773,1
7.432,-4.756,-1.77,1
7.459,-4.74,-1.773,1
7.485,-4.724,-1.776,1
7.477,-4.686,-1.77,1
7.49,-4.661,-1.77,1
7.519,-4.647,-1.774,1
7.517,-4.613,-1.77,1
7.516,-4.596,-1.768,1
7.532,-4.573,-1.768,1
7.567,-4.562,-1.773,1
7.583,-4.539,-1.773,1
7.577,-4.503,-1.768,1
7.592,-4.48,-1.769,1
7.62,-4.464,-1.772,1
7.649,-4.465,-1.778,1
7.655,-4.436,-1.776,1
7.66,-4.407,-1.773,1
7.67,-4.381,-1.773,1
7.674,-4.351,-1.77,1
7.693,-4.33,-1.771,1
7.706,-4.306,-1.771,1
7.713,-4.294,-1.771,1
7.749,-4.282,-1.777,1
7.755,-4.254,-1.775,1
7.763,-4.227,-1.774,1
7.787,-4.208,-1.776,1
7.8,-4.183,-1.776,1
7.808,-4.156,-1.775,1
7.813,-4.143,-1.775,1
7.815,-4.113,-1.772,1
7.84,-4.095,-1.775,1
7.855,-4.071,-1.776,1
7.868,-4.046,-1.776,1
7.877,-4.02,-1.775,1
7.892,-4.012,-1.777,1
7.91,-3.989,-1.778,1
7.936,-3.971,-1.781,1
7.947,-3.946,-1.781,1
7.965,-3.923,-1.782,1
7.982,-3.901,-1.784,1
8,-3.878,-1.785,1
8,-3.863,-1.784,1
8.016,-3.84,-1.784,1
8.026,-3.814,-1.784,1
8.033,-3.786,-1.783,1
8.045,-3.761,-1.783,1
8.069,-3.741,-1.786,1
8.072,-3.712,-1.784,1
8.087,-3.703,-1.786,1
8.096,-3.677,-1.785,1
8.108,-3.651,-1.785,1
8.125,-3.628,-1.786,1
8.158,-3.612,-1.791,1
8.162,-3.583,-1.79,1
8.153,-3.564,-1.786,1
8.159,-3.536,-1.785,1
8.166,-3.509,-1.784,1
8.174,-3.482,-1.784,1
8.188,-3.458,-1.784,1
8.203,-3.434,-1.785,1
8.22,-3.411,-1.787,1
8.24,-3.404,-1.79,1
8.282,-3.39,-1.797,1
8.329,-3.379,-1.806,1
8.386,-3.372,-1.817,1
8.404,-3.348,-1.818,1
8.4,-3.316,-1.815,1
8.398,-3.285,-1.812,1
8.392,-3.267,-1.81,1
8.397,-3.239,-1.808,1
8.403,-3.211,-1.807,1
8.408,-3.182,-1.806,1
8.398,-3.149,-1.802,1
8.407,-3.122,-1.802,1
8.403,-3.106,-1.799,1
8.4,-3.074,-1.797,1
8.422,-3.053,-1.799,1
8.417,-3.021,-1.796,1
8.418,-2.991,-1.794,1
8.427,-2.965,-1.794,1
8.444,-2.941,-1.796,1
8.428,-2.921,-1.791,1
8.43,-2.892,-1.789,1
8.446,-2.868,-1.791,1
8.435,-2.834,-1.786,1
8.447,-2.809,-1.787,1
8.463,-2.785,-1.789,1
8.453,-2.752,-1.785,1
8.447,-2.735,-1.782,1
8.476,-2.715,-1.787,1
8.454,-2.679,-1.78,1
8.457,-2.651,-1.779,1
8.478,-2.628,-1.782,1
8.462,-2.594,-1.776,1
8.461,-2.565,-1.774,1
8.484,-2.557,-1.778,1
8.46,-2.521,-1.771,1
8.47,-2.495,-1.772,1
8.485,-2.471,-1.773,1
8.491,-2.444,-1.773,1
8.483,-2.413,-1.77,1
8.493,-2.386,-1.77,1
8.48,-2.368,-1.766,1
8.485,-2.341,-1.766,1
8.491,-2.314,-1.765,1
8.483,-2.283,-1.762,1
8.494,-2.258,-1.763,1
8.497,-2.23,-1.762,1
8.495,-2.215,-1.761,1
8.488,-2.185,-1.758,1
8.505,-2.161,-1.76,1
8.489,-2.128,-1.755,1
8.499,-2.103,-1.756,1
8.504,-2.076,-1.755,1
8.491,-2.044,-1.751,1
8.498,-2.032,-1.752,1
8.499,-2.004,-1.751,1
8.494,-1.975,-1.748,1
8.498,-1.947,-1.748,1
8.502,-1.92,-1.747,1
8.506,-1.893,-1.747,1
8.508,-1.866,-1.746,1
8.513,-1.853,-1.747,1
8.505,-1.823,-1.744,1
8.501,-1.794,-1.742,1
8.511,-1.768,-1.742,1
8.509,-1.74,-1.741,1
8.497,-1.71,-1.737,1
8.512,-1.685,-1.739,1
8.507,-1.67,-1.737,1
8.499,-1.641,-1.734,1
8.496,-1.613,-1.733,1
8.513,-1.588,-1.735,1
8.5,-1.558,-1.731,1
8.522,-1.535,-1.735,1
8.496,-1.503,-1.729,1
8.504,-1.49,-1.73,1
8.503,-1.463,-1.729,1
8.5,-1.435,-1.727,1
8.495,-1.406,-1.725,1
8.495,-1.379,-1.724,1
8.498,-1.352,-1.723,1
8.5,-1.339,-1.723,1
8.496,-1.311,-1.722,1
8.491,-1.283,-1.72,1
8.487,-1.255,-1.718,1
8.499,-1.229,-1.72,1
8.479,-1.199,-1.715,1
8.485,-1.173,-1.715,1
8.471,-1.157,-1.712,1
8.488,-1.133,-1.715,1
8.474,-1.104,-1.711,1
8.47,-1.076,-1.709,1
8.477,-1.05,-1.71,1
8.483,-1.024,-1.71,1
8.472,-1.009,-1.708,1
8.476,-0.982,-1.708,1
8.477,-0.955,-1.708,1
8.478,-0.929,-1.707,1
8.479,-0.902,-1.707,1
8.466,-0.874,-1.703,1
8.472,-0.847,-1.704,1
8.462,-0.833,-1.702,1
8.453,-0.805,-1.699,1
8.442,-0.777,-1.696,1
8.462,-0.752,-1.7,1
8.47,-0.726,-1.701,1
8.462,-0.699,-1.699,1
8.451,-0.671,-1.696,1
8.444,-0.657,-1.695,1
8.458,-0.632,-1.697,1
8.452,-0.605,-1.695,1
8.444,-0.577,-1.693,1
8.446,-0.551,-1.693,1
8.45,-0.525,-1.694,1
8.445,-0.498,-1.692,1
8.446,-0.484,-1.692,1
8.432,-0.457,-1.689,1
8.433,-0.431,-1.689,1
8.441,-0.404,-1.69,1
8.432,-0.377,-1.688,1
8.437,-0.351,-1.689,1
8.424,-0.337,-1.686,1
8.431,-0.311,-1.687,1
8.42,-0.284,-1.685,1
8.411,-0.257,-1.683,1
8.404,-0.231,-1.681,1
8.414,-0.205,-1.683,1
8.419,-0.178,-1.684,1
8.413,-0.165,-1.683,1
8.412,-0.139,-1.682,1
8.41,-0.112,-1.682,1
8.399,-0.086,-1.679,1
8.401,-0.059,-1.68,1
8.397,-0.033,-1.679,1
8.397,-0.006,-1.679,1
8.069,0.01,-1.675,1
8.068,0.036,-1.675,1
8.07,0.049,-1.675,1
8.076,0.074,-1.676,1
8.066,0.099,-1.674,1
8.064,0.125,-1.674,1
8.054,0.15,-1.672,1
8.067,0.175,-1.675,1
8.056,0.2,-1.673,1
8.056,0.213,-1.673,1
8.077,0.239,-1.677,1
8.056,0.264,-1.673,1
8.059,0.289,-1.674,1
8.059,0.314,-1.674,1
8.052,0.34,-1.673,1
8.049,0.352,-1.672,1
8.054,0.378,-1.673,1
8.049,0.403,-1.673,1
8.055,0.428,-1.674,1
8.052,0.454,-1.674,1
8.047,0.479,-1.673,1
8.047,0.504,-1.673,1
8.046,0.517,-1.673,1
8.043,0.542,-1.673,1
8.035,0.567,-1.672,1
8.055,0.594,-1.676,1
8.043,0.618,-1.674,1
8.056,0.645,-1.678,1
8.052,0.67,-1.677,1
8.034,0.681,-1.673,1
8.041,0.707,-1.676,1
8.035,0.732,-1.675,1
8.049,0.759,-1.678,1
8.04,0.783,-1.677,1
8.046,0.809,-1.679,1
8.031,0.833,-1.676,1
8.042,0.847,-1.679,1
8.033,0.872,-1.677,1
8.032,0.897,-1.678,1
8.031,0.923,-1.678,1
8.023,0.947,-1.677,1
8.014,0.972,-1.676,1
8.03,0.999,-1.68,1
8.021,1.011,-1.678,1
8.029,1.038,-1.681,1
8.018,1.062,-1.679,1
8.017,1.087,-1.679,1
8.019,1.113,-1.681,1
8.008,1.137,-1.679,1
8.018,1.152,-1.682,1
8.004,1.175,-1.679,1
7.991,1.199,-1.677,1
7.995,1.225,-1.679,1
7.997,1.251,-1.68,1
7.995,1.277,-1.681,1
7.991,1.302,-1.681,1
7.988,1.314,-1.681,1
7.99,1.34,-1.682,1
7.98,1.365,-1.681,1
7.97,1.389,-1.679,1
7.977,1.416,-1.682,1
7.969,1.44,-1.681,1
7.964,1.465,-1.681,1
7.95,1.476,-1.679,1
7.959,1.503,-1.682,1
7.949,1.527,-1.68,1
7.951,1.553,-1.682,1
7.952,1.579,-1.683,1
7.947,1.604,-1.683,1
7.938,1.629,-1.683,1
7.934,1.641,-1.682,1
7.931,1.666,-1.683,1
7.931,1.692,-1.684,1
7.931,1.718,-1.685,1
7.92,1.742,-1.684,1
7.919,1.768,-1.685,1
7.906,1.778,-1.683,1
7.903,1.803,-1.683,1
7.897,1.828,-1.683,1
7.906,1.856,-1.686,1
7.891,1.879,-1.684,1
7.881,1.903,-1.683,1
7.885,1.93,-1.686,1
7.88,1.942,-1.685,1
7.875,1.967,-1.686,1
7.867,1.991,-1.685,1
7.861,2.016,-1.685,1
7.862,2.043,-1.687,1
7.852,2.066,-1.686,1
7.854,2.08,-1.687,1
7.855,2.107,-1.689,1
7.843,2.13,-1.688,1
7.853,2.159,-1.692,1
7.837,2.181,-1.689,1
7.836,2.207,-1.691,1
7.823,2.23,-1.689,1
7.818,2.242,-1.689,1
7.822,2.27,-1.692,1
7.811,2.293,-1.691,1
7.806,2.318,-1.691,1
7.795,2.342,-1.69,1
7.797,2.369,-1.693,1
7.787,2.393,-1.692,1
7.78,2.404,-1.691,1
7.772,2.429,-1.691,1
7.77,2.455,-1.693,1
7.775,2.483,-1.696,1
7.747,2.501,-1.691,1
7.745,2.527,-1.692,1
7.753,2.557,-1.696,1
7.744,2.567,-1.695,1
7.736,2.592,-1.695,1
7.744,2.622,-1.699,1
7.721,2.641,-1.695,1
7.72,2.668,-1.697,1
7.719,2.694,-1.699,1
7.707,2.717,-1.698,1
7.701,2.729,-1.697,1
7.705,2.758,-1.7,1
7.689,2.779,-1.699,1
7.678,2.803,-1.698,1
7.677,2.829,-1.7,1
7.664,2.852,-1.699,1
7.656,2.863,-1.698,1
7.658,2.891,-1.701,1
7.64,2.912,-1.699,1
7.644,2.94,-1.702,1
7.64,2.967,-1.703,1
7.627,2.989,-1.702,1
7.615,3.012,-1.702,1
7.631,3.032,-1.706,1
7.61,3.052,-1.704,1
7.606,3.078,-1.705,1
7.613,3.108,-1.709,1
7.592,3.128,-1.706,1
7.584,3.152,-1.707,1
7.581,3.179,-1.709,1
7.582,3.193,-1.71,1
7.572,3.217,-1.71,1
7.588,3.252,-1.716,1
7.569,3.272,-1.714,1
7.593,3.311,-1.723,1
7.591,3.339,-1.725,1
7.593,3.354,-1.726,1
7.588,3.38,-1.728,1
7.608,3.417,-1.735,1
7.597,3.441,-1.735,1
7.588,3.466,-1.736,1
7.577,3.49,-1.736,1
7.564,3.513,-1.735,1
7.569,3.529,-1.738,1
7.558,3.553,-1.738,1
7.55,3.578,-1.739,1
7.522,3.594,-1.734,1
7.479,3.602,-1.726,1
7.444,3.615,-1.721,1
7.417,3.63,-1.717,1
7.411,3.642,-1.717,1
7.393,3.662,-1.715,1
7.383,3.686,-1.716,1
7.365,3.706,-1.714,1
7.363,3.734,-1.716,1
7.35,3.756,-1.716,1
7.351,3.771,-1.718,1
7.335,3.793,-1.717,1
7.304,3.806,-1.712,1
7.299,3.832,-1.714,1
7.279,3.851,-1.712,1
7.263,3.872,-1.711,1
7.247,3.893,-1.71,1
7.248,3.908,-1.712,1
7.22,3.922,-1.708,1
7.215,3.949,-1.709,1
7.213,3.977,-1.712,1
7.181,3.989,-1.707,1
7.155,4.004,-1.704,1
7.137,4.024,-1.703,1
7.143,4.042,-1.706,1
7.13,4.064,-1.706,1
7.102,4.078,-1.702,1
7.086,4.098,-1.701,1
7.082,4.125,-1.703,1
7.072,4.149,-1.704,1
7.04,4.161,-1.699,1
7.049,4.181,-1.703,1
7.026,4.197,-1.7,1
7.014,4.22,-1.701,1
6.994,4.238,-1.699,1
6.986,4.263,-1.7,1
6.974,4.286,-1.701,1
6.946,4.298,-1.697,1
6.937,4.308,-1.696,1
6.924,4.33,-1.696,1
6.9,4.346,-1.694,1
6.886,4.367,-1.694,1
6.884,4.396,-1.697,1
6.877,4.422,-1.699,1
6.855,4.423,-1.695,1
6.826,4.435,-1.691,1
6.816,4.459,-1.692,1
6.794,4.475,-1.689,1
6.771,4.491,-1.687,1
6.76,4.514,-1.688,1
6.754,4.541,-1.69,1
6.744,4.549,-1.689,1
6.725,4.567,-1.688,1
6.709,4.587,-1.688,1
6.702,4.614,-1.69,1
6.701,4.644,-1.693,1
6.659,4.646,-1.686,1
6.642,4.65,-1.683,1
6.63,4.673,-1.684,1
6.632,4.705,-1.689,1
6.611,4.721,-1.687,1
6.589,4.737,-1.685,1
6.571,4.756,-1.684,1
6.553,4.774,-1.683,1
6.546,4.784,-1.683,1
6.529,4.804,-1.683,1
6.506,4.818,-1.681,1
6.488,4.836,-1.68,1
6.469,4.854,-1.679,1
6.452,4.874,-1.679,1
6.443,4.899,-1.68,1
6.436,4.909,-1.68,1
6.42,4.929,-1.68,1
6.403,4.948,-1.68,1
6.383,4.964,-1.679,1
6.361,4.98,-1.677,1
6.368,5.018,-1.683,1
6.333,5.022,-1.678,1
6.314,5.023,-1.675,1
6.309,5.052,-1.678,1
6.289,5.068,-1.676,1
6.268,5.084,-1.675,1
6.263,5.112,-1.678,1
6.221,5.111,-1.671,1
6.203,5.129,-1.67,1
6.203,5.145,-1.673,1
6.161,5.143,-1.665,1
6.152,5.169,-1.667,1
6.166,5.213,-1.676,1
6.127,5.214,-1.669,1
6.112,5.234,-1.67,1
6.097,5.255,-1.67,1
6.086,5.262,-1.669,1
6.068,5.279,-1.669,1
6.047,5.295,-1.668,1
6.017,5.302,-1.664,1
5.996,5.317,-1.663,1
5.992,5.348,-1.666,1
5.997,5.369,-1.67,1
5.96,5.369,-1.664,1
5.953,5.397,-1.667,1
5.917,5.399,-1.662,1
5.909,5.425,-1.664,1
5.906,5.457,-1.669,1
5.872,5.459,-1.663,1
5.858,5.463,-1.662,1
5.849,5.49,-1.664,1
5.826,5.503,-1.663,1
5.807,5.52,-1.662,1
5.779,5.527,-1.659,1
5.746,5.53,-1.654,1
5.735,5.555,-1.656,1
5.729,5.567,-1.657,1
5.696,5.57,-1.652,1
5.691,5.6,-1.656,1
5.679,5.623,-1.658,1
5.613,5.593,-1.642,1
5.612,5.627,-1.648,1
5.611,5.662,-1.653,1
5.515,5.583,-1.626,1
5.089,5.187,-1.496,1
5.055,5.184,-1.49,1
5.015,5.177,-1.483,1
5.213,6.004,-1.649,1
5.189,6.015,-1.647,1
5.175,6.037,-1.649,1
5.147,6.043,-1.646,1
5.131,6.062,-1.646,1
5.118,6.067,-1.646,1
5.093,6.076,-1.643,1
5.071,6.089,-1.642,1
5.056,6.109,-1.644,1
5.033,6.12,-1.642,1
5.024,6.148,-1.646,1
5.001,6.159,-1.645,1
5.221,-5.204,-1.519,1
5.268,-5.218,-1.529,1
5.191,-5.109,-1.5,1
5.191,-5.062,-1.492,1
5.4,-5.233,-1.552,1
5.208,-5.014,-1.488,1
5.178,-4.954,-1.474,1
5.177,-4.922,-1.468,1
5.189,-4.918,-1.47,1
5.192,-4.889,-1.466,1
5.199,-4.865,-1.463,1
5.19,-4.826,-1.456,1
5.195,-4.8,-1.453,1
5.188,-4.764,-1.446,1
5.196,-4.741,-1.444,1
5.205,-4.734,-1.445,1
5.185,-4.686,-1.434,1
5.353,-4.809,-1.48,1
5.204,-4.644,-1.431,1
5.213,-4.623,-1.429,1
5.222,-4.601,-1.428,1
5.249,-4.597,-1.432,1
5.257,-4.588,-1.432,1
5.264,-4.565,-1.429,1
5.248,-4.523,-1.421,1
5.258,-4.503,-1.419,1
5.259,-4.475,-1.415,1
5.282,-4.466,-1.418,1
5.287,-4.442,-1.415,1
5.283,-4.425,-1.412,1
5.324,-4.431,-1.42,1
5.334,-4.41,-1.419,1
5.355,-4.399,-1.421,1
5.381,-4.393,-1.425,1
5.396,-4.377,-1.425,1
5.439,-4.383,-1.433,1
5.462,-4.388,-1.438,1
5.478,-4.372,-1.438,1
5.493,-4.356,-1.439,1
5.532,-4.36,-1.446,1
5.545,-4.341,-1.446,1
5.564,-4.328,-1.448,1
5.585,-4.33,-1.452,1
5.617,-4.327,-1.457,1
5.652,-4.326,-1.463,1
5.667,-4.31,-1.463,1
6.631,-5.016,-1.729,1
6.787,-5.101,-1.769,1
6.728,-5.023,-1.748,1
6.677,-4.968,-1.731,1
6.672,-4.932,-1.726,1
6.678,-4.904,-1.723,1
6.683,-4.875,-1.72,1
6.68,-4.841,-1.715,1
6.688,-4.814,-1.713,1
6.668,-4.784,-1.706,1
6.688,-4.767,-1.707,1
6.695,-4.74,-1.705,1
6.694,-4.708,-1.7,1
6.717,-4.692,-1.703,1
6.744,-4.68,-1.706,1
6.924,-4.774,-1.751,1
7.01,-4.817,-1.772,1
7.029,-4.797,-1.773,1
7.031,-4.766,-1.77,1
7.047,-4.745,-1.77,1
7.07,-4.729,-1.772,1
7.098,-4.715,-1.776,1
7.105,-4.687,-1.773,1
7.114,-4.677,-1.774,1
7.106,-4.64,-1.768,1
7.12,-4.618,-1.768,1
7.151,-4.606,-1.772,1
7.177,-4.591,-1.775,1
7.19,-4.567,-1.775,1
7.181,-4.53,-1.769,1
7.198,-4.525,-1.771,1
7.202,-4.496,-1.769,1
7.218,-4.474,-1.769,1
7.235,-4.454,-1.77,1
7.251,-4.432,-1.77,1
7.265,-4.409,-1.77,1
7.285,-4.39,-1.772,1
7.294,-4.38,-1.773,1
7.299,-4.352,-1.77,1
7.33,-4.339,-1.775,1
7.328,-4.307,-1.771,1
7.348,-4.288,-1.773,1
7.353,-4.26,-1.77,1
7.358,-4.247,-1.77,1
7.382,-4.23,-1.773,1
7.403,-4.212,-1.775,1
7.42,-4.19,-1.776,1
7.425,-4.162,-1.773,1
7.436,-4.138,-1.773,1
7.447,-4.114,-1.773,1
7.469,-4.11,-1.776,1
7.485,-4.089,-1.777,1
7.481,-4.056,-1.773,1
7.502,-4.037,-1.775,1
7.494,-4.002,-1.77,1
7.512,-3.982,-1.771,1
7.542,-3.967,-1.776,1
7.558,-3.961,-1.778,1
7.559,-3.931,-1.775,1
7.566,-3.904,-1.774,1
7.587,-3.885,-1.776,1
7.606,-3.865,-1.778,1
7.62,-3.842,-1.778,1
7.622,-3.828,-1.777,1
7.634,-3.804,-1.777,1
7.651,-3.782,-1.779,1
7.665,-3.759,-1.779,1
7.668,-3.731,-1.777,1
7.711,-3.722,-1.785,1
7.714,-3.694,-1.783,1
7.723,-3.683,-1.783,1
7.745,-3.664,-1.786,1
7.76,-3.641,-1.787,1
7.767,-3.614,-1.786,1
7.781,-3.592,-1.786,1
7.786,-3.564,-1.785,1
7.793,-3.538,-1.784,1
7.786,-3.52,-1.781,1
7.81,-3.501,-1.784,1
7.812,-3.472,-1.782,1
7.819,-3.446,-1.781,1
7.846,-3.429,-1.785,1
7.88,-3.414,-1.79,1
7.907,-3.411,-1.796,1
7.959,-3.404,-1.806,1
8.005,-3.395,-1.814,1
8.027,-3.374,-1.817,1
8.032,-3.346,-1.816,1
8.04,-3.32,-1.815,1
8.053,-3.296,-1.816,1
8.049,-3.28,-1.813,1
8.039,-3.246,-1.809,1
8.062,-3.226,-1.812,1
8.041,-3.188,-1.804,1
8.049,-3.162,-1.804,1
8.05,-3.133,-1.802,1
8.046,-3.102,-1.798,1
8.047,-3.088,-1.797,1
8.062,-3.065,-1.799,1
8.062,-3.036,-1.796,1
8.059,-3.006,-1.793,1
8.076,-2.984,-1.795,1
8.069,-2.952,-1.791,1
8.071,-2.924,-1.79,1
8.088,-2.916,-1.793,1
8.073,-2.882,-1.787,1
8.086,-2.858,-1.788,1
8.093,-2.832,-1.787,1
8.1,-2.806,-1.787,1
8.096,-2.776,-1.784,1
8.105,-2.751,-1.784,1
8.083,-2.729,-1.778,1
8.099,-2.706,-1.78,1
8.113,-2.682,-1.781,1
8.097,-2.649,-1.775,1
8.109,-2.625,-1.776,1
8.114,-2.598,-1.775,1
8.116,-2.585,-1.775,1
8.102,-2.552,-1.77,1
8.138,-2.535,-1.776,1
8.112,-2.499,-1.768,1
8.118,-2.473,-1.768,1
8.12,-2.446,-1.766,1
8.124,-2.419,-1.766,1
8.122,-2.405,-1.764,1
8.145,-2.384,-1.768,1
8.115,-2.347,-1.759,1
8.12,-2.321,-1.759,1
8.14,-2.3,-1.762,1
8.14,-2.272,-1.76,1
8.142,-2.245,-1.759,1
8.145,-2.232,-1.759,1
8.143,-2.204,-1.756,1
8.138,-2.175,-1.754,1
8.151,-2.151,-1.755,1
8.133,-2.119,-1.749,1
8.153,-2.097,-1.753,1
8.157,-2.071,-1.752,1
8.142,-2.053,-1.748,1
8.148,-2.027,-1.748,1
8.158,-2.003,-1.749,1
8.142,-1.972,-1.743,1
8.155,-1.948,-1.745,1
8.154,-1.92,-1.743,1
8.15,-1.892,-1.741,1
8.157,-1.881,-1.742,1
8.159,-1.854,-1.741,1
8.163,-1.828,-1.741,1
8.152,-1.798,-1.737,1
8.165,-1.775,-1.739,1
8.161,-1.747,-1.736,1
8.158,-1.733,-1.735,1
8.167,-1.708,-1.736,1
8.165,-1.681,-1.734,1
8.166,-1.654,-1.733,1
8.158,-1.626,-1.73,1
8.155,-1.599,-1.729,1
8.141,-1.569,-1.724,1
8.155,-1.559,-1.727,1
8.152,-1.532,-1.725,1
8.155,-1.506,-1.725,1
8.154,-1.479,-1.723,1
8.161,-1.454,-1.724,1
8.154,-1.426,-1.721,1
8.154,-1.413,-1.721,1
8.16,-1.388,-1.721,1
8.159,-1.361,-1.72,1
8.159,-1.335,-1.719,1
8.156,-1.308,-1.717,1
8.158,-1.282,-1.717,1
8.148,-1.254,-1.714,1
8.154,-1.242,-1.715,1
8.15,-1.215,-1.713,1
8.148,-1.189,-1.712,1
8.154,-1.163,-1.712,1
8.14,-1.135,-1.708,1
8.151,-1.111,-1.71,1
8.147,-1.084,-1.708,1
8.151,-1.071,-1.709,1
8.154,-1.046,-1.709,1
8.142,-1.018,-1.705,1
8.129,-0.991,-1.702,1
8.136,-0.966,-1.703,1
8.143,-0.941,-1.703,1
8.142,-0.915,-1.703,1
8.136,-0.901,-1.701,1
8.133,-0.875,-1.699,1
8.132,-0.849,-1.699,1
8.138,-0.823,-1.699,1
8.139,-0.798,-1.699,1
8.126,-0.771,-1.696,1
8.125,-0.758,-1.695,1
8.131,-0.733,-1.696,1
8.132,-0.707,-1.696,1
8.122,-0.68,-1.693,1
8.13,-0.655,-1.694,1
8.134,-0.63,-1.695,1
8.126,-0.604,-1.693,1
8.119,-0.59,-1.691,1
8.113,-0.564,-1.689,1
8.117,-0.539,-1.689,1
8.121,-0.513,-1.69,1
8.111,-0.487,-1.687,1
8.108,-0.461,-1.686,1
8.11,-0.436,-1.686,1
8.097,-0.422,-1.683,1
8.106,-0.397,-1.685,1
8.097,-0.371,-1.683,1
8.106,-0.346,-1.685,1
8.099,-0.321,-1.683,1
8.096,-0.295,-1.682,1
8.099,-0.27,-1.683,1
8.088,-0.256,-1.68,1
8.093,-0.231,-1.681,1
8.085,-0.206,-1.679,1
8.072,-0.18,-1.676,1
8.091,-0.155,-1.68,1
8.091,-0.129,-1.68,1
8.085,-0.117,-1.679,1
8.076,-0.091,-1.676,1
8.084,-0.066,-1.678,1
8.07,-0.04,-1.675,1
8.067,-0.015,-1.674,1
7.764,0.001,-1.675,1
7.781,0.013,-1.679,1
7.775,0.037,-1.678,1
7.765,0.062,-1.676,1
7.767,0.086,-1.676,1
7.779,0.111,-1.679,1
7.766,0.135,-1.676,1
7.762,0.159,-1.675,1
7.752,0.171,-1.673,1
7.769,0.196,-1.677,1
7.764,0.22,-1.676,1
7.756,0.244,-1.674,1
7.765,0.269,-1.677,1
7.772,0.294,-1.678,1
7.747,0.317,-1.673,1
7.763,0.33,-1.677,1
7.76,0.354,-1.676,1
7.753,0.378,-1.675,1
7.765,0.403,-1.678,1
7.754,0.427,-1.676,1
7.749,0.451,-1.675,1
7.739,0.475,-1.673,1
7.768,0.489,-1.68,1
7.743,0.512,-1.674,1
7.755,0.537,-1.678,1
7.755,0.562,-1.678,1
7.747,0.586,-1.677,1
7.74,0.61,-1.675,1
7.75,0.623,-1.678,1
7.739,0.646,-1.676,1
7.733,0.67,-1.675,1
7.736,0.695,-1.676,1
7.736,0.72,-1.677,1
7.728,0.743,-1.675,1
7.753,0.77,-1.682,1
7.724,0.78,-1.675,1
7.736,0.805,-1.678,1
7.739,0.83,-1.68,1
7.732,0.854,-1.679,1
7.731,0.879,-1.679,1
7.721,0.902,-1.678,1
7.708,0.925,-1.675,1
7.719,0.939,-1.678,1
7.716,0.963,-1.678,1
7.722,0.988,-1.68,1
7.717,1.012,-1.68,1
7.718,1.037,-1.681,1
7.714,1.061,-1.681,1
7.709,1.085,-1.68,1
7.707,1.098,-1.68,1
7.698,1.121,-1.679,1
7.695,1.145,-1.679,1
7.697,1.17,-1.68,1
7.689,1.194,-1.679,1
7.682,1.217,-1.678,1
7.705,1.233,-1.684,1
7.68,1.254,-1.679,1
7.691,1.281,-1.683,1
7.681,1.304,-1.682,1
7.687,1.33,-1.684,1
7.671,1.352,-1.681,1
7.676,1.378,-1.683,1
7.664,1.388,-1.681,1
7.668,1.413,-1.683,1
7.667,1.438,-1.684,1
7.657,1.461,-1.683,1
7.658,1.486,-1.684,1
7.655,1.511,-1.684,1
7.645,1.521,-1.683,1
7.636,1.545,-1.682,1
7.643,1.571,-1.684,1
7.634,1.594,-1.683,1
7.625,1.617,-1.683,1
7.633,1.644,-1.686,1
7.619,1.666,-1.683,1
7.624,1.68,-1.685,1
7.611,1.702,-1.683,1
7.604,1.725,-1.683,1
7.608,1.751,-1.685,1
7.6,1.775,-1.685,1
7.596,1.799,-1.685,1
7.593,1.824,-1.686,1
7.605,1.839,-1.689,1
7.597,1.863,-1.689,1
7.58,1.884,-1.686,1
7.585,1.91,-1.689,1
7.568,1.931,-1.686,1
7.556,1.953,-1.685,1
7.571,1.983,-1.69,1
7.551,1.99,-1.686,1
7.552,2.016,-1.688,1
7.557,2.043,-1.69,1
7.545,2.065,-1.689,1
7.533,2.087,-1.688,1
7.545,2.116,-1.692,1
7.525,2.136,-1.689,1
7.523,2.148,-1.689,1
7.533,2.177,-1.693,1
7.514,2.196,-1.69,1
7.497,2.217,-1.688,1
7.503,2.245,-1.691,1
7.485,2.265,-1.688,1
7.487,2.278,-1.69,1
7.489,2.305,-1.692,1
7.463,2.322,-1.688,1
7.476,2.352,-1.692,1
7.478,2.379,-1.695,1
7.46,2.399,-1.692,1
7.45,2.422,-1.692,1
7.463,2.439,-1.696,1
7.442,2.458,-1.692,1
7.448,2.486,-1.696,1
7.451,2.513,-1.698,1
7.434,2.533,-1.696,1
7.427,2.557,-1.697,1
7.429,2.583,-1.699,1
7.408,2.589,-1.695,1
7.402,2.613,-1.695,1
7.412,2.643,-1.7,1
7.385,2.66,-1.695,1
7.39,2.688,-1.698,1
7.394,2.716,-1.701,1
7.366,2.718,-1.696,1
7.37,2.746,-1.699,1
7.358,2.768,-1.698,1
7.342,2.788,-1.696,1
7.349,2.818,-1.7,1
7.34,2.841,-1.7,1
7.333,2.864,-1.701,1
7.334,2.878,-1.702,1
7.323,2.9,-1.701,1
7.32,2.926,-1.703,1
7.307,2.947,-1.702,1
7.299,2.971,-1.702,1
7.297,2.997,-1.704,1
7.3,3.025,-1.707,1
7.292,3.035,-1.706,1
7.277,3.055,-1.705,1
7.28,3.084,-1.708,1
7.266,3.105,-1.707,1
7.271,3.134,-1.711,1
7.266,3.159,-1.712,1
7.281,3.179,-1.717,1
7.267,3.201,-1.716,1
7.257,3.223,-1.716,1
7.244,3.245,-1.715,1
7.246,3.273,-1.719,1
7.243,3.299,-1.72,1
7.243,3.327,-1.723,1
7.248,3.343,-1.726,1
7.28,3.385,-1.737,1
7.29,3.418,-1.742,1
7.281,3.442,-1.743,1
7.272,3.466,-1.743,1
7.26,3.488,-1.743,1
7.254,3.513,-1.744,1
7.245,3.523,-1.743,1
7.243,3.55,-1.745,1
7.23,3.572,-1.745,1
7.225,3.598,-1.747,1
7.169,3.598,-1.735,1
7.128,3.605,-1.727,1
7.106,3.622,-1.725,1
7.099,3.632,-1.724,1
7.091,3.657,-1.725,1
7.067,3.672,-1.722,1
7.071,3.703,-1.726,1
7.054,3.722,-1.725,1
7.051,3.749,-1.727,1
7.038,3.77,-1.726,1
7.016,3.773,-1.722,1
6.992,3.788,-1.719,1
6.987,3.814,-1.721,1
6.974,3.835,-1.72,1
6.948,3.849,-1.717,1
6.934,3.87,-1.716,1
6.942,3.889,-1.72,1
6.929,3.911,-1.72,1
6.912,3.929,-1.719,1
6.893,3.947,-1.717,1
6.88,3.969,-1.717,1
6.846,3.978,-1.711,1
6.833,3.999,-1.711,1
6.844,4.02,-1.715,1
6.803,4.024,-1.708,1
6.788,4.045,-1.707,1
6.781,4.069,-1.709,1
6.765,4.088,-1.708,1
6.753,4.111,-1.708,1
6.744,4.119,-1.707,1
6.734,4.142,-1.708,1
6.714,4.159,-1.706,1
6.698,4.178,-1.706,1
6.686,4.2,-1.706,1
6.675,4.222,-1.706,1
6.647,4.234,-1.702,1
6.645,4.247,-1.704,1
6.615,4.258,-1.699,1
6.618,4.289,-1.704,1
6.596,4.305,-1.701,1
6.575,4.32,-1.699,1
6.568,4.345,-1.701,1
6.552,4.364,-1.701,1
6.549,4.377,-1.701,1
6.527,4.392,-1.699,1
6.537,4.429,-1.706,1
6.501,4.434,-1.7,1
6.495,4.46,-1.702,1
6.481,4.48,-1.702,1
6.441,4.483,-1.695,1
6.44,4.497,-1.697,1
6.433,4.522,-1.698,1
6.407,4.534,-1.695,1
6.387,4.55,-1.693,1
6.393,4.585,-1.699,1
6.364,4.594,-1.695,1
6.342,4.609,-1.693,1
6.335,4.619,-1.693,1
6.314,4.634,-1.691,1
6.298,4.653,-1.691,1
6.297,4.683,-1.695,1
6.264,4.689,-1.689,1
6.247,4.707,-1.689,1
6.234,4.728,-1.689,1
6.227,4.738,-1.689,1
6.224,4.767,-1.693,1
6.209,4.786,-1.693,1
6.18,4.795,-1.689,1
6.162,4.812,-1.688,1
6.164,4.844,-1.693,1
6.138,4.84,-1.688,1
6.127,4.862,-1.689,1
6.116,4.885,-1.69,1
6.083,4.89,-1.685,1
6.06,4.903,-1.683,1
6.057,4.932,-1.686,1
6.026,4.938,-1.682,1
6.024,4.953,-1.683,1
6.019,4.98,-1.687,1
5.977,4.977,-1.678,1
5.962,4.997,-1.679,1
5.962,5.028,-1.683,1
5.929,5.033,-1.678,1
5.914,5.051,-1.678,1
5.917,5.071,-1.682,1
5.868,5.06,-1.672,1
5.859,5.085,-1.674,1
5.847,5.107,-1.675,1
5.826,5.12,-1.674,1
5.814,5.142,-1.675,1
5.811,5.172,-1.679,1
5.789,5.17,-1.675,1
5.775,5.189,-1.675,1
5.767,5.215,-1.678,1
5.728,5.212,-1.671,1
5.715,5.234,-1.672,1
5.693,5.247,-1.67,1
5.681,5.252,-1.669,1
5.67,5.275,-1.671,1
5.641,5.281,-1.667,1
5.631,5.305,-1.669,1
5.606,5.315,-1.666,1
5.596,5.339,-1.669,1
5.578,5.355,-1.668,1
5.579,5.373,-1.671,1
5.551,5.38,-1.668,1
5.516,5.38,-1.662,1
5.503,5.401,-1.663,1
5.491,5.423,-1.664,1
5.457,5.423,-1.659,1
5.439,5.439,-1.659,1
5.438,5.456,-1.661,1
5.405,5.456,-1.656,1
5.396,5.482,-1.659,1
5.372,5.491,-1.656,1
5.138,5.284,-1.584,1
5.059,5.235,-1.563,1
5.02,5.227,-1.556,1
5.012,5.235,-1.556,1
5.044,5.721,-1.644,1
5.061,5.777,-1.656,1
5.05,5.802,-1.659,1
5.03,5.816,-1.658,1
5.019,5.839,-1.66,1
5.778,-5.722,-1.761,1
5.359,-5.276,-1.619,1
5.18,-5.069,-1.556,1
5.185,-5.042,-1.552,1
5.178,-5.004,-1.545,1
5.194,-4.988,-1.545,1
5.164,-4.928,-1.53,1
5.142,-4.892,-1.521,1
5.183,-4.9,-1.529,1
5.173,-4.86,-1.521,1
5.189,-4.845,-1.521,1
5.189,-4.814,-1.516,1
5.175,-4.771,-1.507,1
5.177,-4.743,-1.503,1
5.177,-4.729,-1.501,1
5.186,-4.707,-1.499,1
5.218,-4.706,-1.505,1
5.211,-4.67,-1.498,1
5.188,-4.621,-1.486,1
5.184,-4.588,-1.48,1
5.204,-4.591,-1.484,1
5.214,-4.571,-1.483,1
5.209,-4.538,-1.477,1
5.265,-4.557,-1.49,1
5.28,-4.542,-1.49,1
5.307,-4.535,-1.494,1
6.216,-5.273,-1.765,1
6.217,-5.257,-1.763,1
6.229,-5.234,-1.762,1
6.265,-5.23,-1.767,1
6.268,-5.199,-1.763,1
6.292,-5.186,-1.766,1
6.325,-5.18,-1.771,1
6.314,-5.155,-1.765,1
6.334,-5.138,-1.766,1
6.363,-5.129,-1.77,1
6.364,-5.096,-1.766,1
6.388,-5.082,-1.768,1
6.396,-5.056,-1.766,1
6.406,-5.031,-1.764,1
6.426,-5.031,-1.767,1
6.439,-5.008,-1.766,1
6.444,-4.98,-1.763,1
6.464,-4.963,-1.765,1
6.484,-4.946,-1.766,1
6.489,-4.918,-1.763,1
6.501,-4.895,-1.762,1
6.504,-4.881,-1.761,1
6.535,-4.872,-1.765,1
6.549,-4.851,-1.765,1
6.577,-4.839,-1.768,1
6.578,-4.808,-1.764,1
6.594,-4.789,-1.765,1
6.628,-4.782,-1.77,1
6.64,-4.775,-1.771,1
6.646,-4.747,-1.769,1
6.65,-4.718,-1.766,1
6.668,-4.699,-1.766,1
6.694,-4.686,-1.77,1
6.718,-4.672,-1.772,1
6.723,-4.644,-1.77,1
6.737,-4.638,-1.771,1
6.754,-4.619,-1.772,1
6.774,-4.601,-1.774,1
6.798,-4.586,-1.776,1
6.791,-4.551,-1.771,1
6.818,-4.538,-1.774,1
6.829,-4.529,-1.775,1
6.835,-4.503,-1.773,1
6.857,-4.486,-1.775,1
6.868,-4.463,-1.774,1
6.898,-4.452,-1.779,1
6.906,-4.426,-1.777,1
6.919,-4.404,-1.777,1
6.936,-4.399,-1.78,1
6.935,-4.368,-1.776,1
6.941,-4.341,-1.773,1
6.948,-4.315,-1.771,1
6.953,-4.289,-1.769,1
6.988,-4.28,-1.775,1
6.996,-4.255,-1.774,1
7.011,-4.249,-1.776,1
7.015,-4.221,-1.773,1
7.031,-4.201,-1.774,1
7.053,-4.184,-1.776,1
7.062,-4.159,-1.776,1
7.07,-4.134,-1.774,1
7.079,-4.124,-1.775,1
7.093,-4.103,-1.775,1
7.101,-4.078,-1.774,1
7.117,-4.057,-1.775,1
7.123,-4.031,-1.773,1
7.141,-4.012,-1.774,1
7.158,-3.992,-1.776,1
7.175,-3.986,-1.778,1
7.179,-3.959,-1.776,1
7.21,-3.947,-1.781,1
7.221,-3.923,-1.78,1
7.228,-3.898,-1.779,1
7.242,-3.876,-1.78,1
7.261,-3.857,-1.781,1
7.267,-3.845,-1.781,1
7.267,-3.816,-1.778,1
7.272,-3.79,-1.776,1
7.294,-3.772,-1.779,1
7.311,-3.752,-1.78,1
7.325,-3.73,-1.781,1
7.317,-3.711,-1.777,1
7.333,-3.691,-1.779,1
7.357,-3.674,-1.782,1
7.369,-3.651,-1.782,1
7.384,-3.629,-1.783,1
7.39,-3.604,-1.781,1
7.419,-3.589,-1.786,1
7.408,-3.57,-1.782,1
7.435,-3.554,-1.786,1
7.425,-3.52,-1.78,1
7.433,-3.495,-1.78,1
7.451,-3.475,-1.781,1
7.471,-3.456,-1.784,1
7.492,-3.437,-1.786,1
7.506,-3.43,-1.789,1
7.553,-3.422,-1.798,1
7.578,-3.405,-1.801,1
7.613,-3.392,-1.808,1
7.679,-3.392,-1.822,1
7.681,-3.364,-1.819,1
7.684,-3.337,-1.817,1
7.695,-3.327,-1.819,1
7.68,-3.292,-1.813,1
7.69,-3.268,-1.813,1
7.692,-3.24,-1.81,1
7.687,-3.21,-1.807,1
7.688,-3.182,-1.804,1
7.693,-3.156,-1.803,1
7.684,-3.138,-1.799,1
7.677,-3.107,-1.795,1
7.705,-3.09,-1.8,1
7.7,-3.06,-1.796,1
7.699,-3.032,-1.794,1
7.719,-3.012,-1.796,1
7.697,-2.989,-1.789,1
7.708,-2.966,-1.79,1
7.719,-2.942,-1.79,1
7.719,-2.914,-1.788,1
7.715,-2.885,-1.785,1
7.739,-2.867,-1.789,1
7.731,-2.836,-1.785,1
7.725,-2.82,-1.782,1
7.754,-2.803,-1.787,1
7.741,-2.771,-1.781,1
7.74,-2.743,-1.779,1
7.752,-2.72,-1.78,1
7.737,-2.688,-1.774,1
7.755,-2.666,-1.776,1
7.764,-2.656,-1.778,1
7.747,-2.623,-1.771,1
7.762,-2.601,-1.773,1
7.767,-2.576,-1.772,1
7.758,-2.546,-1.768,1
7.768,-2.522,-1.769,1
7.774,-2.497,-1.768,1
7.769,-2.482,-1.766,1
7.778,-2.458,-1.766,1
7.782,-2.432,-1.766,1
7.78,-2.405,-1.763,1
7.78,-2.378,-1.762,1
7.797,-2.357,-1.764,1
7.79,-2.328,-1.76,1
7.788,-2.314,-1.759,1
7.801,-2.291,-1.76,1
7.789,-2.261,-1.756,1
7.802,-2.238,-1.757,1
7.811,-2.214,-1.757,1
7.81,-2.188,-1.756,1
7.785,-2.168,-1.749,1
7.805,-2.147,-1.752,1
7.801,-2.119,-1.749,1
7.805,-2.094,-1.749,1
7.806,-2.068,-1.748,1
7.811,-2.043,-1.747,1
7.823,-2.02,-1.748,1
7.83,-2.009,-1.749,1
7.81,-1.977,-1.743,1
7.821,-1.954,-1.744,1
7.827,-1.93,-1.744,1
7.826,-1.903,-1.743,1
7.809,-1.873,-1.737,1
7.825,-1.864,-1.74,1
7.82,-1.837,-1.738,1
7.831,-1.814,-1.739,1
7.833,-1.788,-1.738,1
7.835,-1.763,-1.737,1
7.829,-1.736,-1.734,1
7.844,-1.713,-1.737,1
7.831,-1.697,-1.733,1
7.833,-1.672,-1.732,1
7.832,-1.646,-1.731,1
7.835,-1.621,-1.73,1
7.839,-1.596,-1.73,1
7.834,-1.57,-1.728,1
7.833,-1.544,-1.726,1
7.828,-1.53,-1.725,1
7.831,-1.505,-1.724,1
7.835,-1.481,-1.724,1
7.834,-1.455,-1.723,1
7.854,-1.433,-1.726,1
7.841,-1.405,-1.722,1
7.834,-1.379,-1.72,1
7.84,-1.367,-1.72,1
7.833,-1.341,-1.718,1
7.849,-1.318,-1.72,1
7.841,-1.291,-1.718,1
7.834,-1.265,-1.715,1
7.84,-1.241,-1.715,1
7.834,-1.227,-1.714,1
7.836,-1.202,-1.713,1
7.841,-1.178,-1.714,1
7.843,-1.153,-1.713,1
7.833,-1.126,-1.71,1
7.839,-1.102,-1.711,1
7.838,-1.077,-1.71,1
7.846,-1.065,-1.711,1
7.833,-1.039,-1.707,1
7.837,-1.014,-1.707,1
7.822,-0.987,-1.703,1
7.829,-0.963,-1.704,1
7.83,-0.938,-1.704,1
7.824,-0.913,-1.701,1
7.819,-0.9,-1.7,1
7.836,-0.877,-1.703,1
7.829,-0.851,-1.701,1
7.82,-0.825,-1.698,1
7.832,-0.802,-1.701,1
7.821,-0.776,-1.697,1
7.839,-0.752,-1.701,1
7.822,-0.739,-1.697,1
7.807,-0.712,-1.693,1
7.811,-0.688,-1.693,1
7.817,-0.664,-1.694,1
7.819,-0.639,-1.694,1
7.812,-0.614,-1.692,1
7.818,-0.602,-1.693,1
7.803,-0.576,-1.689,1
7.803,-0.552,-1.689,1
7.82,-0.528,-1.692,1
7.8,-0.502,-1.688,1
7.808,-0.478,-1.689,1
7.823,-0.454,-1.692,1
7.794,-0.441,-1.685,1
7.786,-0.416,-1.683,1
7.777,-0.391,-1.681,1
7.786,-0.367,-1.683,1
7.787,-0.342,-1.683,1
7.79,-0.318,-1.683,1
7.778,-0.293,-1.68,1
7.782,-0.281,-1.681,1
7.781,-0.256,-1.68,1
7.782,-0.232,-1.68,1
7.771,-0.207,-1.678,1
7.785,-0.183,-1.681,1
7.78,-0.158,-1.679,1
7.776,-0.146,-1.678,1
7.773,-0.122,-1.678,1
7.773,-0.097,-1.678,1
7.775,-0.073,-1.678,1
7.775,-0.048,-1.678,1
7.764,-0.024,-1.675,1
7.54,0.015,-1.686,1
7.531,0.039,-1.683,1
7.529,0.063,-1.683,1
7.544,0.075,-1.687,1
7.542,0.098,-1.686,1
7.54,0.122,-1.686,1
7.537,0.146,-1.685,1
7.533,0.169,-1.684,1
7.526,0.193,-1.683,1
7.542,0.205,-1.687,1
7.537,0.228,-1.686,1
7.528,0.252,-1.684,1
7.534,0.276,-1.685,1
7.527,0.299,-1.684,1
7.522,0.323,-1.683,1
7.531,0.347,-1.685,1
7.522,0.358,-1.683,1
7.515,0.382,-1.682,1
7.533,0.406,-1.687,1
7.517,0.429,-1.683,1
7.527,0.453,-1.686,1
7.516,0.476,-1.683,1
7.514,0.5,-1.683,1
7.513,0.512,-1.683,1
7.512,0.535,-1.683,1
7.493,0.558,-1.679,1
7.502,0.582,-1.682,1
7.514,0.607,-1.685,1
7.493,0.629,-1.68,1
7.506,0.654,-1.684,1
7.494,0.664,-1.681,1
7.499,0.689,-1.683,1
7.497,0.712,-1.683,1
7.491,0.735,-1.682,1
7.502,0.76,-1.686,1
7.469,0.781,-1.678,1
7.508,0.797,-1.688,1
7.484,0.818,-1.683,1
7.48,0.841,-1.682,1
7.508,0.868,-1.69,1
7.488,0.89,-1.686,1
7.479,0.913,-1.684,1
7.498,0.939,-1.689,1
7.486,0.949,-1.687,1
7.487,0.973,-1.688,1
7.474,0.995,-1.686,1
7.46,1.017,-1.683,1
7.48,1.044,-1.688,1
7.484,1.069,-1.69,1
7.45,1.076,-1.682,1
7.469,1.102,-1.688,1
7.466,1.126,-1.688,1
7.456,1.148,-1.687,1
7.47,1.175,-1.691,1
7.457,1.196,-1.688,1
7.44,1.218,-1.685,1
7.461,1.233,-1.691,1
7.447,1.255,-1.688,1
7.441,1.278,-1.688,1
7.441,1.302,-1.689,1
7.435,1.325,-1.688,1
7.425,1.347,-1.687,1
7.434,1.373,-1.69,1
7.419,1.382,-1.687,1
7.43,1.409,-1.691,1
7.41,1.429,-1.687,1
7.436,1.458,-1.694,1
7.401,1.476,-1.687,1
7.413,1.502,-1.691,1
7.403,1.524,-1.69,1
7.393,1.534,-1.688,1
7.392,1.558,-1.689,1
7.4,1.584,-1.692,1
7.397,1.608,-1.693,1
7.363,1.625,-1.686,1
7.398,1.657,-1.695,1
7.368,1.675,-1.689,1
7.377,1.689,-1.692,1
7.372,1.712,-1.692,1
7.372,1.737,-1.693,1
7.357,1.757,-1.691,1
7.365,1.784,-1.694,1
7.342,1.803,-1.69,1
7.337,1.814,-1.69,1
7.35,1.841,-1.694,1
7.324,1.859,-1.689,1
7.327,1.885,-1.692,1
7.331,1.91,-1.694,1
7.319,1.932,-1.693,1
7.313,1.955,-1.693,1
7.325,1.97,-1.696,1
7.315,1.992,-1.695,1
7.31,2.016,-1.696,1
7.298,2.037,-1.694,1
7.292,2.06,-1.694,1
7.286,2.083,-1.694,1
7.283,2.107,-1.695,1
7.279,2.118,-1.695,1
7.267,2.14,-1.694,1
7.266,2.164,-1.695,1
7.28,2.193,-1.7,1
7.263,2.213,-1.698,1
7.249,2.234,-1.696,1
7.232,2.241,-1.693,1
7.246,2.27,-1.698,1
7.229,2.29,-1.696,1
7.224,2.313,-1.696,1
7.23,2.34,-1.7,1
7.217,2.361,-1.698,1
7.22,2.387,-1.701,1
7.226,2.401,-1.703,1
7.216,2.424,-1.703,1
7.205,2.445,-1.702,1
7.203,2.469,-1.703,1
7.188,2.49,-1.701,1
7.185,2.514,-1.703,1
7.185,2.539,-1.705,1
7.181,2.55,-1.705,1
7.173,2.573,-1.705,1
7.166,2.596,-1.705,1
7.153,2.617,-1.704,1
7.154,2.642,-1.706,1
7.147,2.666,-1.707,1
7.143,2.677,-1.707,1
7.136,2.7,-1.707,1
7.126,2.722,-1.707,1
7.112,2.742,-1.705,1
7.116,2.769,-1.708,1
7.109,2.792,-1.709,1
7.102,2.815,-1.709,1
7.087,2.822,-1.707,1
7.091,2.849,-1.71,1
7.082,2.872,-1.71,1
7.065,2.891,-1.708,1
7.062,2.915,-1.709,1
7.051,2.937,-1.709,1
7.056,2.965,-1.713,1
7.049,2.975,-1.712,1
7.052,3.003,-1.715,1
7.036,3.022,-1.714,1
7.021,3.042,-1.712,1
7.02,3.067,-1.714,1
7.025,3.096,-1.718,1
7.008,3.115,-1.716,1
7.01,3.129,-1.718,1
7.004,3.152,-1.719,1
6.994,3.174,-1.719,1
6.994,3.201,-1.722,1
6.981,3.221,-1.721,1
6.99,3.252,-1.726,1
6.978,3.273,-1.726,1
6.975,3.285,-1.726,1
6.996,3.322,-1.735,1
6.993,3.347,-1.736,1
6.998,3.377,-1.741,1
7.013,3.412,-1.748,1
7.001,3.433,-1.747,1
7.003,3.447,-1.749,1
6.985,3.466,-1.747,1
6.993,3.497,-1.752,1
6.97,3.513,-1.749,1
6.962,3.537,-1.75,1
6.958,3.562,-1.752,1
6.942,3.581,-1.75,1
6.919,3.583,-1.746,1
6.883,3.592,-1.739,1
6.858,3.607,-1.735,1
6.843,3.626,-1.735,1
6.823,3.643,-1.732,1
6.808,3.663,-1.731,1
6.797,3.671,-1.73,1
6.779,3.689,-1.728,1
6.762,3.707,-1.727,1
6.766,3.737,-1.731,1
6.747,3.754,-1.729,1
6.744,3.78,-1.731,1
6.717,3.793,-1.727,1
6.721,3.809,-1.73,1
6.726,3.84,-1.735,1
6.702,3.854,-1.731,1
6.676,3.867,-1.728,1
6.656,3.883,-1.725,1
6.642,3.903,-1.725,1
6.628,3.923,-1.724,1
6.628,3.937,-1.726,1
6.609,3.954,-1.724,1
6.617,3.987,-1.73,1
6.581,3.994,-1.723,1
6.562,4.01,-1.721,1
6.551,4.032,-1.722,1
6.541,4.055,-1.723,1
6.523,4.058,-1.72,1
6.524,4.086,-1.723,1
6.481,4.088,-1.715,1
6.477,4.114,-1.717,1
6.464,4.134,-1.717,1
6.423,4.137,-1.709,1
6.42,4.163,-1.712,1
6.433,4.186,-1.718,1
6.408,4.199,-1.714,1
6.377,4.207,-1.709,1
6.38,4.238,-1.714,1
6.355,4.25,-1.711,1
6.352,4.277,-1.714,1
6.341,4.299,-1.714,1
6.318,4.298,-1.71,1
6.308,4.32,-1.711,1
6.293,4.339,-1.71,1
6.271,4.353,-1.708,1
6.266,4.378,-1.71,1
6.249,4.395,-1.709,1
6.232,4.399,-1.707,1
6.202,4.407,-1.702,1
6.19,4.427,-1.702,1
6.178,4.448,-1.703,1
6.162,4.466,-1.702,1
6.162,4.496,-1.707,1
6.12,4.495,-1.698,1
6.113,4.504,-1.698,1
6.124,4.542,-1.706,1
6.087,4.545,-1.699,1
6.053,4.549,-1.693,1
6.051,4.577,-1.697,1
6.018,4.582,-1.691,1
6.005,4.602,-1.692,1
6.012,4.622,-1.696,1
5.988,4.634,-1.693,1
5.973,4.653,-1.693,1
5.971,4.681,-1.697,1
5.93,4.679,-1.689,1
5.914,4.697,-1.688,1
5.924,4.735,-1.696,1
5.901,4.732,-1.691,1
5.877,4.743,-1.688,1
5.868,4.766,-1.69,1
5.829,4.765,-1.683,1
5.763,4.742,-1.667,1
5.742,4.755,-1.665,1
5.742,4.77,-1.667,1
5.749,4.807,-1.674,1
5.767,4.852,-1.685,1
5.746,4.865,-1.683,1
5.747,4.897,-1.688,1
5.739,4.921,-1.69,1
5.714,4.932,-1.687,1
5.686,4.923,-1.681,1
5.679,4.948,-1.684,1
5.655,4.959,-1.681,1
5.647,4.983,-1.683,1
5.638,5.007,-1.686,1
5.615,5.018,-1.683,1
5.594,5.031,-1.681,1
5.59,5.043,-1.683,1
5.561,5.049,-1.679,1
5.544,5.065,-1.678,1
5.531,5.085,-1.679,1
5.506,5.095,-1.676,1
5.48,5.103,-1.673,1
5.468,5.124,-1.674,1
5.457,5.13,-1.673,1
5.436,5.142,-1.672,1
5.421,5.16,-1.672,1
5.42,5.192,-1.677,1
5.408,5.213,-1.679,1
5.389,5.227,-1.678,1
5.335,5.207,-1.665,1
5.356,5.244,-1.675,1
5.338,5.26,-1.674,1
5.313,5.268,-1.672,1
5.295,5.284,-1.671,1
5.28,5.302,-1.672,1
5.273,5.328,-1.675,1
5.253,5.325,-1.671,1
5.239,5.344,-1.672,1
5.203,5.341,-1.666,1
5.199,5.37,-1.67,1
5.189,5.393,-1.672,1
5.146,5.383,-1.663,1
5.078,5.346,-1.645,1
5.025,5.307,-1.63,1
5.597,-5.576,-1.772,1
5.616,-5.56,-1.772,1
5.634,-5.543,-1.773,1
5.627,-5.518,-1.767,1
5.2,-5.065,-1.618,1
5.195,-5.028,-1.611,1
5.213,-5.014,-1.612,1
5.222,-4.991,-1.61,1
5.24,-4.977,-1.61,1
5.211,-4.918,-1.596,1
5.2,-4.892,-1.589,1
5.189,-4.851,-1.581,1
5.202,-4.833,-1.58,1
5.199,-4.799,-1.574,1
5.208,-4.778,-1.572,1
5.222,-4.76,-1.572,1
5.202,-4.727,-1.563,1
5.208,-4.703,-1.56,1
5.209,-4.673,-1.555,1
5.21,-4.645,-1.551,1
5.228,-4.631,-1.552,1
5.221,-4.596,-1.545,1
5.247,-4.589,-1.549,1
5.254,-4.581,-1.549,1
5.277,-4.572,-1.552,1
5.307,-4.57,-1.557,1
5.75,-4.923,-1.693,1
6.027,-5.128,-1.775,1
6.039,-5.106,-1.774,1
6.067,-5.097,-1.777,1
6.076,-5.088,-1.778,1
6.094,-5.071,-1.778,1
6.11,-5.051,-1.778,1
6.115,-5.024,-1.775,1
6.155,-5.024,-1.783,1
6.16,-4.996,-1.779,1
6.161,-4.964,-1.775,1
6.181,-4.965,-1.778,1
6.201,-4.949,-1.78,1
6.213,-4.927,-1.779,1
6.225,-4.905,-1.778,1
6.25,-4.893,-1.781,1
6.255,-4.864,-1.777,1
6.261,-4.838,-1.775,1
6.264,-4.824,-1.773,1
6.282,-4.807,-1.774,1
6.294,-4.785,-1.773,1
6.312,-4.767,-1.774,1
6.344,-4.76,-1.779,1
6.36,-4.742,-1.78,1
6.371,-4.734,-1.781,1
6.35,-4.687,-1.77,1
6.377,-4.676,-1.774,1
6.401,-4.663,-1.777,1
6.414,-4.642,-1.776,1
6.413,-4.61,-1.771,1
6.428,-4.59,-1.771,1
6.446,-4.588,-1.775,1
6.457,-4.566,-1.774,1
6.476,-4.549,-1.775,1
6.473,-4.516,-1.77,1
6.5,-4.505,-1.774,1
6.527,-4.493,-1.777,1
6.538,-4.47,-1.777,1
6.551,-4.464,-1.778,1
6.565,-4.444,-1.778,1
6.592,-4.432,-1.782,1
6.586,-4.398,-1.777,1
6.615,-4.387,-1.781,1
6.63,-4.367,-1.781,1
6.622,-4.347,-1.777,1
6.66,-4.342,-1.784,1
6.666,-4.316,-1.782,1
6.683,-4.297,-1.783,1
6.698,-4.277,-1.783,1
6.724,-4.265,-1.787,1
6.71,-4.226,-1.779,1
6.736,-4.228,-1.784,1
6.724,-4.191,-1.777,1
6.746,-4.175,-1.78,1
6.761,-4.155,-1.78,1
6.777,-4.136,-1.781,1
6.792,-4.115,-1.782,1
6.799,-4.091,-1.78,1
6.799,-4.076,-1.778,1
6.812,-4.055,-1.778,1
6.858,-4.053,-1.788,1
6.874,-4.034,-1.789,1
6.892,-4.015,-1.79,1
6.909,-3.996,-1.791,1
6.924,-3.99,-1.794,1
6.918,-3.958,-1.789,1
6.924,-3.932,-1.787,1
6.933,-3.909,-1.786,1
6.938,-3.883,-1.784,1
6.955,-3.864,-1.785,1
6.974,-3.846,-1.787,1
6.977,-3.833,-1.786,1
7.008,-3.822,-1.791,1
7.023,-3.801,-1.792,1
7.016,-3.769,-1.787,1
7.047,-3.757,-1.792,1
7.071,-3.741,-1.796,1
7.072,-3.714,-1.793,1
7.083,-3.705,-1.794,1
7.096,-3.684,-1.795,1
7.111,-3.663,-1.796,1
7.116,-3.637,-1.794,1
7.113,-3.608,-1.79,1
7.118,-3.582,-1.788,1
7.112,-3.551,-1.784,1
7.138,-3.55,-1.789,1
7.137,-3.522,-1.786,1
7.155,-3.503,-1.788,1
7.176,-3.485,-1.791,1
7.186,-3.462,-1.79,1
7.2,-3.441,-1.791,1
7.255,-3.439,-1.803,1
7.258,-3.427,-1.802,1
7.294,-3.416,-1.809,1
7.341,-3.41,-1.818,1
7.366,-3.394,-1.822,1
7.377,-3.371,-1.822,1
7.393,-3.35,-1.824,1
7.389,-3.334,-1.821,1
7.391,-3.307,-1.819,1
7.401,-3.284,-1.819,1
7.392,-3.252,-1.814,1
7.398,-3.227,-1.813,1
7.41,-3.205,-1.813,1
7.392,-3.169,-1.806,1
7.395,-3.157,-1.805,1
7.41,-3.136,-1.807,1
7.4,-3.104,-1.802,1
7.415,-3.083,-1.803,1
7.432,-3.063,-1.805,1
7.427,-3.033,-1.801,1
7.433,-3.009,-1.8,1
7.445,-3,-1.802,1
7.435,-2.968,-1.797,1
7.444,-2.945,-1.797,1
7.453,-2.922,-1.797,1
7.457,-2.896,-1.796,1
7.45,-2.866,-1.791,1
7.464,-2.845,-1.793,1
7.468,-2.833,-1.793,1
7.472,-2.808,-1.791,1
7.47,-2.78,-1.789,1
7.471,-2.754,-1.787,1
7.483,-2.732,-1.788,1
7.488,-2.707,-1.787,1
7.491,-2.681,-1.785,1
7.49,-2.668,-1.784,1
7.493,-2.642,-1.783,1
7.496,-2.617,-1.781,1
7.491,-2.589,-1.778,1
7.505,-2.567,-1.779,1
7.507,-2.542,-1.778,1
7.504,-2.527,-1.776,1
7.513,-2.504,-1.777,1
7.512,-2.478,-1.774,1
7.511,-2.451,-1.772,1
7.518,-2.427,-1.772,1
7.524,-2.403,-1.771,1
7.53,-2.379,-1.771,1
7.53,-2.366,-1.77,1
7.528,-2.339,-1.768,1
7.541,-2.317,-1.769,1
7.544,-2.292,-1.768,1
7.538,-2.265,-1.765,1
7.53,-2.237,-1.761,1
7.543,-2.228,-1.763,1
7.545,-2.202,-1.762,1
7.54,-2.175,-1.759,1
7.549,-2.152,-1.76,1
7.548,-2.126,-1.758,1
7.542,-2.099,-1.755,1
7.548,-2.075,-1.755,1
7.552,-2.063,-1.755,1
7.547,-2.036,-1.752,1
7.557,-2.014,-1.753,1
7.561,-1.989,-1.752,1
7.562,-1.964,-1.751,1
7.57,-1.941,-1.751,1
7.559,-1.913,-1.747,1
7.564,-1.901,-1.748,1
7.581,-1.88,-1.75,1
7.572,-1.853,-1.747,1
7.566,-1.826,-1.744,1
7.587,-1.806,-1.748,1
7.574,-1.778,-1.743,1
7.574,-1.753,-1.742,1
7.582,-1.742,-1.743,1
7.567,-1.714,-1.738,1
7.576,-1.691,-1.739,1
7.589,-1.668,-1.741,1
7.581,-1.642,-1.737,1
7.586,-1.618,-1.737,1
7.588,-1.606,-1.737,1
7.58,-1.579,-1.734,1
7.573,-1.553,-1.731,1
7.594,-1.532,-1.735,1
7.583,-1.505,-1.731,1
7.582,-1.48,-1.73,1
7.585,-1.456,-1.729,1
7.585,-1.444,-1.729,1
7.588,-1.42,-1.728,1
7.585,-1.395,-1.727,1
7.587,-1.37,-1.726,1
7.578,-1.344,-1.723,1
7.582,-1.32,-1.723,1
7.582,-1.296,-1.722,1
7.59,-1.285,-1.723,1
7.602,-1.262,-1.725,1
7.583,-1.235,-1.72,1
7.575,-1.209,-1.717,1
7.584,-1.186,-1.718,1
7.579,-1.161,-1.716,1
7.576,-1.136,-1.714,1
7.578,-1.124,-1.714,1
7.58,-1.1,-1.714,1
7.566,-1.074,-1.71,1
7.583,-1.052,-1.713,1
7.574,-1.026,-1.71,1
7.568,-1.001,-1.708,1
7.571,-0.99,-1.708,1
7.573,-0.966,-1.708,1
7.568,-0.941,-1.706,1
7.571,-0.917,-1.706,1
7.562,-0.892,-1.703,1
7.569,-0.868,-1.704,1
7.566,-0.844,-1.703,1
7.578,-0.833,-1.706,1
7.562,-0.808,-1.701,1
7.566,-0.784,-1.701,1
7.584,-0.762,-1.705,1
7.552,-0.734,-1.697,1
7.565,-0.712,-1.7,1
7.579,-0.689,-1.702,1
7.567,-0.676,-1.699,1
7.559,-0.651,-1.697,1
7.563,-0.628,-1.697,1
7.555,-0.603,-1.695,1
7.557,-0.58,-1.695,1
7.557,-0.556,-1.694,1
7.562,-0.544,-1.695,1
7.554,-0.52,-1.693,1
7.561,-0.496,-1.694,1
7.553,-0.472,-1.692,1
7.551,-0.448,-1.691,1
7.562,-0.425,-1.693,1
7.544,-0.4,-1.689,1
7.544,-0.388,-1.689,1
7.545,-0.364,-1.689,1
7.544,-0.341,-1.688,1
7.547,-0.317,-1.689,1
7.554,-0.293,-1.69,1
7.547,-0.269,-1.688,1
7.552,-0.246,-1.689,1
7.554,-0.234,-1.69,1
7.532,-0.21,-1.684,1
7.548,-0.186,-1.688,1
7.535,-0.162,-1.685,1
7.557,-0.139,-1.69,1
7.526,-0.115,-1.682,1
7.546,-0.091,-1.687,1
7.528,-0.079,-1.683,1
7.538,-0.056,-1.685,1
7.525,-0.032,-1.682,1
7.517,-0.008,-1.68,1
7.165,0.011,-1.671,1
7.16,0.033,-1.669,1
7.163,0.056,-1.67,1
7.161,0.078,-1.67,1
7.153,0.1,-1.668,1
7.162,0.123,-1.67,1
7.17,0.134,-1.672,1
7.14,0.156,-1.665,1
7.157,0.179,-1.669,1
7.151,0.201,-1.668,1
7.154,0.224,-1.669,1
7.15,0.246,-1.668,1
7.158,0.269,-1.67,1
7.148,0.28,-1.668,1
7.151,0.303,-1.669,1
7.148,0.325,-1.668,1
7.13,0.347,-1.664,1
7.144,0.37,-1.668,1
7.143,0.392,-1.668,1
7.144,0.415,-1.668,1
7.141,0.426,-1.668,1
7.151,0.449,-1.671,1
7.127,0.47,-1.665,1
7.139,0.493,-1.668,1
7.143,0.516,-1.67,1
7.141,0.539,-1.67,1
7.126,0.56,-1.666,1
7.129,0.572,-1.667,1
7.127,0.594,-1.667,1
7.137,0.617,-1.67,1
7.117,0.638,-1.666,1
7.123,0.661,-1.668,1
7.121,0.684,-1.668,1
7.141,0.697,-1.673,1
7.108,0.716,-1.665,1
7.11,0.739,-1.666,1
7.125,0.763,-1.671,1
7.116,0.785,-1.669,1
7.104,0.806,-1.667,1
7.117,0.83,-1.671,1
7.1,0.84,-1.667,1
7.113,0.864,-1.671,1
7.101,0.885,-1.668,1
7.09,0.906,-1.666,1
7.097,0.93,-1.669,1
7.094,0.952,-1.669,1
7.097,0.975,-1.67,1
7.084,0.985,-1.667,1
7.102,1.01,-1.673,1
7.075,1.029,-1.667,1
7.086,1.053,-1.67,1
7.078,1.075,-1.669,1
7.079,1.098,-1.67,1
7.073,1.12,-1.67,1
7.076,1.131,-1.671,1
7.059,1.151,-1.667,1
7.064,1.175,-1.67,1
7.063,1.198,-1.67,1
7.059,1.22,-1.67,1
7.047,1.241,-1.668,1
7.059,1.254,-1.672,1
7.051,1.276,-1.671,1
7.053,1.299,-1.672,1
7.041,1.319,-1.67,1
7.037,1.342,-1.67,1
7.038,1.365,-1.672,1
7.03,1.386,-1.671,1
7.034,1.398,-1.672,1
7.029,1.42,-1.672,1
7.028,1.443,-1.673,1
7.013,1.463,-1.67,1
7.027,1.489,-1.675,1
7.022,1.511,-1.675,1
7.004,1.53,-1.672,1
7.017,1.545,-1.676,1
7.014,1.567,-1.676,1
6.998,1.587,-1.673,1
7.006,1.612,-1.677,1
6.993,1.632,-1.675,1
6.992,1.655,-1.676,1
6.987,1.665,-1.675,1
6.98,1.687,-1.675,1
6.98,1.71,-1.676,1
6.981,1.733,-1.677,1
6.979,1.756,-1.678,1
6.947,1.771,-1.672,1
6.968,1.8,-1.678,1
6.946,1.806,-1.674,1
6.954,1.831,-1.677,1
6.933,1.849,-1.673,1
6.949,1.877,-1.679,1
6.942,1.898,-1.678,1
6.93,1.919,-1.677,1
6.926,1.941,-1.677,1
6.919,1.951,-1.677,1
6.933,1.978,-1.682,1
6.918,1.997,-1.679,1
6.91,2.019,-1.679,1
6.909,2.042,-1.68,1
6.893,2.061,-1.678,1
6.896,2.085,-1.68,1
6.887,2.094,-1.679,1
6.891,2.12,-1.682,1
6.877,2.139,-1.68,1
6.872,2.161,-1.68,1
6.871,2.184,-1.682,1
6.862,2.205,-1.681,1
6.837,2.221,-1.677,1
6.867,2.243,-1.685,1
6.841,2.258,-1.68,1
6.825,2.276,-1.678,1
6.84,2.305,-1.684,1
6.818,2.322,-1.68,1
6.818,2.346,-1.682,1
6.827,2.361,-1.685,1
6.816,2.381,-1.684,1
6.81,2.403,-1.685,1
6.806,2.426,-1.686,1
6.799,2.447,-1.686,1
6.793,2.469,-1.686,1
6.783,2.49,-1.686,1
6.781,2.501,-1.686,1
6.757,2.516,-1.682,1
6.772,2.546,-1.688,1
6.748,2.561,-1.684,1
6.767,2.593,-1.691,1
6.743,2.608,-1.687,1
6.729,2.627,-1.685,1
6.725,2.638,-1.685,1
6.735,2.666,-1.69,1
6.721,2.685,-1.689,1
6.71,2.705,-1.688,1
6.713,2.731,-1.691,1
6.697,2.749,-1.689,1
6.685,2.768,-1.688,1
6.686,2.781,-1.69,1
6.689,2.807,-1.693,1
6.665,2.822,-1.689,1
6.681,2.853,-1.695,1
6.666,2.872,-1.694,1
6.661,2.894,-1.695,1
6.663,2.908,-1.697,1
6.633,2.919,-1.691,1
6.641,2.948,-1.696,1
6.632,2.969,-1.696,1
6.633,2.995,-1.699,1
6.619,3.013,-1.697,1
6.627,3.042,-1.702,1
6.617,3.05,-1.701,1
6.616,3.075,-1.703,1
6.61,3.097,-1.704,1
6.603,3.12,-1.705,1
6.592,3.14,-1.705,1
6.594,3.166,-1.708,1
6.589,3.177,-1.708,1
6.572,3.194,-1.706,1
6.585,3.226,-1.712,1
6.55,3.234,-1.706,1
6.569,3.27,-1.714,1
6.583,3.302,-1.721,1
6.576,3.325,-1.722,1
6.58,3.34,-1.724,1
6.585,3.368,-1.728,1
6.591,3.398,-1.733,1
6.57,3.413,-1.73,1
6.575,3.442,-1.735,1
6.554,3.457,-1.732,1
6.558,3.486,-1.736,1
6.572,3.506,-1.742,1
6.535,3.513,-1.734,1
6.516,3.529,-1.732,1
6.489,3.541,-1.728,1
6.468,3.556,-1.725,1
6.45,3.572,-1.723,1
6.439,3.593,-1.723,1
6.406,3.587,-1.715,1
6.403,3.612,-1.717,1
6.393,3.633,-1.718,1
6.37,3.647,-1.714,1
6.357,3.666,-1.714,1
6.362,3.695,-1.719,1
6.337,3.707,-1.715,1
6.326,3.714,-1.713,1
6.328,3.742,-1.717,1
6.314,3.761,-1.717,1
6.294,3.776,-1.714,1
6.306,3.81,-1.721,1
6.257,3.807,-1.711,1
6.264,3.825,-1.714,1
6.243,3.839,-1.711,1
6.211,3.846,-1.706,1
6.21,3.873,-1.709,1
6.211,3.901,-1.713,1
6.189,3.914,-1.71,1
6.173,3.931,-1.709,1
6.169,3.942,-1.71,1
6.148,3.956,-1.707,1
6.157,3.989,-1.713,1
6.133,4.001,-1.71,1
6.094,4.003,-1.702,1
6.096,4.032,-1.707,1
6.069,4.041,-1.702,1
6.064,4.052,-1.703,1
6.026,4.053,-1.695,1
6.032,4.085,-1.701,1
6.007,4.096,-1.697,1
6.007,4.123,-1.701,1
5.984,4.135,-1.698,1
5.963,4.135,-1.694,1
5.95,4.154,-1.694,1
5.939,4.173,-1.694,1
5.923,4.19,-1.693,1
5.905,4.205,-1.692,1
5.901,4.23,-1.694,1
5.873,4.239,-1.69,1
5.875,4.253,-1.693,1
5.871,4.279,-1.695,1
5.843,4.287,-1.691,1
5.833,4.308,-1.692,1
5.794,4.307,-1.684,1
5.784,4.328,-1.685,1
5.779,4.353,-1.688,1
5.768,4.358,-1.687,1
5.748,4.372,-1.685,1
5.733,4.389,-1.684,1
5.716,4.404,-1.683,1
5.704,4.423,-1.684,1
5.697,4.447,-1.686,1
5.687,4.454,-1.685,1
5.666,4.466,-1.683,1
5.647,4.48,-1.681,1
5.607,4.477,-1.673,1
5.583,4.486,-1.67,1
5.577,4.511,-1.673,1
5.565,4.53,-1.673,1
5.559,4.539,-1.674,1
5.53,4.545,-1.669,1
5.52,4.566,-1.67,1
5.54,4.612,-1.681,1
5.522,4.626,-1.68,1
5.509,4.645,-1.681,1
5.478,4.648,-1.676,1
5.473,4.658,-1.676,1
5.47,4.686,-1.68,1
5.433,4.684,-1.673,1
5.409,4.693,-1.67,1
5.405,4.719,-1.673,1
5.409,4.753,-1.679,1
5.385,4.762,-1.677,1
5.375,4.768,-1.676,1
5.343,4.769,-1.67,1
5.316,4.775,-1.666,1
5.308,4.799,-1.668,1
5.289,4.811,-1.667,1
5.289,4.842,-1.672,1
5.273,4.858,-1.672,1
5.257,4.858,-1.669,1
5.234,4.868,-1.666,1
5.234,4.899,-1.672,1
5.216,4.913,-1.671,1
5.208,4.936,-1.673,1
5.182,4.943,-1.67,1
5.159,4.936,-1.664,1
5.159,4.967,-1.67,1
5.128,4.968,-1.664,1
5.124,4.995,-1.668,1
5.094,4.998,-1.663,1
5.084,5.019,-1.665,1
5.06,5.027,-1.662,1
5.063,5.046,-1.666,1
5.043,5.058,-1.665,1
5.02,5.067,-1.662,1
5.019,5.098,-1.668,1
5.319,-5.385,-1.772,1
5.314,-5.346,-1.764,1
5.343,-5.342,-1.768,1
5.361,-5.343,-1.772,1
5.357,-5.306,-1.764,1
5.369,-5.285,-1.763,1
5.332,-5.215,-1.744,1
5.102,-4.961,-1.659,1
5.107,-4.935,-1.655,1
5.111,-4.908,-1.651,1
5.098,-4.88,-1.644,1
5.117,-4.868,-1.645,1
5.113,-4.833,-1.638,1
5.16,-4.847,-1.649,1
5.132,-4.79,-1.634,1
5.121,-4.75,-1.626,1
5.123,-4.723,-1.621,1
5.129,-4.713,-1.621,1
5.125,-4.68,-1.614,1
5.109,-4.637,-1.604,1
5.117,-4.614,-1.602,1
5.122,-4.59,-1.599,1
5.13,-4.568,-1.596,1
5.135,-4.544,-1.594,1
5.16,-4.551,-1.599,1
5.183,-4.543,-1.602,1
5.219,-4.545,-1.61,1
5.603,-4.846,-1.731,1
5.72,-4.916,-1.765,1
5.725,-4.889,-1.761,1
5.74,-4.871,-1.761,1
5.763,-4.874,-1.766,1
5.772,-4.851,-1.764,1
5.793,-4.838,-1.766,1
5.801,-4.814,-1.764,1
5.821,-4.799,-1.765,1
5.834,-4.779,-1.765,1
5.842,-4.77,-1.765,1
5.864,-4.758,-1.767,1
5.874,-4.736,-1.766,1
5.909,-4.733,-1.772,1
5.91,-4.704,-1.768,1
5.923,-4.684,-1.767,1
5.929,-4.658,-1.764,1
5.938,-4.65,-1.765,1
5.965,-4.641,-1.769,1
5.948,-4.598,-1.759,1
5.966,-4.582,-1.76,1
5.98,-4.563,-1.76,1
5.996,-4.546,-1.761,1
6.009,-4.526,-1.76,1
6.013,-4.514,-1.759,1
6.022,-4.491,-1.758,1
6.047,-4.481,-1.761,1
6.072,-4.47,-1.764,1
6.082,-4.447,-1.763,1
6.073,-4.412,-1.756,1
6.09,-4.409,-1.759,1
6.118,-4.4,-1.763,1
6.148,-4.392,-1.768,1
6.161,-4.373,-1.768,1
6.15,-4.336,-1.761,1
6.17,-4.321,-1.762,1
6.196,-4.31,-1.766,1
6.22,-4.313,-1.772,1
6.242,-4.299,-1.774,1
6.249,-4.275,-1.772,1
6.254,-4.249,-1.77,1
6.258,-4.223,-1.767,1
6.294,-4.219,-1.774,1
6.307,-4.199,-1.774,1
6.299,-4.179,-1.769,1
6.304,-4.154,-1.767,1
6.338,-4.148,-1.773,1
6.353,-4.129,-1.774,1
6.366,-4.109,-1.774,1
6.344,-4.067,-1.763,1
6.368,-4.069,-1.769,1
6.399,-4.06,-1.774,1
6.4,-4.033,-1.771,1
6.425,-4.02,-1.774,1
6.446,-4.005,-1.777,1
6.44,-3.973,-1.771,1
6.472,-3.965,-1.777,1
6.492,-3.963,-1.781,1
6.483,-3.93,-1.775,1
6.508,-3.917,-1.778,1
6.519,-3.896,-1.778,1
6.523,-3.87,-1.776,1
6.53,-3.847,-1.774,1
6.554,-3.833,-1.778,1
6.544,-3.814,-1.773,1
6.556,-3.794,-1.773,1
6.587,-3.784,-1.778,1
6.595,-3.761,-1.778,1
6.616,-3.745,-1.78,1
6.62,-3.72,-1.778,1
6.63,-3.699,-1.778,1
6.64,-3.69,-1.778,1
6.66,-3.674,-1.781,1
6.659,-3.646,-1.778,1
6.657,-3.618,-1.774,1
6.692,-3.61,-1.78,1
6.686,-3.58,-1.776,1
6.722,-3.572,-1.782,1
6.732,-3.564,-1.784,1
6.732,-3.536,-1.78,1
6.717,-3.502,-1.773,1
6.74,-3.487,-1.777,1
6.74,-3.46,-1.774,1
6.763,-3.445,-1.777,1
6.765,-3.433,-1.776,1
6.783,-3.415,-1.778,1
6.815,-3.404,-1.784,1
6.867,-3.403,-1.795,1
6.881,-3.383,-1.796,1
6.932,-3.381,-1.808,1
6.955,-3.365,-1.811,1
6.958,-3.353,-1.811,1
6.976,-3.335,-1.812,1
6.979,-3.31,-1.811,1
6.97,-3.279,-1.805,1
6.97,-3.252,-1.802,1
7.008,-3.243,-1.81,1
6.976,-3.215,-1.8,1
6.971,-3.186,-1.795,1
6.982,-3.165,-1.796,1
6.973,-3.134,-1.791,1
6.979,-3.111,-1.79,1
6.992,-3.09,-1.791,1
6.989,-3.063,-1.787,1
6.998,-3.053,-1.788,1
7.015,-3.034,-1.79,1
6.992,-2.999,-1.781,1
7.014,-2.982,-1.785,1
7.021,-2.959,-1.784,1
7.018,-2.932,-1.781,1
7.042,-2.916,-1.785,1
7.025,-2.896,-1.779,1
7.03,-2.872,-1.778,1
7.039,-2.85,-1.778,1
7.032,-2.822,-1.774,1
7.05,-2.803,-1.776,1
7.038,-2.773,-1.771,1
7.051,-2.752,-1.772,1
7.044,-2.737,-1.769,1
7.069,-2.721,-1.773,1
7.07,-2.696,-1.771,1
7.066,-2.669,-1.768,1
7.08,-2.649,-1.769,1
7.081,-2.624,-1.767,1
7.074,-2.597,-1.763,1
7.088,-2.589,-1.766,1
7.09,-2.565,-1.764,1
7.102,-2.544,-1.765,1
7.097,-2.517,-1.762,1
7.105,-2.494,-1.762,1
7.094,-2.466,-1.757,1
7.104,-2.457,-1.759,1
7.117,-2.436,-1.76,1
7.095,-2.404,-1.752,1
7.116,-2.386,-1.756,1
7.118,-2.362,-1.754,1
7.123,-2.339,-1.754,1
7.123,-2.314,-1.752,1
7.112,-2.298,-1.748,1
7.136,-2.281,-1.752,1
7.132,-2.255,-1.749,1
7.155,-2.238,-1.754,1
7.125,-2.204,-1.744,1
7.14,-2.184,-1.746,1
7.15,-2.162,-1.747,1
7.144,-2.148,-1.744,1
7.149,-2.125,-1.744,1
7.154,-2.102,-1.744,1
7.16,-2.08,-1.744,1
7.156,-2.054,-1.741,1
7.162,-2.032,-1.741,1
7.173,-2.023,-1.743,1
7.159,-1.994,-1.737,1
7.185,-1.978,-1.743,1
7.16,-1.946,-1.734,1
7.171,-1.925,-1.736,1
7.172,-1.901,-1.734,1
7.18,-1.879,-1.735,1
7.198,-1.872,-1.739,1
7.17,-1.841,-1.73,1
7.175,-1.818,-1.73,1
7.175,-1.794,-1.728,1
7.185,-1.773,-1.729,1
7.187,-1.749,-1.728,1
7.188,-1.726,-1.728,1
7.2,-1.717,-1.73,1
7.198,-1.692,-1.728,1
7.196,-1.668,-1.726,1
7.19,-1.643,-1.723,1
7.216,-1.625,-1.728,1
7.198,-1.597,-1.723,1
7.221,-1.59,-1.728,1
7.183,-1.558,-1.717,1
7.201,-1.538,-1.72,1
7.2,-1.515,-1.719,1
7.195,-1.49,-1.716,1
7.188,-1.465,-1.713,1
7.223,-1.449,-1.721,1
7.182,-1.429,-1.71,1
7.209,-1.411,-1.716,1
7.204,-1.386,-1.713,1
7.195,-1.361,-1.71,1
7.197,-1.338,-1.71,1
7.217,-1.318,-1.713,1
7.2,-1.292,-1.708,1
7.211,-1.282,-1.711,1
7.208,-1.258,-1.709,1
7.206,-1.235,-1.707,1
7.204,-1.211,-1.706,1
7.225,-1.191,-1.71,1
7.208,-1.165,-1.705,1
7.196,-1.14,-1.701,1
7.223,-1.133,-1.707,1
7.19,-1.104,-1.698,1
7.207,-1.084,-1.701,1
7.218,-1.062,-1.703,1
7.196,-1.036,-1.697,1
7.215,-1.016,-1.701,1
7.208,-0.992,-1.698,1
7.194,-0.978,-1.694,1
7.199,-0.956,-1.695,1
7.206,-0.934,-1.696,1
7.195,-0.909,-1.693,1
7.198,-0.887,-1.693,1
7.211,-0.865,-1.695,1
7.2,-0.853,-1.692,1
7.184,-0.828,-1.687,1
7.206,-0.807,-1.692,1
7.195,-0.783,-1.689,1
7.191,-0.76,-1.687,1
7.201,-0.738,-1.689,1
7.173,-0.713,-1.681,1
7.191,-0.703,-1.686,1
7.184,-0.68,-1.683,1
7.18,-0.657,-1.682,1
7.186,-0.634,-1.683,1
7.192,-0.612,-1.684,1
7.18,-0.588,-1.68,1
7.172,-0.565,-1.678,1
7.196,-0.556,-1.684,1
7.161,-0.53,-1.675,1
7.186,-0.509,-1.68,1
7.178,-0.486,-1.678,1
7.168,-0.463,-1.675,1
7.162,-0.44,-1.673,1
7.186,-0.419,-1.679,1
7.158,-0.406,-1.672,1
7.173,-0.384,-1.675,1
7.164,-0.361,-1.673,1
7.171,-0.339,-1.674,1
7.164,-0.316,-1.672,1
7.183,-0.294,-1.677,1
7.156,-0.271,-1.67,1
7.18,-0.26,-1.676,1
7.173,-0.237,-1.674,1
7.162,-0.215,-1.671,1
7.161,-0.192,-1.67,1
7.173,-0.17,-1.673,1
7.16,-0.147,-1.67,1
7.154,-0.136,-1.668,1
7.166,-0.113,-1.671,1
7.167,-0.091,-1.671,1
7.171,-0.068,-1.672,1
7.169,-0.046,-1.672,1
7.158,-0.023,-1.669,1
7.163,-0.001,-1.67,1
6.88,0.021,-1.67,1
6.876,0.043,-1.669,1
6.882,0.054,-1.671,1
6.884,0.075,-1.671,1
6.878,0.097,-1.67,1
6.889,0.119,-1.673,1
6.887,0.14,-1.672,1
6.873,0.162,-1.669,1
6.878,0.183,-1.67,1
6.878,0.194,-1.67,1
6.875,0.216,-1.67,1
6.876,0.237,-1.67,1
6.868,0.259,-1.668,1
6.867,0.28,-1.668,1
6.874,0.302,-1.67,1
6.891,0.314,-1.675,1
6.878,0.335,-1.672,1
6.865,0.356,-1.669,1
6.876,0.378,-1.672,1
6.871,0.399,-1.671,1
6.875,0.421,-1.672,1
6.864,0.442,-1.67,1
6.871,0.454,-1.672,1
6.874,0.475,-1.673,1
6.868,0.497,-1.672,1
6.857,0.518,-1.669,1
6.871,0.54,-1.673,1
6.861,0.561,-1.671,1
6.852,0.582,-1.669,1
6.863,0.594,-1.672,1
6.866,0.616,-1.674,1
6.851,0.636,-1.67,1
6.851,0.658,-1.671,1
6.86,0.681,-1.674,1
6.843,0.701,-1.67,1
6.842,0.722,-1.67,1
6.853,0.734,-1.673,1
6.839,0.755,-1.67,1
6.842,0.777,-1.672,1
6.844,0.799,-1.673,1
6.832,0.819,-1.67,1
6.84,0.842,-1.673,1
6.843,0.853,-1.674,1
6.833,0.874,-1.672,1
6.834,0.896,-1.673,1
6.84,0.918,-1.676,1
6.83,0.939,-1.674,1
6.825,0.96,-1.673,1
6.835,0.983,-1.677,1
6.815,0.991,-1.672,1
6.815,1.013,-1.673,1
6.827,1.037,-1.677,1
6.807,1.056,-1.672,1
6.803,1.077,-1.672,1
6.813,1.101,-1.676,1
6.798,1.12,-1.673,1
6.789,1.13,-1.671,1
6.795,1.153,-1.673,1
6.788,1.173,-1.672,1
6.772,1.193,-1.669,1
6.774,1.215,-1.671,1
6.78,1.238,-1.673,1
6.77,1.247,-1.671,1
6.772,1.269,-1.673,1
6.768,1.291,-1.673,1
6.766,1.312,-1.673,1
6.766,1.334,-1.674,1
6.763,1.356,-1.675,1
6.75,1.375,-1.672,1
6.776,1.392,-1.68,1
6.733,1.405,-1.67,1
6.748,1.43,-1.675,1
6.732,1.449,-1.672,1
6.735,1.472,-1.674,1
6.73,1.493,-1.674,1
6.728,1.515,-1.674,1
6.731,1.526,-1.676,1
6.728,1.548,-1.676,1
6.729,1.57,-1.678,1
6.711,1.588,-1.674,1
6.717,1.612,-1.677,1
6.7,1.631,-1.674,1
6.701,1.653,-1.676,1
6.693,1.662,-1.674,1
6.699,1.686,-1.677,1
6.691,1.706,-1.677,1
6.69,1.728,-1.678,1
6.681,1.748,-1.677,1
6.669,1.768,-1.675,1
6.671,1.791,-1.677,1
6.682,1.805,-1.681,1
6.676,1.826,-1.681,1
6.668,1.846,-1.68,1
6.657,1.866,-1.679,1
6.662,1.89,-1.682,1
6.66,1.912,-1.683,1
6.646,1.919,-1.68,1
6.632,1.938,-1.678,1
6.648,1.965,-1.684,1
6.633,1.983,-1.681,1
6.619,2.002,-1.679,1
6.617,2.024,-1.68,1
6.616,2.046,-1.682,1
6.62,2.059,-1.684,1
6.604,2.077,-1.681,1
6.598,2.097,-1.681,1
6.591,2.118,-1.681,1
6.582,2.138,-1.681,1
6.581,2.161,-1.682,1
6.584,2.184,-1.685,1
6.577,2.194,-1.684,1
6.575,2.216,-1.685,1
6.57,2.237,-1.686,1
6.546,2.252,-1.681,1
6.556,2.279,-1.686,1
6.563,2.304,-1.69,1
6.55,2.323,-1.688,1
6.55,2.334,-1.689,1
6.541,2.354,-1.689,1
6.539,2.377,-1.69,1
6.545,2.402,-1.694,1
6.51,2.413,-1.686,1
6.52,2.44,-1.691,1
6.52,2.451,-1.692,1
6.51,2.471,-1.692,1
6.503,2.492,-1.692,1
6.502,2.515,-1.694,1
6.481,2.53,-1.69,1
6.474,2.551,-1.69,1
6.467,2.572,-1.691,1
6.476,2.587,-1.694,1
6.48,2.612,-1.698,1
6.477,2.635,-1.699,1
6.462,2.652,-1.697,1
6.454,2.672,-1.697,1
6.45,2.695,-1.699,1
6.453,2.708,-1.701,1
6.425,2.72,-1.695,1
6.438,2.749,-1.701,1
6.415,2.763,-1.697,1
6.406,2.783,-1.697,1
6.414,2.811,-1.702,1
6.405,2.831,-1.702,1
6.399,2.84,-1.701,1
6.407,2.868,-1.706,1
6.388,2.883,-1.703,1
6.379,2.903,-1.703,1
6.378,2.927,-1.706,1
6.351,2.939,-1.701,1
6.344,2.96,-1.701,1
6.364,2.981,-1.708,1
6.349,2.999,-1.707,1
6.334,3.016,-1.705,1
6.335,3.041,-1.708,1
6.319,3.058,-1.706,1
6.32,3.083,-1.709,1
6.322,3.108,-1.713,1
6.296,3.108,-1.707,1
6.294,3.131,-1.709,1
6.304,3.161,-1.715,1
6.291,3.18,-1.714,1
6.278,3.198,-1.713,1
6.283,3.225,-1.717,1
6.278,3.247,-1.719,1
6.281,3.262,-1.721,1
6.283,3.288,-1.725,1
6.28,3.311,-1.727,1
6.276,3.334,-1.729,1
6.284,3.364,-1.735,1
6.282,3.388,-1.737,1
6.279,3.399,-1.738,1
6.28,3.425,-1.741,1
6.262,3.441,-1.739,1
6.253,3.462,-1.74,1
6.256,3.489,-1.744,1
6.25,3.511,-1.745,1
6.232,3.527,-1.743,1
6.218,3.532,-1.741,1
6.183,3.538,-1.734,1
6.167,3.555,-1.732,1
6.151,3.571,-1.731,1
6.115,3.576,-1.723,1
6.098,3.592,-1.721,1
6.097,3.617,-1.725,1
6.085,3.623,-1.722,1
6.067,3.638,-1.72,1
6.064,3.662,-1.723,1
6.03,3.668,-1.716,1
6.039,3.699,-1.722,1
6.03,3.72,-1.724,1
6.016,3.725,-1.721,1
6.018,3.752,-1.725,1
5.991,3.761,-1.72,1
5.986,3.784,-1.722,1
5.969,3.8,-1.721,1
5.949,3.814,-1.718,1
5.932,3.829,-1.717,1
5.931,3.841,-1.718,1
5.917,3.859,-1.718,1
5.898,3.873,-1.716,1
5.881,3.889,-1.714,1
5.866,3.905,-1.713,1
5.841,3.915,-1.709,1
5.833,3.936,-1.711,1
5.825,3.945,-1.71,1
5.807,3.958,-1.708,1
5.788,3.972,-1.706,1
5.774,3.989,-1.706,1
5.772,4.015,-1.709,1
5.734,4.016,-1.701,1
5.737,4.031,-1.704,1
5.723,4.048,-1.704,1
5.714,4.068,-1.705,1
5.677,4.069,-1.697,1
5.68,4.099,-1.702,1
5.667,4.116,-1.702,1
5.649,4.131,-1.701,1
5.641,4.139,-1.7,1
5.619,4.149,-1.697,1
5.612,4.172,-1.699,1
5.604,4.193,-1.701,1
5.577,4.2,-1.696,1
5.569,4.222,-1.698,1
5.559,4.242,-1.699,1
5.556,4.253,-1.7,1
5.527,4.259,-1.695,1
5.526,4.285,-1.699,1
5.5,4.293,-1.695,1
5.49,4.313,-1.696,1
5.471,4.326,-1.695,1
5.467,4.351,-1.698,1
5.445,4.347,-1.693,1
5.43,4.363,-1.692,1
5.41,4.375,-1.69,1
5.405,4.4,-1.693,1
5.384,4.411,-1.691,1
5.362,4.421,-1.688,1
5.361,4.448,-1.692,1
5.357,4.459,-1.693,1
5.335,4.469,-1.691,1
5.324,4.489,-1.692,1
5.317,4.512,-1.694,1
5.296,4.522,-1.692,1
5.284,4.541,-1.693,1
5.28,4.552,-1.694,1
5.26,4.564,-1.692,1
5.244,4.579,-1.691,1
5.227,4.593,-1.69,1
5.205,4.603,-1.688,1
5.202,4.629,-1.692,1
5.189,4.647,-1.692,1
5.17,4.645,-1.688,1
5.148,4.654,-1.686,1
5.139,4.676,-1.688,1
5.125,4.692,-1.688,1
5.11,4.708,-1.688,1
5.089,4.719,-1.686,1
5.082,4.727,-1.686,1
5.063,4.739,-1.684,1
5.054,4.76,-1.686,1
5.027,4.765,-1.682,1
5.032,4.8,-1.689,1
5.021,4.819,-1.691,1
5.077,-5.192,-1.769,1
5.089,-5.188,-1.771,1
5.104,-5.171,-1.77,1
5.113,-5.148,-1.768,1
5.131,-5.133,-1.768,1
5.154,-5.124,-1.771,1
5.168,-5.106,-1.77,1
5.179,-5.085,-1.768,1
5.188,-5.078,-1.769,1
5.199,-5.056,-1.767,1
5.201,-5.026,-1.762,1
5.169,-4.964,-1.745,1
5.128,-4.893,-1.724,1
5.115,-4.85,-1.714,1
5.113,-4.818,-1.708,1
5.112,-4.802,-1.705,1
5.118,-4.777,-1.701,1
5.121,-4.75,-1.697,1
5.135,-4.733,-1.697,1
5.135,-4.703,-1.692,1
5.154,-4.691,-1.693,1
5.12,-4.645,-1.679,1
5.125,-4.62,-1.675,1
5.144,-4.608,-1.677,1
5.168,-4.6,-1.68,1
5.209,-4.607,-1.689,1
5.338,-4.692,-1.729,1
5.451,-4.763,-1.763,1
5.466,-4.76,-1.766,1
5.488,-4.75,-1.768,1
5.487,-4.718,-1.763,1
5.508,-4.706,-1.765,1
5.531,-4.696,-1.768,1
5.54,-4.674,-1.766,1
5.547,-4.65,-1.763,1
5.56,-4.647,-1.765,1
5.569,-4.624,-1.763,1
5.585,-4.608,-1.764,1
5.607,-4.596,-1.766,1
5.615,-4.574,-1.764,1
5.642,-4.566,-1.768,1
5.634,-4.545,-1.763,1
5.656,-4.533,-1.766,1
5.68,-4.524,-1.769,1
5.686,-4.499,-1.766,1
5.694,-4.476,-1.764,1
5.721,-4.469,-1.769,1
5.725,-4.443,-1.765,1
5.729,-4.431,-1.764,1
5.738,-4.41,-1.763,1
5.762,-4.4,-1.766,1
5.767,-4.375,-1.763,1
5.776,-4.353,-1.762,1
5.81,-4.35,-1.768,1
5.83,-4.336,-1.77,1
5.836,-4.327,-1.77,1
5.853,-4.311,-1.771,1
5.856,-4.285,-1.768,1
5.889,-4.281,-1.774,1
5.906,-4.265,-1.775,1
5.902,-4.234,-1.77,1
5.917,-4.23,-1.772,1
5.927,-4.209,-1.771,1
5.949,-4.198,-1.774,1
5.956,-4.174,-1.772,1
5.98,-4.163,-1.776,1
5.978,-4.134,-1.771,1
5.995,-4.118,-1.772,1
5.999,-4.106,-1.771,1
6.005,-4.083,-1.769,1
6.018,-4.064,-1.769,1
6.045,-4.055,-1.774,1
6.067,-4.043,-1.777,1
6.075,-4.02,-1.775,1
6.099,-4.009,-1.779,1
6.104,-3.998,-1.778,1
6.1,-3.968,-1.773,1
6.137,-3.965,-1.781,1
6.135,-3.936,-1.776,1
6.154,-3.921,-1.778,1
6.169,-3.904,-1.779,1
6.162,-3.872,-1.773,1
6.176,-3.867,-1.776,1
6.195,-3.852,-1.778,1
6.194,-3.824,-1.774,1
6.204,-3.804,-1.773,1
6.227,-3.791,-1.777,1
6.226,-3.764,-1.773,1
6.251,-3.752,-1.777,1
6.27,-3.75,-1.781,1
6.282,-3.731,-1.781,1
6.28,-3.703,-1.777,1
6.305,-3.691,-1.781,1
6.31,-3.667,-1.779,1
6.332,-3.653,-1.782,1
6.337,-3.643,-1.782,1
6.344,-3.621,-1.78,1
6.36,-3.604,-1.782,1
6.368,-3.582,-1.781,1
6.384,-3.565,-1.782,1
6.365,-3.527,-1.773,1
6.385,-3.512,-1.776,1
6.373,-3.493,-1.771,1
6.396,-3.479,-1.774,1
6.415,-3.464,-1.777,1
6.413,-3.436,-1.773,1
6.442,-3.426,-1.778,1
6.477,-3.419,-1.786,1
6.489,-3.412,-1.788,1
6.527,-3.406,-1.796,1
6.576,-3.405,-1.807,1
6.605,-3.394,-1.812,1
6.633,-3.382,-1.817,1
6.645,-3.362,-1.818,1
6.642,-3.335,-1.814,1
6.649,-3.325,-1.814,1
6.654,-3.302,-1.813,1
6.649,-3.273,-1.808,1
6.657,-3.251,-1.808,1
6.659,-3.226,-1.805,1
6.645,-3.193,-1.798,1
6.653,-3.171,-1.798,1
6.635,-3.15,-1.791,1
6.643,-3.128,-1.791,1
6.646,-3.104,-1.789,1
6.654,-3.082,-1.788,1
6.664,-3.062,-1.788,1
6.661,-3.035,-1.784,1
6.678,-3.017,-1.787,1
6.68,-3.006,-1.786,1
6.678,-2.979,-1.782,1
6.69,-2.96,-1.783,1
6.693,-2.936,-1.781,1
6.696,-2.912,-1.78,1
6.702,-2.89,-1.779,1
6.711,-2.869,-1.779,1
6.703,-2.853,-1.775,1
6.719,-2.835,-1.777,1
6.733,-2.816,-1.779,1
6.732,-2.79,-1.776,1
6.74,-2.769,-1.776,1
6.747,-2.747,-1.775,1
6.741,-2.732,-1.772,1
6.751,-2.712,-1.773,1
6.758,-2.69,-1.772,1
6.754,-2.664,-1.769,1
6.758,-2.641,-1.768,1
6.77,-2.621,-1.769,1
6.777,-2.599,-1.768,1
6.768,-2.584,-1.765,1
6.781,-2.564,-1.766,1
6.786,-2.542,-1.765,1
6.783,-2.516,-1.762,1
6.785,-2.493,-1.761,1
6.797,-2.473,-1.762,1
6.801,-2.45,-1.761,1
6.799,-2.438,-1.759,1
6.798,-2.413,-1.757,1
6.809,-2.393,-1.758,1
6.807,-2.368,-1.755,1
6.815,-2.347,-1.755,1
6.813,-2.322,-1.753,1
6.811,-2.31,-1.751,1
6.822,-2.289,-1.752,1
6.822,-2.266,-1.75,1
6.833,-2.245,-1.751,1
6.83,-2.221,-1.749,1
6.832,-2.198,-1.747,1
6.829,-2.173,-1.745,1
6.84,-2.165,-1.747,1
6.845,-2.143,-1.746,1
6.846,-2.119,-1.745,1
6.84,-2.094,-1.741,1
6.852,-2.074,-1.743,1
6.853,-2.051,-1.741,1
6.861,-2.03,-1.742,1
6.868,-2.02,-1.743,1
6.867,-1.996,-1.741,1
6.868,-1.973,-1.739,1
6.868,-1.95,-1.738,1
6.874,-1.928,-1.738,1
6.88,-1.907,-1.738,1
6.874,-1.893,-1.735,1
6.878,-1.871,-1.735,1
6.873,-1.847,-1.732,1
6.89,-1.828,-1.735,1
6.877,-1.801,-1.73,1
6.884,-1.78,-1.73,1
6.897,-1.761,-1.732,1
6.893,-1.748,-1.73,1
6.889,-1.724,-1.728,1
6.903,-1.705,-1.73,1
6.899,-1.681,-1.728,1
6.893,-1.656,-1.725,1
6.91,-1.637,-1.728,1
6.902,-1.612,-1.724,1
6.904,-1.601,-1.724,1
6.913,-1.581,-1.725,1
6.893,-1.553,-1.718,1
6.906,-1.533,-1.72,1
6.912,-1.512,-1.721,1
6.913,-1.489,-1.72,1
6.914,-1.467,-1.719,1
6.909,-1.454,-1.717,1
6.912,-1.432,-1.716,1
6.895,-1.406,-1.711,1
6.907,-1.386,-1.713,1
6.896,-1.361,-1.709,1
6.901,-1.34,-1.709,1
6.916,-1.32,-1.712,1
6.911,-1.308,-1.71,1
6.909,-1.285,-1.708,1
6.913,-1.263,-1.708,1
6.894,-1.238,-1.702,1
6.906,-1.217,-1.704,1
6.913,-1.196,-1.705,1
6.909,-1.184,-1.704,1
6.915,-1.163,-1.704,1
6.928,-1.143,-1.707,1
6.914,-1.118,-1.702,1
6.901,-1.094,-1.698,1
6.912,-1.073,-1.7,1
6.9,-1.049,-1.696,1
6.903,-1.039,-1.696,1
6.905,-1.017,-1.696,1
6.908,-0.995,-1.696,1
6.894,-0.971,-1.691,1
6.904,-0.95,-1.693,1
6.9,-0.927,-1.691,1
6.901,-0.905,-1.691,1
6.906,-0.895,-1.692,1
6.899,-0.872,-1.689,1
6.894,-0.849,-1.687,1
6.903,-0.829,-1.689,1
6.886,-0.805,-1.684,1
6.906,-0.785,-1.688,1
6.908,-0.763,-1.688,1
6.894,-0.751,-1.684,1
6.9,-0.729,-1.685,1
6.906,-0.708,-1.686,1
6.893,-0.685,-1.682,1
6.899,-0.664,-1.683,1
6.903,-0.642,-1.684,1
6.895,-0.619,-1.681,1
6.89,-0.608,-1.68,1
6.892,-0.586,-1.68,1
6.881,-0.564,-1.676,1
6.917,-0.545,-1.685,1
6.898,-0.521,-1.68,1
6.891,-0.499,-1.678,1
6.896,-0.489,-1.679,1
6.899,-0.467,-1.679,1
6.905,-0.446,-1.68,1
6.9,-0.424,-1.679,1
6.892,-0.401,-1.676,1
6.893,-0.38,-1.676,1
6.879,-0.357,-1.672,1
6.885,-0.347,-1.674,1
6.871,-0.324,-1.67,1
6.883,-0.303,-1.673,1
6.884,-0.282,-1.673,1
6.876,-0.26,-1.67,1
6.884,-0.238,-1.672,1
6.871,-0.227,-1.669,1
6.868,-0.205,-1.668,1
6.866,-0.184,-1.667,1
6.875,-0.162,-1.669,1
6.871,-0.141,-1.668,1
6.877,-0.119,-1.67,1
6.874,-0.097,-1.669,1
6.861,-0.086,-1.665,1
6.869,-0.065,-1.667,1
6.871,-0.043,-1.668,1
6.88,-0.022,-1.67,1
6.879,-0,-1.67,1
6.674,0.008,-1.69,1
6.663,0.028,-1.687,1
6.666,0.049,-1.688,1
6.664,0.07,-1.688,1
6.681,0.092,-1.693,1
6.668,0.112,-1.689,1
6.658,0.133,-1.686,1
6.669,0.144,-1.689,1
6.672,0.165,-1.69,1
6.676,0.186,-1.692,1
6.667,0.207,-1.689,1
6.659,0.227,-1.687,1
6.656,0.248,-1.687,1
6.669,0.27,-1.69,1
6.676,0.28,-1.693,1
6.668,0.301,-1.69,1
6.67,0.322,-1.692,1
6.666,0.343,-1.69,1
6.661,0.364,-1.689,1
6.654,0.384,-1.688,1
6.663,0.395,-1.69,1
6.663,0.416,-1.691,1
6.65,0.436,-1.688,1
6.647,0.457,-1.687,1
6.642,0.478,-1.686,1
6.652,0.5,-1.689,1
6.654,0.521,-1.69,1
6.634,0.53,-1.685,1
6.64,0.551,-1.687,1
6.642,0.572,-1.688,1
6.629,0.592,-1.685,1
6.631,0.613,-1.686,1
6.631,0.634,-1.687,1
6.63,0.655,-1.687,1
6.628,0.666,-1.687,1
6.623,0.686,-1.686,1
6.617,0.707,-1.685,1
6.619,0.728,-1.686,1
6.621,0.749,-1.687,1
6.62,0.77,-1.688,1
6.621,0.781,-1.688,1
6.626,0.802,-1.69,1
6.618,0.822,-1.689,1
6.615,0.843,-1.689,1
6.61,0.864,-1.688,1
6.613,0.885,-1.69,1
6.609,0.906,-1.689,1
6.603,0.916,-1.688,1
6.602,0.937,-1.689,1
6.607,0.959,-1.691,1
6.604,0.979,-1.691,1
6.593,0.999,-1.689,1
6.598,1.021,-1.691,1
6.587,1.04,-1.689,1
6.581,1.05,-1.688,1
6.58,1.071,-1.688,1
6.584,1.093,-1.69,1
6.571,1.112,-1.688,1
6.57,1.133,-1.688,1
6.568,1.154,-1.689,1
6.568,1.175,-1.69,1
6.562,1.185,-1.689,1
6.572,1.208,-1.693,1
6.559,1.227,-1.69,1
6.555,1.247,-1.69,1
6.555,1.269,-1.691,1
6.545,1.288,-1.689,1
6.548,1.31,-1.692,1
6.546,1.321,-1.692,1
6.535,1.34,-1.689,1
6.534,1.361,-1.69,1
6.539,1.383,-1.693,1
6.527,1.402,-1.691,1
6.521,1.422,-1.69,1
6.538,1.437,-1.696,1
6.52,1.454,-1.692,1
6.512,1.474,-1.691,1
6.514,1.496,-1.693,1
6.513,1.518,-1.694,1
6.497,1.535,-1.691,1
6.496,1.557,-1.692,1
6.511,1.571,-1.697,1
6.489,1.587,-1.692,1
6.488,1.609,-1.693,1
6.49,1.631,-1.695,1
6.481,1.65,-1.694,1
6.485,1.673,-1.697,1
6.476,1.692,-1.696,1
6.474,1.703,-1.696,1
6.466,1.722,-1.695,1
6.459,1.742,-1.695,1
6.461,1.765,-1.697,1
6.457,1.785,-1.697,1
6.442,1.803,-1.695,1
6.453,1.828,-1.699,1
6.437,1.834,-1.696,1
6.433,1.855,-1.696,1
6.441,1.879,-1.7,1
6.435,1.899,-1.7,1
6.423,1.918,-1.698,1
6.435,1.944,-1.704,1
6.423,1.951,-1.701,1
6.408,1.968,-1.698,1
6.416,1.993,-1.703,1
6.403,2.011,-1.7,1
6.396,2.031,-1.7,1
6.392,2.052,-1.701,1
6.387,2.072,-1.701,1
6.393,2.085,-1.704,1
6.385,2.105,-1.704,1
6.376,2.124,-1.703,1
6.382,2.149,-1.707,1
6.361,2.164,-1.703,1
6.367,2.188,-1.706,1
6.36,2.197,-1.705,1
6.336,2.211,-1.7,1
6.344,2.236,-1.705,1
6.341,2.257,-1.706,1
6.337,2.279,-1.707,1
6.33,2.298,-1.707,1
6.317,2.316,-1.705,1
6.313,2.326,-1.705,1
6.308,2.347,-1.706,1
6.293,2.364,-1.704,1
6.306,2.391,-1.709,1
6.295,2.41,-1.708,1
6.282,2.427,-1.707,1
6.281,2.45,-1.709,1
6.279,2.46,-1.709,1
6.261,2.476,-1.706,1
6.263,2.5,-1.709,1
6.261,2.522,-1.711,1
6.249,2.54,-1.71,1
6.24,2.559,-1.709,1
6.249,2.586,-1.715,1
6.238,2.593,-1.712,1
6.234,2.614,-1.714,1
6.231,2.635,-1.715,1
6.217,2.653,-1.714,1
6.2,2.668,-1.711,1
6.2,2.692,-1.714,1
6.185,2.708,-1.711,1
6.189,2.722,-1.714,1
6.179,2.74,-1.714,1
6.176,2.762,-1.715,1
6.16,2.778,-1.713,1
6.162,2.803,-1.716,1
6.144,2.818,-1.714,1
6.152,2.833,-1.717,1
6.146,2.854,-1.718,1
6.144,2.877,-1.72,1
6.125,2.891,-1.717,1
6.123,2.914,-1.719,1
6.115,2.934,-1.72,1
6.106,2.953,-1.72,1
6.098,2.961,-1.719,1
6.106,2.988,-1.724,1
6.088,3.003,-1.721,1
6.085,3.026,-1.723,1
6.07,3.042,-1.722,1
6.059,3.061,-1.721,1
6.053,3.081,-1.722,1
6.046,3.09,-1.722,1
6.044,3.112,-1.724,1
6.044,3.137,-1.727,1
6.024,3.15,-1.724,1
6.022,3.174,-1.727,1
6.023,3.198,-1.73,1
6.009,3.203,-1.727,1
6.013,3.229,-1.731,1
6.008,3.251,-1.733,1
5.996,3.269,-1.732,1
6.004,3.298,-1.738,1
5.995,3.318,-1.739,1
5.996,3.343,-1.742,1
5.99,3.352,-1.742,1
5.994,3.379,-1.747,1
5.985,3.399,-1.747,1
5.968,3.414,-1.745,1
5.975,3.443,-1.751,1
5.974,3.468,-1.754,1
5.955,3.482,-1.751,1
5.963,3.499,-1.755,1
5.94,3.511,-1.752,1
5.929,3.529,-1.752,1
5.905,3.54,-1.748,1
5.892,3.557,-1.747,1
5.878,3.574,-1.746,1
5.852,3.571,-1.74,1
5.836,3.586,-1.738,1
5.827,3.606,-1.739,1
5.802,3.616,-1.734,1
5.801,3.64,-1.738,1
5.791,3.659,-1.738,1
5.76,3.665,-1.732,1
5.764,3.68,-1.735,1
5.768,3.709,-1.74,1
5.745,3.72,-1.737,1
5.722,3.73,-1.733,1
5.72,3.755,-1.736,1
5.713,3.776,-1.738,1
5.692,3.787,-1.734,1
5.692,3.8,-1.737,1
5.675,3.815,-1.735,1
5.659,3.83,-1.733,1
5.643,3.845,-1.732,1
5.634,3.865,-1.733,1
5.622,3.883,-1.733,1
5.613,3.903,-1.734,1
5.572,3.887,-1.723,1
5.582,3.92,-1.73,1
5.556,3.928,-1.726,1
5.543,3.945,-1.726,1
5.551,3.977,-1.732,1
5.539,3.995,-1.732,1
5.512,4.002,-1.728,1
5.495,4.002,-1.724,1
5.487,4.023,-1.726,1
5.423,4.002,-1.708,1
5.46,4.056,-1.725,1
5.449,4.075,-1.726,1
5.442,4.096,-1.728,1
5.442,4.11,-1.73,1
5.412,4.114,-1.724,1
5.394,4.127,-1.722,1
5.378,4.142,-1.721,1
5.349,4.145,-1.716,1
5.339,4.165,-1.717,1
5.335,4.189,-1.72,1
5.329,4.198,-1.72,1
5.312,4.211,-1.719,1
5.295,4.226,-1.718,1
5.29,4.248,-1.72,1
5.266,4.256,-1.717,1
5.254,4.274,-1.717,1
5.246,4.281,-1.717,1
5.24,4.304,-1.719,1
5.229,4.323,-1.72,1
5.214,4.338,-1.72,1
5.192,4.347,-1.717,1
5.173,4.359,-1.715,1
5.166,4.38,-1.717,1
5.169,4.397,-1.721,1
5.143,4.403,-1.717,1
5.13,4.42,-1.717,1
5.113,4.433,-1.716,1
5.096,4.447,-1.715,1
5.062,4.445,-1.707,1
5.052,4.464,-1.709,1
5.046,4.474,-1.709,1
5.025,4.483,-1.707,1
5.02,4.507,-1.71,1
5.014,4.53,-1.713,1
5.017,-4.88,-1.778,1
5.014,-4.846,-1.772,1
5.042,-4.843,-1.776,1
5.07,-4.839,-1.781,1
5.083,-4.836,-1.783,1
5.1,-4.821,-1.784,1
5.116,-4.807,-1.784,1
5.12,-4.78,-1.78,1
5.14,-4.769,-1.782,1
5.15,-4.748,-1.78,1
5.142,-4.725,-1.774,1
5.166,-4.718,-1.778,1
5.175,-4.697,-1.776,1
5.205,-4.694,-1.781,1
5.226,-4.684,-1.784,1
5.232,-4.659,-1.781,1
5.249,-4.644,-1.781,1
5.257,-4.637,-1.782,1
5.26,-4.611,-1.777,1
5.283,-4.602,-1.781,1
5.302,-4.589,-1.782,1
5.309,-4.566,-1.78,1
5.327,-4.552,-1.781,1
5.335,-4.53,-1.778,1
5.343,-4.523,-1.779,1
5.374,-4.52,-1.785,1
5.382,-4.498,-1.783,1
5.392,-4.477,-1.781,1
5.41,-4.464,-1.783,1
5.405,-4.431,-1.776,1
5.407,-4.419,-1.774,1
5.438,-4.415,-1.78,1
5.461,-4.405,-1.783,1
5.476,-4.389,-1.784,1
5.493,-4.374,-1.785,1
5.511,-4.361,-1.786,1
5.523,-4.342,-1.786,1
5.541,-4.342,-1.789,1
5.56,-4.329,-1.792,1
5.571,-4.309,-1.791,1
5.561,-4.274,-1.783,1
5.599,-4.275,-1.791,1
5.617,-4.261,-1.793,1
5.632,-4.245,-1.793,1
5.619,-4.221,-1.786,1
5.635,-4.206,-1.787,1
5.647,-4.187,-1.787,1
5.665,-4.172,-1.788,1
5.685,-4.16,-1.791,1
5.694,-4.139,-1.789,1
5.69,-4.109,-1.784,1
5.707,-4.108,-1.787,1
5.72,-4.09,-1.787,1
5.734,-4.073,-1.788,1
5.766,-4.068,-1.794,1
5.766,-4.041,-1.79,1
5.769,-4.016,-1.787,1
5.788,-4.002,-1.789,1
5.809,-4.003,-1.794,1
5.82,-3.984,-1.793,1
5.831,-3.964,-1.793,1
5.848,-3.949,-1.794,1
5.859,-3.93,-1.794,1
5.86,-3.904,-1.79,1
5.867,-3.896,-1.791,1
5.883,-3.88,-1.792,1
5.905,-3.867,-1.795,1
5.92,-3.851,-1.796,1
5.919,-3.824,-1.792,1
5.925,-3.801,-1.789,1
5.93,-3.778,-1.787,1
5.962,-3.786,-1.796,1
5.979,-3.77,-1.797,1
5.997,-3.755,-1.799,1
6.004,-3.733,-1.798,1
6.014,-3.713,-1.797,1
6.037,-3.701,-1.801,1
6.012,-3.673,-1.791,1
6.033,-3.66,-1.794,1
6.063,-3.652,-1.8,1
6.058,-3.623,-1.795,1
6.049,-3.592,-1.788,1
6.059,-3.572,-1.788,1
6.073,-3.555,-1.789,1
6.082,-3.548,-1.79,1
6.087,-3.525,-1.788,1
6.113,-3.514,-1.793,1
6.117,-3.491,-1.791,1
6.125,-3.47,-1.789,1
6.146,-3.456,-1.793,1
6.151,-3.434,-1.791,1
6.182,-3.438,-1.799,1
6.217,-3.432,-1.806,1
6.249,-3.424,-1.813,1
6.282,-3.417,-1.82,1
6.325,-3.414,-1.83,1
6.346,-3.4,-1.833,1
6.341,-3.372,-1.828,1
6.348,-3.363,-1.829,1
6.352,-3.339,-1.827,1
6.359,-3.317,-1.826,1
6.366,-3.296,-1.825,1
6.354,-3.264,-1.818,1
6.385,-3.255,-1.824,1
6.385,-3.229,-1.821,1
6.371,-3.21,-1.815,1
6.358,-3.179,-1.808,1
6.372,-3.16,-1.809,1
6.378,-3.139,-1.808,1
6.378,-3.114,-1.805,1
6.389,-3.094,-1.806,1
6.384,-3.079,-1.803,1
6.391,-3.058,-1.802,1
6.399,-3.038,-1.802,1
6.412,-3.019,-1.803,1
6.401,-2.989,-1.796,1
6.414,-2.971,-1.797,1
6.418,-2.948,-1.796,1
6.424,-2.939,-1.796,1
6.431,-2.918,-1.796,1
6.433,-2.894,-1.794,1
6.439,-2.873,-1.793,1
6.443,-2.85,-1.791,1
6.437,-2.824,-1.787,1
6.455,-2.807,-1.789,1
6.458,-2.796,-1.789,1
6.467,-2.776,-1.789,1
6.472,-2.754,-1.788,1
6.48,-2.734,-1.788,1
6.482,-2.711,-1.786,1
6.487,-2.689,-1.785,1
6.487,-2.677,-1.784,1
6.497,-2.657,-1.784,1
6.491,-2.631,-1.78,1
6.509,-2.614,-1.783,1
6.502,-2.588,-1.778,1
6.509,-2.567,-1.778,1
6.513,-2.545,-1.777,1
6.517,-2.535,-1.777,1
6.531,-2.517,-1.778,1
6.519,-2.489,-1.773,1
6.517,-2.465,-1.77,1
6.53,-2.446,-1.772,1
6.543,-2.428,-1.773,1
6.544,-2.405,-1.771,1
6.54,-2.392,-1.769,1
6.55,-2.372,-1.77,1
6.557,-2.351,-1.77,1
6.564,-2.33,-1.77,1
6.561,-2.306,-1.766,1
6.562,-2.284,-1.765,1
6.566,-2.273,-1.765,1
6.571,-2.252,-1.764,1
6.571,-2.229,-1.762,1
6.565,-2.204,-1.759,1
6.578,-2.185,-1.76,1
6.584,-2.164,-1.76,1
6.597,-2.146,-1.762,1
6.589,-2.132,-1.759,1
6.594,-2.11,-1.758,1
6.6,-2.09,-1.758,1
6.601,-2.067,-1.756,1
6.61,-2.047,-1.757,1
6.614,-2.026,-1.756,1
6.606,-2,-1.752,1
6.611,-1.991,-1.753,1
6.619,-1.97,-1.753,1
6.612,-1.946,-1.75,1
6.62,-1.926,-1.75,1
6.624,-1.904,-1.75,1
6.621,-1.881,-1.747,1
6.621,-1.858,-1.745,1
6.635,-1.851,-1.749,1
6.635,-1.829,-1.747,1
6.637,-1.807,-1.746,1
6.643,-1.786,-1.746,1
6.643,-1.764,-1.744,1
6.637,-1.74,-1.741,1
6.648,-1.72,-1.743,1
6.644,-1.708,-1.741,1
6.647,-1.687,-1.74,1
6.656,-1.667,-1.741,1
6.659,-1.645,-1.741,1
6.653,-1.622,-1.738,1
6.656,-1.6,-1.737,1
6.653,-1.589,-1.736,1
6.662,-1.569,-1.737,1
6.665,-1.547,-1.736,1
6.642,-1.52,-1.728,1
6.656,-1.501,-1.731,1
6.672,-1.483,-1.734,1
6.656,-1.457,-1.728,1
6.664,-1.448,-1.73,1
6.672,-1.428,-1.731,1
6.674,-1.407,-1.73,1
6.673,-1.384,-1.729,1
6.672,-1.362,-1.727,1
6.667,-1.34,-1.725,1
6.663,-1.317,-1.722,1
6.679,-1.309,-1.726,1
6.675,-1.287,-1.724,1
6.675,-1.265,-1.723,1
6.67,-1.242,-1.72,1
6.679,-1.222,-1.722,1
6.666,-1.198,-1.717,1
6.672,-1.178,-1.718,1
6.672,-1.167,-1.717,1
6.669,-1.145,-1.716,1
6.669,-1.123,-1.715,1
6.676,-1.103,-1.716,1
6.684,-1.083,-1.717,1
6.693,-1.063,-1.718,1
6.687,-1.04,-1.716,1
6.671,-1.027,-1.711,1
6.695,-1.009,-1.717,1
6.664,-0.983,-1.707,1
6.682,-0.964,-1.711,1
6.682,-0.943,-1.71,1
6.69,-0.923,-1.712,1
6.676,-0.91,-1.708,1
6.677,-0.889,-1.707,1
6.676,-0.867,-1.706,1
6.696,-0.849,-1.711,1
6.693,-0.827,-1.709,1
6.697,-0.806,-1.71,1
6.671,-0.782,-1.702,1
6.686,-0.773,-1.706,1
6.681,-0.751,-1.704,1
6.681,-0.73,-1.703,1
6.687,-0.709,-1.704,1
6.683,-0.688,-1.703,1
6.68,-0.666,-1.701,1
6.677,-0.655,-1.7,1
6.685,-0.635,-1.701,1
6.675,-0.613,-1.698,1
6.689,-0.593,-1.701,1
6.681,-0.571,-1.699,1
6.673,-0.549,-1.696,1
6.667,-0.528,-1.694,1
6.674,-0.518,-1.696,1
6.677,-0.497,-1.696,1
6.665,-0.475,-1.693,1
6.671,-0.454,-1.694,1
6.67,-0.433,-1.693,1
6.683,-0.413,-1.696,1
6.669,-0.391,-1.692,1
6.671,-0.381,-1.693,1
6.67,-0.36,-1.692,1
6.672,-0.339,-1.692,1
6.669,-0.317,-1.691,1
6.67,-0.296,-1.691,1
6.673,-0.276,-1.692,1
6.666,-0.254,-1.689,1
6.668,-0.244,-1.69,1
6.673,-0.223,-1.691,1
6.675,-0.202,-1.692,1
6.666,-0.181,-1.689,1
6.667,-0.16,-1.689,1
6.665,-0.139,-1.688,1
6.671,-0.129,-1.69,1
6.666,-0.108,-1.688,1
6.658,-0.087,-1.686,1
6.67,-0.066,-1.689,1
6.667,-0.045,-1.688,1
6.68,-0.024,-1.692,1
6.676,-0.003,-1.691,1
6.398,0.019,-1.672,1
6.403,0.039,-1.673,1
6.401,0.049,-1.673,1
6.392,0.069,-1.67,1
6.403,0.089,-1.673,1
6.408,0.109,-1.675,1
6.398,0.129,-1.672,1
6.415,0.15,-1.677,1
6.394,0.169,-1.671,1
6.388,0.179,-1.67,1
6.393,0.199,-1.671,1
6.407,0.22,-1.676,1
6.397,0.24,-1.673,1
6.398,0.26,-1.673,1
6.392,0.28,-1.672,1
6.393,0.3,-1.672,1
6.388,0.31,-1.671,1
6.382,0.33,-1.67,1
6.382,0.35,-1.67,1
6.389,0.37,-1.672,1
6.384,0.39,-1.671,1
6.385,0.41,-1.672,1
6.382,0.42,-1.671,1
6.383,0.44,-1.672,1
6.385,0.461,-1.673,1
6.382,0.48,-1.672,1
6.38,0.501,-1.672,1
6.39,0.521,-1.676,1
6.381,0.541,-1.673,1
6.372,0.55,-1.671,1
6.372,0.57,-1.672,1
6.38,0.591,-1.675,1
6.369,0.611,-1.672,1
6.372,0.631,-1.673,1
6.368,0.651,-1.673,1
6.385,0.673,-1.678,1
6.358,0.68,-1.671,1
6.367,0.701,-1.674,1
6.361,0.721,-1.673,1
6.359,0.741,-1.673,1
6.358,0.761,-1.673,1
6.356,0.781,-1.673,1
6.353,0.801,-1.673,1
6.354,0.811,-1.674,1
6.344,0.83,-1.672,1
6.343,0.85,-1.672,1
6.342,0.871,-1.673,1
6.351,0.892,-1.676,1
6.342,0.911,-1.675,1
6.355,0.933,-1.679,1
6.338,0.941,-1.675,1
6.333,0.961,-1.674,1
6.339,0.982,-1.677,1
6.327,1,-1.674,1
6.335,1.022,-1.677,1
6.33,1.042,-1.677,1
6.311,1.049,-1.672,1
6.321,1.071,-1.676,1
6.314,1.09,-1.675,1
6.312,1.11,-1.675,1
6.307,1.13,-1.675,1
6.317,1.152,-1.678,1
6.294,1.168,-1.673,1
6.302,1.18,-1.676,1
6.292,1.199,-1.674,1
6.285,1.218,-1.673,1
6.288,1.239,-1.675,1
6.283,1.258,-1.675,1
6.282,1.279,-1.676,1
6.278,1.299,-1.676,1
6.273,1.308,-1.675,1
6.276,1.329,-1.677,1
6.279,1.35,-1.679,1
6.267,1.368,-1.677,1
6.269,1.389,-1.678,1
6.261,1.408,-1.677,1
6.256,1.428,-1.677,1
6.263,1.44,-1.68,1
6.257,1.459,-1.679,1
6.25,1.478,-1.679,1
6.248,1.498,-1.679,1
6.237,1.516,-1.678,1
6.242,1.538,-1.681,1
6.237,1.548,-1.68,1
6.234,1.568,-1.681,1
6.228,1.587,-1.68,1
6.228,1.608,-1.682,1
6.231,1.629,-1.684,1
6.205,1.643,-1.678,1
6.207,1.665,-1.68,1
6.206,1.675,-1.681,1
6.207,1.696,-1.682,1
6.198,1.715,-1.681,1
6.198,1.736,-1.683,1
6.207,1.759,-1.687,1
6.2,1.778,-1.686,1
6.19,1.786,-1.684,1
6.199,1.81,-1.689,1
6.18,1.825,-1.685,1
6.18,1.846,-1.686,1
6.163,1.862,-1.683,1
6.177,1.888,-1.689,1
6.149,1.901,-1.683,1
6.159,1.914,-1.686,1
6.166,1.937,-1.69,1
6.158,1.956,-1.69,1
6.15,1.975,-1.689,1
6.147,1.995,-1.69,1
6.136,2.013,-1.689,1
6.137,2.035,-1.691,1
6.13,2.043,-1.69,1
6.131,2.065,-1.692,1
6.124,2.084,-1.692,1
6.118,2.103,-1.692,1
6.1,2.119,-1.689,1
6.099,2.14,-1.69,1
6.088,2.158,-1.689,1
6.089,2.168,-1.69,1
6.093,2.191,-1.693,1
6.08,2.209,-1.692,1
6.081,2.23,-1.694,1
6.074,2.249,-1.694,1
6.07,2.27,-1.695,1
6.065,2.29,-1.696,1
6.057,2.298,-1.695,1
6.061,2.321,-1.698,1
6.041,2.335,-1.694,1
6.048,2.36,-1.698,1
6.037,2.377,-1.697,1
6.033,2.398,-1.698,1
6.024,2.405,-1.697,1
6.027,2.428,-1.7,1
6.016,2.446,-1.699,1
6.001,2.462,-1.697,1
6.008,2.486,-1.701,1
5.993,2.502,-1.699,1
5.981,2.519,-1.698,1
5.975,2.528,-1.697,1
5.976,2.551,-1.7,1
5.961,2.566,-1.698,1
5.964,2.59,-1.701,1
5.957,2.609,-1.702,1
5.946,2.626,-1.7,1
5.944,2.648,-1.703,1
5.928,2.652,-1.699,1
5.937,2.678,-1.704,1
5.934,2.699,-1.706,1
5.915,2.713,-1.703,1
5.903,2.73,-1.702,1
5.906,2.754,-1.705,1
5.906,2.765,-1.706,1
5.89,2.781,-1.704,1
5.885,2.801,-1.705,1
5.879,2.821,-1.706,1
5.869,2.838,-1.706,1
5.872,2.863,-1.71,1
5.863,2.881,-1.71,1
5.862,2.892,-1.711,1
5.854,2.911,-1.711,1
5.835,2.925,-1.708,1
5.839,2.95,-1.712,1
5.832,2.969,-1.713,1
5.817,2.985,-1.711,1
5.813,3.006,-1.713,1
5.803,3.012,-1.711,1
5.802,3.035,-1.714,1
5.798,3.056,-1.716,1
5.785,3.072,-1.715,1
5.778,3.092,-1.716,1
5.772,3.112,-1.717,1
5.772,3.124,-1.718,1
5.768,3.145,-1.72,1
5.758,3.163,-1.72,1
5.746,3.18,-1.719,1
5.748,3.204,-1.723,1
5.744,3.226,-1.725,1
5.729,3.241,-1.724,1
5.738,3.258,-1.728,1
5.727,3.276,-1.728,1
5.714,3.292,-1.727,1
5.72,3.32,-1.732,1
5.706,3.336,-1.731,1
5.711,3.362,-1.736,1
5.708,3.385,-1.739,1
5.703,3.394,-1.739,1
5.687,3.409,-1.737,1
5.698,3.44,-1.744,1
5.686,3.457,-1.744,1
5.671,3.472,-1.743,1
5.677,3.5,-1.748,1
5.664,3.517,-1.747,1
5.619,3.502,-1.734,1
5.604,3.516,-1.733,1
5.601,3.539,-1.736,1
5.576,3.548,-1.731,1
5.573,3.571,-1.734,1
5.552,3.582,-1.731,1
5.533,3.594,-1.728,1
5.537,3.609,-1.731,1
5.521,3.624,-1.73,1
5.498,3.634,-1.726,1
5.49,3.653,-1.727,1
5.493,3.68,-1.732,1
5.465,3.686,-1.726,1
5.461,3.696,-1.727,1
5.472,3.728,-1.734,1
5.447,3.737,-1.73,1
5.439,3.756,-1.731,1
5.422,3.77,-1.73,1
5.382,3.767,-1.72,1
5.381,3.792,-1.724,1
5.386,3.808,-1.727,1
5.372,3.824,-1.727,1
5.345,3.829,-1.722,1
5.344,3.854,-1.725,1
5.338,3.875,-1.727,1
5.329,3.894,-1.729,1
5.313,3.896,-1.725,1
5.299,3.911,-1.725,1
5.287,3.928,-1.725,1
5.265,3.938,-1.722,1
5.236,3.941,-1.716,1
5.231,3.964,-1.718,1
5.227,3.986,-1.721,1
5.214,3.989,-1.719,1
5.194,4,-1.716,1
5.178,4.014,-1.715,1
5.175,4.037,-1.718,1
5.156,4.049,-1.716,1
5.149,4.07,-1.718,1
5.129,4.08,-1.716,1
5.126,4.09,-1.717,1
5.122,4.114,-1.72,1
5.097,4.12,-1.716,1
5.073,4.128,-1.712,1
5.053,4.137,-1.709,1
5.043,4.156,-1.71,1
5.031,4.173,-1.711,1
5.022,4.178,-1.71,1
5.013,4.198,-1.711,1
5.001,4.215,-1.712,1
5.018,-4.527,-1.773,1
5.036,-4.515,-1.774,1
5.04,-4.49,-1.771,1
5.054,-4.474,-1.771,1
5.071,-4.461,-1.772,1
5.081,-4.441,-1.77,1
5.094,-4.438,-1.772,1
5.105,-4.42,-1.771,1
5.114,-4.4,-1.77,1
5.135,-4.39,-1.772,1
5.149,-4.374,-1.772,1
5.16,-4.355,-1.771,1
5.179,-4.344,-1.773,1
5.188,-4.337,-1.774,1
5.198,-4.318,-1.773,1
5.216,-4.306,-1.774,1
5.225,-4.285,-1.773,1
5.236,-4.267,-1.772,1
5.266,-4.263,-1.778,1
5.274,-4.243,-1.776,1
5.271,-4.227,-1.772,1
5.287,-4.212,-1.773,1
5.29,-4.187,-1.77,1
5.307,-4.174,-1.771,1
5.317,-4.155,-1.77,1
5.332,-4.14,-1.771,1
5.336,-4.116,-1.767,1
5.344,-4.109,-1.768,1
5.379,-4.109,-1.776,1
5.389,-4.09,-1.775,1
5.405,-4.076,-1.776,1
5.407,-4.05,-1.772,1
5.414,-4.029,-1.77,1
5.423,-4.023,-1.771,1
5.44,-4.009,-1.773,1
5.456,-3.994,-1.774,1
5.472,-3.979,-1.775,1
5.484,-3.962,-1.775,1
5.492,-3.941,-1.773,1
5.515,-3.932,-1.777,1
5.523,-3.924,-1.778,1
5.538,-3.909,-1.779,1
5.547,-3.89,-1.778,1
5.56,-3.872,-1.778,1
5.578,-3.859,-1.78,1
5.596,-3.846,-1.782,1
5.595,-3.832,-1.779,1
5.6,-3.81,-1.777,1
5.625,-3.801,-1.781,1
5.629,-3.778,-1.779,1
5.628,-3.751,-1.774,1
5.67,-3.754,-1.785,1
5.688,-3.74,-1.787,1
5.683,-3.724,-1.783,1
5.699,-3.709,-1.785,1
5.706,-3.688,-1.783,1
5.718,-3.67,-1.783,1
5.728,-3.651,-1.783,1
5.734,-3.63,-1.781,1
5.75,-3.615,-1.783,1
5.746,-3.6,-1.779,1
5.754,-3.58,-1.778,1
5.764,-3.561,-1.778,1
5.772,-3.541,-1.777,1
5.788,-3.526,-1.778,1
5.802,-3.509,-1.779,1
5.808,-3.488,-1.778,1
5.815,-3.48,-1.778,1
5.826,-3.462,-1.778,1
5.845,-3.448,-1.781,1
5.866,-3.436,-1.784,1
5.88,-3.419,-1.785,1
5.914,-3.414,-1.793,1
5.948,-3.409,-1.8,1
5.972,-3.411,-1.806,1
5.994,-3.398,-1.81,1
6.017,-3.386,-1.814,1
6.027,-3.367,-1.814,1
6.038,-3.348,-1.814,1
6.038,-3.324,-1.811,1
6.042,-3.313,-1.81,1
6.039,-3.287,-1.806,1
6.047,-3.267,-1.805,1
6.047,-3.243,-1.802,1
6.056,-3.223,-1.801,1
6.068,-3.204,-1.802,1
6.071,-3.182,-1.8,1
6.064,-3.166,-1.796,1
6.067,-3.143,-1.794,1
6.073,-3.123,-1.793,1
6.08,-3.102,-1.792,1
6.095,-3.085,-1.793,1
6.097,-3.063,-1.791,1
6.098,-3.039,-1.788,1
6.103,-3.029,-1.788,1
6.118,-3.013,-1.79,1
6.112,-2.986,-1.785,1
6.121,-2.967,-1.785,1
6.132,-2.948,-1.786,1
6.136,-2.927,-1.784,1
6.132,-2.913,-1.781,1
6.136,-2.891,-1.78,1
6.149,-2.873,-1.781,1
6.159,-2.855,-1.781,1
6.165,-2.834,-1.78,1
6.17,-2.813,-1.779,1
6.181,-2.794,-1.78,1
6.178,-2.781,-1.778,1
6.19,-2.763,-1.779,1
6.19,-2.74,-1.776,1
6.197,-2.72,-1.776,1
6.202,-2.699,-1.774,1
6.212,-2.68,-1.775,1
6.205,-2.654,-1.77,1
6.216,-2.647,-1.772,1
6.221,-2.626,-1.771,1
6.225,-2.605,-1.77,1
6.224,-2.582,-1.767,1
6.229,-2.561,-1.766,1
6.239,-2.542,-1.767,1
6.246,-2.533,-1.768,1
6.249,-2.512,-1.766,1
6.25,-2.489,-1.764,1
6.25,-2.466,-1.762,1
6.267,-2.45,-1.765,1
6.267,-2.428,-1.763,1
6.28,-2.41,-1.764,1
6.268,-2.394,-1.759,1
6.272,-2.373,-1.758,1
6.276,-2.352,-1.757,1
6.285,-2.333,-1.758,1
6.283,-2.31,-1.755,1
6.29,-2.29,-1.755,1
6.299,-2.271,-1.756,1
6.298,-2.259,-1.754,1
6.299,-2.237,-1.752,1
6.303,-2.216,-1.751,1
6.308,-2.196,-1.751,1
6.309,-2.174,-1.749,1
6.318,-2.155,-1.75,1
6.319,-2.133,-1.748,1
6.326,-2.124,-1.749,1
6.322,-2.101,-1.746,1
6.321,-2.079,-1.744,1
6.331,-2.06,-1.745,1
6.341,-2.041,-1.746,1
6.338,-2.018,-1.743,1
6.343,-1.998,-1.743,1
6.342,-1.987,-1.742,1
6.345,-1.966,-1.74,1
6.355,-1.947,-1.742,1
6.352,-1.924,-1.739,1
6.359,-1.905,-1.739,1
6.358,-1.882,-1.737,1
6.365,-1.873,-1.738,1
6.345,-1.846,-1.731,1
6.367,-1.831,-1.736,1
6.367,-1.809,-1.734,1
6.371,-1.789,-1.733,1
6.367,-1.766,-1.731,1
6.377,-1.747,-1.732,1
6.374,-1.735,-1.73,1
6.388,-1.718,-1.733,1
6.383,-1.695,-1.73,1
6.382,-1.673,-1.728,1
6.391,-1.654,-1.729,1
6.38,-1.63,-1.724,1
6.403,-1.615,-1.73,1
6.397,-1.602,-1.727,1
6.385,-1.578,-1.722,1
6.38,-1.555,-1.719,1
6.391,-1.537,-1.721,1
6.403,-1.518,-1.723,1
6.383,-1.492,-1.716,1
6.405,-1.476,-1.721,1
6.392,-1.463,-1.717,1
6.404,-1.444,-1.719,1
6.396,-1.421,-1.715,1
6.41,-1.403,-1.718,1
6.412,-1.383,-1.717,1
6.415,-1.362,-1.717,1
6.404,-1.339,-1.712,1
6.415,-1.331,-1.715,1
6.419,-1.311,-1.715,1
6.422,-1.29,-1.715,1
6.409,-1.266,-1.71,1
6.42,-1.248,-1.712,1
6.411,-1.225,-1.708,1
6.42,-1.216,-1.71,1
6.428,-1.197,-1.711,1
6.418,-1.174,-1.708,1
6.42,-1.154,-1.707,1
6.426,-1.134,-1.708,1
6.421,-1.112,-1.705,1
6.419,-1.091,-1.704,1
6.429,-1.083,-1.706,1
6.411,-1.059,-1.7,1
6.418,-1.039,-1.701,1
6.418,-1.018,-1.7,1
6.406,-0.996,-1.696,1
6.422,-0.978,-1.699,1
6.425,-0.968,-1.7,1
6.407,-0.945,-1.694,1
6.405,-0.924,-1.692,1
6.411,-0.904,-1.693,1
6.408,-0.883,-1.692,1
6.415,-0.864,-1.693,1
6.421,-0.844,-1.694,1
6.419,-0.833,-1.693,1
6.416,-0.812,-1.691,1
6.413,-0.792,-1.69,1
6.428,-0.773,-1.693,1
6.419,-0.751,-1.69,1
6.42,-0.731,-1.69,1
6.416,-0.71,-1.688,1
6.427,-0.701,-1.691,1
6.423,-0.68,-1.689,1
6.42,-0.66,-1.688,1
6.42,-0.639,-1.687,1
6.428,-0.62,-1.689,1
6.422,-0.599,-1.686,1
6.424,-0.579,-1.686,1
6.419,-0.568,-1.685,1
6.409,-0.547,-1.682,1
6.405,-0.526,-1.68,1
6.42,-0.507,-1.684,1
6.41,-0.486,-1.681,1
6.414,-0.466,-1.681,1
6.412,-0.456,-1.681,1
6.41,-0.435,-1.679,1
6.407,-0.415,-1.678,1
6.414,-0.395,-1.68,1
6.404,-0.374,-1.677,1
6.411,-0.354,-1.678,1
6.414,-0.334,-1.679,1
6.407,-0.324,-1.677,1
6.412,-0.304,-1.678,1
6.407,-0.284,-1.676,1
6.394,-0.263,-1.672,1
6.405,-0.243,-1.675,1
6.4,-0.223,-1.673,1
6.416,-0.203,-1.678,1
6.406,-0.193,-1.675,1
6.413,-0.173,-1.677,1
6.4,-0.152,-1.673,1
6.41,-0.133,-1.676,1
6.404,-0.112,-1.674,1
6.403,-0.092,-1.673,1
6.393,-0.072,-1.671,1
6.405,-0.062,-1.674,1
6.4,-0.042,-1.672,1
6.403,-0.022,-1.673,1
6.405,-0.002,-1.674,1
6.203,0.001,-1.678,1
6.197,0.021,-1.677,1
6.201,0.04,-1.678,1
6.189,0.059,-1.675,1
6.201,0.079,-1.678,1
6.194,0.098,-1.676,1
6.19,0.118,-1.675,1
6.2,0.128,-1.678,1
6.211,0.148,-1.681,1
6.199,0.167,-1.678,1
6.198,0.186,-1.678,1
6.186,0.205,-1.675,1
6.182,0.225,-1.673,1
6.194,0.245,-1.677,1
6.196,0.254,-1.678,1
6.205,0.274,-1.681,1
6.19,0.293,-1.677,1
6.191,0.313,-1.677,1
6.188,0.332,-1.677,1
6.197,0.352,-1.68,1
6.194,0.371,-1.679,1
6.182,0.38,-1.676,1
6.184,0.4,-1.677,1
6.189,0.42,-1.678,1
6.18,0.439,-1.676,1
6.174,0.458,-1.675,1
6.183,0.478,-1.678,1
6.16,0.496,-1.672,1
6.171,0.506,-1.675,1
6.163,0.525,-1.673,1
6.167,0.545,-1.675,1
6.169,0.565,-1.676,1
6.162,0.584,-1.675,1
6.15,0.602,-1.672,1
6.153,0.612,-1.673,1
6.148,0.631,-1.672,1
6.165,0.652,-1.677,1
6.143,0.67,-1.672,1
6.153,0.69,-1.675,1
6.147,0.709,-1.674,1
6.148,0.729,-1.675,1
6.153,0.739,-1.677,1
6.137,0.757,-1.673,1
6.142,0.777,-1.675,1
6.142,0.797,-1.676,1
6.134,0.815,-1.674,1
6.131,0.834,-1.674,1
6.14,0.855,-1.677,1
6.116,0.862,-1.671,1
6.126,0.883,-1.675,1
6.125,0.902,-1.675,1
6.121,0.921,-1.675,1
6.121,0.941,-1.676,1
6.132,0.963,-1.68,1
6.106,0.978,-1.673,1
6.112,0.989,-1.675,1
6.105,1.007,-1.674,1
6.102,1.027,-1.674,1
6.104,1.047,-1.676,1
6.097,1.065,-1.675,1
6.084,1.083,-1.672,1
6.096,1.095,-1.676,1
6.1,1.115,-1.678,1
6.081,1.132,-1.673,1
6.089,1.153,-1.677,1
6.083,1.172,-1.676,1
6.087,1.192,-1.678,1
6.072,1.209,-1.675,1
6.08,1.22,-1.678,1
6.076,1.24,-1.678,1
6.068,1.258,-1.677,1
6.059,1.276,-1.675,1
6.056,1.295,-1.676,1
6.045,1.312,-1.673,1
6.06,1.326,-1.678,1
6.035,1.34,-1.672,1
6.047,1.363,-1.677,1
6.047,1.383,-1.678,1
6.039,1.401,-1.677,1
6.027,1.418,-1.675,1
6.024,1.437,-1.676,1
6.02,1.446,-1.675,1
6.027,1.468,-1.678,1
6.018,1.486,-1.677,1
6.019,1.506,-1.679,1
6.014,1.525,-1.679,1
6.024,1.548,-1.683,1
6.007,1.564,-1.68,1
6.002,1.573,-1.679,1
6.01,1.595,-1.683,1
6.003,1.613,-1.682,1
5.993,1.631,-1.681,1
6.006,1.655,-1.686,1
5.981,1.668,-1.68,1
5.981,1.688,-1.682,1
5.995,1.702,-1.687,1
5.982,1.719,-1.685,1
5.978,1.738,-1.685,1
5.997,1.764,-1.692,1
5.966,1.775,-1.685,1
5.956,1.793,-1.683,1
5.965,1.816,-1.688,1
5.961,1.825,-1.687,1
5.957,1.844,-1.688,1
5.962,1.866,-1.691,1
5.939,1.88,-1.686,1
5.946,1.903,-1.69,1
5.937,1.92,-1.689,1
5.934,1.929,-1.689,1
5.928,1.948,-1.689,1
5.929,1.969,-1.691,1
5.917,1.986,-1.69,1
5.914,2.006,-1.691,1
5.908,2.024,-1.691,1
5.9,2.042,-1.69,1
5.897,2.051,-1.69,1
5.906,2.076,-1.695,1
5.876,2.086,-1.688,1
5.879,2.108,-1.691,1
5.872,2.126,-1.691,1
5.867,2.145,-1.691,1
5.864,2.165,-1.692,1
5.87,2.177,-1.695,1
5.85,2.191,-1.691,1
5.843,2.209,-1.691,1
5.844,2.231,-1.694,1
5.84,2.25,-1.695,1
5.833,2.269,-1.695,1
5.84,2.282,-1.698,1
5.822,2.296,-1.695,1
5.817,2.315,-1.695,1
5.809,2.333,-1.695,1
5.806,2.353,-1.696,1
5.798,2.371,-1.696,1
5.793,2.39,-1.697,1
5.791,2.4,-1.697,1
5.781,2.418,-1.697,1
5.77,2.434,-1.696,1
5.766,2.454,-1.697,1
5.748,2.467,-1.694,1
5.754,2.492,-1.698,1
5.757,2.514,-1.701,1
5.742,2.519,-1.698,1
5.739,2.539,-1.7,1
5.723,2.553,-1.697,1
5.723,2.575,-1.7,1
5.717,2.594,-1.7,1
5.707,2.611,-1.7,1
5.703,2.62,-1.7,1
5.7,2.64,-1.701,1
5.686,2.656,-1.7,1
5.683,2.676,-1.701,1
5.682,2.697,-1.704,1
5.666,2.712,-1.701,1
5.665,2.733,-1.704,1
5.662,2.743,-1.704,1
5.641,2.754,-1.7,1
5.64,2.776,-1.702,1
5.65,2.803,-1.709,1
5.625,2.813,-1.704,1
5.615,2.829,-1.703,1
5.613,2.851,-1.705,1
5.603,2.857,-1.704,1
5.601,2.878,-1.706,1
5.595,2.897,-1.707,1
5.579,2.911,-1.705,1
5.577,2.932,-1.707,1
5.569,2.951,-1.707,1
5.564,2.97,-1.709,1
5.555,2.977,-1.707,1
5.556,3,-1.711,1
5.538,3.013,-1.708,1
5.536,3.034,-1.71,1
5.529,3.053,-1.711,1
5.521,3.071,-1.712,1
5.513,3.09,-1.712,1
5.519,3.104,-1.716,1
5.492,3.112,-1.71,1
5.496,3.137,-1.715,1
5.492,3.158,-1.717,1
5.481,3.174,-1.716,1
5.474,3.193,-1.717,1
5.474,3.205,-1.719,1
5.471,3.226,-1.721,1
5.462,3.244,-1.722,1
5.458,3.265,-1.724,1
5.45,3.283,-1.725,1
5.456,3.31,-1.73,1
5.462,3.338,-1.736,1
5.458,3.347,-1.736,1
5.444,3.362,-1.735,1
5.429,3.376,-1.734,1
5.421,3.395,-1.735,1
5.425,3.422,-1.74,1
5.418,3.441,-1.741,1
5.409,3.447,-1.74,1
5.411,3.473,-1.744,1
5.4,3.49,-1.744,1
5.37,3.494,-1.738,1
5.349,3.504,-1.734,1
5.354,3.532,-1.74,1
5.311,3.527,-1.729,1
5.306,3.536,-1.729,1
5.287,3.547,-1.726,1
5.274,3.562,-1.725,1
5.272,3.585,-1.729,1
5.256,3.599,-1.727,1
5.25,3.618,-1.729,1
5.224,3.625,-1.724,1
5.232,3.643,-1.729,1
5.199,3.644,-1.721,1
5.202,3.67,-1.726,1
5.203,3.696,-1.73,1
5.186,3.709,-1.729,1
5.162,3.716,-1.724,1
5.158,3.738,-1.727,1
5.143,3.739,-1.724,1
5.128,3.753,-1.722,1
5.127,3.777,-1.726,1
5.1,3.782,-1.721,1
5.094,3.802,-1.723,1
5.091,3.825,-1.726,1
5.07,3.834,-1.723,1
5.06,3.839,-1.721,1
5.054,3.859,-1.724,1
5.009,3.85,-1.712,1
5,3.868,-1.713,1
5.005,-4.217,-1.778,1
5.012,-4.196,-1.775,1
5.031,-4.186,-1.778,1
5.054,-4.177,-1.781,1
5.041,-4.141,-1.772,1
5.06,-4.13,-1.774,1
5.083,-4.135,-1.78,1
5.075,-4.102,-1.772,1
5.085,-4.084,-1.771,1
5.111,-4.078,-1.776,1
5.111,-4.052,-1.771,1
5.138,-4.047,-1.777,1
5.151,-4.044,-1.779,1
5.151,-4.018,-1.774,1
5.161,-4,-1.773,1
5.178,-3.987,-1.775,1
5.189,-3.97,-1.774,1
5.197,-3.95,-1.773,1
5.209,-3.934,-1.773,1
5.214,-3.924,-1.772,1
5.242,-3.919,-1.778,1
5.263,-3.91,-1.781,1
5.257,-3.879,-1.774,1
5.274,-3.866,-1.776,1
5.273,-3.841,-1.772,1
5.299,-3.834,-1.777,1
5.323,-3.838,-1.783,1
5.328,-3.817,-1.78,1
5.345,-3.804,-1.782,1
5.352,-3.783,-1.78,1
5.361,-3.764,-1.779,1
5.379,-3.752,-1.782,1
5.397,-3.739,-1.784,1
5.413,-3.737,-1.787,1
5.405,-3.707,-1.78,1
5.431,-3.7,-1.785,1
5.425,-3.671,-1.779,1
5.446,-3.661,-1.783,1
5.459,-3.644,-1.783,1
5.482,-3.635,-1.787,1
5.491,-3.628,-1.788,1
5.489,-3.603,-1.784,1
5.488,-3.577,-1.779,1
5.512,-3.568,-1.784,1
5.525,-3.552,-1.784,1
5.534,-3.533,-1.784,1
5.533,-3.52,-1.782,1
5.543,-3.502,-1.781,1
5.547,-3.481,-1.779,1
5.566,-3.468,-1.782,1
5.574,-3.449,-1.78,1
5.606,-3.444,-1.788,1
5.615,-3.425,-1.787,1
5.629,-3.422,-1.79,1
5.659,-3.416,-1.797,1
5.688,-3.409,-1.803,1
5.714,-3.4,-1.808,1
5.736,-3.388,-1.812,1
5.745,-3.369,-1.811,1
5.764,-3.356,-1.814,1
5.751,-3.337,-1.808,1
5.759,-3.318,-1.807,1
5.763,-3.296,-1.805,1
5.789,-3.286,-1.81,1
5.779,-3.257,-1.803,1
5.794,-3.241,-1.805,1
5.802,-3.234,-1.806,1
5.808,-3.213,-1.804,1
5.816,-3.194,-1.804,1
5.821,-3.173,-1.802,1
5.819,-3.148,-1.798,1
5.814,-3.122,-1.793,1
5.828,-3.106,-1.795,1
5.826,-3.093,-1.793,1
5.838,-3.076,-1.793,1
5.836,-3.051,-1.789,1
5.847,-3.034,-1.79,1
5.849,-3.012,-1.788,1
5.855,-2.992,-1.787,1
5.86,-2.971,-1.785,1
5.871,-2.965,-1.787,1
5.868,-2.941,-1.783,1
5.872,-2.92,-1.782,1
5.887,-2.904,-1.783,1
5.891,-2.883,-1.782,1
5.901,-2.865,-1.782,1
5.897,-2.852,-1.779,1
5.922,-2.841,-1.784,1
5.917,-2.815,-1.78,1
5.927,-2.798,-1.78,1
5.94,-2.781,-1.782,1
5.938,-2.757,-1.778,1
5.941,-2.736,-1.777,1
5.961,-2.734,-1.782,1
5.947,-2.705,-1.774,1
5.949,-2.683,-1.772,1
5.964,-2.667,-1.774,1
5.958,-2.642,-1.77,1
5.967,-2.624,-1.77,1
5.98,-2.607,-1.772,1
5.975,-2.594,-1.769,1
5.982,-2.575,-1.768,1
5.995,-2.558,-1.77,1
5.984,-2.531,-1.764,1
5.997,-2.514,-1.765,1
6.017,-2.501,-1.769,1
5.995,-2.469,-1.76,1
6.009,-2.464,-1.763,1
6.015,-2.445,-1.763,1
6.016,-2.423,-1.76,1
6.014,-2.401,-1.758,1
6.029,-2.384,-1.76,1
6.029,-2.363,-1.758,1
6.028,-2.34,-1.755,1
6.046,-2.336,-1.759,1
6.037,-2.311,-1.754,1
6.044,-2.292,-1.754,1
6.053,-2.274,-1.755,1
6.044,-2.249,-1.75,1
6.06,-2.233,-1.753,1
6.06,-2.222,-1.751,1
6.061,-2.201,-1.75,1
6.061,-2.18,-1.748,1
6.081,-2.165,-1.751,1
6.073,-2.141,-1.747,1
6.081,-2.123,-1.748,1
6.088,-2.103,-1.748,1
6.082,-2.091,-1.745,1
6.085,-2.07,-1.744,1
6.088,-2.05,-1.743,1
6.096,-2.032,-1.743,1
6.097,-2.011,-1.741,1
6.105,-1.992,-1.742,1
6.097,-1.968,-1.738,1
6.083,-1.953,-1.733,1
6.108,-1.94,-1.738,1
6.11,-1.92,-1.737,1
6.109,-1.898,-1.735,1
6.122,-1.881,-1.737,1
6.111,-1.857,-1.732,1
6.121,-1.839,-1.733,1
6.135,-1.833,-1.736,1
6.12,-1.807,-1.73,1
6.133,-1.79,-1.733,1
6.144,-1.773,-1.734,1
6.135,-1.749,-1.73,1
6.143,-1.73,-1.73,1
6.142,-1.709,-1.729,1
6.141,-1.699,-1.727,1
6.154,-1.682,-1.73,1
6.15,-1.66,-1.727,1
6.155,-1.64,-1.727,1
6.151,-1.619,-1.724,1
6.158,-1.6,-1.725,1
6.151,-1.588,-1.722,1
6.162,-1.57,-1.724,1
6.155,-1.548,-1.72,1
6.16,-1.528,-1.72,1
6.165,-1.509,-1.72,1
6.17,-1.49,-1.72,1
6.172,-1.47,-1.72,1
6.165,-1.458,-1.717,1
6.172,-1.439,-1.717,1
6.171,-1.418,-1.716,1
6.177,-1.399,-1.716,1
6.187,-1.381,-1.718,1
6.178,-1.359,-1.714,1
6.171,-1.347,-1.711,1
6.179,-1.329,-1.712,1
6.177,-1.308,-1.711,1
6.187,-1.29,-1.712,1
6.189,-1.27,-1.712,1
6.172,-1.246,-1.706,1
6.191,-1.23,-1.71,1
6.176,-1.217,-1.705,1
6.171,-1.196,-1.702,1
6.184,-1.178,-1.705,1
6.193,-1.16,-1.707,1
6.182,-1.137,-1.702,1
6.197,-1.12,-1.706,1
6.193,-1.099,-1.704,1
6.185,-1.088,-1.701,1
6.2,-1.07,-1.704,1
6.19,-1.049,-1.7,1
6.199,-1.03,-1.702,1
6.192,-1.009,-1.699,1
6.19,-0.989,-1.697,1
6.187,-0.969,-1.696,1
6.192,-0.959,-1.697,1
6.205,-0.941,-1.7,1
6.219,-0.923,-1.703,1
6.201,-0.901,-1.697,1
6.172,-0.877,-1.687,1
6.192,-0.86,-1.692,1
6.197,-0.851,-1.694,1
6.201,-0.831,-1.694,1
6.19,-0.81,-1.69,1
6.204,-0.792,-1.694,1
6.197,-0.772,-1.691,1
6.2,-0.752,-1.691,1
6.196,-0.732,-1.689,1
6.201,-0.723,-1.69,1
6.202,-0.703,-1.69,1
6.196,-0.683,-1.687,1
6.2,-0.663,-1.688,1
6.195,-0.643,-1.686,1
6.204,-0.624,-1.688,1
6.208,-0.605,-1.688,1
6.194,-0.594,-1.684,1
6.192,-0.574,-1.683,1
6.195,-0.555,-1.683,1
6.203,-0.536,-1.685,1
6.21,-0.517,-1.687,1
6.198,-0.496,-1.683,1
6.194,-0.476,-1.681,1
6.206,-0.468,-1.685,1
6.2,-0.448,-1.682,1
6.194,-0.428,-1.68,1
6.207,-0.409,-1.683,1
6.193,-0.388,-1.679,1
6.196,-0.369,-1.68,1
6.2,-0.36,-1.681,1
6.19,-0.339,-1.677,1
6.191,-0.32,-1.677,1
6.205,-0.301,-1.681,1
6.195,-0.281,-1.678,1
6.186,-0.261,-1.675,1
6.192,-0.242,-1.677,1
6.187,-0.232,-1.675,1
6.188,-0.213,-1.675,1
6.19,-0.193,-1.676,1
6.199,-0.174,-1.678,1
6.188,-0.154,-1.675,1
6.186,-0.135,-1.674,1
6.186,-0.115,-1.674,1
6.183,-0.106,-1.673,1
6.187,-0.086,-1.674,1
6.195,-0.067,-1.676,1
6.201,-0.048,-1.678,1
6.186,-0.028,-1.673,1
6.197,-0.009,-1.677,1
6.031,0.013,-1.672,1
6.029,0.032,-1.671,1
6.032,0.051,-1.672,1
6.03,0.061,-1.672,1
6.021,0.08,-1.669,1
6.038,0.099,-1.674,1
6.033,0.118,-1.673,1
6.02,0.136,-1.669,1
6.027,0.155,-1.671,1
6.028,0.174,-1.672,1
6.034,0.184,-1.674,1
6.02,0.202,-1.67,1
6.025,0.222,-1.671,1
6.02,0.24,-1.67,1
6.012,0.259,-1.668,1
6.022,0.278,-1.671,1
6.018,0.288,-1.67,1
6.015,0.306,-1.67,1
6.02,0.326,-1.671,1
6.015,0.344,-1.67,1
6.01,0.363,-1.669,1
6.007,0.382,-1.668,1
6.017,0.401,-1.672,1
6.009,0.41,-1.67,1
6.021,0.43,-1.674,1
6.008,0.448,-1.67,1
6.009,0.467,-1.671,1
6.015,0.487,-1.673,1
6.006,0.505,-1.671,1
6.004,0.524,-1.671,1
6.011,0.534,-1.673,1
6.007,0.553,-1.672,1
6.004,0.571,-1.672,1
6.002,0.59,-1.672,1
6.004,0.609,-1.673,1
5.985,0.627,-1.668,1
6,0.647,-1.673,1
5.987,0.655,-1.67,1
5.995,0.675,-1.672,1
6,0.695,-1.675,1
5.992,0.713,-1.673,1
5.99,0.732,-1.673,1
5.978,0.75,-1.67,1
5.988,0.76,-1.674,1
5.978,0.778,-1.671,1
5.989,0.799,-1.675,1
5.977,0.816,-1.672,1
5.978,0.836,-1.674,1
5.978,0.855,-1.674,1
5.975,0.873,-1.674,1
5.985,0.884,-1.678,1
5.971,0.901,-1.674,1
5.983,0.923,-1.679,1
5.967,0.939,-1.675,1
5.958,0.957,-1.673,1
5.965,0.977,-1.676,1
5.969,0.988,-1.678,1
5.96,1.005,-1.676,1
5.962,1.025,-1.678,1
5.961,1.044,-1.678,1
5.952,1.062,-1.676,1
5.949,1.081,-1.676,1
5.943,1.099,-1.676,1
5.945,1.109,-1.677,1
5.948,1.129,-1.679,1
5.942,1.147,-1.678,1
5.939,1.166,-1.678,1
5.931,1.184,-1.677,1
5.935,1.204,-1.679,1
5.925,1.221,-1.678,1
5.923,1.231,-1.678,1
5.925,1.25,-1.679,1
5.912,1.267,-1.676,1
5.912,1.286,-1.678,1
5.919,1.307,-1.681,1
5.9,1.323,-1.676,1
5.897,1.342,-1.677,1
5.906,1.353,-1.68,1
5.889,1.369,-1.676,1
5.883,1.387,-1.676,1
5.903,1.411,-1.683,1
5.878,1.425,-1.677,1
5.87,1.442,-1.676,1
5.882,1.465,-1.681,1
5.865,1.47,-1.676,1
5.867,1.491,-1.679,1
5.876,1.512,-1.683,1
5.863,1.529,-1.68,1
5.86,1.548,-1.681,1
5.861,1.568,-1.683,1
5.84,1.572,-1.677,1
5.846,1.593,-1.68,1
5.845,1.613,-1.682,1
5.834,1.63,-1.68,1
5.838,1.65,-1.683,1
5.835,1.669,-1.683,1
5.826,1.687,-1.682,1
5.82,1.695,-1.681,1
5.829,1.717,-1.686,1
5.824,1.735,-1.686,1
5.815,1.753,-1.684,1
5.814,1.773,-1.686,1
5.8,1.788,-1.683,1
5.789,1.805,-1.682,1
5.8,1.818,-1.686,1
5.785,1.834,-1.683,1
5.774,1.85,-1.682,1
5.788,1.875,-1.688,1
5.775,1.89,-1.686,1
5.755,1.904,-1.681,1
5.774,1.92,-1.688,1
5.773,1.94,-1.69,1
5.752,1.953,-1.685,1
5.746,1.971,-1.685,1
5.738,1.989,-1.684,1
5.739,2.009,-1.687,1
5.738,2.029,-1.688,1
5.728,2.036,-1.686,1
5.723,2.054,-1.687,1
5.718,2.073,-1.687,1
5.708,2.089,-1.686,1
5.704,2.108,-1.687,1
5.697,2.126,-1.687,1
5.697,2.146,-1.689,1
5.69,2.154,-1.688,1
5.68,2.171,-1.687,1
5.675,2.189,-1.687,1
5.673,2.209,-1.689,1
5.663,2.225,-1.688,1
5.663,2.246,-1.69,1
5.656,2.253,-1.689,1
5.654,2.273,-1.691,1
5.652,2.293,-1.692,1
5.634,2.307,-1.689,1
5.634,2.327,-1.691,1
5.627,2.345,-1.691,1
5.627,2.366,-1.694,1
5.626,2.376,-1.695,1
5.587,2.38,-1.684,1
5.613,2.412,-1.695,1
5.598,2.427,-1.693,1
5.589,2.443,-1.692,1
5.592,2.465,-1.696,1
5.586,2.484,-1.696,1
5.582,2.493,-1.696,1
5.574,2.51,-1.696,1
5.564,2.527,-1.696,1
5.551,2.542,-1.694,1
5.547,2.561,-1.695,1
5.549,2.583,-1.699,1
5.53,2.596,-1.695,1
5.53,2.606,-1.696,1
5.523,2.624,-1.697,1
5.52,2.644,-1.699,1
5.5,2.656,-1.695,1
5.502,2.678,-1.698,1
5.497,2.697,-1.699,1
5.476,2.708,-1.695,1
5.489,2.725,-1.701,1
5.472,2.738,-1.698,1
5.47,2.759,-1.7,1
5.47,2.78,-1.703,1
5.455,2.794,-1.701,1
5.451,2.814,-1.703,1
5.448,2.823,-1.703,1
5.443,2.842,-1.704,1
5.432,2.858,-1.704,1
5.428,2.878,-1.706,1
5.421,2.896,-1.706,1
5.403,2.908,-1.703,1
5.401,2.929,-1.706,1
5.406,2.943,-1.709,1
5.395,2.959,-1.708,1
5.381,2.973,-1.707,1
5.385,2.997,-1.711,1
5.372,3.012,-1.71,1
5.361,3.028,-1.71,1
5.363,3.041,-1.712,1
5.352,3.056,-1.711,1
5.345,3.075,-1.712,1
5.332,3.09,-1.711,1
5.331,3.112,-1.714,1
5.334,3.136,-1.719,1
5.325,3.153,-1.719,1
5.313,3.157,-1.716,1
5.313,3.18,-1.72,1
5.314,3.203,-1.724,1
5.296,3.215,-1.721,1
5.286,3.232,-1.721,1
5.291,3.257,-1.726,1
5.279,3.273,-1.725,1
5.316,3.307,-1.74,1
5.294,3.317,-1.736,1
5.29,3.338,-1.739,1
5.291,3.361,-1.743,1
5.269,3.371,-1.739,1
5.263,3.39,-1.74,1
5.27,3.418,-1.747,1
5.243,3.412,-1.739,1
5.241,3.435,-1.742,1
5.239,3.456,-1.745,1
5.21,3.461,-1.739,1
5.199,3.478,-1.739,1
5.191,3.496,-1.74,1
5.171,3.506,-1.736,1
5.159,3.51,-1.734,1
5.161,3.535,-1.739,1
5.132,3.539,-1.732,1
5.121,3.555,-1.732,1
5.11,3.571,-1.732,1
5.091,3.582,-1.729,1
5.081,3.599,-1.73,1
5.067,3.601,-1.727,1
5.051,3.614,-1.725,1
5.039,3.628,-1.725,1
5.04,3.653,-1.729,1
5.031,3.671,-1.731,1
5.013,3.683,-1.728,1
5.014,3.695,-1.731,1
5.013,-3.949,-1.776,1
5.023,-3.931,-1.775,1
5.029,-3.91,-1.773,1
5.047,-3.899,-1.775,1
5.058,-3.895,-1.777,1
5.078,-3.885,-1.78,1
5.075,-3.857,-1.774,1
5.09,-3.843,-1.775,1
5.1,-3.826,-1.774,1
5.114,-3.811,-1.775,1
5.136,-3.803,-1.779,1
5.132,-3.787,-1.775,1
5.153,-3.778,-1.778,1
5.166,-3.763,-1.779,1
5.17,-3.741,-1.776,1
5.183,-3.726,-1.777,1
5.214,-3.723,-1.784,1
5.21,-3.708,-1.78,1
5.209,-3.683,-1.776,1
5.232,-3.674,-1.78,1
5.254,-3.665,-1.784,1
5.266,-3.649,-1.784,1
5.276,-3.631,-1.783,1
5.278,-3.608,-1.78,1
5.287,-3.602,-1.781,1
5.299,-3.586,-1.781,1
5.317,-3.574,-1.784,1
5.325,-3.555,-1.782,1
5.346,-3.545,-1.786,1
5.358,-3.529,-1.786,1
5.366,-3.51,-1.785,1
5.365,-3.497,-1.783,1
5.384,-3.486,-1.786,1
5.398,-3.471,-1.787,1
5.413,-3.456,-1.788,1
5.428,-3.442,-1.79,1
5.446,-3.429,-1.792,1
5.464,-3.429,-1.797,1
5.496,-3.425,-1.804,1
5.519,-3.416,-1.809,1
5.546,-3.408,-1.814,1
5.562,-3.394,-1.816,1
5.578,-3.38,-1.818,1
5.582,-3.358,-1.815,1
5.579,-3.344,-1.813,1
5.586,-3.325,-1.812,1
5.608,-3.314,-1.815,1
5.607,-3.29,-1.812,1
5.609,-3.267,-1.809,1
5.631,-3.256,-1.813,1
5.632,-3.234,-1.81,1
5.633,-3.222,-1.808,1
5.626,-3.195,-1.802,1
5.629,-3.173,-1.8,1
5.638,-3.155,-1.8,1
5.629,-3.127,-1.793,1
5.637,-3.108,-1.793,1
5.635,-3.095,-1.79,1
5.638,-3.074,-1.788,1
5.645,-3.054,-1.787,1
5.664,-3.042,-1.79,1
5.681,-3.028,-1.793,1
5.678,-3.004,-1.789,1
5.689,-2.987,-1.789,1
5.702,-2.982,-1.792,1
5.691,-2.954,-1.785,1
5.697,-2.934,-1.784,1
5.715,-2.921,-1.787,1
5.717,-2.899,-1.785,1
5.708,-2.872,-1.778,1
5.718,-2.854,-1.779,1
5.719,-2.844,-1.778,1
5.73,-2.827,-1.778,1
5.742,-2.81,-1.78,1
5.742,-2.788,-1.777,1
5.746,-2.767,-1.775,1
5.763,-2.754,-1.778,1
5.762,-2.731,-1.774,1
5.743,-2.711,-1.767,1
5.771,-2.702,-1.773,1
5.767,-2.678,-1.769,1
5.776,-2.66,-1.769,1
5.789,-2.644,-1.771,1
5.789,-2.622,-1.768,1
5.79,-2.6,-1.766,1
5.803,-2.595,-1.769,1
5.795,-2.57,-1.764,1
5.798,-2.549,-1.762,1
5.811,-2.533,-1.764,1
5.814,-2.513,-1.762,1
5.823,-2.495,-1.762,1
5.824,-2.485,-1.761,1
5.835,-2.468,-1.762,1
5.834,-2.446,-1.76,1
5.849,-2.43,-1.762,1
5.832,-2.402,-1.754,1
5.841,-2.384,-1.755,1
5.859,-2.37,-1.758,1
5.845,-2.354,-1.752,1
5.859,-2.338,-1.755,1
5.876,-2.323,-1.757,1
5.863,-2.297,-1.751,1
5.838,-2.266,-1.741,1
5.856,-2.252,-1.744,1
5.878,-2.239,-1.749,1
5.892,-2.234,-1.752,1
5.884,-2.21,-1.748,1
5.89,-2.191,-1.747,1
5.889,-2.17,-1.745,1
5.9,-2.152,-1.746,1
5.901,-2.132,-1.744,1
5.906,-2.113,-1.744,1
5.911,-2.104,-1.744,1
5.918,-2.085,-1.744,1
5.917,-2.064,-1.742,1
5.921,-2.045,-1.741,1
5.919,-2.023,-1.739,1
5.92,-2.003,-1.737,1
5.935,-1.987,-1.74,1
5.94,-1.979,-1.74,1
5.932,-1.955,-1.736,1
5.934,-1.935,-1.735,1
5.953,-1.921,-1.739,1
5.952,-1.9,-1.736,1
5.945,-1.877,-1.732,1
5.944,-1.866,-1.731,1
5.961,-1.851,-1.735,1
5.963,-1.831,-1.733,1
5.952,-1.807,-1.728,1
5.954,-1.788,-1.727,1
5.963,-1.77,-1.728,1
5.963,-1.75,-1.727,1
5.962,-1.739,-1.725,1
5.957,-1.717,-1.722,1
5.968,-1.7,-1.724,1
5.962,-1.678,-1.72,1
5.98,-1.663,-1.724,1
5.976,-1.642,-1.721,1
5.988,-1.635,-1.724,1
5.984,-1.613,-1.721,1
5.983,-1.593,-1.72,1
5.986,-1.574,-1.719,1
5.986,-1.554,-1.717,1
5.992,-1.535,-1.718,1
6.007,-1.519,-1.721,1
5.994,-1.506,-1.716,1
5.99,-1.484,-1.713,1
5.994,-1.466,-1.713,1
6.002,-1.448,-1.715,1
5.998,-1.427,-1.712,1
6.002,-1.408,-1.712,1
6.023,-1.393,-1.717,1
5.996,-1.376,-1.708,1
6.005,-1.359,-1.71,1
6,-1.338,-1.707,1
6.01,-1.32,-1.708,1
6.009,-1.3,-1.707,1
6.011,-1.281,-1.706,1
6.019,-1.263,-1.707,1
6.013,-1.252,-1.705,1
6.023,-1.234,-1.707,1
6.021,-1.214,-1.705,1
6.028,-1.196,-1.706,1
6.019,-1.174,-1.702,1
6.026,-1.156,-1.703,1
6.026,-1.146,-1.703,1
6.028,-1.127,-1.702,1
6.031,-1.108,-1.702,1
6.018,-1.086,-1.697,1
6.025,-1.068,-1.698,1
6.027,-1.048,-1.698,1
6.032,-1.03,-1.698,1
6.028,-1.019,-1.696,1
6.025,-0.999,-1.695,1
6.015,-0.978,-1.691,1
6.041,-0.963,-1.698,1
6.029,-0.942,-1.693,1
6.026,-0.922,-1.691,1
6.034,-0.904,-1.693,1
6.032,-0.894,-1.692,1
6.039,-0.875,-1.693,1
6.045,-0.857,-1.694,1
6.027,-0.835,-1.688,1
6.035,-0.817,-1.69,1
6.034,-0.797,-1.688,1
6.046,-0.779,-1.691,1
6.032,-0.768,-1.687,1
6.03,-0.749,-1.686,1
6.021,-0.728,-1.682,1
6.041,-0.711,-1.687,1
6.043,-0.692,-1.687,1
6.047,-0.674,-1.688,1
6.031,-0.662,-1.683,1
6.046,-0.645,-1.687,1
6.037,-0.624,-1.683,1
6.039,-0.605,-1.683,1
6.041,-0.586,-1.683,1
6.043,-0.567,-1.683,1
6.04,-0.548,-1.682,1
6.041,-0.539,-1.682,1
6.03,-0.518,-1.678,1
6.025,-0.499,-1.676,1
6.021,-0.48,-1.675,1
6.036,-0.462,-1.679,1
6.039,-0.443,-1.679,1
6.035,-0.424,-1.678,1
6.045,-0.415,-1.68,1
6.027,-0.394,-1.675,1
6.027,-0.375,-1.674,1
6.028,-0.356,-1.674,1
6.035,-0.338,-1.676,1
6.036,-0.319,-1.676,1
6.019,-0.308,-1.671,1
6.037,-0.29,-1.676,1
6.038,-0.271,-1.676,1
6.031,-0.252,-1.674,1
6.019,-0.233,-1.67,1
6.017,-0.214,-1.669,1
6.033,-0.195,-1.674,1
6.026,-0.186,-1.671,1
6.032,-0.167,-1.673,1
6.029,-0.148,-1.672,1
6.022,-0.129,-1.67,1
6.03,-0.11,-1.672,1
6.024,-0.091,-1.67,1
6.011,-0.072,-1.666,1
6.03,-0.062,-1.672,1
6.021,-0.043,-1.669,1
6.031,-0.025,-1.672,1
6.036,-0.006,-1.674,1
5.847,0.014,-1.688,1
5.855,0.032,-1.691,1
5.845,0.05,-1.688,1
5.862,0.069,-1.693,1
5.843,0.087,-1.687,1
5.858,0.106,-1.692,1
5.846,0.115,-1.688,1
5.852,0.133,-1.69,1
5.855,0.152,-1.691,1
5.839,0.17,-1.687,1
5.856,0.189,-1.692,1
5.853,0.207,-1.691,1
5.853,0.225,-1.691,1
5.852,0.234,-1.691,1
5.848,0.253,-1.69,1
5.853,0.271,-1.692,1
5.829,0.288,-1.685,1
5.849,0.308,-1.691,1
5.829,0.325,-1.685,1
5.847,0.345,-1.691,1
5.835,0.353,-1.688,1
5.847,0.372,-1.692,1
5.833,0.39,-1.688,1
5.841,0.409,-1.691,1
5.83,0.426,-1.688,1
5.834,0.445,-1.689,1
5.836,0.455,-1.69,1
5.845,0.474,-1.694,1
5.825,0.491,-1.688,1
5.837,0.51,-1.692,1
5.818,0.527,-1.687,1
5.841,0.547,-1.694,1
5.818,0.564,-1.688,1
5.825,0.574,-1.69,1
5.816,0.591,-1.688,1
5.837,0.612,-1.695,1
5.814,0.628,-1.688,1
5.831,0.648,-1.694,1
5.81,0.664,-1.688,1
5.811,0.683,-1.689,1
5.799,0.691,-1.686,1
5.812,0.711,-1.691,1
5.791,0.727,-1.685,1
5.805,0.747,-1.69,1
5.795,0.764,-1.688,1
5.802,0.784,-1.691,1
5.789,0.8,-1.687,1
5.793,0.81,-1.689,1
5.781,0.827,-1.686,1
5.795,0.848,-1.691,1
5.793,0.866,-1.691,1
5.79,0.884,-1.691,1
5.776,0.901,-1.688,1
5.801,0.914,-1.696,1
5.779,0.929,-1.69,1
5.801,0.951,-1.698,1
5.767,0.964,-1.688,1
5.766,0.983,-1.689,1
5.756,1,-1.687,1
5.76,1.019,-1.689,1
5.771,1.031,-1.693,1
5.748,1.045,-1.687,1
5.761,1.066,-1.692,1
5.752,1.083,-1.69,1
5.749,1.101,-1.69,1
5.751,1.12,-1.692,1
5.738,1.137,-1.689,1
5.732,1.145,-1.688,1
5.751,1.167,-1.695,1
5.729,1.182,-1.689,1
5.729,1.2,-1.69,1
5.731,1.22,-1.692,1
5.723,1.237,-1.691,1
5.717,1.245,-1.689,1
5.741,1.269,-1.698,1
5.709,1.281,-1.689,1
5.728,1.304,-1.697,1
5.707,1.318,-1.691,1
5.701,1.335,-1.691,1
5.7,1.354,-1.692,1
5.7,1.364,-1.692,1
5.692,1.381,-1.691,1
5.704,1.403,-1.697,1
5.692,1.419,-1.694,1
5.699,1.439,-1.698,1
5.672,1.452,-1.691,1
5.686,1.474,-1.697,1
5.665,1.478,-1.691,1
5.677,1.501,-1.696,1
5.663,1.516,-1.693,1
5.675,1.538,-1.698,1
5.654,1.551,-1.693,1
5.653,1.57,-1.694,1
5.649,1.588,-1.695,1
5.66,1.601,-1.699,1
5.647,1.617,-1.697,1
5.655,1.638,-1.701,1
5.635,1.652,-1.696,1
5.645,1.674,-1.701,1
5.63,1.689,-1.698,1
5.632,1.709,-1.7,1
5.622,1.715,-1.698,1
5.615,1.732,-1.697,1
5.61,1.75,-1.697,1
5.622,1.773,-1.703,1
5.598,1.785,-1.697,1
5.604,1.806,-1.701,1
5.601,1.815,-1.701,1
5.591,1.831,-1.7,1
5.582,1.848,-1.698,1
5.589,1.87,-1.703,1
5.581,1.886,-1.702,1
5.568,1.901,-1.7,1
5.571,1.922,-1.703,1
5.55,1.925,-1.697,1
5.549,1.944,-1.698,1
5.563,1.968,-1.705,1
5.542,1.981,-1.7,1
5.558,2.006,-1.707,1
5.541,2.019,-1.704,1
5.536,2.037,-1.704,1
5.527,2.044,-1.703,1
5.537,2.068,-1.708,1
5.531,2.085,-1.708,1
5.517,2.1,-1.705,1
5.53,2.125,-1.712,1
5.509,2.136,-1.707,1
5.513,2.158,-1.711,1
5.493,2.16,-1.705,1
5.487,2.177,-1.705,1
5.474,2.192,-1.704,1
5.483,2.216,-1.709,1
5.475,2.233,-1.708,1
5.45,2.242,-1.703,1
5.469,2.261,-1.71,1
5.464,2.279,-1.711,1
5.443,2.29,-1.706,1
5.444,2.311,-1.709,1
5.435,2.327,-1.708,1
5.423,2.342,-1.707,1
5.431,2.366,-1.712,1
5.424,2.373,-1.711,1
5.416,2.39,-1.711,1
5.428,2.415,-1.717,1
5.401,2.424,-1.711,1
5.397,2.442,-1.712,1
5.393,2.461,-1.713,1
5.398,2.473,-1.716,1
5.378,2.484,-1.712,1
5.38,2.506,-1.716,1
5.362,2.518,-1.712,1
5.359,2.538,-1.714,1
5.348,2.553,-1.713,1
5.357,2.578,-1.718,1
5.336,2.578,-1.713,1
5.348,2.605,-1.72,1
5.319,2.611,-1.713,1
5.325,2.635,-1.717,1
5.33,2.658,-1.722,1
5.3,2.664,-1.714,1
5.307,2.688,-1.72,1
5.301,2.696,-1.719,1
5.28,2.706,-1.715,1
5.28,2.727,-1.718,1
5.28,2.748,-1.721,1
5.26,2.759,-1.717,1
5.271,2.786,-1.724,1
5.262,2.803,-1.724,1
5.253,2.808,-1.722,1
5.246,2.826,-1.723,1
5.235,2.841,-1.722,1
5.23,2.859,-1.723,1
5.214,2.872,-1.721,1
5.215,2.894,-1.724,1
5.202,2.908,-1.723,1
5.191,2.913,-1.721,1
5.2,2.94,-1.727,1
5.189,2.955,-1.727,1
5.187,2.975,-1.729,1
5.171,2.988,-1.727,1
5.158,3.002,-1.726,1
5.153,3.01,-1.726,1
5.163,3.038,-1.733,1
5.137,3.044,-1.727,1
5.136,3.065,-1.73,1
5.118,3.076,-1.727,1
5.112,3.094,-1.728,1
5.104,3.112,-1.729,1
5.109,3.126,-1.732,1
5.099,3.142,-1.732,1
5.082,3.154,-1.73,1
5.085,3.178,-1.734,1
5.074,3.193,-1.734,1
5.072,3.214,-1.737,1
5.062,3.23,-1.737,1
5.063,3.242,-1.739,1
5.041,3.25,-1.735,1
5.049,3.278,-1.742,1
5.027,3.286,-1.737,1
5.027,3.308,-1.741,1
5.022,3.328,-1.743,1
5.03,3.345,-1.748,1
5.027,3.366,-1.751,1
5.018,3.383,-1.752,1
5.019,3.406,-1.756,1
5.003,3.418,-1.754,1
5.02,-3.64,-1.798,1
5.004,-3.616,-1.789,1
5.036,-3.615,-1.797,1
5.046,-3.598,-1.796,1
5.052,-3.579,-1.795,1
5.051,-3.554,-1.79,1
5.079,-3.55,-1.796,1
5.081,-3.528,-1.793,1
5.09,-3.522,-1.794,1
5.107,-3.51,-1.796,1
5.102,-3.484,-1.791,1
5.124,-3.475,-1.795,1
5.161,-3.476,-1.804,1
5.171,-3.46,-1.804,1
5.182,-3.455,-1.806,1
5.221,-3.457,-1.817,1
5.234,-3.442,-1.817,1
5.259,-3.435,-1.822,1
5.297,-3.436,-1.833,1
5.293,-3.41,-1.827,1
5.304,-3.393,-1.827,1
5.314,-3.388,-1.829,1
5.313,-3.364,-1.825,1
5.327,-3.349,-1.826,1
5.351,-3.341,-1.831,1
5.34,-3.311,-1.823,1
5.35,-3.294,-1.823,1
5.357,-3.275,-1.822,1
5.358,-3.264,-1.82,1
5.358,-3.241,-1.817,1
5.365,-3.222,-1.815,1
5.365,-3.2,-1.812,1
5.369,-3.179,-1.809,1
5.388,-3.168,-1.813,1
5.375,-3.137,-1.805,1
5.382,-3.13,-1.805,1
5.405,-3.121,-1.81,1
5.395,-3.092,-1.803,1
5.408,-3.077,-1.804,1
5.426,-3.065,-1.807,1
5.414,-3.036,-1.799,1
5.438,-3.027,-1.805,1
5.428,-3.01,-1.799,1
5.422,-2.985,-1.794,1
5.437,-2.971,-1.796,1
5.456,-2.959,-1.799,1
5.459,-2.938,-1.797,1
5.454,-2.914,-1.792,1
5.469,-2.911,-1.796,1
5.468,-2.888,-1.792,1
5.472,-2.868,-1.791,1
5.486,-2.854,-1.792,1
5.488,-2.833,-1.79,1
5.494,-2.814,-1.789,1
5.504,-2.798,-1.789,1
5.505,-2.787,-1.788,1
5.515,-2.771,-1.789,1
5.516,-2.749,-1.786,1
5.526,-2.733,-1.786,1
5.529,-2.713,-1.785,1
5.534,-2.694,-1.783,1
5.539,-2.685,-1.783,1
5.544,-2.666,-1.782,1
5.548,-2.647,-1.781,1
5.548,-2.625,-1.778,1
5.567,-2.613,-1.782,1
5.566,-2.591,-1.779,1
5.56,-2.567,-1.774,1
5.561,-2.557,-1.773,1
5.578,-2.544,-1.776,1
5.575,-2.521,-1.772,1
5.597,-2.51,-1.777,1
5.6,-2.49,-1.775,1
5.597,-2.468,-1.772,1
5.606,-2.451,-1.772,1
5.61,-2.442,-1.772,1
5.611,-2.422,-1.77,1
5.611,-2.401,-1.768,1
5.621,-2.384,-1.768,1
5.639,-2.371,-1.772,1
5.637,-2.35,-1.769,1
5.643,-2.331,-1.768,1
5.641,-2.32,-1.766,1
5.643,-2.3,-1.765,1
5.661,-2.287,-1.768,1
5.652,-2.263,-1.763,1
5.654,-2.243,-1.761,1
5.666,-2.227,-1.763,1
5.677,-2.211,-1.764,1
5.662,-2.195,-1.758,1
5.671,-2.178,-1.759,1
5.665,-2.155,-1.755,1
5.669,-2.136,-1.753,1
5.684,-2.122,-1.756,1
5.694,-2.105,-1.757,1
5.687,-2.092,-1.754,1
5.697,-2.076,-1.755,1
5.702,-2.057,-1.755,1
5.708,-2.039,-1.755,1
5.702,-2.017,-1.75,1
5.712,-2,-1.752,1
5.727,-1.985,-1.755,1
5.716,-1.971,-1.75,1
5.715,-1.951,-1.747,1
5.726,-1.935,-1.749,1
5.725,-1.914,-1.747,1
5.724,-1.894,-1.744,1
5.748,-1.882,-1.75,1
5.739,-1.859,-1.746,1
5.737,-1.848,-1.744,1
5.759,-1.835,-1.749,1
5.75,-1.813,-1.744,1
5.752,-1.794,-1.743,1
5.758,-1.776,-1.743,1
5.754,-1.755,-1.74,1
5.755,-1.745,-1.74,1
5.764,-1.728,-1.741,1
5.758,-1.707,-1.737,1
5.775,-1.692,-1.741,1
5.771,-1.671,-1.738,1
5.769,-1.651,-1.736,1
5.779,-1.634,-1.737,1
5.78,-1.625,-1.737,1
5.778,-1.605,-1.734,1
5.787,-1.587,-1.736,1
5.788,-1.568,-1.734,1
5.787,-1.549,-1.733,1
5.799,-1.532,-1.735,1
5.795,-1.512,-1.732,1
5.788,-1.5,-1.729,1
5.793,-1.482,-1.729,1
5.801,-1.465,-1.73,1
5.809,-1.447,-1.731,1
5.818,-1.43,-1.733,1
5.798,-1.406,-1.725,1
5.826,-1.403,-1.733,1
5.819,-1.382,-1.73,1
5.794,-1.357,-1.72,1
5.811,-1.342,-1.724,1
5.812,-1.323,-1.723,1
5.819,-1.305,-1.724,1
5.816,-1.285,-1.722,1
5.826,-1.278,-1.724,1
5.82,-1.258,-1.721,1
5.828,-1.24,-1.723,1
5.83,-1.221,-1.722,1
5.813,-1.199,-1.716,1
5.839,-1.185,-1.723,1
5.826,-1.163,-1.717,1
5.82,-1.153,-1.715,1
5.843,-1.138,-1.721,1
5.835,-1.118,-1.717,1
5.833,-1.098,-1.716,1
5.849,-1.082,-1.72,1
5.838,-1.061,-1.715,1
5.826,-1.04,-1.71,1
5.856,-1.036,-1.719,1
5.823,-1.011,-1.708,1
5.847,-0.997,-1.714,1
5.848,-0.978,-1.714,1
5.842,-0.958,-1.711,1
5.832,-0.938,-1.707,1
5.855,-0.922,-1.713,1
5.829,-0.909,-1.704,1
5.85,-0.893,-1.71,1
5.855,-0.875,-1.711,1
5.846,-0.855,-1.707,1
5.834,-0.835,-1.703,1
5.852,-0.819,-1.707,1
5.83,-0.806,-1.7,1
5.842,-0.789,-1.703,1
5.852,-0.772,-1.705,1
5.839,-0.752,-1.701,1
5.836,-0.733,-1.699,1
5.848,-0.715,-1.702,1
5.841,-0.696,-1.699,1
5.847,-0.687,-1.701,1
5.849,-0.669,-1.701,1
5.852,-0.651,-1.701,1
5.842,-0.631,-1.697,1
5.861,-0.614,-1.703,1
5.871,-0.597,-1.705,1
5.84,-0.575,-1.695,1
5.866,-0.568,-1.703,1
5.837,-0.547,-1.693,1
5.837,-0.529,-1.692,1
5.865,-0.513,-1.701,1
5.829,-0.491,-1.689,1
5.847,-0.474,-1.694,1
5.841,-0.455,-1.692,1
5.836,-0.446,-1.69,1
5.857,-0.429,-1.696,1
5.843,-0.409,-1.691,1
5.861,-0.392,-1.697,1
5.839,-0.372,-1.689,1
5.86,-0.355,-1.695,1
5.838,-0.335,-1.688,1
5.856,-0.327,-1.694,1
5.843,-0.308,-1.689,1
5.85,-0.29,-1.691,1
5.847,-0.271,-1.69,1
5.852,-0.253,-1.691,1
5.848,-0.235,-1.69,1
5.847,-0.225,-1.689,1
5.846,-0.207,-1.689,1
5.837,-0.188,-1.686,1
5.841,-0.17,-1.687,1
5.847,-0.152,-1.689,1
5.857,-0.134,-1.692,1
5.839,-0.115,-1.686,1
5.858,-0.106,-1.692,1
5.83,-0.087,-1.683,1
5.832,-0.069,-1.684,1
5.838,-0.051,-1.685,1
5.863,-0.032,-1.693,1
5.847,-0.014,-1.688,1
5.842,-0.005,-1.687,1
5.689,0.004,-1.699,1
5.693,0.022,-1.7,1
5.685,0.039,-1.698,1
5.687,0.048,-1.698,1
5.685,0.066,-1.698,1
5.683,0.084,-1.697,1
5.694,0.102,-1.701,1
5.688,0.12,-1.699,1
5.695,0.138,-1.701,1
5.687,0.147,-1.699,1
5.681,0.164,-1.697,1
5.678,0.182,-1.696,1
5.687,0.2,-1.7,1
5.673,0.218,-1.695,1
5.682,0.236,-1.698,1
5.687,0.254,-1.7,1
5.675,0.262,-1.696,1
5.688,0.281,-1.701,1
5.67,0.298,-1.695,1
5.671,0.316,-1.696,1
5.671,0.334,-1.696,1
5.674,0.352,-1.698,1
5.667,0.369,-1.696,1
5.665,0.378,-1.695,1
5.671,0.396,-1.698,1
5.674,0.414,-1.699,1
5.669,0.432,-1.698,1
5.673,0.45,-1.7,1
5.66,0.467,-1.696,1
5.662,0.485,-1.697,1
5.667,0.495,-1.699,1
5.664,0.512,-1.698,1
5.672,0.531,-1.701,1
5.668,0.548,-1.701,1
5.661,0.566,-1.699,1
5.657,0.583,-1.698,1
5.664,0.593,-1.701,1
5.648,0.609,-1.696,1
5.654,0.628,-1.699,1
5.662,0.647,-1.702,1
5.654,0.664,-1.7,1
5.648,0.681,-1.699,1
5.653,0.7,-1.701,1
5.65,0.708,-1.701,1
5.637,0.725,-1.697,1
5.634,0.743,-1.697,1
5.632,0.76,-1.697,1
5.641,0.779,-1.701,1
5.633,0.796,-1.699,1
5.638,0.815,-1.701,1
5.638,0.824,-1.702,1
5.63,0.841,-1.7,1
5.628,0.859,-1.7,1
5.621,0.876,-1.699,1
5.62,0.894,-1.7,1
5.625,0.913,-1.702,1
5.61,0.919,-1.698,1
5.615,0.938,-1.7,1
5.601,0.954,-1.696,1
5.607,0.973,-1.7,1
5.608,0.991,-1.701,1
5.593,1.007,-1.697,1
5.596,1.026,-1.699,1
5.594,1.034,-1.699,1
5.589,1.052,-1.698,1
5.599,1.072,-1.703,1
5.586,1.088,-1.7,1
5.579,1.104,-1.698,1
5.59,1.125,-1.703,1
5.596,1.144,-1.706,1
5.574,1.149,-1.7,1
5.566,1.166,-1.698,1
5.577,1.186,-1.703,1
5.576,1.204,-1.704,1
5.566,1.22,-1.702,1
5.557,1.237,-1.7,1
5.557,1.255,-1.701,1
5.555,1.264,-1.701,1
5.552,1.282,-1.702,1
5.55,1.299,-1.703,1
5.546,1.317,-1.703,1
5.555,1.337,-1.707,1
5.534,1.351,-1.701,1
5.543,1.371,-1.706,1
5.537,1.379,-1.704,1
5.544,1.399,-1.708,1
5.517,1.411,-1.701,1
5.527,1.432,-1.706,1
5.519,1.449,-1.704,1
5.52,1.467,-1.706,1
5.521,1.477,-1.707,1
5.513,1.493,-1.706,1
5.514,1.512,-1.708,1
5.511,1.53,-1.709,1
5.506,1.547,-1.709,1
5.496,1.563,-1.707,1
5.494,1.581,-1.708,1
5.499,1.592,-1.71,1
5.491,1.608,-1.709,1
5.489,1.627,-1.71,1
5.468,1.639,-1.705,1
5.466,1.657,-1.706,1
5.468,1.677,-1.709,1
5.474,1.697,-1.712,1
5.458,1.702,-1.708,1
5.468,1.723,-1.713,1
5.451,1.737,-1.709,1
5.448,1.755,-1.71,1
5.444,1.773,-1.71,1
5.431,1.787,-1.708,1
5.422,1.803,-1.707,1
5.432,1.816,-1.711,1
5.424,1.832,-1.71,1
5.425,1.852,-1.713,1
5.412,1.866,-1.71,1
5.406,1.883,-1.71,1
5.399,1.9,-1.71,1
5.399,1.909,-1.711,1
5.395,1.927,-1.712,1
5.393,1.945,-1.713,1
5.395,1.965,-1.716,1
5.382,1.98,-1.714,1
5.387,2.001,-1.717,1
5.377,2.016,-1.716,1
5.365,2.021,-1.713,1
5.364,2.04,-1.715,1
5.371,2.062,-1.72,1
5.358,2.076,-1.717,1
5.348,2.092,-1.716,1
5.35,2.112,-1.719,1
5.334,2.116,-1.715,1
5.331,2.134,-1.716,1
5.331,2.153,-1.718,1
5.319,2.168,-1.717,1
5.311,2.184,-1.716,1
5.327,2.21,-1.724,1
5.293,2.216,-1.715,1
5.288,2.223,-1.714,1
5.295,2.246,-1.719,1
5.283,2.26,-1.717,1
5.276,2.277,-1.717,1
5.272,2.295,-1.718,1
5.263,2.311,-1.718,1
5.266,2.332,-1.721,1
5.259,2.339,-1.72,1
5.25,2.354,-1.72,1
5.241,2.37,-1.719,1
5.254,2.396,-1.726,1
5.224,2.402,-1.718,1
5.225,2.423,-1.721,1
5.236,2.448,-1.728,1
5.207,2.444,-1.719,1
5.209,2.465,-1.723,1
5.208,2.485,-1.725,1
5.194,2.498,-1.723,1
5.191,2.517,-1.724,1
5.183,2.533,-1.724,1
5.163,2.543,-1.72,1
5.166,2.555,-1.723,1
5.172,2.578,-1.728,1
5.157,2.591,-1.725,1
5.143,2.604,-1.723,1
5.14,2.623,-1.725,1
5.124,2.635,-1.722,1
5.124,2.645,-1.724,1
5.121,2.664,-1.726,1
5.108,2.677,-1.724,1
5.101,2.694,-1.724,1
5.106,2.718,-1.729,1
5.087,2.728,-1.726,1
5.079,2.744,-1.726,1
5.093,2.762,-1.732,1
5.074,2.773,-1.729,1
5.074,2.793,-1.732,1
5.058,2.805,-1.729,1
5.046,2.819,-1.728,1
5.034,2.833,-1.727,1
5.035,2.855,-1.731,1
5.029,2.862,-1.73,1
5.023,2.879,-1.731,1
5.009,2.892,-1.729,1
5.004,-3.456,-1.824,1
5.034,-3.453,-1.832,1
5.05,-3.453,-1.836,1
5.07,-3.443,-1.84,1
5.09,-3.434,-1.843,1
5.081,-3.404,-1.835,1
5.093,-3.389,-1.836,1
5.113,-3.379,-1.84,1
5.103,-3.35,-1.832,1
5.113,-3.345,-1.834,1
5.132,-3.334,-1.837,1
5.121,-3.304,-1.829,1
5.13,-3.287,-1.828,1
5.153,-3.279,-1.833,1
5.147,-3.253,-1.827,1
5.149,-3.231,-1.824,1
5.155,-3.223,-1.824,1
5.148,-3.197,-1.818,1
5.158,-3.181,-1.818,1
5.173,-3.168,-1.819,1
5.169,-3.142,-1.814,1
5.187,-3.131,-1.817,1
5.19,-3.122,-1.816,1
5.19,-3.1,-1.813,1
5.193,-3.08,-1.81,1
5.211,-3.068,-1.813,1
5.214,-3.048,-1.811,1
5.217,-3.028,-1.809,1
5.238,-3.018,-1.813,1
5.226,-3,-1.807,1
5.231,-2.981,-1.805,1
5.257,-2.974,-1.811,1
5.253,-2.95,-1.806,1
5.265,-2.935,-1.807,1
5.264,-2.913,-1.804,1
5.266,-2.903,-1.802,1
5.283,-2.891,-1.805,1
5.284,-2.87,-1.802,1
5.278,-2.845,-1.797,1
5.298,-2.835,-1.801,1
5.306,-2.817,-1.801,1
5.309,-2.798,-1.799,1
5.315,-2.79,-1.799,1
5.317,-2.77,-1.797,1
5.311,-2.745,-1.791,1
5.343,-2.741,-1.8,1
5.355,-2.726,-1.801,1
5.348,-2.701,-1.796,1
5.353,-2.683,-1.795,1
5.349,-2.67,-1.791,1
5.351,-2.65,-1.789,1
5.362,-2.635,-1.79,1
5.366,-2.615,-1.788,1
5.377,-2.6,-1.79,1
5.385,-2.583,-1.79,1
5.385,-2.562,-1.787,1
5.394,-2.556,-1.788,1
5.397,-2.537,-1.787,1
5.405,-2.52,-1.787,1
5.399,-2.496,-1.782,1
5.417,-2.484,-1.785,1
5.418,-2.464,-1.783,1
5.42,-2.444,-1.781,1
5.435,-2.441,-1.785,1
5.434,-2.42,-1.782,1
5.429,-2.397,-1.777,1
5.454,-2.388,-1.784,1
5.44,-2.361,-1.776,1
5.443,-2.342,-1.774,1
5.46,-2.34,-1.779,1
5.455,-2.317,-1.775,1
5.463,-2.3,-1.775,1
5.464,-2.281,-1.773,1
5.468,-2.262,-1.772,1
5.47,-2.243,-1.77,1
5.479,-2.226,-1.771,1
5.484,-2.218,-1.771,1
5.489,-2.2,-1.771,1
5.498,-2.184,-1.771,1
5.499,-2.164,-1.77,1
5.501,-2.145,-1.768,1
5.504,-2.126,-1.767,1
5.503,-2.106,-1.764,1
5.519,-2.102,-1.768,1
5.512,-2.08,-1.763,1
5.509,-2.059,-1.76,1
5.523,-2.044,-1.763,1
5.527,-2.026,-1.762,1
5.539,-2.011,-1.764,1
5.539,-2.001,-1.763,1
5.543,-1.983,-1.762,1
5.537,-1.961,-1.758,1
5.55,-1.946,-1.76,1
5.554,-1.928,-1.76,1
5.564,-1.912,-1.761,1
5.556,-1.889,-1.756,1
5.56,-1.881,-1.757,1
5.564,-1.863,-1.756,1
5.576,-1.847,-1.758,1
5.561,-1.823,-1.751,1
5.573,-1.807,-1.753,1
5.578,-1.79,-1.753,1
5.573,-1.769,-1.749,1
5.583,-1.763,-1.752,1
5.592,-1.746,-1.753,1
5.59,-1.726,-1.751,1
5.592,-1.708,-1.749,1
5.597,-1.69,-1.749,1
5.595,-1.67,-1.747,1
5.6,-1.662,-1.748,1
5.601,-1.643,-1.746,1
5.607,-1.626,-1.746,1
5.606,-1.606,-1.745,1
5.617,-1.59,-1.746,1
5.607,-1.569,-1.742,1
5.628,-1.556,-1.747,1
5.62,-1.544,-1.743,1
5.623,-1.525,-1.743,1
5.639,-1.511,-1.746,1
5.621,-1.487,-1.739,1
5.633,-1.471,-1.742,1
5.645,-1.456,-1.744,1
5.628,-1.432,-1.737,1
5.632,-1.424,-1.737,1
5.649,-1.409,-1.742,1
5.635,-1.387,-1.735,1
5.641,-1.37,-1.736,1
5.653,-1.354,-1.738,1
5.65,-1.334,-1.736,1
5.639,-1.313,-1.731,1
5.658,-1.308,-1.737,1
5.643,-1.286,-1.731,1
5.649,-1.269,-1.731,1
5.657,-1.252,-1.732,1
5.653,-1.232,-1.73,1
5.652,-1.213,-1.728,1
5.666,-1.198,-1.732,1
5.65,-1.185,-1.726,1
5.665,-1.17,-1.729,1
5.676,-1.153,-1.732,1
5.657,-1.131,-1.724,1
5.664,-1.114,-1.726,1
5.679,-1.098,-1.729,1
5.679,-1.089,-1.729,1
5.677,-1.07,-1.727,1
5.676,-1.052,-1.726,1
5.67,-1.032,-1.723,1
5.669,-1.014,-1.721,1
5.676,-0.996,-1.723,1
5.663,-0.976,-1.717,1
5.666,-0.967,-1.718,1
5.69,-0.953,-1.724,1
5.679,-0.933,-1.72,1
5.684,-0.915,-1.721,1
5.672,-0.895,-1.716,1
5.686,-0.879,-1.72,1
5.678,-0.859,-1.716,1
5.683,-0.851,-1.717,1
5.68,-0.832,-1.715,1
5.688,-0.815,-1.717,1
5.696,-0.798,-1.719,1
5.68,-0.778,-1.713,1
5.692,-0.761,-1.716,1
5.694,-0.743,-1.716,1
5.678,-0.732,-1.71,1
5.68,-0.714,-1.71,1
5.69,-0.697,-1.713,1
5.679,-0.678,-1.709,1
5.694,-0.661,-1.713,1
5.691,-0.643,-1.711,1
5.687,-0.624,-1.709,1
5.698,-0.616,-1.712,1
5.69,-0.597,-1.709,1
5.677,-0.578,-1.704,1
5.678,-0.56,-1.704,1
5.682,-0.543,-1.705,1
5.682,-0.524,-1.704,1
5.677,-0.515,-1.703,1
5.684,-0.498,-1.704,1
5.693,-0.481,-1.707,1
5.693,-0.462,-1.706,1
5.681,-0.443,-1.702,1
5.677,-0.425,-1.7,1
5.684,-0.408,-1.702,1
5.683,-0.399,-1.701,1
5.68,-0.381,-1.7,1
5.674,-0.362,-1.698,1
5.697,-0.346,-1.705,1
5.689,-0.327,-1.702,1
5.692,-0.31,-1.703,1
5.692,-0.301,-1.703,1
5.697,-0.283,-1.704,1
5.7,-0.265,-1.704,1
5.695,-0.247,-1.703,1
5.675,-0.228,-1.696,1
5.685,-0.211,-1.699,1
5.686,-0.193,-1.699,1
5.694,-0.184,-1.701,1
5.685,-0.166,-1.698,1
5.695,-0.148,-1.701,1
5.691,-0.13,-1.7,1
5.695,-0.113,-1.701,1
5.675,-0.094,-1.695,1
5.69,-0.077,-1.7,1
5.685,-0.068,-1.698,1
5.696,-0.05,-1.701,1
5.687,-0.032,-1.698,1
5.674,-0.014,-1.694,1
5.447,0.002,-1.684,1
5.466,0.019,-1.69,1
5.458,0.036,-1.688,1
5.45,0.053,-1.685,1
5.473,0.071,-1.693,1
5.444,0.087,-1.684,1
5.457,0.105,-1.688,1
5.451,0.113,-1.686,1
5.453,0.13,-1.687,1
5.45,0.147,-1.686,1
5.45,0.164,-1.686,1
5.444,0.181,-1.684,1
5.449,0.199,-1.686,1
5.467,0.208,-1.692,1
5.442,0.224,-1.684,1
5.457,0.242,-1.689,1
5.446,0.259,-1.686,1
5.447,0.276,-1.687,1
5.441,0.292,-1.685,1
5.446,0.31,-1.687,1
5.434,0.318,-1.683,1
5.446,0.336,-1.687,1
5.443,0.353,-1.687,1
5.438,0.37,-1.685,1
5.437,0.387,-1.685,1
5.441,0.404,-1.687,1
5.442,0.421,-1.688,1
5.443,0.43,-1.689,1
5.44,0.447,-1.688,1
5.438,0.464,-1.688,1
5.427,0.48,-1.685,1
5.432,0.498,-1.687,1
5.424,0.514,-1.685,1
5.429,0.523,-1.687,1
5.433,0.541,-1.689,1
5.428,0.558,-1.687,1
5.435,0.576,-1.69,1
5.422,0.592,-1.687,1
5.422,0.609,-1.687,1
5.42,0.626,-1.687,1
5.431,0.636,-1.691,1
5.412,0.651,-1.685,1
5.419,0.669,-1.689,1
5.422,0.687,-1.69,1
5.415,0.703,-1.689,1
5.414,0.72,-1.689,1
5.412,0.737,-1.689,1
5.415,0.746,-1.69,1
5.408,0.763,-1.689,1
5.406,0.78,-1.689,1
5.4,0.796,-1.688,1
5.397,0.813,-1.688,1
5.4,0.831,-1.69,1
5.403,0.849,-1.692,1
5.4,0.857,-1.691,1
5.392,0.873,-1.689,1
5.381,0.889,-1.687,1
5.395,0.909,-1.692,1
5.383,0.924,-1.689,1
5.375,0.94,-1.687,1
5.39,0.96,-1.694,1
5.381,0.967,-1.691,1
5.376,0.984,-1.69,1
5.368,0.999,-1.689,1
5.378,1.019,-1.693,1
5.365,1.034,-1.69,1
5.36,1.05,-1.689,1
5.364,1.06,-1.691,1
5.355,1.076,-1.689,1
5.363,1.095,-1.693,1
5.354,1.11,-1.691,1
5.352,1.128,-1.692,1
5.361,1.147,-1.696,1
5.352,1.163,-1.694,1
5.341,1.169,-1.691,1
5.349,1.189,-1.695,1
5.336,1.203,-1.692,1
5.337,1.221,-1.694,1
5.32,1.235,-1.689,1
5.326,1.254,-1.692,1
5.313,1.268,-1.689,1
5.318,1.279,-1.692,1
5.31,1.294,-1.69,1
5.306,1.311,-1.69,1
5.308,1.329,-1.692,1
5.313,1.348,-1.695,1
5.295,1.361,-1.691,1
5.295,1.379,-1.692,1
5.318,1.394,-1.701,1
5.288,1.404,-1.692,1
5.284,1.421,-1.692,1
5.288,1.44,-1.695,1
5.269,1.452,-1.69,1
5.281,1.473,-1.696,1
5.272,1.48,-1.694,1
5.26,1.494,-1.691,1
5.266,1.514,-1.695,1
5.266,1.532,-1.697,1
5.26,1.548,-1.696,1
5.248,1.562,-1.694,1
5.259,1.584,-1.699,1
5.249,1.59,-1.697,1
5.252,1.608,-1.699,1
5.236,1.622,-1.695,1
5.238,1.64,-1.698,1
5.236,1.658,-1.699,1
5.242,1.678,-1.703,1
5.21,1.677,-1.693,1
5.223,1.699,-1.699,1
5.218,1.715,-1.699,1
5.214,1.732,-1.7,1
5.201,1.746,-1.697,1
5.205,1.766,-1.701,1
5.203,1.783,-1.702,1
5.189,1.788,-1.698,1
5.184,1.804,-1.698,1
5.178,1.82,-1.698,1
5.179,1.839,-1.701,1
5.181,1.858,-1.703,1
5.166,1.871,-1.7,1
5.167,1.89,-1.702,1
5.166,1.899,-1.703,1
5.171,1.919,-1.707,1
5.161,1.934,-1.706,1
5.155,1.95,-1.706,1
5.147,1.965,-1.705,1
5.139,1.981,-1.704,1
5.14,2,-1.707,1
5.115,2,-1.699,1
5.125,2.022,-1.705,1
5.12,2.039,-1.706,1
5.114,2.055,-1.706,1
5.099,2.067,-1.702,1
5.106,2.089,-1.707,1
5.089,2.101,-1.704,1
5.088,2.109,-1.704,1
5.093,2.131,-1.709,1
5.074,2.141,-1.704,1
5.06,2.154,-1.702,1
5.083,2.183,-1.712,1
5.054,2.189,-1.704,1
5.056,2.199,-1.706,1
5.057,2.219,-1.709,1
5.047,2.233,-1.708,1
5.036,2.248,-1.707,1
5.038,2.267,-1.71,1
5.026,2.281,-1.708,1
5.015,2.295,-1.707,1
5.023,2.308,-1.711,1
5.009,2.321,-1.709,1
5.005,2.338,-1.71,1
5.003,2.357,-1.712,1
5.002,-2.902,-1.795,1
5.013,-2.887,-1.796,1
5.02,-2.87,-1.795,1
5.023,-2.851,-1.793,1
5.032,-2.835,-1.793,1
5.044,-2.821,-1.794,1
5.037,-2.807,-1.79,1
5.042,-2.789,-1.789,1
5.049,-2.772,-1.788,1
5.059,-2.757,-1.789,1
5.068,-2.741,-1.789,1
5.073,-2.723,-1.787,1
5.08,-2.707,-1.787,1
5.081,-2.697,-1.785,1
5.088,-2.68,-1.785,1
5.093,-2.662,-1.784,1
5.098,-2.645,-1.782,1
5.103,-2.627,-1.781,1
5.116,-2.613,-1.783,1
5.115,-2.603,-1.781,1
5.115,-2.582,-1.778,1
5.121,-2.565,-1.777,1
5.124,-2.547,-1.775,1
5.142,-2.536,-1.779,1
5.14,-2.515,-1.775,1
5.143,-2.496,-1.773,1
5.145,-2.487,-1.773,1
5.153,-2.471,-1.773,1
5.167,-2.458,-1.775,1
5.158,-2.434,-1.769,1
5.171,-2.42,-1.771,1
5.185,-2.407,-1.773,1
5.186,-2.387,-1.771,1
5.179,-2.374,-1.767,1
5.19,-2.36,-1.768,1
5.19,-2.34,-1.766,1
5.201,-2.326,-1.767,1
5.201,-2.306,-1.765,1
5.209,-2.29,-1.765,1
5.219,-2.285,-1.767,1
5.223,-2.267,-1.766,1
5.226,-2.249,-1.765,1
5.225,-2.229,-1.762,1
5.232,-2.212,-1.762,1
5.233,-2.194,-1.76,1
5.233,-2.174,-1.757,1
5.247,-2.17,-1.761,1
5.245,-2.15,-1.758,1
5.254,-2.135,-1.758,1
5.26,-2.118,-1.758,1
5.258,-2.098,-1.755,1
5.256,-2.078,-1.752,1
5.273,-2.066,-1.756,1
5.273,-2.056,-1.755,1
5.269,-2.035,-1.751,1
5.271,-2.017,-1.75,1
5.29,-2.006,-1.754,1
5.282,-1.984,-1.749,1
5.283,-1.965,-1.747,1
5.288,-1.957,-1.748,1
5.294,-1.941,-1.748,1
5.295,-1.922,-1.746,1
5.301,-1.906,-1.746,1
5.303,-1.888,-1.745,1
5.313,-1.872,-1.746,1
5.331,-1.86,-1.75,1
5.312,-1.844,-1.743,1
5.316,-1.827,-1.742,1
5.326,-1.811,-1.743,1
5.319,-1.79,-1.739,1
5.337,-1.778,-1.743,1
5.342,-1.761,-1.743,1
5.333,-1.74,-1.738,1
5.342,-1.733,-1.74,1
5.352,-1.718,-1.742,1
5.345,-1.697,-1.738,1
5.345,-1.679,-1.736,1
5.358,-1.664,-1.738,1
5.352,-1.644,-1.734,1
5.355,-1.627,-1.734,1
5.37,-1.622,-1.738,1
5.355,-1.599,-1.731,1
5.362,-1.583,-1.732,1
5.369,-1.567,-1.733,1
5.359,-1.546,-1.728,1
5.372,-1.531,-1.73,1
5.387,-1.517,-1.734,1
5.371,-1.503,-1.728,1
5.376,-1.487,-1.728,1
5.386,-1.471,-1.729,1
5.38,-1.451,-1.726,1
5.386,-1.435,-1.726,1
5.391,-1.418,-1.726,1
5.384,-1.407,-1.723,1
5.39,-1.391,-1.724,1
5.403,-1.376,-1.727,1
5.391,-1.355,-1.721,1
5.395,-1.338,-1.721,1
5.401,-1.321,-1.722,1
5.396,-1.302,-1.719,1
5.398,-1.294,-1.719,1
5.413,-1.279,-1.723,1
5.397,-1.258,-1.716,1
5.397,-1.24,-1.714,1
5.423,-1.228,-1.722,1
5.403,-1.206,-1.714,1
5.412,-1.19,-1.716,1
5.418,-1.182,-1.717,1
5.407,-1.162,-1.712,1
5.41,-1.145,-1.712,1
5.427,-1.131,-1.716,1
5.425,-1.112,-1.714,1
5.423,-1.094,-1.712,1
5.432,-1.078,-1.714,1
5.421,-1.067,-1.71,1
5.428,-1.051,-1.711,1
5.427,-1.033,-1.71,1
5.417,-1.014,-1.706,1
5.43,-0.998,-1.709,1
5.438,-0.982,-1.711,1
5.425,-0.962,-1.705,1
5.432,-0.955,-1.707,1
5.435,-0.938,-1.707,1
5.434,-0.92,-1.706,1
5.441,-0.904,-1.707,1
5.438,-0.886,-1.705,1
5.437,-0.868,-1.704,1
5.438,-0.859,-1.704,1
5.445,-0.843,-1.705,1
5.427,-0.823,-1.698,1
5.442,-0.808,-1.702,1
5.439,-0.79,-1.701,1
5.44,-0.772,-1.7,1
5.45,-0.756,-1.702,1
5.453,-0.748,-1.703,1
5.446,-0.73,-1.7,1
5.457,-0.714,-1.703,1
5.458,-0.696,-1.702,1
5.45,-0.678,-1.699,1
5.452,-0.661,-1.699,1
5.461,-0.653,-1.702,1
5.455,-0.635,-1.699,1
5.456,-0.618,-1.699,1
5.446,-0.599,-1.695,1
5.452,-0.583,-1.696,1
5.459,-0.566,-1.698,1
5.463,-0.549,-1.699,1
5.456,-0.54,-1.696,1
5.46,-0.523,-1.697,1
5.461,-0.506,-1.697,1
5.448,-0.487,-1.692,1
5.449,-0.47,-1.692,1
5.46,-0.454,-1.695,1
5.456,-0.436,-1.693,1
5.457,-0.428,-1.693,1
5.458,-0.411,-1.693,1
5.45,-0.393,-1.69,1
5.447,-0.375,-1.689,1
5.463,-0.359,-1.694,1
5.455,-0.341,-1.69,1
5.464,-0.325,-1.693,1
5.46,-0.316,-1.692,1
5.459,-0.299,-1.691,1
5.451,-0.281,-1.688,1
5.448,-0.264,-1.687,1
5.441,-0.246,-1.684,1
5.467,-0.23,-1.692,1
5.454,-0.221,-1.688,1
5.452,-0.204,-1.687,1
5.461,-0.187,-1.69,1
5.454,-0.17,-1.687,1
5.454,-0.153,-1.687,1
5.447,-0.135,-1.685,1
5.459,-0.118,-1.689,1
5.448,-0.11,-1.685,1
5.45,-0.093,-1.685,1
5.456,-0.075,-1.687,1
5.439,-0.058,-1.682,1
5.462,-0.041,-1.689,1
5.454,-0.024,-1.687,1
5.451,-0.007,-1.685,1
5.297,0.014,-1.683,1
5.314,0.031,-1.689,1
5.289,0.039,-1.681,1
5.31,0.056,-1.688,1
5.311,0.072,-1.689,1
5.294,0.089,-1.683,1
5.286,0.105,-1.68,1
5.28,0.122,-1.678,1
5.293,0.139,-1.683,1
5.298,0.147,-1.685,1
5.288,0.164,-1.682,1
5.296,0.18,-1.684,1
5.287,0.197,-1.682,1
5.294,0.214,-1.684,1
5.292,0.23,-1.683,1
5.289,0.238,-1.683,1
5.296,0.255,-1.685,1
5.284,0.271,-1.682,1
5.298,0.289,-1.687,1
5.286,0.305,-1.683,1
5.296,0.322,-1.687,1
5.284,0.338,-1.683,1
5.285,0.347,-1.683,1
5.277,0.363,-1.681,1
5.283,0.38,-1.683,1
5.286,0.397,-1.685,1
5.284,0.413,-1.685,1
5.274,0.429,-1.682,1
5.27,0.445,-1.681,1
5.277,0.454,-1.683,1
5.266,0.47,-1.68,1
5.263,0.487,-1.68,1
5.263,0.503,-1.68,1
5.262,0.52,-1.68,1
5.264,0.537,-1.682,1
5.264,0.553,-1.682,1
5.269,0.562,-1.684,1
5.273,0.579,-1.686,1
5.261,0.595,-1.683,1
5.295,0.615,-1.695,1
5.282,0.631,-1.691,1
5.257,0.645,-1.683,1
5.261,0.662,-1.685,1
5.256,0.67,-1.684,1
5.246,0.685,-1.682,1
5.278,0.706,-1.693,1
5.27,0.722,-1.691,1
5.242,0.735,-1.682,1
5.275,0.756,-1.694,1
5.238,0.76,-1.682,1
5.241,0.777,-1.684,1
5.239,0.793,-1.684,1
5.24,0.81,-1.685,1
5.262,0.831,-1.694,1
5.233,0.843,-1.685,1
5.255,0.863,-1.693,1
5.257,0.872,-1.694,1
5.213,0.882,-1.68,1
5.25,0.905,-1.694,1
5.249,0.922,-1.694,1
5.227,0.935,-1.688,1
5.246,0.955,-1.696,1
5.23,0.969,-1.691,1
5.212,0.975,-1.685,1
5.239,0.996,-1.696,1
5.198,1.006,-1.683,1
5.231,1.029,-1.695,1
5.24,1.048,-1.7,1
5.196,1.056,-1.685,1
5.23,1.08,-1.698,1
5.187,1.08,-1.684,1
5.221,1.104,-1.697,1
5.193,1.115,-1.689,1
5.192,1.132,-1.689,1
5.181,1.147,-1.687,1
5.205,1.169,-1.696,1
5.175,1.171,-1.687,1
5.166,1.186,-1.685,1
5.166,1.203,-1.686,1
5.194,1.227,-1.697,1
5.162,1.236,-1.687,1
5.182,1.258,-1.696,1
5.147,1.267,-1.685,1
5.154,1.277,-1.688,1
5.148,1.293,-1.687,1
5.153,1.312,-1.691,1
5.144,1.326,-1.689,1
5.172,1.351,-1.7,1
5.141,1.36,-1.691,1
5.133,1.367,-1.689,1
5.138,1.385,-1.692,1
5.168,1.411,-1.704,1
5.131,1.418,-1.692,1
5.123,1.433,-1.691,1
5.146,1.457,-1.701,1
5.114,1.465,-1.691,1
5.144,1.483,-1.703,1
5.107,1.489,-1.691,1
5.106,1.506,-1.692,1
5.099,1.522,-1.692,1
5.098,1.539,-1.693,1
5.097,1.556,-1.694,1
5.097,1.574,-1.696,1
5.096,1.582,-1.697,1
5.079,1.594,-1.692,1
5.079,1.612,-1.694,1
5.076,1.629,-1.695,1
5.1,1.654,-1.705,1
5.06,1.659,-1.693,1
5.062,1.677,-1.696,1
5.054,1.683,-1.694,1
5.065,1.704,-1.7,1
5.058,1.72,-1.699,1
5.042,1.732,-1.695,1
5.027,1.745,-1.692,1
5.041,1.767,-1.699,1
5.029,1.781,-1.696,1
5.029,1.79,-1.698,1
5.033,1.809,-1.701,1
5.016,1.821,-1.697,1
5.021,1.84,-1.701,1
5.03,1.861,-1.706,1
5.004,1.87,-1.699,1
5.008,1.88,-1.702,1
5.004,1.897,-1.702,1
5,-2.405,-1.769,1
5.006,-2.389,-1.769,1
5.006,-2.379,-1.767,1
5.014,-2.364,-1.767,1
5.007,-2.341,-1.762,1
5.023,-2.33,-1.765,1
5.02,-2.309,-1.761,1
5.031,-2.295,-1.763,1
5.033,-2.277,-1.761,1
5.042,-2.271,-1.763,1
5.037,-2.25,-1.758,1
5.045,-2.235,-1.759,1
5.056,-2.22,-1.76,1
5.059,-2.203,-1.759,1
5.052,-2.181,-1.754,1
5.066,-2.178,-1.758,1
5.073,-2.162,-1.758,1
5.08,-2.146,-1.758,1
5.074,-2.125,-1.753,1
5.079,-2.108,-1.752,1
5.084,-2.091,-1.752,1
5.096,-2.077,-1.754,1
5.092,-2.067,-1.751,1
5.093,-2.048,-1.749,1
5.107,-2.035,-1.752,1
5.106,-2.016,-1.749,1
5.118,-2.002,-1.751,1
5.124,-1.986,-1.751,1
5.111,-1.963,-1.744,1
5.126,-1.959,-1.749,1
5.131,-1.943,-1.748,1
5.126,-1.922,-1.744,1
5.127,-1.904,-1.742,1
5.143,-1.892,-1.746,1
5.142,-1.873,-1.743,1
5.144,-1.856,-1.742,1
5.147,-1.848,-1.742,1
5.144,-1.828,-1.739,1
5.143,-1.81,-1.736,1
5.163,-1.799,-1.741,1
5.158,-1.779,-1.738,1
5.165,-1.763,-1.738,1
5.174,-1.748,-1.74,1
5.17,-1.737,-1.737,1
5.168,-1.719,-1.734,1
5.189,-1.708,-1.74,1
5.175,-1.685,-1.733,1
5.171,-1.666,-1.73,1
5.186,-1.653,-1.733,1
5.186,-1.644,-1.732,1
5.191,-1.628,-1.732,1
5.191,-1.61,-1.731,1
5.189,-1.591,-1.728,1
5.194,-1.575,-1.728,1
5.202,-1.559,-1.729,1
5.205,-1.543,-1.729,1
5.206,-1.534,-1.728,1
5.213,-1.518,-1.729,1
5.214,-1.501,-1.727,1
5.213,-1.483,-1.725,1
5.209,-1.464,-1.722,1
5.215,-1.448,-1.723,1
5.219,-1.431,-1.723,1
5.224,-1.424,-1.723,1
5.217,-1.404,-1.72,1
5.227,-1.389,-1.721,1
5.217,-1.369,-1.716,1
5.239,-1.357,-1.723,1
5.221,-1.335,-1.715,1
5.227,-1.319,-1.716,1
5.235,-1.312,-1.718,1
5.23,-1.294,-1.714,1
5.243,-1.28,-1.718,1
5.234,-1.26,-1.713,1
5.244,-1.245,-1.715,1
5.24,-1.227,-1.712,1
5.237,-1.208,-1.71,1
5.24,-1.201,-1.711,1
5.242,-1.184,-1.71,1
5.253,-1.169,-1.712,1
5.242,-1.149,-1.707,1
5.248,-1.133,-1.708,1
5.248,-1.116,-1.707,1
5.253,-1.108,-1.708,1
5.256,-1.092,-1.708,1
5.258,-1.075,-1.707,1
5.245,-1.055,-1.702,1
5.259,-1.041,-1.705,1
5.253,-1.022,-1.702,1
5.267,-1.008,-1.706,1
5.256,-0.997,-1.702,1
5.27,-0.983,-1.705,1
5.255,-0.963,-1.699,1
5.26,-0.946,-1.7,1
5.253,-0.928,-1.696,1
5.267,-0.914,-1.7,1
5.269,-0.905,-1.7,1
5.266,-0.888,-1.698,1
5.272,-0.872,-1.7,1
5.275,-0.855,-1.7,1
5.255,-0.835,-1.692,1
5.273,-0.821,-1.697,1
5.266,-0.803,-1.694,1
5.267,-0.795,-1.694,1
5.277,-0.779,-1.696,1
5.278,-0.763,-1.696,1
5.275,-0.745,-1.694,1
5.275,-0.728,-1.693,1
5.309,-0.716,-1.704,1
5.278,-0.695,-1.692,1
5.297,-0.689,-1.699,1
5.277,-0.669,-1.691,1
5.274,-0.652,-1.689,1
5.291,-0.637,-1.694,1
5.279,-0.619,-1.69,1
5.308,-0.606,-1.699,1
5.302,-0.588,-1.696,1
5.286,-0.578,-1.691,1
5.308,-0.564,-1.698,1
5.306,-0.547,-1.696,1
5.286,-0.528,-1.689,1
5.308,-0.513,-1.696,1
5.287,-0.494,-1.688,1
5.314,-0.488,-1.697,1
5.314,-0.472,-1.696,1
5.308,-0.454,-1.694,1
5.294,-0.436,-1.689,1
5.308,-0.421,-1.693,1
5.285,-0.402,-1.685,1
5.324,-0.388,-1.698,1
5.308,-0.379,-1.692,1
5.305,-0.362,-1.691,1
5.28,-0.343,-1.682,1
5.319,-0.329,-1.694,1
5.293,-0.311,-1.685,1
5.317,-0.295,-1.693,1
5.32,-0.279,-1.694,1
5.313,-0.27,-1.691,1
5.315,-0.253,-1.692,1
5.282,-0.235,-1.68,1
5.305,-0.22,-1.688,1
5.289,-0.202,-1.682,1
5.278,-0.185,-1.678,1
5.29,-0.169,-1.682,1
5.315,-0.161,-1.691,1
5.28,-0.144,-1.678,1
5.291,-0.127,-1.682,1
5.292,-0.111,-1.682,1
5.315,-0.095,-1.69,1
5.285,-0.077,-1.68,1
5.289,-0.069,-1.681,1
5.289,-0.052,-1.681,1
5.291,-0.036,-1.682,1
5.291,-0.019,-1.682,1
5.302,-0.003,-1.685,1
5.16,0.005,-1.69,1
5.175,0.021,-1.695,1
5.17,0.037,-1.693,1
5.173,0.054,-1.695,1
5.169,0.07,-1.693,1
5.178,0.086,-1.697,1
5.173,0.094,-1.695,1
5.169,0.11,-1.693,1
5.18,0.127,-1.697,1
5.168,0.143,-1.693,1
5.175,0.159,-1.696,1
5.184,0.176,-1.699,1
5.157,0.191,-1.69,1
5.175,0.2,-1.697,1
5.177,0.216,-1.697,1
5.176,0.233,-1.697,1
5.175,0.249,-1.697,1
5.159,0.264,-1.692,1
5.168,0.281,-1.695,1
5.171,0.298,-1.697,1
5.153,0.305,-1.691,1
5.169,0.322,-1.697,1
5.164,0.338,-1.695,1
5.154,0.353,-1.692,1
5.153,0.37,-1.692,1
5.174,0.388,-1.7,1
5.155,0.394,-1.693,1
5.152,0.41,-1.693,1
5.15,0.426,-1.693,1
5.16,0.444,-1.697,1
5.159,0.46,-1.697,1
5.15,0.475,-1.694,1
5.163,0.493,-1.699,1
5.134,0.498,-1.689,1
5.157,0.517,-1.698,1
5.146,0.532,-1.695,1
5.154,0.549,-1.698,1
5.128,0.563,-1.689,1
5.15,0.582,-1.698,1
5.139,0.597,-1.695,1
5.129,0.604,-1.691,1
5.129,0.62,-1.692,1
5.142,0.638,-1.697,1
5.125,0.652,-1.692,1
5.132,0.67,-1.695,1
5.134,0.686,-1.697,1
5.131,0.702,-1.697,1
5.115,0.708,-1.691,1
5.126,0.726,-1.696,1
5.124,0.742,-1.696,1
5.118,0.758,-1.695,1
5.132,0.777,-1.701,1
5.13,0.793,-1.701,1
5.115,0.799,-1.696,1
5.113,0.815,-1.696,1
5.108,0.83,-1.695,1
5.108,0.847,-1.696,1
5.103,0.863,-1.695,1
5.113,0.881,-1.7,1
5.112,0.897,-1.701,1
5.1,0.903,-1.697,1
5.097,0.919,-1.697,1
5.107,0.938,-1.701,1
5.1,0.953,-1.7,1
5.082,0.966,-1.695,1
5.089,0.984,-1.698,1
5.098,0.994,-1.702,1
5.088,1.009,-1.699,1
5.083,1.024,-1.699,1
5.076,1.039,-1.697,1
5.069,1.055,-1.696,1
5.08,1.074,-1.701,1
5.06,1.086,-1.695,1
5.071,1.097,-1.7,1
5.073,1.114,-1.702,1
5.059,1.127,-1.698,1
5.059,1.144,-1.699,1
5.061,1.161,-1.701,1
5.052,1.176,-1.699,1
5.05,1.192,-1.7,1
5.053,1.202,-1.702,1
5.051,1.218,-1.703,1
5.049,1.234,-1.703,1
5.031,1.246,-1.698,1
5.042,1.266,-1.703,1
5.034,1.281,-1.702,1
5.024,1.295,-1.7,1
5.046,1.309,-1.709,1
5.005,1.315,-1.695,1
5.001,1.331,-1.695,1
5.024,1.354,-1.705,1
5.007,1.367,-1.701,1
5.01,1.401,-1.705,1
5,1.441,-1.705,1
5.009,-1.967,-1.768,1
5.007,-1.931,-1.762,1
5.02,-1.917,-1.765,1
5.012,-1.896,-1.76,1
5.011,-1.878,-1.757,1
5.022,-1.864,-1.759,1
5.023,-1.856,-1.758,1
5.02,-1.837,-1.755,1
5.031,-1.823,-1.757,1
5.031,-1.805,-1.755,1
5.032,-1.787,-1.753,1
5.048,-1.775,-1.757,1
5.046,-1.757,-1.754,1
5.035,-1.744,-1.749,1
5.063,-1.736,-1.758,1
5.042,-1.711,-1.748,1
5.053,-1.697,-1.75,1
5.063,-1.683,-1.752,1
5.063,-1.666,-1.75,1
5.067,-1.649,-1.749,1
5.078,-1.644,-1.752,1
5.076,-1.626,-1.75,1
5.072,-1.607,-1.746,1
5.083,-1.593,-1.748,1
5.068,-1.571,-1.741,1
5.075,-1.555,-1.742,1
5.085,-1.541,-1.744,1
5.089,-1.533,-1.744,1
5.09,-1.516,-1.743,1
5.08,-1.496,-1.738,1
5.083,-1.48,-1.737,1
5.092,-1.465,-1.738,1
5.091,-1.447,-1.736,1
5.098,-1.441,-1.738,1
5.099,-1.424,-1.737,1
5.109,-1.409,-1.739,1
5.104,-1.391,-1.736,1
5.102,-1.373,-1.733,1
5.122,-1.361,-1.739,1
5.099,-1.338,-1.729,1
5.105,-1.331,-1.73,1
5.114,-1.316,-1.732,1
5.106,-1.297,-1.728,1
5.117,-1.283,-1.73,1
5.11,-1.264,-1.726,1
5.125,-1.25,-1.73,1
5.125,-1.242,-1.73,1
5.133,-1.227,-1.731,1
5.122,-1.207,-1.726,1
5.127,-1.191,-1.726,1
5.133,-1.176,-1.727,1
5.118,-1.156,-1.721,1
5.133,-1.142,-1.724,1
5.127,-1.132,-1.722,1
5.131,-1.116,-1.722,1
5.133,-1.1,-1.721,1
5.134,-1.083,-1.721,1
5.143,-1.068,-1.723,1
5.137,-1.05,-1.719,1
5.139,-1.034,-1.719,1
5.142,-1.026,-1.719,1
5.138,-1.008,-1.717,1
5.141,-0.992,-1.717,1
5.144,-0.976,-1.717,1
5.14,-0.958,-1.714,1
5.15,-0.944,-1.717,1
5.146,-0.926,-1.714,1
5.143,-0.917,-1.713,1
5.148,-0.902,-1.713,1
5.151,-0.885,-1.713,1
5.148,-0.868,-1.711,1
5.162,-0.854,-1.715,1
5.148,-0.835,-1.709,1
5.157,-0.828,-1.712,1
5.167,-0.813,-1.715,1
5.16,-0.795,-1.711,1
5.158,-0.779,-1.71,1
5.148,-0.761,-1.705,1
5.154,-0.745,-1.707,1
5.166,-0.73,-1.71,1
5.154,-0.72,-1.705,1
5.15,-0.703,-1.703,1
5.166,-0.689,-1.708,1
5.149,-0.67,-1.701,1
5.16,-0.655,-1.705,1
5.162,-0.639,-1.705,1
5.17,-0.623,-1.707,1
5.165,-0.615,-1.705,1
5.167,-0.598,-1.705,1
5.167,-0.582,-1.704,1
5.188,-0.568,-1.711,1
5.18,-0.55,-1.707,1
5.161,-0.532,-1.7,1
5.163,-0.516,-1.7,1
5.177,-0.509,-1.705,1
5.175,-0.492,-1.703,1
5.171,-0.476,-1.701,1
5.191,-0.461,-1.708,1
5.175,-0.443,-1.702,1
5.177,-0.427,-1.702,1
5.175,-0.419,-1.701,1
5.173,-0.402,-1.7,1
5.169,-0.386,-1.698,1
5.168,-0.369,-1.697,1
5.171,-0.353,-1.698,1
5.181,-0.337,-1.701,1
5.179,-0.321,-1.7,1
5.174,-0.312,-1.698,1
5.174,-0.296,-1.698,1
5.166,-0.279,-1.695,1
5.184,-0.264,-1.701,1
5.171,-0.247,-1.696,1
5.176,-0.231,-1.697,1
5.175,-0.215,-1.697,1
5.177,-0.207,-1.697,1
5.159,-0.19,-1.691,1
5.178,-0.174,-1.697,1
5.162,-0.157,-1.691,1
5.166,-0.141,-1.693,1
5.176,-0.125,-1.696,1
5.172,-0.117,-1.695,1
5.161,-0.101,-1.691,1
5.175,-0.085,-1.695,1
5.169,-0.068,-1.693,1
5.175,-0.052,-1.695,1
5.177,-0.036,-1.696,1
5.168,-0.02,-1.693,1
5.179,-0.011,-1.697,1
5.109,0.003,-1.714,1
5.088,0.019,-1.707,1
5.103,0.035,-1.712,1
5.088,0.043,-1.707,1
5.109,0.059,-1.714,1
5.088,0.075,-1.707,1
5.093,0.091,-1.709,1
5.095,0.107,-1.709,1
5.093,0.123,-1.709,1
5.113,0.132,-1.716,1
5.088,0.147,-1.707,1
5.093,0.163,-1.709,1
5.091,0.179,-1.709,1
5.102,0.196,-1.713,1
5.078,0.211,-1.705,1
5.106,0.228,-1.715,1
5.075,0.235,-1.704,1
5.099,0.252,-1.713,1
5.076,0.267,-1.705,1
5.109,0.284,-1.717,1
5.085,0.299,-1.709,1
5.09,0.316,-1.711,1
5.081,0.331,-1.708,1
5.085,0.339,-1.709,1
5.08,0.355,-1.708,1
5.099,0.372,-1.716,1
5.074,0.387,-1.707,1
5.095,0.404,-1.715,1
5.084,0.42,-1.711,1
5.085,0.436,-1.712,1
5.064,0.442,-1.705,1
5.085,0.46,-1.713,1
5.055,0.473,-1.703,1
5.082,0.492,-1.713,1
5.065,0.506,-1.707,1
5.071,0.523,-1.71,1
5.057,0.53,-1.705,1
5.065,0.546,-1.709,1
5.055,0.562,-1.706,1
5.061,0.578,-1.709,1
5.067,0.595,-1.711,1
5.082,0.613,-1.718,1
5.035,0.623,-1.701,1
5.058,0.634,-1.71,1
5.041,0.648,-1.705,1
5.039,0.664,-1.705,1
5.046,0.681,-1.708,1
5.05,0.698,-1.71,1
5.051,0.714,-1.711,1
5.047,0.722,-1.71,1
5.046,0.738,-1.711,1
5.034,0.752,-1.707,1
5.043,0.77,-1.711,1
5.03,0.784,-1.707,1
5.035,0.801,-1.71,1
5.023,0.815,-1.707,1
5.016,0.822,-1.705,1
5.021,0.839,-1.707,1
5.025,0.856,-1.71,1
5.008,0.869,-1.705,1
5.027,0.889,-1.713,1
5,0.901,-1.704,1
5.001,0.917,-1.705,1
5.023,0.945,-1.715,1
5.005,0.991,-1.711,1
5.007,1.024,-1.715,1
5.005,1.097,-1.72,1
5,-1.467,-1.751,1
5.006,-1.434,-1.749,1
5.006,-1.417,-1.748,1
5,-1.399,-1.744,1
5.015,-1.386,-1.748,1
5.021,-1.379,-1.749,1
5.017,-1.344,-1.745,1
5.014,-1.326,-1.742,1
5.031,-1.314,-1.747,1
5.008,-1.291,-1.736,1
5.01,-1.275,-1.736,1
5.012,-1.267,-1.736,1
5.041,-1.258,-1.745,1
5.007,-1.232,-1.731,1
5.02,-1.219,-1.734,1
5.02,-1.202,-1.733,1
5.027,-1.187,-1.734,1
5.027,-1.17,-1.733,1
5.046,-1.166,-1.739,1
5.031,-1.146,-1.732,1
5.027,-1.129,-1.73,1
5.031,-1.113,-1.73,1
5.042,-1.099,-1.732,1
5.04,-1.082,-1.73,1
5.056,-1.077,-1.736,1
5.032,-1.055,-1.726,1
5.044,-1.041,-1.729,1
5.042,-1.024,-1.727,1
5.056,-1.011,-1.731,1
5.039,-0.991,-1.724,1
5.068,-0.98,-1.733,1
5.044,-0.967,-1.724,1
5.06,-0.954,-1.728,1
5.042,-0.934,-1.721,1
5.056,-0.92,-1.725,1
5.046,-0.902,-1.72,1
5.058,-0.888,-1.724,1
5.052,-0.87,-1.72,1
5.072,-0.866,-1.727,1
5.05,-0.845,-1.718,1
5.066,-0.832,-1.723,1
5.054,-0.813,-1.718,1
5.08,-0.801,-1.726,1
5.064,-0.783,-1.72,1
5.065,-0.766,-1.719,1
5.062,-0.758,-1.718,1
5.078,-0.744,-1.722,1
5.072,-0.727,-1.72,1
5.088,-0.713,-1.724,1
5.051,-0.691,-1.71,1
5.072,-0.678,-1.717,1
5.067,-0.669,-1.715,1
5.084,-0.655,-1.72,1
5.058,-0.636,-1.71,1
5.092,-0.624,-1.722,1
5.071,-0.605,-1.713,1
5.083,-0.59,-1.717,1
5.064,-0.572,-1.709,1
5.087,-0.566,-1.718,1
5.07,-0.548,-1.711,1
5.107,-0.536,-1.724,1
5.074,-0.516,-1.711,1
5.088,-0.502,-1.716,1
5.073,-0.484,-1.709,1
5.08,-0.469,-1.711,1
5.105,-0.463,-1.72,1
5.077,-0.444,-1.709,1
5.095,-0.43,-1.716,1
5.081,-0.413,-1.71,1
5.079,-0.396,-1.709,1
5.095,-0.382,-1.714,1
5.08,-0.372,-1.709,1
5.072,-0.356,-1.705,1
5.09,-0.341,-1.711,1
5.076,-0.324,-1.706,1
5.096,-0.309,-1.713,1
5.076,-0.292,-1.705,1
5.079,-0.276,-1.706,1
5.079,-0.268,-1.706,1
5.099,-0.253,-1.713,1
5.072,-0.236,-1.703,1
5.08,-0.22,-1.705,1
5.105,-0.205,-1.714,1
5.087,-0.188,-1.707,1
5.078,-0.172,-1.704,1
5.065,-0.164,-1.699,1
5.09,-0.149,-1.708,1
5.083,-0.132,-1.705,1
5.08,-0.116,-1.704,1
5.084,-0.1,-1.705,1
5.09,-0.085,-1.707,1
5.08,-0.068,-1.704,1
5.12,-0.061,-1.718,1
5.071,-0.044,-1.701,1
5.105,-0.029,-1.713,1
5.088,-0.013,-1.707,1
22.732,2.896,-9.346,1
22.466,2.934,-9.239,1
